/batch
/config,noeldb,1     ! force off writing results to database
*get,_wallstrt,active,,time,wall
! ANSYS input file written by Workbench version 2026 R1
! File used for geometry attach: F:\CoME\Forth Semester\Practice FEM\Thin-Walled Structures\Assignment\Ansys_Workbench\plate_files\dp0\Geom-2\DM\Geom-2.agdb
/title,plate--Static Structural (D5)
! ****** Begin Custom Load Command Snippet ******
/COM, ACT Extensions:
/COM,     LSDYNA, 2026.1
/COM,     5f463412-bd3e-484b-87e7-cbc0a665e474, wbex
/COM,     ANSYSMotion, 2026.1
/COM,     20180725-3f81-49eb-9f31-41364844c769, wbex
! ****** End   Custom Load Command Snippet ******
*DIM,_wb_ProjectScratch_dir,string,248
_wb_ProjectScratch_dir(1) = 'F:\CoME\Forth Semester\Practice FEM\Thin-Walled Structures\Assignment\Ansys_Workbench\_ProjectScratch\ScrED50\'
*DIM,_wb_SolverFiles_dir,string,248
_wb_SolverFiles_dir(1) = 'F:\CoME\Forth Semester\Practice FEM\Thin-Walled Structures\Assignment\Ansys_Workbench\plate_files\dp0\SYS-1\MECH\'
*DIM,_wb_userfiles_dir,string,248
_wb_userfiles_dir(1) = 'F:\CoME\Forth Semester\Practice FEM\Thin-Walled Structures\Assignment\Ansys_Workbench\plate_files\user_files\'
/com,--- Data in consistent NMM units. See Solving Units in the help system for more information.
/units,MPA
/nopr
/wb,file,start              !  signify a WB generated input file
/prep7
! Turn off shape checking because checks already performed inside WB mesher.
! See help system for more information.
SHPP,OFF,,NOWARN
/nolist
etcon,set             ! allow ANSYS to choose best KEYOP's for 180x elements, resets any applicable keyopt to MAPDL defaults
/com,*********** Send User Defined Coordinate System(s) ***********
csys,0
/com,*********** Nodes for the whole assembly ***********
nblock,3,,9952
(1i9,3e20.9e3)
        1    -1.000000000E+02    -5.000000000E+01     0.000000000E+00
        2    -1.000000000E+02     5.000000000E+01     0.000000000E+00
        3    -1.000000000E+02    -4.750000000E+01     0.000000000E+00
        4    -1.000000000E+02    -4.500000000E+01     0.000000000E+00
        5    -1.000000000E+02    -4.250000000E+01     0.000000000E+00
        6    -1.000000000E+02    -4.000000000E+01     0.000000000E+00
        7    -1.000000000E+02    -3.750000000E+01     0.000000000E+00
        8    -1.000000000E+02    -3.500000000E+01     0.000000000E+00
        9    -1.000000000E+02    -3.250000000E+01     0.000000000E+00
       10    -1.000000000E+02    -3.000000000E+01     0.000000000E+00
       11    -1.000000000E+02    -2.750000000E+01     0.000000000E+00
       12    -1.000000000E+02    -2.500000000E+01     0.000000000E+00
       13    -1.000000000E+02    -2.250000000E+01     0.000000000E+00
       14    -1.000000000E+02    -2.000000000E+01     0.000000000E+00
       15    -1.000000000E+02    -1.750000000E+01     0.000000000E+00
       16    -1.000000000E+02    -1.500000000E+01     0.000000000E+00
       17    -1.000000000E+02    -1.250000000E+01     0.000000000E+00
       18    -1.000000000E+02    -1.000000000E+01     0.000000000E+00
       19    -1.000000000E+02    -7.500000000E+00     0.000000000E+00
       20    -1.000000000E+02    -5.000000000E+00     0.000000000E+00
       21    -1.000000000E+02    -2.500000000E+00     0.000000000E+00
       22    -1.000000000E+02     1.387778781E-14     0.000000000E+00
       23    -1.000000000E+02     2.500000000E+00     0.000000000E+00
       24    -1.000000000E+02     5.000000000E+00     0.000000000E+00
       25    -1.000000000E+02     7.500000000E+00     0.000000000E+00
       26    -1.000000000E+02     1.000000000E+01     0.000000000E+00
       27    -1.000000000E+02     1.250000000E+01     0.000000000E+00
       28    -1.000000000E+02     1.500000000E+01     0.000000000E+00
       29    -1.000000000E+02     1.750000000E+01     0.000000000E+00
       30    -1.000000000E+02     2.000000000E+01     0.000000000E+00
       31    -1.000000000E+02     2.250000000E+01     0.000000000E+00
       32    -1.000000000E+02     2.500000000E+01     0.000000000E+00
       33    -1.000000000E+02     2.750000000E+01     0.000000000E+00
       34    -1.000000000E+02     3.000000000E+01     0.000000000E+00
       35    -1.000000000E+02     3.250000000E+01     0.000000000E+00
       36    -1.000000000E+02     3.500000000E+01     0.000000000E+00
       37    -1.000000000E+02     3.750000000E+01     0.000000000E+00
       38    -1.000000000E+02     4.000000000E+01     0.000000000E+00
       39    -1.000000000E+02     4.250000000E+01     0.000000000E+00
       40    -1.000000000E+02     4.500000000E+01     0.000000000E+00
       41    -1.000000000E+02     4.750000000E+01     0.000000000E+00
       42     1.000000000E+02    -5.000000000E+01     0.000000000E+00
       43     9.750000000E+01    -5.000000000E+01     0.000000000E+00
       44     9.500000000E+01    -5.000000000E+01     0.000000000E+00
       45     9.250000000E+01    -5.000000000E+01     0.000000000E+00
       46     9.000000000E+01    -5.000000000E+01     0.000000000E+00
       47     8.750000000E+01    -5.000000000E+01     0.000000000E+00
       48     8.500000000E+01    -5.000000000E+01     0.000000000E+00
       49     8.250000000E+01    -5.000000000E+01     0.000000000E+00
       50     8.000000000E+01    -5.000000000E+01     0.000000000E+00
       51     7.750000000E+01    -5.000000000E+01     0.000000000E+00
       52     7.500000000E+01    -5.000000000E+01     0.000000000E+00
       53     7.250000000E+01    -5.000000000E+01     0.000000000E+00
       54     7.000000000E+01    -5.000000000E+01     0.000000000E+00
       55     6.750000000E+01    -5.000000000E+01     0.000000000E+00
       56     6.500000000E+01    -5.000000000E+01     0.000000000E+00
       57     6.250000000E+01    -5.000000000E+01     0.000000000E+00
       58     6.000000000E+01    -5.000000000E+01     0.000000000E+00
       59     5.750000000E+01    -5.000000000E+01     0.000000000E+00
       60     5.500000000E+01    -5.000000000E+01     0.000000000E+00
       61     5.250000000E+01    -5.000000000E+01     0.000000000E+00
       62     5.000000000E+01    -5.000000000E+01     0.000000000E+00
       63     4.750000000E+01    -5.000000000E+01     0.000000000E+00
       64     4.500000000E+01    -5.000000000E+01     0.000000000E+00
       65     4.250000000E+01    -5.000000000E+01     0.000000000E+00
       66     4.000000000E+01    -5.000000000E+01     0.000000000E+00
       67     3.750000000E+01    -5.000000000E+01     0.000000000E+00
       68     3.500000000E+01    -5.000000000E+01     0.000000000E+00
       69     3.250000000E+01    -5.000000000E+01     0.000000000E+00
       70     3.000000000E+01    -5.000000000E+01     0.000000000E+00
       71     2.750000000E+01    -5.000000000E+01     0.000000000E+00
       72     2.500000000E+01    -5.000000000E+01     0.000000000E+00
       73     2.250000000E+01    -5.000000000E+01     0.000000000E+00
       74     2.000000000E+01    -5.000000000E+01     0.000000000E+00
       75     1.750000000E+01    -5.000000000E+01     0.000000000E+00
       76     1.500000000E+01    -5.000000000E+01     0.000000000E+00
       77     1.250000000E+01    -5.000000000E+01     0.000000000E+00
       78     1.000000000E+01    -5.000000000E+01     0.000000000E+00
       79     7.500000000E+00    -5.000000000E+01     0.000000000E+00
       80     5.000000000E+00    -5.000000000E+01     0.000000000E+00
       81     2.500000000E+00    -5.000000000E+01     0.000000000E+00
       82    -4.163336342E-14    -5.000000000E+01     0.000000000E+00
       83    -2.500000000E+00    -5.000000000E+01     0.000000000E+00
       84    -5.000000000E+00    -5.000000000E+01     0.000000000E+00
       85    -7.500000000E+00    -5.000000000E+01     0.000000000E+00
       86    -1.000000000E+01    -5.000000000E+01     0.000000000E+00
       87    -1.250000000E+01    -5.000000000E+01     0.000000000E+00
       88    -1.500000000E+01    -5.000000000E+01     0.000000000E+00
       89    -1.750000000E+01    -5.000000000E+01     0.000000000E+00
       90    -2.000000000E+01    -5.000000000E+01     0.000000000E+00
       91    -2.250000000E+01    -5.000000000E+01     0.000000000E+00
       92    -2.500000000E+01    -5.000000000E+01     0.000000000E+00
       93    -2.750000000E+01    -5.000000000E+01     0.000000000E+00
       94    -3.000000000E+01    -5.000000000E+01     0.000000000E+00
       95    -3.250000000E+01    -5.000000000E+01     0.000000000E+00
       96    -3.500000000E+01    -5.000000000E+01     0.000000000E+00
       97    -3.750000000E+01    -5.000000000E+01     0.000000000E+00
       98    -4.000000000E+01    -5.000000000E+01     0.000000000E+00
       99    -4.250000000E+01    -5.000000000E+01     0.000000000E+00
      100    -4.500000000E+01    -5.000000000E+01     0.000000000E+00
      101    -4.750000000E+01    -5.000000000E+01     0.000000000E+00
      102    -5.000000000E+01    -5.000000000E+01     0.000000000E+00
      103    -5.250000000E+01    -5.000000000E+01     0.000000000E+00
      104    -5.500000000E+01    -5.000000000E+01     0.000000000E+00
      105    -5.750000000E+01    -5.000000000E+01     0.000000000E+00
      106    -6.000000000E+01    -5.000000000E+01     0.000000000E+00
      107    -6.250000000E+01    -5.000000000E+01     0.000000000E+00
      108    -6.500000000E+01    -5.000000000E+01     0.000000000E+00
      109    -6.750000000E+01    -5.000000000E+01     0.000000000E+00
      110    -7.000000000E+01    -5.000000000E+01     0.000000000E+00
      111    -7.250000000E+01    -5.000000000E+01     0.000000000E+00
      112    -7.500000000E+01    -5.000000000E+01     0.000000000E+00
      113    -7.750000000E+01    -5.000000000E+01     0.000000000E+00
      114    -8.000000000E+01    -5.000000000E+01     0.000000000E+00
      115    -8.250000000E+01    -5.000000000E+01     0.000000000E+00
      116    -8.500000000E+01    -5.000000000E+01     0.000000000E+00
      117    -8.750000000E+01    -5.000000000E+01     0.000000000E+00
      118    -9.000000000E+01    -5.000000000E+01     0.000000000E+00
      119    -9.250000000E+01    -5.000000000E+01     0.000000000E+00
      120    -9.500000000E+01    -5.000000000E+01     0.000000000E+00
      121    -9.750000000E+01    -5.000000000E+01     0.000000000E+00
      122     1.000000000E+02     5.000000000E+01     0.000000000E+00
      123     1.000000000E+02     4.750000000E+01     0.000000000E+00
      124     1.000000000E+02     4.500000000E+01     0.000000000E+00
      125     1.000000000E+02     4.250000000E+01     0.000000000E+00
      126     1.000000000E+02     4.000000000E+01     0.000000000E+00
      127     1.000000000E+02     3.750000000E+01     0.000000000E+00
      128     1.000000000E+02     3.500000000E+01     0.000000000E+00
      129     1.000000000E+02     3.250000000E+01     0.000000000E+00
      130     1.000000000E+02     3.000000000E+01     0.000000000E+00
      131     1.000000000E+02     2.750000000E+01     0.000000000E+00
      132     1.000000000E+02     2.500000000E+01     0.000000000E+00
      133     1.000000000E+02     2.250000000E+01     0.000000000E+00
      134     1.000000000E+02     2.000000000E+01     0.000000000E+00
      135     1.000000000E+02     1.750000000E+01     0.000000000E+00
      136     1.000000000E+02     1.500000000E+01     0.000000000E+00
      137     1.000000000E+02     1.250000000E+01     0.000000000E+00
      138     1.000000000E+02     1.000000000E+01     0.000000000E+00
      139     1.000000000E+02     7.500000000E+00     0.000000000E+00
      140     1.000000000E+02     5.000000000E+00     0.000000000E+00
      141     1.000000000E+02     2.500000000E+00     0.000000000E+00
      142     1.000000000E+02    -1.387778781E-14     0.000000000E+00
      143     1.000000000E+02    -2.500000000E+00     0.000000000E+00
      144     1.000000000E+02    -5.000000000E+00     0.000000000E+00
      145     1.000000000E+02    -7.500000000E+00     0.000000000E+00
      146     1.000000000E+02    -1.000000000E+01     0.000000000E+00
      147     1.000000000E+02    -1.250000000E+01     0.000000000E+00
      148     1.000000000E+02    -1.500000000E+01     0.000000000E+00
      149     1.000000000E+02    -1.750000000E+01     0.000000000E+00
      150     1.000000000E+02    -2.000000000E+01     0.000000000E+00
      151     1.000000000E+02    -2.250000000E+01     0.000000000E+00
      152     1.000000000E+02    -2.500000000E+01     0.000000000E+00
      153     1.000000000E+02    -2.750000000E+01     0.000000000E+00
      154     1.000000000E+02    -3.000000000E+01     0.000000000E+00
      155     1.000000000E+02    -3.250000000E+01     0.000000000E+00
      156     1.000000000E+02    -3.500000000E+01     0.000000000E+00
      157     1.000000000E+02    -3.750000000E+01     0.000000000E+00
      158     1.000000000E+02    -4.000000000E+01     0.000000000E+00
      159     1.000000000E+02    -4.250000000E+01     0.000000000E+00
      160     1.000000000E+02    -4.500000000E+01     0.000000000E+00
      161     1.000000000E+02    -4.750000000E+01     0.000000000E+00
      162    -9.750000000E+01     5.000000000E+01     0.000000000E+00
      163    -9.500000000E+01     5.000000000E+01     0.000000000E+00
      164    -9.250000000E+01     5.000000000E+01     0.000000000E+00
      165    -9.000000000E+01     5.000000000E+01     0.000000000E+00
      166    -8.750000000E+01     5.000000000E+01     0.000000000E+00
      167    -8.500000000E+01     5.000000000E+01     0.000000000E+00
      168    -8.250000000E+01     5.000000000E+01     0.000000000E+00
      169    -8.000000000E+01     5.000000000E+01     0.000000000E+00
      170    -7.750000000E+01     5.000000000E+01     0.000000000E+00
      171    -7.500000000E+01     5.000000000E+01     0.000000000E+00
      172    -7.250000000E+01     5.000000000E+01     0.000000000E+00
      173    -7.000000000E+01     5.000000000E+01     0.000000000E+00
      174    -6.750000000E+01     5.000000000E+01     0.000000000E+00
      175    -6.500000000E+01     5.000000000E+01     0.000000000E+00
      176    -6.250000000E+01     5.000000000E+01     0.000000000E+00
      177    -6.000000000E+01     5.000000000E+01     0.000000000E+00
      178    -5.750000000E+01     5.000000000E+01     0.000000000E+00
      179    -5.500000000E+01     5.000000000E+01     0.000000000E+00
      180    -5.250000000E+01     5.000000000E+01     0.000000000E+00
      181    -5.000000000E+01     5.000000000E+01     0.000000000E+00
      182    -4.750000000E+01     5.000000000E+01     0.000000000E+00
      183    -4.500000000E+01     5.000000000E+01     0.000000000E+00
      184    -4.250000000E+01     5.000000000E+01     0.000000000E+00
      185    -4.000000000E+01     5.000000000E+01     0.000000000E+00
      186    -3.750000000E+01     5.000000000E+01     0.000000000E+00
      187    -3.500000000E+01     5.000000000E+01     0.000000000E+00
      188    -3.250000000E+01     5.000000000E+01     0.000000000E+00
      189    -3.000000000E+01     5.000000000E+01     0.000000000E+00
      190    -2.750000000E+01     5.000000000E+01     0.000000000E+00
      191    -2.500000000E+01     5.000000000E+01     0.000000000E+00
      192    -2.250000000E+01     5.000000000E+01     0.000000000E+00
      193    -2.000000000E+01     5.000000000E+01     0.000000000E+00
      194    -1.750000000E+01     5.000000000E+01     0.000000000E+00
      195    -1.500000000E+01     5.000000000E+01     0.000000000E+00
      196    -1.250000000E+01     5.000000000E+01     0.000000000E+00
      197    -1.000000000E+01     5.000000000E+01     0.000000000E+00
      198    -7.500000000E+00     5.000000000E+01     0.000000000E+00
      199    -5.000000000E+00     5.000000000E+01     0.000000000E+00
      200    -2.500000000E+00     5.000000000E+01     0.000000000E+00
      201     4.163336342E-14     5.000000000E+01     0.000000000E+00
      202     2.500000000E+00     5.000000000E+01     0.000000000E+00
      203     5.000000000E+00     5.000000000E+01     0.000000000E+00
      204     7.500000000E+00     5.000000000E+01     0.000000000E+00
      205     1.000000000E+01     5.000000000E+01     0.000000000E+00
      206     1.250000000E+01     5.000000000E+01     0.000000000E+00
      207     1.500000000E+01     5.000000000E+01     0.000000000E+00
      208     1.750000000E+01     5.000000000E+01     0.000000000E+00
      209     2.000000000E+01     5.000000000E+01     0.000000000E+00
      210     2.250000000E+01     5.000000000E+01     0.000000000E+00
      211     2.500000000E+01     5.000000000E+01     0.000000000E+00
      212     2.750000000E+01     5.000000000E+01     0.000000000E+00
      213     3.000000000E+01     5.000000000E+01     0.000000000E+00
      214     3.250000000E+01     5.000000000E+01     0.000000000E+00
      215     3.500000000E+01     5.000000000E+01     0.000000000E+00
      216     3.750000000E+01     5.000000000E+01     0.000000000E+00
      217     4.000000000E+01     5.000000000E+01     0.000000000E+00
      218     4.250000000E+01     5.000000000E+01     0.000000000E+00
      219     4.500000000E+01     5.000000000E+01     0.000000000E+00
      220     4.750000000E+01     5.000000000E+01     0.000000000E+00
      221     5.000000000E+01     5.000000000E+01     0.000000000E+00
      222     5.250000000E+01     5.000000000E+01     0.000000000E+00
      223     5.500000000E+01     5.000000000E+01     0.000000000E+00
      224     5.750000000E+01     5.000000000E+01     0.000000000E+00
      225     6.000000000E+01     5.000000000E+01     0.000000000E+00
      226     6.250000000E+01     5.000000000E+01     0.000000000E+00
      227     6.500000000E+01     5.000000000E+01     0.000000000E+00
      228     6.750000000E+01     5.000000000E+01     0.000000000E+00
      229     7.000000000E+01     5.000000000E+01     0.000000000E+00
      230     7.250000000E+01     5.000000000E+01     0.000000000E+00
      231     7.500000000E+01     5.000000000E+01     0.000000000E+00
      232     7.750000000E+01     5.000000000E+01     0.000000000E+00
      233     8.000000000E+01     5.000000000E+01     0.000000000E+00
      234     8.250000000E+01     5.000000000E+01     0.000000000E+00
      235     8.500000000E+01     5.000000000E+01     0.000000000E+00
      236     8.750000000E+01     5.000000000E+01     0.000000000E+00
      237     9.000000000E+01     5.000000000E+01     0.000000000E+00
      238     9.250000000E+01     5.000000000E+01     0.000000000E+00
      239     9.500000000E+01     5.000000000E+01     0.000000000E+00
      240     9.750000000E+01     5.000000000E+01     0.000000000E+00
      241     3.000000000E+01     1.500000000E+01     0.000000000E+00
      242    -3.000000000E+01     1.500000000E+01     0.000000000E+00
      243     2.750000000E+01     1.500000000E+01     0.000000000E+00
      244     2.500000000E+01     1.500000000E+01     0.000000000E+00
      245     2.250000000E+01     1.500000000E+01     0.000000000E+00
      246     2.000000000E+01     1.500000000E+01     0.000000000E+00
      247     1.750000000E+01     1.500000000E+01     0.000000000E+00
      248     1.500000000E+01     1.500000000E+01     0.000000000E+00
      249     1.250000000E+01     1.500000000E+01     0.000000000E+00
      250     1.000000000E+01     1.500000000E+01     0.000000000E+00
      251     7.500000000E+00     1.500000000E+01     0.000000000E+00
      252     5.000000000E+00     1.500000000E+01     0.000000000E+00
      253     2.500000000E+00     1.500000000E+01     0.000000000E+00
      254    -1.387778781E-14     1.500000000E+01     0.000000000E+00
      255    -2.500000000E+00     1.500000000E+01     0.000000000E+00
      256    -5.000000000E+00     1.500000000E+01     0.000000000E+00
      257    -7.500000000E+00     1.500000000E+01     0.000000000E+00
      258    -1.000000000E+01     1.500000000E+01     0.000000000E+00
      259    -1.250000000E+01     1.500000000E+01     0.000000000E+00
      260    -1.500000000E+01     1.500000000E+01     0.000000000E+00
      261    -1.750000000E+01     1.500000000E+01     0.000000000E+00
      262    -2.000000000E+01     1.500000000E+01     0.000000000E+00
      263    -2.250000000E+01     1.500000000E+01     0.000000000E+00
      264    -2.500000000E+01     1.500000000E+01     0.000000000E+00
      265    -2.750000000E+01     1.500000000E+01     0.000000000E+00
      266     3.000000000E+01    -1.500000000E+01     0.000000000E+00
      267     3.000000000E+01    -1.250000000E+01     0.000000000E+00
      268     3.000000000E+01    -1.000000000E+01     0.000000000E+00
      269     3.000000000E+01    -7.500000000E+00     0.000000000E+00
      270     3.000000000E+01    -5.000000000E+00     0.000000000E+00
      271     3.000000000E+01    -2.500000000E+00     0.000000000E+00
      272     3.000000000E+01     1.040834086E-14     0.000000000E+00
      273     3.000000000E+01     2.500000000E+00     0.000000000E+00
      274     3.000000000E+01     5.000000000E+00     0.000000000E+00
      275     3.000000000E+01     7.500000000E+00     0.000000000E+00
      276     3.000000000E+01     1.000000000E+01     0.000000000E+00
      277     3.000000000E+01     1.250000000E+01     0.000000000E+00
      278    -3.000000000E+01    -1.500000000E+01     0.000000000E+00
      279    -2.750000000E+01    -1.500000000E+01     0.000000000E+00
      280    -2.500000000E+01    -1.500000000E+01     0.000000000E+00
      281    -2.250000000E+01    -1.500000000E+01     0.000000000E+00
      282    -2.000000000E+01    -1.500000000E+01     0.000000000E+00
      283    -1.750000000E+01    -1.500000000E+01     0.000000000E+00
      284    -1.500000000E+01    -1.500000000E+01     0.000000000E+00
      285    -1.250000000E+01    -1.500000000E+01     0.000000000E+00
      286    -1.000000000E+01    -1.500000000E+01     0.000000000E+00
      287    -7.500000000E+00    -1.500000000E+01     0.000000000E+00
      288    -5.000000000E+00    -1.500000000E+01     0.000000000E+00
      289    -2.500000000E+00    -1.500000000E+01     0.000000000E+00
      290    -6.938893904E-15    -1.500000000E+01     0.000000000E+00
      291     2.500000000E+00    -1.500000000E+01     0.000000000E+00
      292     5.000000000E+00    -1.500000000E+01     0.000000000E+00
      293     7.500000000E+00    -1.500000000E+01     0.000000000E+00
      294     1.000000000E+01    -1.500000000E+01     0.000000000E+00
      295     1.250000000E+01    -1.500000000E+01     0.000000000E+00
      296     1.500000000E+01    -1.500000000E+01     0.000000000E+00
      297     1.750000000E+01    -1.500000000E+01     0.000000000E+00
      298     2.000000000E+01    -1.500000000E+01     0.000000000E+00
      299     2.250000000E+01    -1.500000000E+01     0.000000000E+00
      300     2.500000000E+01    -1.500000000E+01     0.000000000E+00
      301     2.750000000E+01    -1.500000000E+01     0.000000000E+00
      302    -3.000000000E+01     1.250000000E+01     0.000000000E+00
      303    -3.000000000E+01     1.000000000E+01     0.000000000E+00
      304    -3.000000000E+01     7.500000000E+00     0.000000000E+00
      305    -3.000000000E+01     5.000000000E+00     0.000000000E+00
      306    -3.000000000E+01     2.500000000E+00     0.000000000E+00
      307    -3.000000000E+01     1.040834086E-14     0.000000000E+00
      308    -3.000000000E+01    -2.500000000E+00     0.000000000E+00
      309    -3.000000000E+01    -5.000000000E+00     0.000000000E+00
      310    -3.000000000E+01    -7.500000000E+00     0.000000000E+00
      311    -3.000000000E+01    -1.000000000E+01     0.000000000E+00
      312    -3.000000000E+01    -1.250000000E+01     0.000000000E+00
      313    -5.750000000E+01     2.607196577E-09     0.000000000E+00
      314     5.750000000E+01     3.327715897E-09     0.000000000E+00
      315    -6.000000000E+01    -7.500000006E+00     0.000000000E+00
      316    -5.750000000E+01    -2.500000006E+00     0.000000000E+00
      317    -5.750000000E+01     2.500000003E+00     0.000000000E+00
      318     6.000000000E+01     7.499999994E+00     0.000000000E+00
      319     5.750000000E+01    -2.499999996E+00    -0.000000000E+00
      320    -5.500000000E+01     2.345584664E-09     0.000000000E+00
      321     6.000000000E+01    -5.000000000E+00    -0.000000000E+00
      322     6.000000000E+01    -7.500000000E+00    -0.000000000E+00
      323     6.000000000E+01    -2.500000000E+00    -0.000000000E+00
      324     6.000000000E+01     2.500000001E+00     0.000000000E+00
      325    -6.000000000E+01     5.000000000E+00     0.000000000E+00
      326    -6.000000000E+01     7.500000000E+00     0.000000000E+00
      327    -6.000000000E+01     2.500000000E+00     0.000000000E+00
      328    -6.000000000E+01    -2.500000000E+00     0.000000000E+00
      329    -6.250000000E+01     1.000000000E+01     0.000000000E+00
      330    -6.000000000E+01    -1.000000001E+01     0.000000000E+00
      331    -6.250000000E+01    -1.250000000E+01     0.000000000E+00
      332    -5.750000000E+01    -5.000000006E+00     0.000000000E+00
      333    -6.000000000E+01     1.000000000E+01     0.000000000E+00
      334    -5.750000000E+01     5.000000003E+00     0.000000000E+00
      335     6.250000000E+01     1.250000000E+01     0.000000000E+00
      336     5.750000000E+01    -4.999999996E+00    -0.000000000E+00
      337     5.500000000E+01     2.499999995E+00     0.000000000E+00
      338    -5.500000000E+01    -2.500000005E+00     0.000000000E+00
      339     5.500000000E+01    -2.499999996E+00    -0.000000000E+00
      340     5.250000000E+01     2.540619841E-09     0.000000000E+00
      341    -5.250000000E+01     1.989447235E-09     0.000000000E+00
      342     6.250000000E+01    -5.000000000E+00    -0.000000000E+00
      343     6.250000000E+01    -7.500000000E+00    -0.000000000E+00
      344     6.250000000E+01    -2.500000000E+00    -0.000000000E+00
      345     6.250000000E+01     5.000000000E+00     0.000000000E+00
      346     6.250000000E+01     2.500000000E+00     0.000000000E+00
      347     6.250000000E+01     7.500000001E+00     0.000000000E+00
      348    -6.250000000E+01     5.000000000E+00     0.000000000E+00
      349    -6.250000000E+01     7.500000000E+00     0.000000000E+00
      350    -6.250000000E+01     2.500000000E+00     0.000000000E+00
      351    -6.250000000E+01    -2.500000000E+00     0.000000000E+00
      352    -6.250000000E+01    -9.999999999E+00     0.000000000E+00
      353    -6.250000000E+01    -7.499999999E+00     0.000000000E+00
      354     6.250000000E+01    -1.250000000E+01    -0.000000000E+00
      355    -6.250000000E+01     1.250000000E+01     0.000000000E+00
      356     6.500000000E+01     1.250000000E+01     0.000000000E+00
      357    -6.500000000E+01    -1.250000000E+01     0.000000000E+00
      358    -6.000000000E+01    -1.250000001E+01     0.000000000E+00
      359    -6.250000000E+01    -1.500000000E+01     0.000000000E+00
      360    -5.750000000E+01    -7.500000006E+00     0.000000000E+00
      361    -5.750000000E+01     7.500000003E+00     0.000000000E+00
      362     6.000000000E+01     1.249999999E+01     0.000000000E+00
      363     6.250000000E+01     1.500000000E+01     0.000000000E+00
      364     5.750000000E+01     7.499999994E+00     0.000000000E+00
      365     6.000000000E+01    -1.250000000E+01    -0.000000000E+00
      366     5.750000000E+01    -7.499999996E+00    -0.000000000E+00
      367     5.250000000E+01     2.499999995E+00     0.000000000E+00
      368     5.500000000E+01     4.999999994E+00     0.000000000E+00
      369    -5.250000000E+01    -2.500000005E+00     0.000000000E+00
      370    -5.500000000E+01    -5.000000006E+00     0.000000000E+00
      371     5.500000000E+01    -4.999999996E+00    -0.000000000E+00
      372     5.250000000E+01    -2.499999997E+00    -0.000000000E+00
      373     5.000000000E+01     2.045969947E-09     0.000000000E+00
      374    -5.500000000E+01     5.000000003E+00     0.000000000E+00
      375    -5.000000000E+01     1.476678805E-09     0.000000000E+00
      376     6.250000000E+01    -1.500000000E+01    -0.000000000E+00
      377     6.500000000E+01    -1.250000000E+01    -0.000000000E+00
      378     6.500000000E+01    -7.500000000E+00    -0.000000000E+00
      379     6.500000000E+01    -2.500000000E+00    -0.000000000E+00
      380     6.500000000E+01     2.500000000E+00     0.000000000E+00
      381     6.500000000E+01     7.500000001E+00     0.000000000E+00
      382    -6.250000000E+01     1.500000000E+01     0.000000000E+00
      383    -6.500000000E+01     1.000000000E+01     0.000000000E+00
      384    -6.500000000E+01     1.250000000E+01     0.000000000E+00
      385    -6.500000000E+01     5.000000000E+00     0.000000000E+00
      386    -6.500000000E+01     7.500000000E+00     0.000000000E+00
      387    -6.500000000E+01     8.746042085E-11     0.000000000E+00
      388    -6.500000000E+01     2.500000000E+00     0.000000000E+00
      389    -6.500000000E+01    -2.500000000E+00     0.000000000E+00
      390    -6.500000000E+01    -7.500000000E+00     0.000000000E+00
      391     6.500000000E+01     1.500000000E+01     0.000000000E+00
      392    -6.500000000E+01    -1.500000000E+01     0.000000000E+00
      393    -6.000000000E+01    -1.500000000E+01     0.000000000E+00
      394    -6.000000000E+01     1.500000000E+01     0.000000000E+00
      395    -5.750000000E+01     1.000000000E+01     0.000000000E+00
      396     6.000000000E+01     1.500000000E+01     0.000000000E+00
      397     5.750000000E+01     9.999999994E+00     0.000000000E+00
      398     6.000000000E+01    -1.500000000E+01    -0.000000000E+00
      399     5.750000000E+01    -9.999999996E+00    -0.000000000E+00
      400     6.750000000E+01    -1.500000000E+01    -0.000000000E+00
      401     5.000000000E+01     2.499999995E+00     0.000000000E+00
      402     5.250000000E+01     4.999999995E+00     0.000000000E+00
      403     5.500000000E+01     7.499999994E+00     0.000000000E+00
      404    -5.000000000E+01    -2.500000005E+00     0.000000000E+00
      405    -5.250000000E+01    -5.000000005E+00     0.000000000E+00
      406    -5.500000000E+01    -7.500000006E+00     0.000000000E+00
      407     5.500000000E+01    -7.499999996E+00    -0.000000000E+00
      408     5.250000000E+01    -4.999999996E+00    -0.000000000E+00
      409     5.000000000E+01    -2.499999997E+00    -0.000000000E+00
      410     4.750000000E+01     1.335336355E-09     0.000000000E+00
      411    -5.500000000E+01     7.500000003E+00     0.000000000E+00
      412    -5.250000000E+01     5.000000003E+00     0.000000000E+00
      413    -5.000000000E+01     2.500000002E+00     0.000000000E+00
      414    -4.750000000E+01     8.483888505E-10     0.000000000E+00
      415     6.250000000E+01    -1.750000000E+01    -0.000000000E+00
      416     6.750000000E+01    -1.250000000E+01    -0.000000000E+00
      417     6.750000000E+01    -7.500000000E+00    -0.000000000E+00
      418     6.750000000E+01    -2.500000000E+00    -0.000000000E+00
      419     6.750000000E+01     2.500000000E+00     0.000000000E+00
      420     6.750000000E+01     7.500000000E+00     0.000000000E+00
      421     6.750000000E+01     1.250000000E+01     0.000000000E+00
      422    -6.250000000E+01     1.750000000E+01     0.000000000E+00
      423    -6.750000000E+01     1.250000000E+01     0.000000000E+00
      424    -6.750000000E+01     5.000000000E+00     0.000000000E+00
      425    -6.750000000E+01     7.500000000E+00     0.000000000E+00
      426    -6.750000000E+01     2.500000000E+00     0.000000000E+00
      427    -6.750000000E+01    -5.000000000E+00     0.000000000E+00
      428    -6.750000000E+01    -2.500000000E+00     0.000000000E+00
      429    -6.750000000E+01    -7.500000000E+00     0.000000000E+00
      430    -6.750000000E+01    -1.500000000E+01     0.000000000E+00
      431    -6.750000000E+01    -1.250000000E+01     0.000000000E+00
      432    -6.250000000E+01    -1.750000000E+01     0.000000000E+00
      433    -6.500000000E+01    -1.750000000E+01     0.000000000E+00
      434    -6.000000000E+01    -1.750000000E+01     0.000000000E+00
      435    -5.750000000E+01    -1.250000001E+01     0.000000000E+00
      436    -5.750000000E+01     1.250000000E+01     0.000000000E+00
      437     6.000000000E+01     1.750000000E+01     0.000000000E+00
      438     5.750000000E+01     1.249999999E+01     0.000000000E+00
      439     5.750000000E+01    -1.250000000E+01    -0.000000000E+00
      440     6.750000000E+01    -1.750000000E+01    -0.000000000E+00
      441     6.750000000E+01     1.750000000E+01     0.000000000E+00
      442    -6.750000000E+01    -1.750000000E+01     0.000000000E+00
      443     4.750000000E+01     2.499999996E+00     0.000000000E+00
      444     5.000000000E+01     4.999999995E+00     0.000000000E+00
      445     5.500000000E+01     9.999999994E+00     0.000000000E+00
      446     5.250000000E+01     7.499999995E+00     0.000000000E+00
      447    -4.750000000E+01    -2.500000004E+00     0.000000000E+00
      448    -5.000000000E+01    -5.000000005E+00     0.000000000E+00
      449    -5.500000000E+01    -1.000000001E+01     0.000000000E+00
      450    -5.250000000E+01    -7.500000005E+00     0.000000000E+00
      451     5.500000000E+01    -9.999999996E+00    -0.000000000E+00
      452     5.250000000E+01    -7.499999996E+00    -0.000000000E+00
      453     5.000000000E+01    -4.999999997E+00    -0.000000000E+00
      454     4.500000000E+01     2.364150542E-10     0.000000000E+00
      455     4.750000000E+01    -2.499999997E+00    -0.000000000E+00
      456    -5.500000000E+01     1.000000000E+01     0.000000000E+00
      457    -5.250000000E+01     7.500000003E+00     0.000000000E+00
      458    -5.000000000E+01     5.000000003E+00     0.000000000E+00
      459    -4.500000000E+01    -6.369876143E-11     0.000000000E+00
      460    -4.750000000E+01     2.500000002E+00     0.000000000E+00
      461    -5.750000000E+01    -1.500000001E+01     0.000000000E+00
      462    -5.750000000E+01    -1.750000001E+01     0.000000000E+00
      463    -5.750000000E+01     1.750000000E+01     0.000000000E+00
      464    -5.750000000E+01     1.500000000E+01     0.000000000E+00
      465     5.750000000E+01     1.499999999E+01     0.000000000E+00
      466     5.750000000E+01    -1.500000000E+01    -0.000000000E+00
      467     4.999999998E+00    -2.000000000E+01    -0.000000000E+00
      468     2.499999998E+00    -2.000000000E+01    -0.000000000E+00
      469    -1.823870834E-09    -2.000000000E+01     0.000000000E+00
      470    -2.500000002E+00    -2.000000000E+01     0.000000000E+00
      471    -5.000000001E+00    -2.000000000E+01     0.000000000E+00
      472    -7.500000000E+00    -2.000000000E+01     0.000000000E+00
      473    -4.500000000E+01     2.500000002E+00     0.000000000E+00
      474    -4.750000000E+01     5.000000002E+00     0.000000000E+00
      475    -5.000000000E+01     7.500000003E+00     0.000000000E+00
      476    -5.250000000E+01     1.000000000E+01     0.000000000E+00
      477    -5.000000003E+00     2.000000000E+01     0.000000000E+00
      478    -2.500000002E+00     2.000000000E+01     0.000000000E+00
      479    -2.302022288E-09     2.000000000E+01     0.000000000E+00
      480     2.499999998E+00     2.000000000E+01     0.000000000E+00
      481     4.999999999E+00     2.000000000E+01     0.000000000E+00
      482     7.500000000E+00     2.000000000E+01     0.000000000E+00
      483     4.500000000E+01    -2.499999998E+00    -0.000000000E+00
      484     4.750000000E+01    -4.999999997E+00    -0.000000000E+00
      485     5.000000000E+01    -7.499999996E+00    -0.000000000E+00
      486     5.250000000E+01    -9.999999996E+00    -0.000000000E+00
      487    -5.250000000E+01    -1.000000001E+01     0.000000000E+00
      488    -5.000000000E+01    -7.500000005E+00     0.000000000E+00
      489    -4.750000000E+01    -5.000000004E+00     0.000000000E+00
      490    -4.500000000E+01    -2.500000004E+00     0.000000000E+00
      491     5.250000000E+01     9.999999994E+00     0.000000000E+00
      492     5.000000000E+01     7.499999995E+00     0.000000000E+00
      493     4.750000000E+01     4.999999996E+00     0.000000000E+00
      494     4.500000000E+01     2.499999996E+00     0.000000000E+00
      495     4.250000000E+01    -1.573000410E-09    -0.000000000E+00
      496    -7.500000001E+00     2.000000000E+01     0.000000000E+00
      497     7.500000000E+00    -2.000000000E+01    -0.000000000E+00
      498    -5.500000000E+01    -1.250000001E+01     0.000000000E+00
      499    -5.500000000E+01     1.250000000E+01     0.000000000E+00
      500    -5.500000000E+01    -2.000000000E+01     0.000000000E+00
      501    -5.750000000E+01    -2.000000000E+01     0.000000000E+00
      502    -6.000000000E+01    -2.000000000E+01     0.000000000E+00
      503    -6.250000000E+01    -2.000000000E+01     0.000000000E+00
      504    -6.500000000E+01    -2.000000000E+01     0.000000000E+00
      505    -6.750000000E+01    -2.000000000E+01     0.000000000E+00
      506    -7.000000000E+01    -2.000000000E+01     0.000000000E+00
      507    -7.000000000E+01    -1.750000000E+01     0.000000000E+00
      508    -7.000000000E+01    -1.500000000E+01     0.000000000E+00
      509    -7.000000000E+01    -1.000000000E+01     0.000000000E+00
      510    -7.000000000E+01    -7.500000000E+00     0.000000000E+00
      511    -7.000000000E+01    -5.000000000E+00     0.000000000E+00
      512    -7.000000000E+01    -2.500000000E+00     0.000000000E+00
      513    -7.000000000E+01     2.500000000E+00     0.000000000E+00
      514    -7.000000000E+01     5.000000000E+00     0.000000000E+00
      515    -7.000000000E+01     1.000000000E+01     0.000000000E+00
      516    -7.000000000E+01     1.250000000E+01     0.000000000E+00
      517    -7.000000000E+01     1.500000000E+01     0.000000000E+00
      518    -7.000000000E+01     1.750000000E+01     0.000000000E+00
      519    -7.000000000E+01     2.000000000E+01     0.000000000E+00
      520    -6.500000000E+01     2.000000000E+01     0.000000000E+00
      521    -6.250000000E+01     2.000000000E+01     0.000000000E+00
      522    -6.000000000E+01     2.000000000E+01     0.000000000E+00
      523    -5.750000000E+01     2.000000000E+01     0.000000000E+00
      524    -5.500000000E+01     2.000000000E+01     0.000000000E+00
      525     5.500000000E+01     1.249999999E+01     0.000000000E+00
      526     5.500000000E+01    -1.250000000E+01    -0.000000000E+00
      527     5.500000000E+01     2.000000000E+01     0.000000000E+00
      528     5.750000000E+01     2.000000000E+01     0.000000000E+00
      529     6.000000000E+01     2.000000000E+01     0.000000000E+00
      530     6.250000000E+01     2.000000000E+01     0.000000000E+00
      531     6.500000000E+01     2.000000000E+01     0.000000000E+00
      532     6.750000000E+01     2.000000000E+01     0.000000000E+00
      533     7.000000000E+01     2.000000000E+01     0.000000000E+00
      534     7.000000000E+01     1.750000000E+01     0.000000000E+00
      535     7.000000000E+01     1.500000000E+01     0.000000000E+00
      536     7.000000000E+01     1.250000000E+01     0.000000000E+00
      537     7.000000000E+01     1.000000000E+01     0.000000000E+00
      538     7.000000000E+01     7.500000000E+00     0.000000000E+00
      539     7.000000000E+01     5.000000000E+00     0.000000000E+00
      540     7.000000000E+01     2.500000000E+00     0.000000000E+00
      541     7.000000000E+01    -2.500000000E+00    -0.000000000E+00
      542     7.000000000E+01    -5.000000000E+00    -0.000000000E+00
      543     7.000000000E+01    -7.500000000E+00    -0.000000000E+00
      544     7.000000000E+01    -1.000000000E+01    -0.000000000E+00
      545     7.000000000E+01    -1.250000000E+01    -0.000000000E+00
      546     7.000000000E+01    -1.500000000E+01    -0.000000000E+00
      547     7.000000000E+01    -1.750000000E+01    -0.000000000E+00
      548     7.000000000E+01    -2.000000000E+01    -0.000000000E+00
      549     6.750000000E+01    -2.000000000E+01    -0.000000000E+00
      550     6.250000000E+01    -2.000000000E+01    -0.000000000E+00
      551     6.000000000E+01    -2.000000000E+01    -0.000000000E+00
      552     5.750000000E+01    -2.000000000E+01    -0.000000000E+00
      553     5.500000000E+01    -2.000000000E+01    -0.000000000E+00
      554     5.500000000E+01    -1.500000000E+01    -0.000000000E+00
      555     5.500000000E+01     1.499999999E+01     0.000000000E+00
      556     5.500000000E+01     1.749999999E+01     0.000000000E+00
      557    -5.500000000E+01     1.500000000E+01     0.000000000E+00
      558    -5.500000000E+01    -1.750000001E+01     0.000000000E+00
      559     1.000000000E+01    -2.000000000E+01    -0.000000000E+00
      560    -9.999999999E+00     2.000000000E+01     0.000000000E+00
      561     4.250000000E+01     2.499999997E+00     0.000000000E+00
      562     4.500000000E+01     4.999999996E+00     0.000000000E+00
      563     5.000000000E+01     9.999999995E+00     0.000000000E+00
      564     4.750000000E+01     7.499999995E+00     0.000000000E+00
      565    -4.250000000E+01    -2.500000003E+00     0.000000000E+00
      566    -4.500000000E+01    -5.000000004E+00     0.000000000E+00
      567    -5.000000000E+01    -1.000000001E+01     0.000000000E+00
      568    -4.750000000E+01    -7.500000005E+00     0.000000000E+00
      569     5.000000000E+01    -9.999999996E+00    -0.000000000E+00
      570     4.750000000E+01    -7.499999997E+00    -0.000000000E+00
      571     4.500000000E+01    -4.999999997E+00    -0.000000000E+00
      572     4.250000000E+01    -2.499999998E+00    -0.000000000E+00
      573     4.000000000E+01     2.187236937E-10     0.000000000E+00
      574     1.000000000E+01     2.000000000E+01     0.000000000E+00
      575    -1.000000000E+01     2.250000000E+01     0.000000000E+00
      576    -7.500000003E+00     2.250000000E+01     0.000000000E+00
      577    -5.000000003E+00     2.250000000E+01     0.000000000E+00
      578    -2.500000002E+00     2.250000000E+01     0.000000000E+00
      579    -2.371553800E-09     2.250000000E+01     0.000000000E+00
      580     4.999999998E+00     2.250000000E+01     0.000000000E+00
      581     7.499999999E+00     2.250000000E+01     0.000000000E+00
      582     1.000000000E+01     2.250000000E+01     0.000000000E+00
      583     1.250000000E+01     2.250000000E+01     0.000000000E+00
      584    -5.000000000E+01     1.000000000E+01     0.000000000E+00
      585    -4.750000000E+01     7.500000003E+00     0.000000000E+00
      586    -4.500000000E+01     5.000000002E+00     0.000000000E+00
      587    -4.250000000E+01     2.500000001E+00     0.000000000E+00
      588    -4.000000000E+01    -6.047853190E-11     0.000000000E+00
      589    -9.999999999E+00    -2.000000000E+01     0.000000000E+00
      590     9.999999998E+00    -2.250000000E+01    -0.000000000E+00
      591     7.499999998E+00    -2.250000000E+01    -0.000000000E+00
      592     4.999999998E+00    -2.250000000E+01    -0.000000000E+00
      593     2.499999998E+00    -2.250000000E+01    -0.000000000E+00
      594    -1.889071473E-09    -2.250000000E+01     0.000000000E+00
      595    -2.500000002E+00    -2.250000000E+01     0.000000000E+00
      596    -5.000000002E+00    -2.250000000E+01     0.000000000E+00
      597    -7.500000001E+00    -2.250000000E+01     0.000000000E+00
      598    -1.000000000E+01    -2.250000000E+01     0.000000000E+00
      599    -1.250000000E+01    -2.250000000E+01     0.000000000E+00
      600     5.250000000E+01     2.250000000E+01     0.000000000E+00
      601     5.500000000E+01     2.250000000E+01     0.000000000E+00
      602     5.750000000E+01     2.250000000E+01     0.000000000E+00
      603     6.000000000E+01     2.250000000E+01     0.000000000E+00
      604     6.250000000E+01     2.250000000E+01     0.000000000E+00
      605     6.500000000E+01     2.250000000E+01     0.000000000E+00
      606     6.750000000E+01     2.250000000E+01     0.000000000E+00
      607     7.000000000E+01     2.250000000E+01     0.000000000E+00
      608     7.250000000E+01     2.250000000E+01     0.000000000E+00
      609     7.250000000E+01     2.000000000E+01     0.000000000E+00
      610     7.250000000E+01     1.750000000E+01     0.000000000E+00
      611     7.250000000E+01     1.500000000E+01     0.000000000E+00
      612     7.250000000E+01     1.250000000E+01     0.000000000E+00
      613     7.250000000E+01     1.000000000E+01     0.000000000E+00
      614     7.250000000E+01     7.500000000E+00     0.000000000E+00
      615     7.250000000E+01     5.000000000E+00     0.000000000E+00
      616     7.250000000E+01     2.500000000E+00     0.000000000E+00
      617     7.250000000E+01     9.519728755E-12     0.000000000E+00
      618     7.250000000E+01    -2.500000000E+00    -0.000000000E+00
      619     7.250000000E+01    -7.500000000E+00    -0.000000000E+00
      620     7.250000000E+01    -1.000000000E+01    -0.000000000E+00
      621     7.250000000E+01    -1.250000000E+01    -0.000000000E+00
      622     7.250000000E+01    -1.500000000E+01    -0.000000000E+00
      623     7.250000000E+01    -1.750000000E+01    -0.000000000E+00
      624     7.250000000E+01    -2.000000000E+01    -0.000000000E+00
      625     7.250000000E+01    -2.250000000E+01    -0.000000000E+00
      626     7.000000000E+01    -2.250000000E+01    -0.000000000E+00
      627     6.750000000E+01    -2.250000000E+01    -0.000000000E+00
      628     6.500000000E+01    -2.250000000E+01    -0.000000000E+00
      629     6.250000000E+01    -2.250000000E+01    -0.000000000E+00
      630     6.000000000E+01    -2.250000000E+01    -0.000000000E+00
      631     5.750000000E+01    -2.250000000E+01    -0.000000000E+00
      632     5.500000000E+01    -2.250000000E+01    -0.000000000E+00
      633     5.250000000E+01    -2.250000000E+01    -0.000000000E+00
      634     5.000000000E+01    -2.250000000E+01    -0.000000000E+00
      635     5.000000000E+01     2.250000000E+01     0.000000000E+00
      636    -5.250000000E+01    -2.250000000E+01     0.000000000E+00
      637    -5.500000000E+01    -2.250000000E+01     0.000000000E+00
      638    -5.750000000E+01    -2.250000000E+01     0.000000000E+00
      639    -6.000000000E+01    -2.250000000E+01     0.000000000E+00
      640    -6.250000000E+01    -2.250000000E+01     0.000000000E+00
      641    -6.500000000E+01    -2.250000000E+01     0.000000000E+00
      642    -6.750000000E+01    -2.250000000E+01     0.000000000E+00
      643    -7.000000000E+01    -2.250000000E+01     0.000000000E+00
      644    -7.250000000E+01    -2.250000000E+01     0.000000000E+00
      645    -7.250000000E+01    -2.000000000E+01     0.000000000E+00
      646    -7.250000000E+01    -1.750000000E+01     0.000000000E+00
      647    -7.250000000E+01    -1.500000000E+01     0.000000000E+00
      648    -7.250000000E+01    -1.250000000E+01     0.000000000E+00
      649    -7.250000000E+01    -1.000000000E+01     0.000000000E+00
      650    -7.250000000E+01    -7.500000000E+00     0.000000000E+00
      651    -7.250000000E+01    -5.000000000E+00     0.000000000E+00
      652    -7.250000000E+01    -2.500000000E+00     0.000000000E+00
      653    -7.250000000E+01     2.361782644E-11     0.000000000E+00
      654    -7.250000000E+01     2.500000000E+00     0.000000000E+00
      655    -7.250000000E+01     5.000000000E+00     0.000000000E+00
      656    -7.250000000E+01     7.500000000E+00     0.000000000E+00
      657    -7.250000000E+01     1.000000000E+01     0.000000000E+00
      658    -7.250000000E+01     1.250000000E+01     0.000000000E+00
      659    -7.250000000E+01     1.500000000E+01     0.000000000E+00
      660    -7.250000000E+01     1.750000000E+01     0.000000000E+00
      661    -7.250000000E+01     2.000000000E+01     0.000000000E+00
      662    -7.250000000E+01     2.250000000E+01     0.000000000E+00
      663    -7.000000000E+01     2.250000000E+01     0.000000000E+00
      664    -6.750000000E+01     2.250000000E+01     0.000000000E+00
      665    -6.500000000E+01     2.250000000E+01     0.000000000E+00
      666    -6.250000000E+01     2.250000000E+01     0.000000000E+00
      667    -6.000000000E+01     2.250000000E+01     0.000000000E+00
      668    -5.750000000E+01     2.250000000E+01     0.000000000E+00
      669    -5.500000000E+01     2.250000000E+01     0.000000000E+00
      670    -5.250000000E+01     2.250000000E+01     0.000000000E+00
      671    -5.000000000E+01     2.250000000E+01     0.000000000E+00
      672    -5.000000000E+01    -2.250000000E+01     0.000000000E+00
      673     1.250000000E+01    -2.250000000E+01    -0.000000000E+00
      674    -1.250000000E+01     2.250000000E+01     0.000000000E+00
      675     5.250000000E+01    -1.250000000E+01    -0.000000000E+00
      676     5.250000000E+01    -2.000000000E+01    -0.000000000E+00
      677     5.250000000E+01     1.999999999E+01     0.000000000E+00
      678     5.250000000E+01     1.249999999E+01     0.000000000E+00
      679    -5.250000000E+01     1.250000000E+01     0.000000000E+00
      680    -5.250000000E+01     2.000000000E+01     0.000000000E+00
      681    -5.250000000E+01    -2.000000001E+01     0.000000000E+00
      682    -5.250000000E+01    -1.250000001E+01     0.000000000E+00
      683    -5.250000000E+01    -1.750000001E+01     0.000000000E+00
      684    -5.250000000E+01     1.750000000E+01     0.000000000E+00
      685    -5.250000000E+01     1.500000000E+01     0.000000000E+00
      686     5.250000000E+01     1.749999999E+01     0.000000000E+00
      687     5.250000000E+01    -1.500000000E+01    -0.000000000E+00
      688    -1.250000000E+01     2.000000000E+01     0.000000000E+00
      689     1.250000000E+01    -2.000000000E+01    -0.000000000E+00
      690    -4.750000000E+01     2.250000000E+01     0.000000000E+00
      691    -4.500000000E+01    -2.500000000E+01     0.000000000E+00
      692    -4.750000000E+01    -2.500000000E+01     0.000000000E+00
      693    -5.000000000E+01    -2.500000000E+01     0.000000000E+00
      694    -5.250000000E+01    -2.500000000E+01     0.000000000E+00
      695    -5.500000000E+01    -2.500000000E+01     0.000000000E+00
      696    -5.750000000E+01    -2.500000000E+01     0.000000000E+00
      697    -6.000000000E+01    -2.500000000E+01     0.000000000E+00
      698    -6.250000000E+01    -2.500000000E+01     0.000000000E+00
      699    -6.500000000E+01    -2.500000000E+01     0.000000000E+00
      700    -6.750000000E+01    -2.500000000E+01     0.000000000E+00
      701    -7.000000000E+01    -2.500000000E+01     0.000000000E+00
      702    -7.250000000E+01    -2.500000000E+01     0.000000000E+00
      703    -7.500000000E+01    -2.500000000E+01     0.000000000E+00
      704    -7.500000000E+01    -2.250000000E+01     0.000000000E+00
      705    -7.500000000E+01    -2.000000000E+01     0.000000000E+00
      706    -7.500000000E+01    -1.750000000E+01     0.000000000E+00
      707    -7.500000000E+01    -1.500000000E+01     0.000000000E+00
      708    -7.500000000E+01    -1.250000000E+01     0.000000000E+00
      709    -7.500000000E+01    -1.000000000E+01     0.000000000E+00
      710    -7.500000000E+01    -7.500000000E+00     0.000000000E+00
      711    -7.500000000E+01    -5.000000000E+00     0.000000000E+00
      712    -7.500000000E+01    -2.500000000E+00     0.000000000E+00
      713    -7.500000000E+01     7.819482908E-12     0.000000000E+00
      714    -7.500000000E+01     2.500000000E+00     0.000000000E+00
      715    -7.500000000E+01     5.000000000E+00     0.000000000E+00
      716    -7.500000000E+01     7.500000000E+00     0.000000000E+00
      717    -7.500000000E+01     1.000000000E+01     0.000000000E+00
      718    -7.500000000E+01     1.250000000E+01     0.000000000E+00
      719    -7.500000000E+01     1.500000000E+01     0.000000000E+00
      720    -7.500000000E+01     1.750000000E+01     0.000000000E+00
      721    -7.500000000E+01     2.000000000E+01     0.000000000E+00
      722    -7.500000000E+01     2.250000000E+01     0.000000000E+00
      723    -7.500000000E+01     2.500000000E+01     0.000000000E+00
      724    -7.250000000E+01     2.500000000E+01     0.000000000E+00
      725    -7.000000000E+01     2.500000000E+01     0.000000000E+00
      726    -6.750000000E+01     2.500000000E+01     0.000000000E+00
      727    -6.500000000E+01     2.500000000E+01     0.000000000E+00
      728    -6.250000000E+01     2.500000000E+01     0.000000000E+00
      729    -6.000000000E+01     2.500000000E+01     0.000000000E+00
      730    -5.750000000E+01     2.500000000E+01     0.000000000E+00
      731    -5.500000000E+01     2.500000000E+01     0.000000000E+00
      732    -5.250000000E+01     2.500000000E+01     0.000000000E+00
      733    -5.000000000E+01     2.500000000E+01     0.000000000E+00
      734    -4.750000000E+01     2.500000000E+01     0.000000000E+00
      735     4.750000000E+01     2.250000000E+01     0.000000000E+00
      736     4.750000000E+01    -2.250000000E+01    -0.000000000E+00
      737     4.500000000E+01     2.500000000E+01     0.000000000E+00
      738     4.750000000E+01     2.500000000E+01     0.000000000E+00
      739     5.000000000E+01     2.500000000E+01     0.000000000E+00
      740     5.250000000E+01     2.500000000E+01     0.000000000E+00
      741     5.500000000E+01     2.500000000E+01     0.000000000E+00
      742     5.750000000E+01     2.500000000E+01     0.000000000E+00
      743     6.000000000E+01     2.500000000E+01     0.000000000E+00
      744     6.250000000E+01     2.500000000E+01     0.000000000E+00
      745     6.500000000E+01     2.500000000E+01     0.000000000E+00
      746     6.750000000E+01     2.500000000E+01     0.000000000E+00
      747     7.000000000E+01     2.500000000E+01     0.000000000E+00
      748     7.250000000E+01     2.500000000E+01     0.000000000E+00
      749     7.500000000E+01     2.500000000E+01     0.000000000E+00
      750     7.500000000E+01     2.250000000E+01     0.000000000E+00
      751     7.500000000E+01     2.000000000E+01     0.000000000E+00
      752     7.500000000E+01     1.750000000E+01     0.000000000E+00
      753     7.500000000E+01     1.500000000E+01     0.000000000E+00
      754     7.500000000E+01     1.250000000E+01     0.000000000E+00
      755     7.500000000E+01     1.000000000E+01     0.000000000E+00
      756     7.500000000E+01     7.500000000E+00     0.000000000E+00
      757     7.500000000E+01     5.000000000E+00     0.000000000E+00
      758     7.500000000E+01     2.500000000E+00     0.000000000E+00
      759     7.500000000E+01     2.404109897E-12     0.000000000E+00
      760     7.500000000E+01    -2.500000000E+00    -0.000000000E+00
      761     7.500000000E+01    -5.000000000E+00    -0.000000000E+00
      762     7.500000000E+01    -7.500000000E+00    -0.000000000E+00
      763     7.500000000E+01    -1.000000000E+01    -0.000000000E+00
      764     7.500000000E+01    -1.250000000E+01    -0.000000000E+00
      765     7.500000000E+01    -1.500000000E+01    -0.000000000E+00
      766     7.500000000E+01    -1.750000000E+01    -0.000000000E+00
      767     7.500000000E+01    -2.000000000E+01    -0.000000000E+00
      768     7.500000000E+01    -2.250000000E+01    -0.000000000E+00
      769     7.500000000E+01    -2.500000000E+01    -0.000000000E+00
      770     7.250000000E+01    -2.500000000E+01    -0.000000000E+00
      771     7.000000000E+01    -2.500000000E+01    -0.000000000E+00
      772     6.750000000E+01    -2.500000000E+01    -0.000000000E+00
      773     6.500000000E+01    -2.500000000E+01    -0.000000000E+00
      774     6.250000000E+01    -2.500000000E+01    -0.000000000E+00
      775     6.000000000E+01    -2.500000000E+01    -0.000000000E+00
      776     5.750000000E+01    -2.500000000E+01    -0.000000000E+00
      777     5.500000000E+01    -2.500000000E+01    -0.000000000E+00
      778     5.250000000E+01    -2.500000000E+01    -0.000000000E+00
      779     5.000000000E+01    -2.500000000E+01    -0.000000000E+00
      780     4.750000000E+01    -2.500000000E+01    -0.000000000E+00
      781     4.500000000E+01    -2.500000000E+01    -0.000000000E+00
      782    -1.250000000E+01    -2.000000000E+01     0.000000000E+00
      783    -1.500000000E+01    -2.250000000E+01     0.000000000E+00
      784     1.500000000E+01    -2.500000000E+01    -0.000000000E+00
      785     1.250000000E+01    -2.500000000E+01    -0.000000000E+00
      786     9.999999998E+00    -2.500000000E+01    -0.000000000E+00
      787     7.499999998E+00    -2.500000000E+01    -0.000000000E+00
      788     4.999999998E+00    -2.500000000E+01    -0.000000000E+00
      789     2.499999998E+00    -2.500000000E+01    -0.000000000E+00
      790    -1.748348509E-09    -2.500000000E+01     0.000000000E+00
      791    -2.500000002E+00    -2.500000000E+01     0.000000000E+00
      792    -5.000000002E+00    -2.500000000E+01     0.000000000E+00
      793    -7.500000002E+00    -2.500000000E+01     0.000000000E+00
      794    -1.000000000E+01    -2.500000000E+01     0.000000000E+00
      795    -1.250000000E+01    -2.500000000E+01     0.000000000E+00
      796    -1.500000000E+01    -2.500000000E+01     0.000000000E+00
      797    -1.750000000E+01    -2.500000000E+01     0.000000000E+00
      798    -3.750000000E+01    -1.070584593E-09     0.000000000E+00
      799    -4.000000000E+01     2.500000001E+00     0.000000000E+00
      800    -4.250000000E+01     5.000000002E+00     0.000000000E+00
      801    -4.500000000E+01     7.500000002E+00     0.000000000E+00
      802    -4.750000000E+01     1.000000000E+01     0.000000000E+00
      803     1.250000000E+01     2.000000000E+01     0.000000000E+00
      804     1.500000000E+01     2.250000000E+01     0.000000000E+00
      805    -1.500000000E+01     2.500000000E+01     0.000000000E+00
      806    -1.250000000E+01     2.500000000E+01     0.000000000E+00
      807    -1.000000000E+01     2.500000000E+01     0.000000000E+00
      808    -7.500000002E+00     2.500000000E+01     0.000000000E+00
      809    -5.000000002E+00     2.500000000E+01     0.000000000E+00
      810    -2.500000002E+00     2.500000000E+01     0.000000000E+00
      811    -2.190815780E-09     2.500000000E+01     0.000000000E+00
      812     2.499999998E+00     2.500000000E+01     0.000000000E+00
      813     4.999999998E+00     2.500000000E+01     0.000000000E+00
      814     7.499999998E+00     2.500000000E+01     0.000000000E+00
      815     9.999999998E+00     2.500000000E+01     0.000000000E+00
      816     1.250000000E+01     2.500000000E+01     0.000000000E+00
      817     1.500000000E+01     2.500000000E+01     0.000000000E+00
      818     3.750000000E+01    -8.887365670E-10    -0.000000000E+00
      819     4.000000000E+01    -2.499999998E+00    -0.000000000E+00
      820     4.250000000E+01    -4.999999998E+00    -0.000000000E+00
      821     4.500000000E+01    -7.499999997E+00    -0.000000000E+00
      822     4.750000000E+01    -9.999999996E+00    -0.000000000E+00
      823    -4.750000000E+01    -1.000000000E+01     0.000000000E+00
      824    -4.500000000E+01    -7.500000004E+00     0.000000000E+00
      825    -4.250000000E+01    -5.000000003E+00     0.000000000E+00
      826    -4.000000000E+01    -2.500000003E+00     0.000000000E+00
      827    -1.750000000E+01     2.500000000E+01     0.000000000E+00
      828     4.500000000E+01     7.499999996E+00     0.000000000E+00
      829     4.250000000E+01     4.999999997E+00     0.000000000E+00
      830     4.000000000E+01     2.499999997E+00     0.000000000E+00
      831     1.750000000E+01    -2.500000000E+01    -0.000000000E+00
      832    -1.500000000E+01     2.250000000E+01     0.000000000E+00
      833     1.500000000E+01    -2.250000000E+01    -0.000000000E+00
      834    -5.000000000E+01    -2.000000001E+01     0.000000000E+00
      835    -5.000000000E+01    -1.250000001E+01     0.000000000E+00
      836    -5.000000000E+01     1.250000000E+01     0.000000000E+00
      837    -5.000000000E+01     2.000000000E+01     0.000000000E+00
      838     5.000000000E+01     1.999999999E+01     0.000000000E+00
      839     5.000000000E+01     1.249999999E+01     0.000000000E+00
      840     5.000000000E+01    -1.250000000E+01    -0.000000000E+00
      841     5.000000000E+01    -1.500000000E+01    -0.000000000E+00
      842     5.000000000E+01     1.749999999E+01     0.000000000E+00
      843    -5.000000000E+01     1.500000000E+01     0.000000000E+00
      844    -5.000000000E+01    -1.750000001E+01     0.000000000E+00
      845     1.500000000E+01    -2.000000000E+01    -0.000000000E+00
      846    -1.500000000E+01     2.000000000E+01     0.000000000E+00
      847     2.000000000E+01    -2.500000000E+01    -0.000000000E+00
      848     4.000000000E+01     4.999999997E+00     0.000000000E+00
      849     4.500000000E+01     9.999999996E+00     0.000000000E+00
      850     4.250000000E+01     7.499999996E+00     0.000000000E+00
      851    -2.000000000E+01     2.500000000E+01     0.000000000E+00
      852    -4.000000000E+01    -5.000000003E+00     0.000000000E+00
      853    -4.500000000E+01    -1.000000000E+01     0.000000000E+00
      854    -4.250000000E+01    -7.500000004E+00     0.000000000E+00
      855     4.500000000E+01    -9.999999997E+00    -0.000000000E+00
      856     4.250000000E+01    -7.499999997E+00    -0.000000000E+00
      857     4.000000000E+01    -4.999999998E+00    -0.000000000E+00
      858     3.500000000E+01     2.363400274E-10     0.000000000E+00
      859     3.750000000E+01    -2.499999999E+00    -0.000000000E+00
      860     2.000000000E+01     2.500000000E+01     0.000000000E+00
      861     1.500000000E+01     2.000000000E+01     0.000000000E+00
      862     1.750000000E+01     2.250000000E+01     0.000000000E+00
      863    -4.500000000E+01     1.000000000E+01     0.000000000E+00
      864    -4.250000000E+01     7.500000002E+00     0.000000000E+00
      865    -4.000000000E+01     5.000000001E+00     0.000000000E+00
      866    -3.500000000E+01    -3.596282343E-11     0.000000000E+00
      867    -3.750000000E+01     2.500000001E+00     0.000000000E+00
      868    -1.750000000E+01     2.750000000E+01     0.000000000E+00
      869    -1.500000000E+01     2.750000000E+01     0.000000000E+00
      870    -1.250000000E+01     2.750000000E+01     0.000000000E+00
      871    -1.000000000E+01     2.750000000E+01     0.000000000E+00
      872    -7.500000002E+00     2.750000000E+01     0.000000000E+00
      873    -5.000000002E+00     2.750000000E+01     0.000000000E+00
      874    -2.500000002E+00     2.750000000E+01     0.000000000E+00
      875    -1.837836090E-09     2.750000000E+01     0.000000000E+00
      876     2.499999998E+00     2.750000000E+01     0.000000000E+00
      877     4.999999998E+00     2.750000000E+01     0.000000000E+00
      878     7.499999998E+00     2.750000000E+01     0.000000000E+00
      879     9.999999998E+00     2.750000000E+01     0.000000000E+00
      880     1.250000000E+01     2.750000000E+01     0.000000000E+00
      881     1.500000000E+01     2.750000000E+01     0.000000000E+00
      882     1.750000000E+01     2.750000000E+01     0.000000000E+00
      883     2.000000000E+01     2.750000000E+01     0.000000000E+00
      884     2.250000000E+01     2.750000000E+01     0.000000000E+00
      885    -2.250000000E+01     2.750000000E+01     0.000000000E+00
      886     2.250000000E+01    -2.750000000E+01    -0.000000000E+00
      887     2.000000000E+01    -2.750000000E+01    -0.000000000E+00
      888     1.750000000E+01    -2.750000000E+01    -0.000000000E+00
      889     1.250000000E+01    -2.750000000E+01    -0.000000000E+00
      890     9.999999998E+00    -2.750000000E+01    -0.000000000E+00
      891     7.499999999E+00    -2.750000000E+01    -0.000000000E+00
      892     4.999999999E+00    -2.750000000E+01    -0.000000000E+00
      893     2.499999999E+00    -2.750000000E+01    -0.000000000E+00
      894    -1.477338434E-09    -2.750000000E+01     0.000000000E+00
      895    -2.500000002E+00    -2.750000000E+01     0.000000000E+00
      896    -5.000000002E+00    -2.750000000E+01     0.000000000E+00
      897    -7.500000002E+00    -2.750000000E+01     0.000000000E+00
      898    -1.000000000E+01    -2.750000000E+01     0.000000000E+00
      899    -1.250000000E+01    -2.750000000E+01     0.000000000E+00
      900    -1.500000000E+01    -2.750000000E+01     0.000000000E+00
      901    -1.750000000E+01    -2.750000000E+01     0.000000000E+00
      902    -2.000000000E+01    -2.750000000E+01     0.000000000E+00
      903    -2.250000000E+01    -2.750000000E+01     0.000000000E+00
      904    -2.000000000E+01    -2.500000000E+01     0.000000000E+00
      905    -1.500000000E+01    -2.000000000E+01     0.000000000E+00
      906    -1.750000000E+01    -2.250000000E+01     0.000000000E+00
      907     4.500000000E+01    -2.250000000E+01    -0.000000000E+00
      908     4.250000000E+01    -2.500000000E+01    -0.000000000E+00
      909     4.250000000E+01     2.750000000E+01     0.000000000E+00
      910     4.500000000E+01     2.750000000E+01     0.000000000E+00
      911     4.750000000E+01     2.750000000E+01     0.000000000E+00
      912     5.000000000E+01     2.750000000E+01     0.000000000E+00
      913     5.250000000E+01     2.750000000E+01     0.000000000E+00
      914     5.500000000E+01     2.750000000E+01     0.000000000E+00
      915     5.750000000E+01     2.750000000E+01     0.000000000E+00
      916     6.000000000E+01     2.750000000E+01     0.000000000E+00
      917     6.250000000E+01     2.750000000E+01     0.000000000E+00
      918     6.500000000E+01     2.750000000E+01     0.000000000E+00
      919     6.750000000E+01     2.750000000E+01     0.000000000E+00
      920     7.000000000E+01     2.750000000E+01     0.000000000E+00
      921     7.250000000E+01     2.750000000E+01     0.000000000E+00
      922     7.500000000E+01     2.750000000E+01     0.000000000E+00
      923     7.750000000E+01     2.500000000E+01     0.000000000E+00
      924     7.750000000E+01     2.250000000E+01     0.000000000E+00
      925     7.750000000E+01     2.000000000E+01     0.000000000E+00
      926     7.750000000E+01     1.750000000E+01     0.000000000E+00
      927     7.750000000E+01     1.500000000E+01     0.000000000E+00
      928     7.750000000E+01     1.250000000E+01     0.000000000E+00
      929     7.750000000E+01     1.000000000E+01     0.000000000E+00
      930     7.750000000E+01     7.500000000E+00     0.000000000E+00
      931     7.750000000E+01     5.000000000E+00     0.000000000E+00
      932     7.750000000E+01     2.500000000E+00     0.000000000E+00
      933     7.750000000E+01     4.671827161E-13     0.000000000E+00
      934     7.750000000E+01    -2.500000000E+00    -0.000000000E+00
      935     7.750000000E+01    -5.000000000E+00    -0.000000000E+00
      936     7.750000000E+01    -7.500000000E+00    -0.000000000E+00
      937     7.750000000E+01    -1.000000000E+01    -0.000000000E+00
      938     7.750000000E+01    -1.250000000E+01    -0.000000000E+00
      939     7.750000000E+01    -1.500000000E+01    -0.000000000E+00
      940     7.750000000E+01    -1.750000000E+01    -0.000000000E+00
      941     7.750000000E+01    -2.000000000E+01    -0.000000000E+00
      942     7.750000000E+01    -2.250000000E+01    -0.000000000E+00
      943     7.750000000E+01    -2.500000000E+01    -0.000000000E+00
      944     7.750000000E+01    -2.750000000E+01    -0.000000000E+00
      945     7.500000000E+01    -2.750000000E+01    -0.000000000E+00
      946     7.250000000E+01    -2.750000000E+01    -0.000000000E+00
      947     7.000000000E+01    -2.750000000E+01    -0.000000000E+00
      948     6.750000000E+01    -2.750000000E+01    -0.000000000E+00
      949     6.500000000E+01    -2.750000000E+01    -0.000000000E+00
      950     6.250000000E+01    -2.750000000E+01    -0.000000000E+00
      951     6.000000000E+01    -2.750000000E+01    -0.000000000E+00
      952     5.750000000E+01    -2.750000000E+01    -0.000000000E+00
      953     5.500000000E+01    -2.750000000E+01    -0.000000000E+00
      954     5.250000000E+01    -2.750000000E+01    -0.000000000E+00
      955     5.000000000E+01    -2.750000000E+01    -0.000000000E+00
      956     4.750000000E+01    -2.750000000E+01    -0.000000000E+00
      957     4.500000000E+01    -2.750000000E+01    -0.000000000E+00
      958     4.250000000E+01    -2.750000000E+01    -0.000000000E+00
      959     4.000000000E+01    -2.750000000E+01    -0.000000000E+00
      960     4.000000000E+01     2.750000000E+01     0.000000000E+00
      961     4.250000000E+01     2.500000000E+01     0.000000000E+00
      962     4.500000000E+01     2.250000000E+01     0.000000000E+00
      963    -4.500000000E+01     2.250000000E+01     0.000000000E+00
      964    -4.250000000E+01    -2.750000000E+01     0.000000000E+00
      965    -4.500000000E+01    -2.750000000E+01     0.000000000E+00
      966    -4.750000000E+01    -2.750000000E+01     0.000000000E+00
      967    -5.000000000E+01    -2.750000000E+01     0.000000000E+00
      968    -5.250000000E+01    -2.750000000E+01     0.000000000E+00
      969    -5.750000000E+01    -2.750000000E+01     0.000000000E+00
      970    -6.000000000E+01    -2.750000000E+01     0.000000000E+00
      971    -6.250000000E+01    -2.750000000E+01     0.000000000E+00
      972    -6.500000000E+01    -2.750000000E+01     0.000000000E+00
      973    -6.750000000E+01    -2.750000000E+01     0.000000000E+00
      974    -7.000000000E+01    -2.750000000E+01     0.000000000E+00
      975    -7.250000000E+01    -2.750000000E+01     0.000000000E+00
      976    -7.500000000E+01    -2.750000000E+01     0.000000000E+00
      977    -7.750000000E+01    -2.750000000E+01     0.000000000E+00
      978    -7.750000000E+01    -2.500000000E+01     0.000000000E+00
      979    -7.750000000E+01    -2.000000000E+01     0.000000000E+00
      980    -7.750000000E+01    -1.750000000E+01     0.000000000E+00
      981    -7.750000000E+01    -1.500000000E+01     0.000000000E+00
      982    -7.750000000E+01    -1.250000000E+01     0.000000000E+00
      983    -7.750000000E+01    -1.000000000E+01     0.000000000E+00
      984    -7.750000000E+01    -5.000000000E+00     0.000000000E+00
      985    -7.750000000E+01    -2.500000000E+00     0.000000000E+00
      986    -7.750000000E+01     2.500000000E+00     0.000000000E+00
      987    -7.750000000E+01     5.000000000E+00     0.000000000E+00
      988    -7.750000000E+01     7.500000000E+00     0.000000000E+00
      989    -7.750000000E+01     1.000000000E+01     0.000000000E+00
      990    -7.750000000E+01     1.250000000E+01     0.000000000E+00
      991    -7.750000000E+01     1.500000000E+01     0.000000000E+00
      992    -7.750000000E+01     1.750000000E+01     0.000000000E+00
      993    -7.750000000E+01     2.250000000E+01     0.000000000E+00
      994    -7.750000000E+01     2.500000000E+01     0.000000000E+00
      995    -7.750000000E+01     2.750000000E+01     0.000000000E+00
      996    -7.500000000E+01     2.750000000E+01     0.000000000E+00
      997    -7.250000000E+01     2.750000000E+01     0.000000000E+00
      998    -7.000000000E+01     2.750000000E+01     0.000000000E+00
      999    -6.750000000E+01     2.750000000E+01     0.000000000E+00
     1000    -6.500000000E+01     2.750000000E+01     0.000000000E+00
     1001    -6.000000000E+01     2.750000000E+01     0.000000000E+00
     1002    -5.750000000E+01     2.750000000E+01     0.000000000E+00
     1003    -5.500000000E+01     2.750000000E+01     0.000000000E+00
     1004    -5.250000000E+01     2.750000000E+01     0.000000000E+00
     1005    -5.000000000E+01     2.750000000E+01     0.000000000E+00
     1006    -4.750000000E+01     2.750000000E+01     0.000000000E+00
     1007    -4.500000000E+01     2.750000000E+01     0.000000000E+00
     1008    -4.250000000E+01     2.750000000E+01     0.000000000E+00
     1009    -4.000000000E+01     2.750000000E+01     0.000000000E+00
     1010    -4.000000000E+01    -2.750000000E+01     0.000000000E+00
     1011    -4.250000000E+01    -2.500000000E+01     0.000000000E+00
     1012    -4.500000000E+01    -2.250000000E+01     0.000000000E+00
     1013     1.750000000E+01    -2.250000000E+01    -0.000000000E+00
     1014     3.750000000E+01     2.499999998E+00     0.000000000E+00
     1015    -1.750000000E+01     2.250000000E+01     0.000000000E+00
     1016    -3.750000000E+01    -2.500000002E+00     0.000000000E+00
     1017     4.750000000E+01    -1.250000000E+01    -0.000000000E+00
     1018     4.750000000E+01    -2.000000000E+01    -0.000000000E+00
     1019     4.750000000E+01     2.000000000E+01     0.000000000E+00
     1020    -4.750000000E+01     1.250000000E+01     0.000000000E+00
     1021    -4.750000000E+01    -2.000000001E+01     0.000000000E+00
     1022    -4.750000000E+01    -1.250000001E+01     0.000000000E+00
     1023    -4.750000000E+01    -1.750000001E+01     0.000000000E+00
     1024    -4.750000000E+01     1.500000000E+01     0.000000000E+00
     1025     4.750000000E+01     1.750000000E+01     0.000000000E+00
     1026     4.750000000E+01    -1.500000000E+01    -0.000000000E+00
     1027    -3.500000000E+01    -2.500000001E+00     0.000000000E+00
     1028    -1.750000000E+01     2.000000000E+01     0.000000000E+00
     1029     3.500000000E+01     2.499999999E+00     0.000000000E+00
     1030     1.750000000E+01    -2.000000000E+01    -0.000000000E+00
     1031    -4.250000000E+01    -2.250000000E+01     0.000000000E+00
     1032    -3.750000000E+01    -2.750000000E+01     0.000000000E+00
     1033    -4.000000000E+01    -2.500000000E+01     0.000000000E+00
     1034    -3.750000000E+01     2.750000000E+01     0.000000000E+00
     1035    -4.250000000E+01     2.250000000E+01     0.000000000E+00
     1036    -4.000000000E+01     2.500000000E+01     0.000000000E+00
     1037     4.250000000E+01     2.250000000E+01     0.000000000E+00
     1038     3.750000000E+01     2.750000000E+01     0.000000000E+00
     1039     4.000000000E+01     2.500000000E+01     0.000000000E+00
     1040     3.750000000E+01    -2.750000000E+01    -0.000000000E+00
     1041     4.250000000E+01    -2.250000000E+01    -0.000000000E+00
     1042     4.000000000E+01    -2.500000000E+01    -0.000000000E+00
     1043    -1.750000000E+01    -2.000000000E+01     0.000000000E+00
     1044    -2.000000000E+01    -2.250000000E+01     0.000000000E+00
     1045    -2.250000000E+01    -2.500000000E+01     0.000000000E+00
     1046    -2.500000000E+01    -2.750000000E+01     0.000000000E+00
     1047    -8.000000000E+01    -2.750000000E+01     0.000000000E+00
     1048    -8.000000000E+01    -2.500000000E+01     0.000000000E+00
     1049    -8.000000000E+01    -2.250000000E+01     0.000000000E+00
     1050    -8.000000000E+01    -2.000000000E+01     0.000000000E+00
     1051    -8.000000000E+01    -1.750000000E+01     0.000000000E+00
     1052    -8.000000000E+01    -1.500000000E+01     0.000000000E+00
     1053    -8.000000000E+01    -1.250000000E+01     0.000000000E+00
     1054    -8.000000000E+01    -1.000000000E+01     0.000000000E+00
     1055    -8.000000000E+01    -7.500000000E+00     0.000000000E+00
     1056    -8.000000000E+01    -5.000000000E+00     0.000000000E+00
     1057    -8.000000000E+01    -2.500000000E+00     0.000000000E+00
     1058    -8.000000000E+01     4.354155925E-13     0.000000000E+00
     1059    -8.000000000E+01     2.500000000E+00     0.000000000E+00
     1060    -8.000000000E+01     5.000000000E+00     0.000000000E+00
     1061    -8.000000000E+01     7.500000000E+00     0.000000000E+00
     1062    -8.000000000E+01     1.000000000E+01     0.000000000E+00
     1063    -8.000000000E+01     1.250000000E+01     0.000000000E+00
     1064    -8.000000000E+01     1.500000000E+01     0.000000000E+00
     1065    -8.000000000E+01     1.750000000E+01     0.000000000E+00
     1066    -8.000000000E+01     2.000000000E+01     0.000000000E+00
     1067    -8.000000000E+01     2.250000000E+01     0.000000000E+00
     1068    -8.000000000E+01     2.500000000E+01     0.000000000E+00
     1069    -8.000000000E+01     2.750000000E+01     0.000000000E+00
     1070    -8.000000000E+01     3.000000000E+01     0.000000000E+00
     1071    -7.750000000E+01     3.000000000E+01     0.000000000E+00
     1072    -7.500000000E+01     3.000000000E+01     0.000000000E+00
     1073    -7.250000000E+01     3.000000000E+01     0.000000000E+00
     1074    -7.000000000E+01     3.000000000E+01     0.000000000E+00
     1075    -6.750000000E+01     3.000000000E+01     0.000000000E+00
     1076    -6.500000000E+01     3.000000000E+01     0.000000000E+00
     1077    -6.250000000E+01     3.000000000E+01     0.000000000E+00
     1078    -6.000000000E+01     3.000000000E+01     0.000000000E+00
     1079    -5.750000000E+01     3.000000000E+01     0.000000000E+00
     1080    -5.500000000E+01     3.000000000E+01     0.000000000E+00
     1081    -5.250000000E+01     3.000000000E+01     0.000000000E+00
     1082    -5.000000000E+01     3.000000000E+01     0.000000000E+00
     1083    -4.750000000E+01     3.000000000E+01     0.000000000E+00
     1084    -4.500000000E+01     3.000000000E+01     0.000000000E+00
     1085    -3.750000000E+01     3.000000000E+01     0.000000000E+00
     1086    -2.500000000E+01     3.000000000E+01     0.000000000E+00
     1087    -2.250000000E+01     3.000000000E+01     0.000000000E+00
     1088    -2.000000000E+01     3.000000000E+01     0.000000000E+00
     1089    -1.750000000E+01     3.000000000E+01     0.000000000E+00
     1090    -1.500000000E+01     3.000000000E+01     0.000000000E+00
     1091    -1.250000000E+01     3.000000000E+01     0.000000000E+00
     1092    -1.000000000E+01     3.000000000E+01     0.000000000E+00
     1093    -7.500000001E+00     3.000000000E+01     0.000000000E+00
     1094    -5.000000001E+00     3.000000000E+01     0.000000000E+00
     1095    -2.500000001E+00     3.000000000E+01     0.000000000E+00
     1096    -1.483761898E-09     3.000000000E+01     0.000000000E+00
     1097     2.499999998E+00     3.000000000E+01     0.000000000E+00
     1098     4.999999998E+00     3.000000000E+01     0.000000000E+00
     1099     7.499999998E+00     3.000000000E+01     0.000000000E+00
     1100     9.999999998E+00     3.000000000E+01     0.000000000E+00
     1101     1.250000000E+01     3.000000000E+01     0.000000000E+00
     1102     1.500000000E+01     3.000000000E+01     0.000000000E+00
     1103     1.750000000E+01     3.000000000E+01     0.000000000E+00
     1104     2.000000000E+01     3.000000000E+01     0.000000000E+00
     1105     2.250000000E+01     3.000000000E+01     0.000000000E+00
     1106     2.500000000E+01     3.000000000E+01     0.000000000E+00
     1107     3.750000000E+01     3.000000000E+01     0.000000000E+00
     1108     4.000000000E+01     3.000000000E+01     0.000000000E+00
     1109     4.250000000E+01     3.000000000E+01     0.000000000E+00
     1110     4.500000000E+01     3.000000000E+01     0.000000000E+00
     1111     4.750000000E+01     3.000000000E+01     0.000000000E+00
     1112     5.000000000E+01     3.000000000E+01     0.000000000E+00
     1113     5.250000000E+01     3.000000000E+01     0.000000000E+00
     1114     5.500000000E+01     3.000000000E+01     0.000000000E+00
     1115     5.750000000E+01     3.000000000E+01     0.000000000E+00
     1116     6.000000000E+01     3.000000000E+01     0.000000000E+00
     1117     6.250000000E+01     3.000000000E+01     0.000000000E+00
     1118     6.500000000E+01     3.000000000E+01     0.000000000E+00
     1119     6.750000000E+01     3.000000000E+01     0.000000000E+00
     1120     7.000000000E+01     3.000000000E+01     0.000000000E+00
     1121     7.250000000E+01     3.000000000E+01     0.000000000E+00
     1122     7.500000000E+01     3.000000000E+01     0.000000000E+00
     1123     7.750000000E+01     3.000000000E+01     0.000000000E+00
     1124     8.000000000E+01     3.000000000E+01     0.000000000E+00
     1125     8.000000000E+01     2.750000000E+01     0.000000000E+00
     1126     8.000000000E+01     2.500000000E+01     0.000000000E+00
     1127     8.000000000E+01     2.250000000E+01     0.000000000E+00
     1128     8.000000000E+01     2.000000000E+01     0.000000000E+00
     1129     8.000000000E+01     1.750000000E+01     0.000000000E+00
     1130     8.000000000E+01     1.500000000E+01     0.000000000E+00
     1131     8.000000000E+01     1.250000000E+01     0.000000000E+00
     1132     8.000000000E+01     1.000000000E+01     0.000000000E+00
     1133     8.000000000E+01     7.500000000E+00     0.000000000E+00
     1134     8.000000000E+01     5.000000000E+00     0.000000000E+00
     1135     8.000000000E+01     2.500000000E+00     0.000000000E+00
     1136     8.000000000E+01     5.453536928E-14     0.000000000E+00
     1137     8.000000000E+01    -2.500000000E+00    -0.000000000E+00
     1138     8.000000000E+01    -5.000000000E+00    -0.000000000E+00
     1139     8.000000000E+01    -7.500000000E+00    -0.000000000E+00
     1140     8.000000000E+01    -1.000000000E+01    -0.000000000E+00
     1141     8.000000000E+01    -1.250000000E+01    -0.000000000E+00
     1142     8.000000000E+01    -1.500000000E+01    -0.000000000E+00
     1143     8.000000000E+01    -1.750000000E+01    -0.000000000E+00
     1144     8.000000000E+01    -2.000000000E+01    -0.000000000E+00
     1145     8.000000000E+01    -2.250000000E+01    -0.000000000E+00
     1146     8.000000000E+01    -2.500000000E+01    -0.000000000E+00
     1147     8.000000000E+01    -2.750000000E+01    -0.000000000E+00
     1148     8.000000000E+01    -3.000000000E+01    -0.000000000E+00
     1149     7.750000000E+01    -3.000000000E+01    -0.000000000E+00
     1150     7.500000000E+01    -3.000000000E+01    -0.000000000E+00
     1151     7.250000000E+01    -3.000000000E+01    -0.000000000E+00
     1152     7.000000000E+01    -3.000000000E+01    -0.000000000E+00
     1153     6.750000000E+01    -3.000000000E+01    -0.000000000E+00
     1154     6.500000000E+01    -3.000000000E+01    -0.000000000E+00
     1155     6.250000000E+01    -3.000000000E+01    -0.000000000E+00
     1156     6.000000000E+01    -3.000000000E+01    -0.000000000E+00
     1157     5.750000000E+01    -3.000000000E+01    -0.000000000E+00
     1158     5.500000000E+01    -3.000000000E+01    -0.000000000E+00
     1159     5.250000000E+01    -3.000000000E+01    -0.000000000E+00
     1160     5.000000000E+01    -3.000000000E+01    -0.000000000E+00
     1161     4.750000000E+01    -3.000000000E+01    -0.000000000E+00
     1162     4.500000000E+01    -3.000000000E+01    -0.000000000E+00
     1163     4.250000000E+01    -3.000000000E+01    -0.000000000E+00
     1164     4.000000000E+01    -3.000000000E+01    -0.000000000E+00
     1165     3.750000000E+01    -3.000000000E+01    -0.000000000E+00
     1166     2.500000000E+01    -3.000000000E+01    -0.000000000E+00
     1167     2.250000000E+01    -3.000000000E+01    -0.000000000E+00
     1168     2.000000000E+01    -3.000000000E+01    -0.000000000E+00
     1169     1.750000000E+01    -3.000000000E+01    -0.000000000E+00
     1170     1.500000000E+01    -3.000000000E+01    -0.000000000E+00
     1171     1.250000000E+01    -3.000000000E+01    -0.000000000E+00
     1172     9.999999999E+00    -3.000000000E+01    -0.000000000E+00
     1173     7.499999999E+00    -3.000000000E+01    -0.000000000E+00
     1174     4.999999999E+00    -3.000000000E+01    -0.000000000E+00
     1175    -1.201080901E-09    -3.000000000E+01     0.000000000E+00
     1176    -2.500000001E+00    -3.000000000E+01     0.000000000E+00
     1177    -5.000000001E+00    -3.000000000E+01     0.000000000E+00
     1178    -1.000000000E+01    -3.000000000E+01     0.000000000E+00
     1179    -1.250000000E+01    -3.000000000E+01     0.000000000E+00
     1180    -1.500000000E+01    -3.000000000E+01     0.000000000E+00
     1181    -1.750000000E+01    -3.000000000E+01     0.000000000E+00
     1182    -2.000000000E+01    -3.000000000E+01     0.000000000E+00
     1183    -2.250000000E+01    -3.000000000E+01     0.000000000E+00
     1184    -2.500000000E+01    -3.000000000E+01     0.000000000E+00
     1185    -3.750000000E+01    -3.000000000E+01     0.000000000E+00
     1186    -4.000000000E+01    -3.000000000E+01     0.000000000E+00
     1187    -4.250000000E+01    -3.000000000E+01     0.000000000E+00
     1188    -4.500000000E+01    -3.000000000E+01     0.000000000E+00
     1189    -4.750000000E+01    -3.000000000E+01     0.000000000E+00
     1190    -5.000000000E+01    -3.000000000E+01     0.000000000E+00
     1191    -5.250000000E+01    -3.000000000E+01     0.000000000E+00
     1192    -5.500000000E+01    -3.000000000E+01     0.000000000E+00
     1193    -5.750000000E+01    -3.000000000E+01     0.000000000E+00
     1194    -6.000000000E+01    -3.000000000E+01     0.000000000E+00
     1195    -6.250000000E+01    -3.000000000E+01     0.000000000E+00
     1196    -6.500000000E+01    -3.000000000E+01     0.000000000E+00
     1197    -6.750000000E+01    -3.000000000E+01     0.000000000E+00
     1198    -7.000000000E+01    -3.000000000E+01     0.000000000E+00
     1199    -7.250000000E+01    -3.000000000E+01     0.000000000E+00
     1200    -7.500000000E+01    -3.000000000E+01     0.000000000E+00
     1201    -7.750000000E+01    -3.000000000E+01     0.000000000E+00
     1202    -8.000000000E+01    -3.000000000E+01     0.000000000E+00
     1203    -3.500000000E+01     2.500000000E+00     0.000000000E+00
     1204    -3.750000000E+01     5.000000001E+00     0.000000000E+00
     1205    -4.000000000E+01     7.500000002E+00     0.000000000E+00
     1206    -4.250000000E+01     1.000000000E+01     0.000000000E+00
     1207     1.750000000E+01     2.000000000E+01     0.000000000E+00
     1208     2.000000000E+01     2.250000000E+01     0.000000000E+00
     1209     2.250000000E+01     2.500000000E+01     0.000000000E+00
     1210     2.500000000E+01     2.750000000E+01     0.000000000E+00
     1211     3.500000000E+01    -2.499999999E+00    -0.000000000E+00
     1212     3.750000000E+01    -4.999999998E+00    -0.000000000E+00
     1213     4.000000000E+01    -7.499999998E+00    -0.000000000E+00
     1214     4.250000000E+01    -9.999999997E+00    -0.000000000E+00
     1215    -4.250000000E+01    -1.000000000E+01     0.000000000E+00
     1216    -4.000000000E+01    -7.500000003E+00     0.000000000E+00
     1217    -2.500000000E+01     2.750000000E+01     0.000000000E+00
     1218    -2.250000000E+01     2.500000000E+01     0.000000000E+00
     1219     4.250000000E+01     9.999999996E+00     0.000000000E+00
     1220     2.500000000E+01    -2.750000000E+01    -0.000000000E+00
     1221     2.250000000E+01    -2.500000000E+01    -0.000000000E+00
     1222    -3.750000000E+01    -5.000000002E+00     0.000000000E+00
     1223    -2.000000000E+01     2.250000000E+01     0.000000000E+00
     1224     3.750000000E+01     4.999999998E+00     0.000000000E+00
     1225     2.000000000E+01    -2.250000000E+01    -0.000000000E+00
     1226    -2.750000000E+01    -3.000000000E+01     0.000000000E+00
     1227    -3.500000000E+01    -3.000000000E+01     0.000000000E+00
     1228    -4.500000000E+01    -2.000000000E+01     0.000000000E+00
     1229    -4.500000000E+01    -1.250000000E+01     0.000000000E+00
     1230    -4.500000000E+01     1.250000000E+01     0.000000000E+00
     1231    -3.500000000E+01     3.000000000E+01     0.000000000E+00
     1232    -2.750000000E+01     3.000000000E+01     0.000000000E+00
     1233     2.750000000E+01     3.000000000E+01     0.000000000E+00
     1234     3.500000000E+01     3.000000000E+01     0.000000000E+00
     1235     4.500000000E+01     2.000000000E+01     0.000000000E+00
     1236     4.500000000E+01     1.250000000E+01     0.000000000E+00
     1237     4.500000000E+01    -1.250000000E+01    -0.000000000E+00
     1238     4.500000000E+01    -2.000000000E+01    -0.000000000E+00
     1239     3.500000000E+01    -3.000000000E+01    -0.000000000E+00
     1240     2.750000000E+01    -3.000000000E+01    -0.000000000E+00
     1241     3.250000000E+01    -3.000000000E+01    -0.000000000E+00
     1242     4.500000000E+01    -1.750000000E+01    -0.000000000E+00
     1243     4.500000000E+01    -1.500000000E+01    -0.000000000E+00
     1244     4.500000000E+01     1.750000000E+01     0.000000000E+00
     1245     3.000000000E+01     3.000000000E+01     0.000000000E+00
     1246    -3.250000000E+01     3.000000000E+01     0.000000000E+00
     1247    -4.500000000E+01     1.500000000E+01     0.000000000E+00
     1248    -4.500000000E+01    -1.750000000E+01     0.000000000E+00
     1249    -3.250000000E+01    -3.000000000E+01     0.000000000E+00
     1250    -3.000000000E+01    -3.000000000E+01     0.000000000E+00
     1251     2.000000000E+01    -2.000000000E+01    -0.000000000E+00
     1252     3.500000000E+01     4.999999998E+00     0.000000000E+00
     1253    -3.500000000E+01    -5.000000001E+00     0.000000000E+00
     1254     2.500000000E+01    -2.500000000E+01    -0.000000000E+00
     1255     4.000000000E+01     9.999999997E+00     0.000000000E+00
     1256    -2.500000000E+01     2.500000000E+01     0.000000000E+00
     1257    -4.000000000E+01    -1.000000000E+01     0.000000000E+00
     1258     4.000000000E+01    -9.999999997E+00    -0.000000000E+00
     1259     3.500000000E+01    -4.999999999E+00    -0.000000000E+00
     1260     3.750000000E+01    -7.499999998E+00    -0.000000000E+00
     1261     2.500000000E+01     2.500000000E+01     0.000000000E+00
     1262     2.000000000E+01     2.000000000E+01     0.000000000E+00
     1263     2.250000000E+01     2.250000000E+01     0.000000000E+00
     1264    -4.000000000E+01     1.000000000E+01     0.000000000E+00
     1265    -3.500000000E+01     5.000000001E+00     0.000000000E+00
     1266    -3.750000000E+01     7.500000001E+00     0.000000000E+00
     1267    -8.250000000E+01    -3.000000000E+01     0.000000000E+00
     1268    -8.250000000E+01    -2.750000000E+01     0.000000000E+00
     1269    -8.250000000E+01    -2.500000000E+01     0.000000000E+00
     1270    -8.250000000E+01    -2.250000000E+01     0.000000000E+00
     1271    -8.250000000E+01    -2.000000000E+01     0.000000000E+00
     1272    -8.250000000E+01    -1.750000000E+01     0.000000000E+00
     1273    -8.250000000E+01    -1.500000000E+01     0.000000000E+00
     1274    -8.250000000E+01    -1.250000000E+01     0.000000000E+00
     1275    -8.250000000E+01    -1.000000000E+01     0.000000000E+00
     1276    -8.250000000E+01    -7.500000000E+00     0.000000000E+00
     1277    -8.250000000E+01    -5.000000000E+00     0.000000000E+00
     1278    -8.250000000E+01    -2.500000000E+00     0.000000000E+00
     1279    -8.250000000E+01     7.871307772E-14     0.000000000E+00
     1280    -8.250000000E+01     2.500000000E+00     0.000000000E+00
     1281    -8.250000000E+01     5.000000000E+00     0.000000000E+00
     1282    -8.250000000E+01     7.500000000E+00     0.000000000E+00
     1283    -8.250000000E+01     1.000000000E+01     0.000000000E+00
     1284    -8.250000000E+01     1.250000000E+01     0.000000000E+00
     1285    -8.250000000E+01     1.500000000E+01     0.000000000E+00
     1286    -8.250000000E+01     1.750000000E+01     0.000000000E+00
     1287    -8.250000000E+01     2.000000000E+01     0.000000000E+00
     1288    -8.250000000E+01     2.250000000E+01     0.000000000E+00
     1289    -8.250000000E+01     2.500000000E+01     0.000000000E+00
     1290    -8.250000000E+01     2.750000000E+01     0.000000000E+00
     1291    -8.250000000E+01     3.000000000E+01     0.000000000E+00
     1292    -8.250000000E+01     3.250000000E+01     0.000000000E+00
     1293    -8.000000000E+01     3.250000000E+01     0.000000000E+00
     1294    -7.750000000E+01     3.250000000E+01     0.000000000E+00
     1295    -7.500000000E+01     3.250000000E+01     0.000000000E+00
     1296    -7.250000000E+01     3.250000000E+01     0.000000000E+00
     1297    -7.000000000E+01     3.250000000E+01     0.000000000E+00
     1298    -6.750000000E+01     3.250000000E+01     0.000000000E+00
     1299    -6.500000000E+01     3.250000000E+01     0.000000000E+00
     1300    -6.250000000E+01     3.250000000E+01     0.000000000E+00
     1301    -6.000000000E+01     3.250000000E+01     0.000000000E+00
     1302    -5.750000000E+01     3.250000000E+01     0.000000000E+00
     1303    -5.500000000E+01     3.250000000E+01     0.000000000E+00
     1304    -5.250000000E+01     3.250000000E+01     0.000000000E+00
     1305    -5.000000000E+01     3.250000000E+01     0.000000000E+00
     1306    -4.750000000E+01     3.250000000E+01     0.000000000E+00
     1307    -4.500000000E+01     3.250000000E+01     0.000000000E+00
     1308    -4.250000000E+01     3.250000000E+01     0.000000000E+00
     1309    -4.000000000E+01     3.250000000E+01     0.000000000E+00
     1310    -3.750000000E+01     3.250000000E+01     0.000000000E+00
     1311    -3.500000000E+01     3.250000000E+01     0.000000000E+00
     1312    -3.250000000E+01     3.250000000E+01     0.000000000E+00
     1313    -2.750000000E+01     3.250000000E+01     0.000000000E+00
     1314    -2.500000000E+01     3.250000000E+01     0.000000000E+00
     1315    -2.250000000E+01     3.250000000E+01     0.000000000E+00
     1316    -1.500000000E+01     3.250000000E+01     0.000000000E+00
     1317    -7.500000001E+00     3.250000000E+01     0.000000000E+00
     1318    -5.000000001E+00     3.250000000E+01     0.000000000E+00
     1319    -2.500000001E+00     3.250000000E+01     0.000000000E+00
     1320    -1.186296829E-09     3.250000000E+01     0.000000000E+00
     1321     2.499999999E+00     3.250000000E+01     0.000000000E+00
     1322     4.999999999E+00     3.250000000E+01     0.000000000E+00
     1323     7.499999999E+00     3.250000000E+01     0.000000000E+00
     1324     9.999999999E+00     3.250000000E+01     0.000000000E+00
     1325     1.250000000E+01     3.250000000E+01     0.000000000E+00
     1326     1.500000000E+01     3.250000000E+01     0.000000000E+00
     1327     1.750000000E+01     3.250000000E+01     0.000000000E+00
     1328     2.000000000E+01     3.250000000E+01     0.000000000E+00
     1329     2.250000000E+01     3.250000000E+01     0.000000000E+00
     1330     2.500000000E+01     3.250000000E+01     0.000000000E+00
     1331     2.750000000E+01     3.250000000E+01     0.000000000E+00
     1332     3.000000000E+01     3.250000000E+01     0.000000000E+00
     1333     3.250000000E+01     3.250000000E+01     0.000000000E+00
     1334     3.500000000E+01     3.250000000E+01     0.000000000E+00
     1335     3.750000000E+01     3.250000000E+01     0.000000000E+00
     1336     4.000000000E+01     3.250000000E+01     0.000000000E+00
     1337     4.250000000E+01     3.250000000E+01     0.000000000E+00
     1338     4.500000000E+01     3.250000000E+01     0.000000000E+00
     1339     4.750000000E+01     3.250000000E+01     0.000000000E+00
     1340     5.000000000E+01     3.250000000E+01     0.000000000E+00
     1341     5.250000000E+01     3.250000000E+01     0.000000000E+00
     1342     5.500000000E+01     3.250000000E+01     0.000000000E+00
     1343     5.750000000E+01     3.250000000E+01     0.000000000E+00
     1344     6.000000000E+01     3.250000000E+01     0.000000000E+00
     1345     6.250000000E+01     3.250000000E+01     0.000000000E+00
     1346     6.500000000E+01     3.250000000E+01     0.000000000E+00
     1347     6.750000000E+01     3.250000000E+01     0.000000000E+00
     1348     7.000000000E+01     3.250000000E+01     0.000000000E+00
     1349     7.250000000E+01     3.250000000E+01     0.000000000E+00
     1350     7.500000000E+01     3.250000000E+01     0.000000000E+00
     1351     7.750000000E+01     3.250000000E+01     0.000000000E+00
     1352     8.000000000E+01     3.250000000E+01     0.000000000E+00
     1353     8.250000000E+01     3.250000000E+01     0.000000000E+00
     1354     8.250000000E+01     3.000000000E+01     0.000000000E+00
     1355     8.250000000E+01     2.750000000E+01     0.000000000E+00
     1356     8.250000000E+01     2.500000000E+01     0.000000000E+00
     1357     8.250000000E+01     2.250000000E+01     0.000000000E+00
     1358     8.250000000E+01     2.000000000E+01     0.000000000E+00
     1359     8.250000000E+01     1.750000000E+01     0.000000000E+00
     1360     8.250000000E+01     1.500000000E+01     0.000000000E+00
     1361     8.250000000E+01     1.250000000E+01     0.000000000E+00
     1362     8.250000000E+01     1.000000000E+01     0.000000000E+00
     1363     8.250000000E+01     7.500000000E+00     0.000000000E+00
     1364     8.250000000E+01     5.000000000E+00     0.000000000E+00
     1365     8.250000000E+01     2.500000000E+00     0.000000000E+00
     1366     8.250000000E+01    -1.062518129E-14    -0.000000000E+00
     1367     8.250000000E+01    -2.500000000E+00    -0.000000000E+00
     1368     8.250000000E+01    -5.000000000E+00    -0.000000000E+00
     1369     8.250000000E+01    -7.500000000E+00    -0.000000000E+00
     1370     8.250000000E+01    -1.000000000E+01    -0.000000000E+00
     1371     8.250000000E+01    -1.250000000E+01    -0.000000000E+00
     1372     8.250000000E+01    -1.500000000E+01    -0.000000000E+00
     1373     8.250000000E+01    -1.750000000E+01    -0.000000000E+00
     1374     8.250000000E+01    -2.000000000E+01    -0.000000000E+00
     1375     8.250000000E+01    -2.250000000E+01    -0.000000000E+00
     1376     8.250000000E+01    -2.500000000E+01    -0.000000000E+00
     1377     8.250000000E+01    -2.750000000E+01    -0.000000000E+00
     1378     8.250000000E+01    -3.000000000E+01    -0.000000000E+00
     1379     8.250000000E+01    -3.250000000E+01    -0.000000000E+00
     1380     8.000000000E+01    -3.250000000E+01    -0.000000000E+00
     1381     7.750000000E+01    -3.250000000E+01    -0.000000000E+00
     1382     7.500000000E+01    -3.250000000E+01    -0.000000000E+00
     1383     7.250000000E+01    -3.250000000E+01    -0.000000000E+00
     1384     7.000000000E+01    -3.250000000E+01    -0.000000000E+00
     1385     6.750000000E+01    -3.250000000E+01    -0.000000000E+00
     1386     6.500000000E+01    -3.250000000E+01    -0.000000000E+00
     1387     6.250000000E+01    -3.250000000E+01    -0.000000000E+00
     1388     6.000000000E+01    -3.250000000E+01    -0.000000000E+00
     1389     5.750000000E+01    -3.250000000E+01    -0.000000000E+00
     1390     5.500000000E+01    -3.250000000E+01    -0.000000000E+00
     1391     5.250000000E+01    -3.250000000E+01    -0.000000000E+00
     1392     5.000000000E+01    -3.250000000E+01    -0.000000000E+00
     1393     4.750000000E+01    -3.250000000E+01    -0.000000000E+00
     1394     4.500000000E+01    -3.250000000E+01    -0.000000000E+00
     1395     4.250000000E+01    -3.250000000E+01    -0.000000000E+00
     1396     4.000000000E+01    -3.250000000E+01    -0.000000000E+00
     1397     3.750000000E+01    -3.250000000E+01    -0.000000000E+00
     1398     3.500000000E+01    -3.250000000E+01    -0.000000000E+00
     1399     3.250000000E+01    -3.250000000E+01    -0.000000000E+00
     1400     3.000000000E+01    -3.250000000E+01    -0.000000000E+00
     1401     2.750000000E+01    -3.250000000E+01    -0.000000000E+00
     1402     2.500000000E+01    -3.250000000E+01    -0.000000000E+00
     1403     2.250000000E+01    -3.250000000E+01    -0.000000000E+00
     1404     2.000000000E+01    -3.250000000E+01    -0.000000000E+00
     1405     1.750000000E+01    -3.250000000E+01    -0.000000000E+00
     1406     1.500000000E+01    -3.250000000E+01    -0.000000000E+00
     1407     1.250000000E+01    -3.250000000E+01    -0.000000000E+00
     1408     9.999999999E+00    -3.250000000E+01    -0.000000000E+00
     1409     7.499999999E+00    -3.250000000E+01    -0.000000000E+00
     1410     4.999999999E+00    -3.250000000E+01    -0.000000000E+00
     1411     2.499999999E+00    -3.250000000E+01    -0.000000000E+00
     1412    -9.341522781E-10    -3.250000000E+01     0.000000000E+00
     1413    -2.500000001E+00    -3.250000000E+01     0.000000000E+00
     1414    -5.000000001E+00    -3.250000000E+01     0.000000000E+00
     1415    -7.500000001E+00    -3.250000000E+01     0.000000000E+00
     1416    -1.000000000E+01    -3.250000000E+01     0.000000000E+00
     1417    -1.250000000E+01    -3.250000000E+01     0.000000000E+00
     1418    -1.500000000E+01    -3.250000000E+01     0.000000000E+00
     1419    -1.750000000E+01    -3.250000000E+01     0.000000000E+00
     1420    -2.250000000E+01    -3.250000000E+01     0.000000000E+00
     1421    -2.500000000E+01    -3.250000000E+01     0.000000000E+00
     1422    -2.750000000E+01    -3.250000000E+01     0.000000000E+00
     1423    -3.000000000E+01    -3.250000000E+01     0.000000000E+00
     1424    -3.250000000E+01    -3.250000000E+01     0.000000000E+00
     1425    -3.500000000E+01    -3.250000000E+01     0.000000000E+00
     1426    -3.750000000E+01    -3.250000000E+01     0.000000000E+00
     1427    -4.000000000E+01    -3.250000000E+01     0.000000000E+00
     1428    -4.250000000E+01    -3.250000000E+01     0.000000000E+00
     1429    -4.750000000E+01    -3.250000000E+01     0.000000000E+00
     1430    -5.000000000E+01    -3.250000000E+01     0.000000000E+00
     1431    -5.250000000E+01    -3.250000000E+01     0.000000000E+00
     1432    -5.500000000E+01    -3.250000000E+01     0.000000000E+00
     1433    -5.750000000E+01    -3.250000000E+01     0.000000000E+00
     1434    -6.000000000E+01    -3.250000000E+01     0.000000000E+00
     1435    -6.250000000E+01    -3.250000000E+01     0.000000000E+00
     1436    -6.500000000E+01    -3.250000000E+01     0.000000000E+00
     1437    -6.750000000E+01    -3.250000000E+01     0.000000000E+00
     1438    -7.000000000E+01    -3.250000000E+01     0.000000000E+00
     1439    -7.250000000E+01    -3.250000000E+01     0.000000000E+00
     1440    -7.500000000E+01    -3.250000000E+01     0.000000000E+00
     1441    -7.750000000E+01    -3.250000000E+01     0.000000000E+00
     1442    -8.000000000E+01    -3.250000000E+01     0.000000000E+00
     1443    -8.250000000E+01    -3.250000000E+01     0.000000000E+00
     1444    -2.500000000E+01    -2.500000000E+01     0.000000000E+00
     1445    -2.000000000E+01    -2.000000000E+01     0.000000000E+00
     1446    -2.250000000E+01    -2.250000000E+01     0.000000000E+00
     1447     4.000000000E+01    -2.250000000E+01    -0.000000000E+00
     1448     3.750000000E+01    -2.500000000E+01    -0.000000000E+00
     1449     3.750000000E+01     2.500000000E+01     0.000000000E+00
     1450     4.000000000E+01     2.250000000E+01     0.000000000E+00
     1451    -4.000000000E+01     2.250000000E+01     0.000000000E+00
     1452    -3.750000000E+01     2.500000000E+01     0.000000000E+00
     1453    -3.750000000E+01    -2.500000000E+01     0.000000000E+00
     1454    -4.000000000E+01    -2.250000000E+01     0.000000000E+00
     1455     2.250000000E+01    -2.250000000E+01    -0.000000000E+00
     1456     3.750000000E+01     7.499999997E+00     0.000000000E+00
     1457    -2.250000000E+01     2.250000000E+01     0.000000000E+00
     1458    -3.750000000E+01    -7.500000002E+00     0.000000000E+00
     1459     3.500000000E+01    -2.750000000E+01    -0.000000000E+00
     1460     4.250000000E+01    -1.250000000E+01    -0.000000000E+00
     1461     4.250000000E+01    -2.000000000E+01    -0.000000000E+00
     1462     4.250000000E+01     2.000000000E+01     0.000000000E+00
     1463     4.250000000E+01     1.250000000E+01     0.000000000E+00
     1464     2.750000000E+01     2.750000000E+01     0.000000000E+00
     1465     3.500000000E+01     2.750000000E+01     0.000000000E+00
     1466    -3.500000000E+01     2.750000000E+01     0.000000000E+00
     1467    -2.750000000E+01     2.750000000E+01     0.000000000E+00
     1468    -4.250000000E+01     1.250000000E+01     0.000000000E+00
     1469    -4.250000000E+01    -2.000000000E+01     0.000000000E+00
     1470    -4.250000000E+01    -1.250000000E+01     0.000000000E+00
     1471    -2.750000000E+01    -2.750000000E+01     0.000000000E+00
     1472    -3.500000000E+01    -2.750000000E+01     0.000000000E+00
     1473    -3.250000000E+01    -2.750000000E+01     0.000000000E+00
     1474    -3.000000000E+01    -2.750000000E+01     0.000000000E+00
     1475    -4.250000000E+01    -1.750000000E+01     0.000000000E+00
     1476    -4.250000000E+01     1.500000000E+01     0.000000000E+00
     1477    -3.250000000E+01     2.750000000E+01     0.000000000E+00
     1478     3.000000000E+01     2.750000000E+01     0.000000000E+00
     1479     4.250000000E+01    -1.750000000E+01    -0.000000000E+00
     1480     4.250000000E+01    -1.500000000E+01    -0.000000000E+00
     1481     3.250000000E+01    -2.750000000E+01    -0.000000000E+00
     1482    -3.500000000E+01    -7.500000002E+00     0.000000000E+00
     1483    -2.250000000E+01     2.000000000E+01     0.000000000E+00
     1484     3.500000000E+01     7.499999998E+00     0.000000000E+00
     1485    -3.750000000E+01    -2.250000000E+01     0.000000000E+00
     1486    -3.750000000E+01     2.250000000E+01     0.000000000E+00
     1487     3.750000000E+01     2.250000000E+01     0.000000000E+00
     1488     3.750000000E+01    -2.250000000E+01    -0.000000000E+00
     1489    -2.250000000E+01    -2.000000000E+01     0.000000000E+00
     1490    -2.500000000E+01    -2.250000000E+01     0.000000000E+00
     1491    -8.500000000E+01    -3.250000000E+01     0.000000000E+00
     1492    -8.500000000E+01    -3.000000000E+01     0.000000000E+00
     1493    -8.500000000E+01    -2.500000000E+01     0.000000000E+00
     1494    -8.500000000E+01    -2.250000000E+01     0.000000000E+00
     1495    -8.500000000E+01    -2.000000000E+01     0.000000000E+00
     1496    -8.500000000E+01    -1.750000000E+01     0.000000000E+00
     1497    -8.500000000E+01    -1.500000000E+01     0.000000000E+00
     1498    -8.500000000E+01    -1.250000000E+01     0.000000000E+00
     1499    -8.500000000E+01    -1.000000000E+01     0.000000000E+00
     1500    -8.500000000E+01    -7.500000000E+00     0.000000000E+00
     1501    -8.500000000E+01    -5.000000000E+00     0.000000000E+00
     1502    -8.500000000E+01    -2.500000000E+00     0.000000000E+00
     1503    -8.500000000E+01     2.500000000E+00     0.000000000E+00
     1504    -8.500000000E+01     5.000000000E+00     0.000000000E+00
     1505    -8.500000000E+01     7.500000000E+00     0.000000000E+00
     1506    -8.500000000E+01     1.000000000E+01     0.000000000E+00
     1507    -8.500000000E+01     1.250000000E+01     0.000000000E+00
     1508    -8.500000000E+01     1.500000000E+01     0.000000000E+00
     1509    -8.500000000E+01     2.000000000E+01     0.000000000E+00
     1510    -8.500000000E+01     2.250000000E+01     0.000000000E+00
     1511    -8.500000000E+01     2.500000000E+01     0.000000000E+00
     1512    -8.500000000E+01     3.250000000E+01     0.000000000E+00
     1513    -8.500000000E+01     3.500000000E+01     0.000000000E+00
     1514    -8.250000000E+01     3.500000000E+01     0.000000000E+00
     1515    -8.000000000E+01     3.500000000E+01     0.000000000E+00
     1516    -7.750000000E+01     3.500000000E+01     0.000000000E+00
     1517    -7.500000000E+01     3.500000000E+01     0.000000000E+00
     1518    -7.250000000E+01     3.500000000E+01     0.000000000E+00
     1519    -7.000000000E+01     3.500000000E+01     0.000000000E+00
     1520    -6.750000000E+01     3.500000000E+01     0.000000000E+00
     1521    -6.500000000E+01     3.500000000E+01     0.000000000E+00
     1522    -6.250000000E+01     3.500000000E+01     0.000000000E+00
     1523    -5.750000000E+01     3.500000000E+01     0.000000000E+00
     1524    -5.500000000E+01     3.500000000E+01     0.000000000E+00
     1525    -5.250000000E+01     3.500000000E+01     0.000000000E+00
     1526    -5.000000000E+01     3.500000000E+01     0.000000000E+00
     1527    -4.750000000E+01     3.500000000E+01     0.000000000E+00
     1528    -4.500000000E+01     3.500000000E+01     0.000000000E+00
     1529    -3.750000000E+01     3.500000000E+01     0.000000000E+00
     1530    -3.500000000E+01     3.500000000E+01     0.000000000E+00
     1531    -3.250000000E+01     3.500000000E+01     0.000000000E+00
     1532    -3.000000000E+01     3.500000000E+01     0.000000000E+00
     1533    -2.750000000E+01     3.500000000E+01     0.000000000E+00
     1534    -2.500000000E+01     3.500000000E+01     0.000000000E+00
     1535    -2.250000000E+01     3.500000000E+01     0.000000000E+00
     1536    -2.000000000E+01     3.500000000E+01     0.000000000E+00
     1537    -1.750000000E+01     3.500000000E+01     0.000000000E+00
     1538    -1.500000000E+01     3.500000000E+01     0.000000000E+00
     1539    -1.250000000E+01     3.500000000E+01     0.000000000E+00
     1540    -1.000000000E+01     3.500000000E+01     0.000000000E+00
     1541    -7.500000001E+00     3.500000000E+01     0.000000000E+00
     1542    -5.000000001E+00     3.500000000E+01     0.000000000E+00
     1543    -2.500000001E+00     3.500000000E+01     0.000000000E+00
     1544    -9.191134182E-10     3.500000000E+01     0.000000000E+00
     1545     2.499999999E+00     3.500000000E+01     0.000000000E+00
     1546     4.999999999E+00     3.500000000E+01     0.000000000E+00
     1547     7.499999999E+00     3.500000000E+01     0.000000000E+00
     1548     9.999999999E+00     3.500000000E+01     0.000000000E+00
     1549     1.250000000E+01     3.500000000E+01     0.000000000E+00
     1550     1.500000000E+01     3.500000000E+01     0.000000000E+00
     1551     1.750000000E+01     3.500000000E+01     0.000000000E+00
     1552     2.000000000E+01     3.500000000E+01     0.000000000E+00
     1553     2.250000000E+01     3.500000000E+01     0.000000000E+00
     1554     2.500000000E+01     3.500000000E+01     0.000000000E+00
     1555     2.750000000E+01     3.500000000E+01     0.000000000E+00
     1556     3.000000000E+01     3.500000000E+01     0.000000000E+00
     1557     3.250000000E+01     3.500000000E+01     0.000000000E+00
     1558     3.500000000E+01     3.500000000E+01     0.000000000E+00
     1559     3.750000000E+01     3.500000000E+01     0.000000000E+00
     1560     4.250000000E+01     3.500000000E+01     0.000000000E+00
     1561     4.500000000E+01     3.500000000E+01     0.000000000E+00
     1562     4.750000000E+01     3.500000000E+01     0.000000000E+00
     1563     5.250000000E+01     3.500000000E+01     0.000000000E+00
     1564     5.500000000E+01     3.500000000E+01     0.000000000E+00
     1565     5.750000000E+01     3.500000000E+01     0.000000000E+00
     1566     6.000000000E+01     3.500000000E+01     0.000000000E+00
     1567     6.250000000E+01     3.500000000E+01     0.000000000E+00
     1568     6.500000000E+01     3.500000000E+01     0.000000000E+00
     1569     6.750000000E+01     3.500000000E+01     0.000000000E+00
     1570     7.000000000E+01     3.500000000E+01     0.000000000E+00
     1571     7.250000000E+01     3.500000000E+01     0.000000000E+00
     1572     7.500000000E+01     3.500000000E+01     0.000000000E+00
     1573     7.750000000E+01     3.500000000E+01     0.000000000E+00
     1574     8.000000000E+01     3.500000000E+01     0.000000000E+00
     1575     8.250000000E+01     3.500000000E+01     0.000000000E+00
     1576     8.500000000E+01     3.500000000E+01     0.000000000E+00
     1577     8.500000000E+01     3.250000000E+01     0.000000000E+00
     1578     8.500000000E+01     3.000000000E+01     0.000000000E+00
     1579     8.500000000E+01     2.750000000E+01     0.000000000E+00
     1580     8.500000000E+01     2.500000000E+01     0.000000000E+00
     1581     8.500000000E+01     2.250000000E+01     0.000000000E+00
     1582     8.500000000E+01     2.000000000E+01     0.000000000E+00
     1583     8.500000000E+01     1.750000000E+01     0.000000000E+00
     1584     8.500000000E+01     1.500000000E+01     0.000000000E+00
     1585     8.500000000E+01     1.250000000E+01     0.000000000E+00
     1586     8.500000000E+01     1.000000000E+01     0.000000000E+00
     1587     8.500000000E+01     7.500000000E+00     0.000000000E+00
     1588     8.500000000E+01     5.000000000E+00     0.000000000E+00
     1589     8.500000000E+01     2.500000000E+00     0.000000000E+00
     1590     8.500000000E+01    -1.756407519E-14    -0.000000000E+00
     1591     8.500000000E+01    -2.500000000E+00    -0.000000000E+00
     1592     8.500000000E+01    -5.000000000E+00    -0.000000000E+00
     1593     8.500000000E+01    -7.500000000E+00    -0.000000000E+00
     1594     8.500000000E+01    -1.000000000E+01    -0.000000000E+00
     1595     8.500000000E+01    -1.250000000E+01    -0.000000000E+00
     1596     8.500000000E+01    -1.500000000E+01    -0.000000000E+00
     1597     8.500000000E+01    -1.750000000E+01    -0.000000000E+00
     1598     8.500000000E+01    -2.250000000E+01    -0.000000000E+00
     1599     8.500000000E+01    -2.750000000E+01    -0.000000000E+00
     1600     8.500000000E+01    -3.000000000E+01    -0.000000000E+00
     1601     8.500000000E+01    -3.250000000E+01    -0.000000000E+00
     1602     8.500000000E+01    -3.500000000E+01    -0.000000000E+00
     1603     8.250000000E+01    -3.500000000E+01    -0.000000000E+00
     1604     8.000000000E+01    -3.500000000E+01    -0.000000000E+00
     1605     7.750000000E+01    -3.500000000E+01    -0.000000000E+00
     1606     7.500000000E+01    -3.500000000E+01    -0.000000000E+00
     1607     7.250000000E+01    -3.500000000E+01    -0.000000000E+00
     1608     7.000000000E+01    -3.500000000E+01    -0.000000000E+00
     1609     6.750000000E+01    -3.500000000E+01    -0.000000000E+00
     1610     6.500000000E+01    -3.500000000E+01    -0.000000000E+00
     1611     6.250000000E+01    -3.500000000E+01    -0.000000000E+00
     1612     6.000000000E+01    -3.500000000E+01    -0.000000000E+00
     1613     5.750000000E+01    -3.500000000E+01    -0.000000000E+00
     1614     5.500000000E+01    -3.500000000E+01    -0.000000000E+00
     1615     5.250000000E+01    -3.500000000E+01    -0.000000000E+00
     1616     5.000000000E+01    -3.500000000E+01    -0.000000000E+00
     1617     4.750000000E+01    -3.500000000E+01    -0.000000000E+00
     1618     4.500000000E+01    -3.500000000E+01    -0.000000000E+00
     1619     4.250000000E+01    -3.500000000E+01    -0.000000000E+00
     1620     4.000000000E+01    -3.500000000E+01    -0.000000000E+00
     1621     3.750000000E+01    -3.500000000E+01    -0.000000000E+00
     1622     3.500000000E+01    -3.500000000E+01    -0.000000000E+00
     1623     3.250000000E+01    -3.500000000E+01    -0.000000000E+00
     1624     3.000000000E+01    -3.500000000E+01    -0.000000000E+00
     1625     2.750000000E+01    -3.500000000E+01    -0.000000000E+00
     1626     2.500000000E+01    -3.500000000E+01    -0.000000000E+00
     1627     2.250000000E+01    -3.500000000E+01    -0.000000000E+00
     1628     2.000000000E+01    -3.500000000E+01    -0.000000000E+00
     1629     1.750000000E+01    -3.500000000E+01    -0.000000000E+00
     1630     1.500000000E+01    -3.500000000E+01    -0.000000000E+00
     1631     1.250000000E+01    -3.500000000E+01    -0.000000000E+00
     1632     9.999999999E+00    -3.500000000E+01    -0.000000000E+00
     1633     7.499999999E+00    -3.500000000E+01    -0.000000000E+00
     1634     4.999999999E+00    -3.500000000E+01    -0.000000000E+00
     1635     2.499999999E+00    -3.500000000E+01    -0.000000000E+00
     1636    -6.845871526E-10    -3.500000000E+01     0.000000000E+00
     1637    -2.500000001E+00    -3.500000000E+01     0.000000000E+00
     1638    -1.000000000E+01    -3.500000000E+01     0.000000000E+00
     1639    -1.250000000E+01    -3.500000000E+01     0.000000000E+00
     1640    -1.500000000E+01    -3.500000000E+01     0.000000000E+00
     1641    -1.750000000E+01    -3.500000000E+01     0.000000000E+00
     1642    -2.000000000E+01    -3.500000000E+01     0.000000000E+00
     1643    -2.250000000E+01    -3.500000000E+01     0.000000000E+00
     1644    -2.500000000E+01    -3.500000000E+01     0.000000000E+00
     1645    -2.750000000E+01    -3.500000000E+01     0.000000000E+00
     1646    -3.000000000E+01    -3.500000000E+01     0.000000000E+00
     1647    -3.250000000E+01    -3.500000000E+01     0.000000000E+00
     1648    -3.500000000E+01    -3.500000000E+01     0.000000000E+00
     1649    -3.750000000E+01    -3.500000000E+01     0.000000000E+00
     1650    -4.000000000E+01    -3.500000000E+01     0.000000000E+00
     1651    -4.250000000E+01    -3.500000000E+01     0.000000000E+00
     1652    -4.500000000E+01    -3.500000000E+01     0.000000000E+00
     1653    -4.750000000E+01    -3.500000000E+01     0.000000000E+00
     1654    -5.000000000E+01    -3.500000000E+01     0.000000000E+00
     1655    -5.250000000E+01    -3.500000000E+01     0.000000000E+00
     1656    -5.500000000E+01    -3.500000000E+01     0.000000000E+00
     1657    -5.750000000E+01    -3.500000000E+01     0.000000000E+00
     1658    -6.000000000E+01    -3.500000000E+01     0.000000000E+00
     1659    -6.250000000E+01    -3.500000000E+01     0.000000000E+00
     1660    -6.500000000E+01    -3.500000000E+01     0.000000000E+00
     1661    -6.750000000E+01    -3.500000000E+01     0.000000000E+00
     1662    -7.250000000E+01    -3.500000000E+01     0.000000000E+00
     1663    -7.500000000E+01    -3.500000000E+01     0.000000000E+00
     1664    -7.750000000E+01    -3.500000000E+01     0.000000000E+00
     1665    -8.000000000E+01    -3.500000000E+01     0.000000000E+00
     1666    -3.500000000E+01     7.500000001E+00     0.000000000E+00
     1667    -3.750000000E+01     1.000000000E+01     0.000000000E+00
     1668     2.250000000E+01     2.000000000E+01     0.000000000E+00
     1669     2.500000000E+01     2.250000000E+01     0.000000000E+00
     1670     3.500000000E+01    -7.499999999E+00    -0.000000000E+00
     1671     3.750000000E+01    -9.999999998E+00    -0.000000000E+00
     1672    -3.750000000E+01    -1.000000000E+01     0.000000000E+00
     1673    -2.500000000E+01     2.250000000E+01     0.000000000E+00
     1674     3.750000000E+01     9.999999997E+00     0.000000000E+00
     1675     2.500000000E+01    -2.250000000E+01    -0.000000000E+00
     1676    -2.750000000E+01    -2.500000000E+01     0.000000000E+00
     1677    -3.500000000E+01    -2.500000000E+01     0.000000000E+00
     1678    -4.000000000E+01    -2.000000000E+01     0.000000000E+00
     1679    -4.000000000E+01    -1.250000000E+01     0.000000000E+00
     1680    -4.000000000E+01     1.250000000E+01     0.000000000E+00
     1681    -4.000000000E+01     2.000000000E+01     0.000000000E+00
     1682    -3.500000000E+01     2.500000000E+01     0.000000000E+00
     1683    -2.750000000E+01     2.500000000E+01     0.000000000E+00
     1684     2.750000000E+01     2.500000000E+01     0.000000000E+00
     1685     3.500000000E+01     2.500000000E+01     0.000000000E+00
     1686     4.000000000E+01     2.000000000E+01     0.000000000E+00
     1687     4.000000000E+01     1.250000000E+01     0.000000000E+00
     1688     4.000000000E+01    -1.250000000E+01    -0.000000000E+00
     1689     4.000000000E+01    -2.000000000E+01    -0.000000000E+00
     1690     3.500000000E+01    -2.500000000E+01    -0.000000000E+00
     1691     3.250000000E+01    -2.500000000E+01    -0.000000000E+00
     1692     4.000000000E+01    -1.750000000E+01    -0.000000000E+00
     1693     4.000000000E+01    -1.500000000E+01    -0.000000000E+00
     1694     4.000000000E+01     1.750000000E+01     0.000000000E+00
     1695     3.000000000E+01     2.500000000E+01     0.000000000E+00
     1696    -3.250000000E+01     2.500000000E+01     0.000000000E+00
     1697    -4.000000000E+01     1.500000000E+01     0.000000000E+00
     1698    -4.000000000E+01    -1.500000000E+01     0.000000000E+00
     1699    -4.000000000E+01    -1.750000000E+01     0.000000000E+00
     1700     2.500000000E+01    -2.000000000E+01    -0.000000000E+00
     1701     3.500000000E+01     9.999999998E+00     0.000000000E+00
     1702    -2.500000000E+01     2.000000000E+01     0.000000000E+00
     1703    -3.500000000E+01    -1.000000000E+01     0.000000000E+00
     1704     3.500000000E+01    -9.999999998E+00    -0.000000000E+00
     1705     2.500000000E+01     2.000000000E+01     0.000000000E+00
     1706    -3.500000000E+01     1.000000000E+01     0.000000000E+00
     1707    -8.750000000E+01    -3.500000000E+01     0.000000000E+00
     1708    -8.750000000E+01    -3.250000000E+01     0.000000000E+00
     1709    -8.750000000E+01    -3.000000000E+01     0.000000000E+00
     1710    -8.750000000E+01    -2.750000000E+01     0.000000000E+00
     1711    -8.750000000E+01    -2.500000000E+01     0.000000000E+00
     1712    -8.750000000E+01    -2.250000000E+01     0.000000000E+00
     1713    -8.750000000E+01    -2.000000000E+01     0.000000000E+00
     1714    -8.750000000E+01    -1.750000000E+01     0.000000000E+00
     1715    -8.750000000E+01    -1.500000000E+01     0.000000000E+00
     1716    -8.750000000E+01    -1.250000000E+01     0.000000000E+00
     1717    -8.750000000E+01    -1.000000000E+01     0.000000000E+00
     1718    -8.750000000E+01    -7.500000000E+00     0.000000000E+00
     1719    -8.750000000E+01    -5.000000000E+00     0.000000000E+00
     1720    -8.750000000E+01    -2.500000000E+00     0.000000000E+00
     1721    -8.750000000E+01     1.845854199E-14     0.000000000E+00
     1722    -8.750000000E+01     2.500000000E+00     0.000000000E+00
     1723    -8.750000000E+01     5.000000000E+00     0.000000000E+00
     1724    -8.750000000E+01     7.500000000E+00     0.000000000E+00
     1725    -8.750000000E+01     1.250000000E+01     0.000000000E+00
     1726    -8.750000000E+01     1.500000000E+01     0.000000000E+00
     1727    -8.750000000E+01     1.750000000E+01     0.000000000E+00
     1728    -8.750000000E+01     2.000000000E+01     0.000000000E+00
     1729    -8.750000000E+01     2.250000000E+01     0.000000000E+00
     1730    -8.750000000E+01     2.500000000E+01     0.000000000E+00
     1731    -8.750000000E+01     2.750000000E+01     0.000000000E+00
     1732    -8.750000000E+01     3.000000000E+01     0.000000000E+00
     1733    -8.750000000E+01     3.250000000E+01     0.000000000E+00
     1734    -8.750000000E+01     3.500000000E+01     0.000000000E+00
     1735    -8.750000000E+01     3.750000000E+01     0.000000000E+00
     1736    -8.500000000E+01     3.750000000E+01     0.000000000E+00
     1737    -8.250000000E+01     3.750000000E+01     0.000000000E+00
     1738    -8.000000000E+01     3.750000000E+01     0.000000000E+00
     1739    -7.750000000E+01     3.750000000E+01     0.000000000E+00
     1740    -7.500000000E+01     3.750000000E+01     0.000000000E+00
     1741    -7.250000000E+01     3.750000000E+01     0.000000000E+00
     1742    -7.000000000E+01     3.750000000E+01     0.000000000E+00
     1743    -6.750000000E+01     3.750000000E+01     0.000000000E+00
     1744    -6.500000000E+01     3.750000000E+01     0.000000000E+00
     1745    -6.250000000E+01     3.750000000E+01     0.000000000E+00
     1746    -6.000000000E+01     3.750000000E+01     0.000000000E+00
     1747    -5.750000000E+01     3.750000000E+01     0.000000000E+00
     1748    -5.500000000E+01     3.750000000E+01     0.000000000E+00
     1749    -5.250000000E+01     3.750000000E+01     0.000000000E+00
     1750    -4.750000000E+01     3.750000000E+01     0.000000000E+00
     1751    -4.500000000E+01     3.750000000E+01     0.000000000E+00
     1752    -4.250000000E+01     3.750000000E+01     0.000000000E+00
     1753    -4.000000000E+01     3.750000000E+01     0.000000000E+00
     1754    -3.750000000E+01     3.750000000E+01     0.000000000E+00
     1755    -3.500000000E+01     3.750000000E+01     0.000000000E+00
     1756    -3.250000000E+01     3.750000000E+01     0.000000000E+00
     1757    -3.000000000E+01     3.750000000E+01     0.000000000E+00
     1758    -2.750000000E+01     3.750000000E+01     0.000000000E+00
     1759    -2.500000000E+01     3.750000000E+01     0.000000000E+00
     1760    -2.250000000E+01     3.750000000E+01     0.000000000E+00
     1761    -2.000000000E+01     3.750000000E+01     0.000000000E+00
     1762    -1.750000000E+01     3.750000000E+01     0.000000000E+00
     1763    -1.500000000E+01     3.750000000E+01     0.000000000E+00
     1764    -1.250000000E+01     3.750000000E+01     0.000000000E+00
     1765    -1.000000000E+01     3.750000000E+01     0.000000000E+00
     1766    -7.500000001E+00     3.750000000E+01     0.000000000E+00
     1767    -5.000000001E+00     3.750000000E+01     0.000000000E+00
     1768    -2.500000001E+00     3.750000000E+01     0.000000000E+00
     1769    -6.542140961E-10     3.750000000E+01     0.000000000E+00
     1770     2.499999999E+00     3.750000000E+01     0.000000000E+00
     1771     4.999999999E+00     3.750000000E+01     0.000000000E+00
     1772     7.499999999E+00     3.750000000E+01     0.000000000E+00
     1773     9.999999999E+00     3.750000000E+01     0.000000000E+00
     1774     1.250000000E+01     3.750000000E+01     0.000000000E+00
     1775     1.500000000E+01     3.750000000E+01     0.000000000E+00
     1776     1.750000000E+01     3.750000000E+01     0.000000000E+00
     1777     2.000000000E+01     3.750000000E+01     0.000000000E+00
     1778     2.250000000E+01     3.750000000E+01     0.000000000E+00
     1779     2.500000000E+01     3.750000000E+01     0.000000000E+00
     1780     2.750000000E+01     3.750000000E+01     0.000000000E+00
     1781     3.000000000E+01     3.750000000E+01     0.000000000E+00
     1782     3.250000000E+01     3.750000000E+01     0.000000000E+00
     1783     3.500000000E+01     3.750000000E+01     0.000000000E+00
     1784     3.750000000E+01     3.750000000E+01     0.000000000E+00
     1785     4.000000000E+01     3.750000000E+01     0.000000000E+00
     1786     4.250000000E+01     3.750000000E+01     0.000000000E+00
     1787     4.500000000E+01     3.750000000E+01     0.000000000E+00
     1788     4.750000000E+01     3.750000000E+01     0.000000000E+00
     1789     5.000000000E+01     3.750000000E+01     0.000000000E+00
     1790     5.250000000E+01     3.750000000E+01     0.000000000E+00
     1791     5.500000000E+01     3.750000000E+01     0.000000000E+00
     1792     5.750000000E+01     3.750000000E+01     0.000000000E+00
     1793     6.000000000E+01     3.750000000E+01     0.000000000E+00
     1794     6.250000000E+01     3.750000000E+01     0.000000000E+00
     1795     6.750000000E+01     3.750000000E+01     0.000000000E+00
     1796     7.000000000E+01     3.750000000E+01     0.000000000E+00
     1797     7.250000000E+01     3.750000000E+01     0.000000000E+00
     1798     7.500000000E+01     3.750000000E+01     0.000000000E+00
     1799     7.750000000E+01     3.750000000E+01     0.000000000E+00
     1800     8.000000000E+01     3.750000000E+01     0.000000000E+00
     1801     8.250000000E+01     3.750000000E+01     0.000000000E+00
     1802     8.500000000E+01     3.750000000E+01     0.000000000E+00
     1803     8.750000000E+01     3.750000000E+01     0.000000000E+00
     1804     8.750000000E+01     3.500000000E+01     0.000000000E+00
     1805     8.750000000E+01     3.250000000E+01     0.000000000E+00
     1806     8.750000000E+01     3.000000000E+01     0.000000000E+00
     1807     8.750000000E+01     2.750000000E+01     0.000000000E+00
     1808     8.750000000E+01     2.500000000E+01     0.000000000E+00
     1809     8.750000000E+01     2.250000000E+01     0.000000000E+00
     1810     8.750000000E+01     2.000000000E+01     0.000000000E+00
     1811     8.750000000E+01     1.750000000E+01     0.000000000E+00
     1812     8.750000000E+01     1.500000000E+01     0.000000000E+00
     1813     8.750000000E+01     1.250000000E+01     0.000000000E+00
     1814     8.750000000E+01     1.000000000E+01     0.000000000E+00
     1815     8.750000000E+01     7.500000000E+00     0.000000000E+00
     1816     8.750000000E+01     5.000000000E+00     0.000000000E+00
     1817     8.750000000E+01     2.500000000E+00     0.000000000E+00
     1818     8.750000000E+01    -1.734723476E-14    -0.000000000E+00
     1819     8.750000000E+01    -2.500000000E+00    -0.000000000E+00
     1820     8.750000000E+01    -5.000000000E+00    -0.000000000E+00
     1821     8.750000000E+01    -7.500000000E+00    -0.000000000E+00
     1822     8.750000000E+01    -1.000000000E+01    -0.000000000E+00
     1823     8.750000000E+01    -1.250000000E+01    -0.000000000E+00
     1824     8.750000000E+01    -1.500000000E+01    -0.000000000E+00
     1825     8.750000000E+01    -2.000000000E+01    -0.000000000E+00
     1826     8.750000000E+01    -2.250000000E+01    -0.000000000E+00
     1827     8.750000000E+01    -2.500000000E+01    -0.000000000E+00
     1828     8.750000000E+01    -2.750000000E+01    -0.000000000E+00
     1829     8.750000000E+01    -3.000000000E+01    -0.000000000E+00
     1830     8.750000000E+01    -3.250000000E+01    -0.000000000E+00
     1831     8.500000000E+01    -3.750000000E+01    -0.000000000E+00
     1832     8.250000000E+01    -3.750000000E+01    -0.000000000E+00
     1833     8.000000000E+01    -3.750000000E+01    -0.000000000E+00
     1834     7.750000000E+01    -3.750000000E+01    -0.000000000E+00
     1835     7.500000000E+01    -3.750000000E+01    -0.000000000E+00
     1836     7.250000000E+01    -3.750000000E+01    -0.000000000E+00
     1837     7.000000000E+01    -3.750000000E+01    -0.000000000E+00
     1838     6.750000000E+01    -3.750000000E+01    -0.000000000E+00
     1839     6.500000000E+01    -3.750000000E+01    -0.000000000E+00
     1840     6.000000000E+01    -3.750000000E+01    -0.000000000E+00
     1841     5.750000000E+01    -3.750000000E+01    -0.000000000E+00
     1842     5.500000000E+01    -3.750000000E+01    -0.000000000E+00
     1843     5.250000000E+01    -3.750000000E+01    -0.000000000E+00
     1844     5.000000000E+01    -3.750000000E+01    -0.000000000E+00
     1845     4.500000000E+01    -3.750000000E+01    -0.000000000E+00
     1846     4.250000000E+01    -3.750000000E+01    -0.000000000E+00
     1847     3.750000000E+01    -3.750000000E+01    -0.000000000E+00
     1848     3.500000000E+01    -3.750000000E+01    -0.000000000E+00
     1849     3.250000000E+01    -3.750000000E+01    -0.000000000E+00
     1850     3.000000000E+01    -3.750000000E+01    -0.000000000E+00
     1851     2.750000000E+01    -3.750000000E+01    -0.000000000E+00
     1852     2.500000000E+01    -3.750000000E+01    -0.000000000E+00
     1853     2.250000000E+01    -3.750000000E+01    -0.000000000E+00
     1854     2.000000000E+01    -3.750000000E+01    -0.000000000E+00
     1855     1.750000000E+01    -3.750000000E+01    -0.000000000E+00
     1856     1.500000000E+01    -3.750000000E+01    -0.000000000E+00
     1857     1.250000000E+01    -3.750000000E+01    -0.000000000E+00
     1858     1.000000000E+01    -3.750000000E+01    -0.000000000E+00
     1859     7.499999999E+00    -3.750000000E+01    -0.000000000E+00
     1860     4.999999999E+00    -3.750000000E+01    -0.000000000E+00
     1861     2.500000000E+00    -3.750000000E+01    -0.000000000E+00
     1862    -4.592998074E-10    -3.750000000E+01     0.000000000E+00
     1863    -2.500000000E+00    -3.750000000E+01     0.000000000E+00
     1864    -5.000000000E+00    -3.750000000E+01     0.000000000E+00
     1865    -7.500000000E+00    -3.750000000E+01     0.000000000E+00
     1866    -1.000000000E+01    -3.750000000E+01     0.000000000E+00
     1867    -1.250000000E+01    -3.750000000E+01     0.000000000E+00
     1868    -1.500000000E+01    -3.750000000E+01     0.000000000E+00
     1869    -1.750000000E+01    -3.750000000E+01     0.000000000E+00
     1870    -2.000000000E+01    -3.750000000E+01     0.000000000E+00
     1871    -2.500000000E+01    -3.750000000E+01     0.000000000E+00
     1872    -2.750000000E+01    -3.750000000E+01     0.000000000E+00
     1873    -3.000000000E+01    -3.750000000E+01     0.000000000E+00
     1874    -3.250000000E+01    -3.750000000E+01     0.000000000E+00
     1875    -3.500000000E+01    -3.750000000E+01     0.000000000E+00
     1876    -3.750000000E+01    -3.750000000E+01     0.000000000E+00
     1877    -4.000000000E+01    -3.750000000E+01     0.000000000E+00
     1878    -4.250000000E+01    -3.750000000E+01     0.000000000E+00
     1879    -4.500000000E+01    -3.750000000E+01     0.000000000E+00
     1880    -4.750000000E+01    -3.750000000E+01     0.000000000E+00
     1881    -5.000000000E+01    -3.750000000E+01     0.000000000E+00
     1882    -5.250000000E+01    -3.750000000E+01     0.000000000E+00
     1883    -5.500000000E+01    -3.750000000E+01     0.000000000E+00
     1884    -5.750000000E+01    -3.750000000E+01     0.000000000E+00
     1885    -6.000000000E+01    -3.750000000E+01     0.000000000E+00
     1886    -6.250000000E+01    -3.750000000E+01     0.000000000E+00
     1887    -6.500000000E+01    -3.750000000E+01     0.000000000E+00
     1888    -6.750000000E+01    -3.750000000E+01     0.000000000E+00
     1889    -7.000000000E+01    -3.750000000E+01     0.000000000E+00
     1890    -7.250000000E+01    -3.750000000E+01     0.000000000E+00
     1891    -7.500000000E+01    -3.750000000E+01     0.000000000E+00
     1892    -7.750000000E+01    -3.750000000E+01     0.000000000E+00
     1893    -8.000000000E+01    -3.750000000E+01     0.000000000E+00
     1894    -8.250000000E+01    -3.750000000E+01     0.000000000E+00
     1895    -8.500000000E+01    -3.750000000E+01     0.000000000E+00
     1896    -8.750000000E+01    -3.750000000E+01     0.000000000E+00
     1897     3.500000000E+01    -2.250000000E+01    -0.000000000E+00
     1898     2.750000000E+01    -2.250000000E+01    -0.000000000E+00
     1899     3.750000000E+01    -1.250000000E+01    -0.000000000E+00
     1900     3.750000000E+01    -2.000000000E+01    -0.000000000E+00
     1901     3.750000000E+01     2.000000000E+01     0.000000000E+00
     1902     3.750000000E+01     1.250000000E+01     0.000000000E+00
     1903     2.750000000E+01     2.250000000E+01     0.000000000E+00
     1904     3.500000000E+01     2.250000000E+01     0.000000000E+00
     1905    -3.500000000E+01     2.250000000E+01     0.000000000E+00
     1906    -2.750000000E+01     2.250000000E+01     0.000000000E+00
     1907    -3.750000000E+01     1.250000000E+01     0.000000000E+00
     1908    -3.750000000E+01    -2.000000000E+01     0.000000000E+00
     1909    -3.750000000E+01    -1.250000000E+01     0.000000000E+00
     1910    -2.750000000E+01    -2.250000000E+01     0.000000000E+00
     1911    -3.500000000E+01    -2.250000000E+01     0.000000000E+00
     1912    -3.000000000E+01    -2.250000000E+01     0.000000000E+00
     1913    -3.750000000E+01    -1.500000000E+01     0.000000000E+00
     1914    -3.750000000E+01    -1.750000000E+01     0.000000000E+00
     1915    -3.750000000E+01     1.500000000E+01     0.000000000E+00
     1916    -3.250000000E+01     2.250000000E+01     0.000000000E+00
     1917     3.000000000E+01     2.250000000E+01     0.000000000E+00
     1918     3.750000000E+01     1.500000000E+01     0.000000000E+00
     1919     3.750000000E+01     1.750000000E+01     0.000000000E+00
     1920     3.750000000E+01    -1.500000000E+01    -0.000000000E+00
     1921     3.250000000E+01    -2.250000000E+01    -0.000000000E+00
     1922    -3.500000000E+01    -1.250000000E+01     0.000000000E+00
     1923    -2.750000000E+01     2.000000000E+01     0.000000000E+00
     1924     3.500000000E+01     1.250000000E+01     0.000000000E+00
     1925     2.750000000E+01    -2.000000000E+01    -0.000000000E+00
     1926    -3.500000000E+01    -2.000000000E+01     0.000000000E+00
     1927    -2.750000000E+01    -2.000000000E+01     0.000000000E+00
     1928    -9.000000000E+01    -3.750000000E+01     0.000000000E+00
     1929    -9.000000000E+01    -3.500000000E+01     0.000000000E+00
     1930    -9.000000000E+01    -3.250000000E+01     0.000000000E+00
     1931    -9.000000000E+01    -3.000000000E+01     0.000000000E+00
     1932    -9.000000000E+01    -2.750000000E+01     0.000000000E+00
     1933    -9.000000000E+01    -2.500000000E+01     0.000000000E+00
     1934    -9.000000000E+01    -2.250000000E+01     0.000000000E+00
     1935    -9.000000000E+01    -2.000000000E+01     0.000000000E+00
     1936    -9.000000000E+01    -1.750000000E+01     0.000000000E+00
     1937    -9.000000000E+01    -1.500000000E+01     0.000000000E+00
     1938    -9.000000000E+01    -1.250000000E+01     0.000000000E+00
     1939    -9.000000000E+01    -1.000000000E+01     0.000000000E+00
     1940    -9.000000000E+01    -7.500000000E+00     0.000000000E+00
     1941    -9.000000000E+01    -5.000000000E+00     0.000000000E+00
     1942    -9.000000000E+01    -2.500000000E+00     0.000000000E+00
     1943    -9.000000000E+01     1.647987302E-14     0.000000000E+00
     1944    -9.000000000E+01     2.500000000E+00     0.000000000E+00
     1945    -9.000000000E+01     5.000000000E+00     0.000000000E+00
     1946    -9.000000000E+01     7.500000000E+00     0.000000000E+00
     1947    -9.000000000E+01     1.000000000E+01     0.000000000E+00
     1948    -9.000000000E+01     1.250000000E+01     0.000000000E+00
     1949    -9.000000000E+01     1.500000000E+01     0.000000000E+00
     1950    -9.000000000E+01     1.750000000E+01     0.000000000E+00
     1951    -9.000000000E+01     2.000000000E+01     0.000000000E+00
     1952    -9.000000000E+01     2.250000000E+01     0.000000000E+00
     1953    -9.000000000E+01     2.500000000E+01     0.000000000E+00
     1954    -9.000000000E+01     2.750000000E+01     0.000000000E+00
     1955    -9.000000000E+01     3.000000000E+01     0.000000000E+00
     1956    -9.000000000E+01     3.250000000E+01     0.000000000E+00
     1957    -9.000000000E+01     3.500000000E+01     0.000000000E+00
     1958    -9.000000000E+01     3.750000000E+01     0.000000000E+00
     1959    -9.000000000E+01     4.000000000E+01     0.000000000E+00
     1960    -8.500000000E+01     4.000000000E+01     0.000000000E+00
     1961    -8.250000000E+01     4.000000000E+01     0.000000000E+00
     1962    -8.000000000E+01     4.000000000E+01     0.000000000E+00
     1963    -7.750000000E+01     4.000000000E+01     0.000000000E+00
     1964    -7.500000000E+01     4.000000000E+01     0.000000000E+00
     1965    -7.250000000E+01     4.000000000E+01     0.000000000E+00
     1966    -7.000000000E+01     4.000000000E+01     0.000000000E+00
     1967    -6.750000000E+01     4.000000000E+01     0.000000000E+00
     1968    -6.500000000E+01     4.000000000E+01     0.000000000E+00
     1969    -6.250000000E+01     4.000000000E+01     0.000000000E+00
     1970    -6.000000000E+01     4.000000000E+01     0.000000000E+00
     1971    -5.750000000E+01     4.000000000E+01     0.000000000E+00
     1972    -5.500000000E+01     4.000000000E+01     0.000000000E+00
     1973    -5.250000000E+01     4.000000000E+01     0.000000000E+00
     1974    -5.000000000E+01     4.000000000E+01     0.000000000E+00
     1975    -4.750000000E+01     4.000000000E+01     0.000000000E+00
     1976    -4.500000000E+01     4.000000000E+01     0.000000000E+00
     1977    -4.250000000E+01     4.000000000E+01     0.000000000E+00
     1978    -4.000000000E+01     4.000000000E+01     0.000000000E+00
     1979    -3.750000000E+01     4.000000000E+01     0.000000000E+00
     1980    -3.500000000E+01     4.000000000E+01     0.000000000E+00
     1981    -3.250000000E+01     4.000000000E+01     0.000000000E+00
     1982    -3.000000000E+01     4.000000000E+01     0.000000000E+00
     1983    -2.750000000E+01     4.000000000E+01     0.000000000E+00
     1984    -2.500000000E+01     4.000000000E+01     0.000000000E+00
     1985    -2.250000000E+01     4.000000000E+01     0.000000000E+00
     1986    -2.000000000E+01     4.000000000E+01     0.000000000E+00
     1987    -1.750000000E+01     4.000000000E+01     0.000000000E+00
     1988    -1.500000000E+01     4.000000000E+01     0.000000000E+00
     1989    -1.250000000E+01     4.000000000E+01     0.000000000E+00
     1990    -1.000000000E+01     4.000000000E+01     0.000000000E+00
     1991    -7.500000000E+00     4.000000000E+01     0.000000000E+00
     1992    -5.000000000E+00     4.000000000E+01     0.000000000E+00
     1993    -2.500000000E+00     4.000000000E+01     0.000000000E+00
     1994    -3.838067017E-10     4.000000000E+01     0.000000000E+00
     1995     2.500000000E+00     4.000000000E+01     0.000000000E+00
     1996     5.000000000E+00     4.000000000E+01     0.000000000E+00
     1997     7.500000000E+00     4.000000000E+01     0.000000000E+00
     1998     1.000000000E+01     4.000000000E+01     0.000000000E+00
     1999     1.250000000E+01     4.000000000E+01     0.000000000E+00
     2000     1.500000000E+01     4.000000000E+01     0.000000000E+00
     2001     1.750000000E+01     4.000000000E+01     0.000000000E+00
     2002     2.250000000E+01     4.000000000E+01     0.000000000E+00
     2003     2.500000000E+01     4.000000000E+01     0.000000000E+00
     2004     2.750000000E+01     4.000000000E+01     0.000000000E+00
     2005     3.000000000E+01     4.000000000E+01     0.000000000E+00
     2006     3.250000000E+01     4.000000000E+01     0.000000000E+00
     2007     3.500000000E+01     4.000000000E+01     0.000000000E+00
     2008     4.000000000E+01     4.000000000E+01     0.000000000E+00
     2009     4.250000000E+01     4.000000000E+01     0.000000000E+00
     2010     4.500000000E+01     4.000000000E+01     0.000000000E+00
     2011     4.750000000E+01     4.000000000E+01     0.000000000E+00
     2012     5.000000000E+01     4.000000000E+01     0.000000000E+00
     2013     5.250000000E+01     4.000000000E+01     0.000000000E+00
     2014     5.500000000E+01     4.000000000E+01     0.000000000E+00
     2015     5.750000000E+01     4.000000000E+01     0.000000000E+00
     2016     6.000000000E+01     4.000000000E+01     0.000000000E+00
     2017     6.250000000E+01     4.000000000E+01     0.000000000E+00
     2018     6.500000000E+01     4.000000000E+01     0.000000000E+00
     2019     6.750000000E+01     4.000000000E+01     0.000000000E+00
     2020     7.000000000E+01     4.000000000E+01     0.000000000E+00
     2021     7.250000000E+01     4.000000000E+01     0.000000000E+00
     2022     7.500000000E+01     4.000000000E+01     0.000000000E+00
     2023     7.750000000E+01     4.000000000E+01     0.000000000E+00
     2024     8.000000000E+01     4.000000000E+01     0.000000000E+00
     2025     8.500000000E+01     4.000000000E+01     0.000000000E+00
     2026     8.750000000E+01     4.000000000E+01     0.000000000E+00
     2027     9.000000000E+01     4.000000000E+01     0.000000000E+00
     2028     9.000000000E+01     3.750000000E+01     0.000000000E+00
     2029     9.000000000E+01     3.500000000E+01     0.000000000E+00
     2030     9.000000000E+01     3.250000000E+01     0.000000000E+00
     2031     9.000000000E+01     2.750000000E+01     0.000000000E+00
     2032     9.000000000E+01     2.500000000E+01     0.000000000E+00
     2033     9.000000000E+01     2.250000000E+01     0.000000000E+00
     2034     9.000000000E+01     2.000000000E+01     0.000000000E+00
     2035     9.000000000E+01     1.750000000E+01     0.000000000E+00
     2036     9.000000000E+01     1.500000000E+01     0.000000000E+00
     2037     9.000000000E+01     1.250000000E+01     0.000000000E+00
     2038     9.000000000E+01     1.000000000E+01     0.000000000E+00
     2039     9.000000000E+01     7.500000000E+00     0.000000000E+00
     2040     9.000000000E+01     5.000000000E+00     0.000000000E+00
     2041     9.000000000E+01     2.500000000E+00     0.000000000E+00
     2042     9.000000000E+01    -1.626303259E-14    -0.000000000E+00
     2043     9.000000000E+01    -2.500000000E+00    -0.000000000E+00
     2044     9.000000000E+01    -5.000000000E+00    -0.000000000E+00
     2045     9.000000000E+01    -7.500000000E+00    -0.000000000E+00
     2046     9.000000000E+01    -1.000000000E+01    -0.000000000E+00
     2047     9.000000000E+01    -1.250000000E+01    -0.000000000E+00
     2048     9.000000000E+01    -1.500000000E+01    -0.000000000E+00
     2049     9.000000000E+01    -1.750000000E+01    -0.000000000E+00
     2050     9.000000000E+01    -2.000000000E+01    -0.000000000E+00
     2051     9.000000000E+01    -2.250000000E+01    -0.000000000E+00
     2052     9.000000000E+01    -2.500000000E+01    -0.000000000E+00
     2053     9.000000000E+01    -2.750000000E+01    -0.000000000E+00
     2054     9.000000000E+01    -3.000000000E+01    -0.000000000E+00
     2055     9.000000000E+01    -3.250000000E+01    -0.000000000E+00
     2056     9.000000000E+01    -3.500000000E+01    -0.000000000E+00
     2057     9.000000000E+01    -3.750000000E+01    -0.000000000E+00
     2058     9.000000000E+01    -4.000000000E+01    -0.000000000E+00
     2059     8.500000000E+01    -4.000000000E+01    -0.000000000E+00
     2060     8.250000000E+01    -4.000000000E+01    -0.000000000E+00
     2061     8.000000000E+01    -4.000000000E+01    -0.000000000E+00
     2062     7.750000000E+01    -4.000000000E+01    -0.000000000E+00
     2063     7.500000000E+01    -4.000000000E+01    -0.000000000E+00
     2064     7.250000000E+01    -4.000000000E+01    -0.000000000E+00
     2065     7.000000000E+01    -4.000000000E+01    -0.000000000E+00
     2066     6.750000000E+01    -4.000000000E+01    -0.000000000E+00
     2067     6.500000000E+01    -4.000000000E+01    -0.000000000E+00
     2068     6.250000000E+01    -4.000000000E+01    -0.000000000E+00
     2069     6.000000000E+01    -4.000000000E+01    -0.000000000E+00
     2070     5.750000000E+01    -4.000000000E+01    -0.000000000E+00
     2071     5.500000000E+01    -4.000000000E+01    -0.000000000E+00
     2072     5.250000000E+01    -4.000000000E+01    -0.000000000E+00
     2073     5.000000000E+01    -4.000000000E+01    -0.000000000E+00
     2074     4.750000000E+01    -4.000000000E+01    -0.000000000E+00
     2075     4.500000000E+01    -4.000000000E+01    -0.000000000E+00
     2076     4.250000000E+01    -4.000000000E+01    -0.000000000E+00
     2077     4.000000000E+01    -4.000000000E+01    -0.000000000E+00
     2078     3.750000000E+01    -4.000000000E+01    -0.000000000E+00
     2079     3.500000000E+01    -4.000000000E+01    -0.000000000E+00
     2080     3.250000000E+01    -4.000000000E+01    -0.000000000E+00
     2081     3.000000000E+01    -4.000000000E+01    -0.000000000E+00
     2082     2.750000000E+01    -4.000000000E+01    -0.000000000E+00
     2083     2.500000000E+01    -4.000000000E+01    -0.000000000E+00
     2084     2.250000000E+01    -4.000000000E+01    -0.000000000E+00
     2085     2.000000000E+01    -4.000000000E+01    -0.000000000E+00
     2086     1.750000000E+01    -4.000000000E+01    -0.000000000E+00
     2087     1.500000000E+01    -4.000000000E+01    -0.000000000E+00
     2088     1.250000000E+01    -4.000000000E+01    -0.000000000E+00
     2089     1.000000000E+01    -4.000000000E+01    -0.000000000E+00
     2090     7.500000000E+00    -4.000000000E+01    -0.000000000E+00
     2091     5.000000000E+00    -4.000000000E+01    -0.000000000E+00
     2092     2.500000000E+00    -4.000000000E+01    -0.000000000E+00
     2093    -2.579369010E-10    -4.000000000E+01     0.000000000E+00
     2094    -2.500000000E+00    -4.000000000E+01     0.000000000E+00
     2095    -5.000000000E+00    -4.000000000E+01     0.000000000E+00
     2096    -7.500000000E+00    -4.000000000E+01     0.000000000E+00
     2097    -1.000000000E+01    -4.000000000E+01     0.000000000E+00
     2098    -1.250000000E+01    -4.000000000E+01     0.000000000E+00
     2099    -1.500000000E+01    -4.000000000E+01     0.000000000E+00
     2100    -1.750000000E+01    -4.000000000E+01     0.000000000E+00
     2101    -2.000000000E+01    -4.000000000E+01     0.000000000E+00
     2102    -2.250000000E+01    -4.000000000E+01     0.000000000E+00
     2103    -2.500000000E+01    -4.000000000E+01     0.000000000E+00
     2104    -2.750000000E+01    -4.000000000E+01     0.000000000E+00
     2105    -3.000000000E+01    -4.000000000E+01     0.000000000E+00
     2106    -3.250000000E+01    -4.000000000E+01     0.000000000E+00
     2107    -3.500000000E+01    -4.000000000E+01     0.000000000E+00
     2108    -3.750000000E+01    -4.000000000E+01     0.000000000E+00
     2109    -4.000000000E+01    -4.000000000E+01     0.000000000E+00
     2110    -4.250000000E+01    -4.000000000E+01     0.000000000E+00
     2111    -4.500000000E+01    -4.000000000E+01     0.000000000E+00
     2112    -4.750000000E+01    -4.000000000E+01     0.000000000E+00
     2113    -5.000000000E+01    -4.000000000E+01     0.000000000E+00
     2114    -5.250000000E+01    -4.000000000E+01     0.000000000E+00
     2115    -5.500000000E+01    -4.000000000E+01     0.000000000E+00
     2116    -5.750000000E+01    -4.000000000E+01     0.000000000E+00
     2117    -6.250000000E+01    -4.000000000E+01     0.000000000E+00
     2118    -6.500000000E+01    -4.000000000E+01     0.000000000E+00
     2119    -6.750000000E+01    -4.000000000E+01     0.000000000E+00
     2120    -7.000000000E+01    -4.000000000E+01     0.000000000E+00
     2121    -7.250000000E+01    -4.000000000E+01     0.000000000E+00
     2122    -7.500000000E+01    -4.000000000E+01     0.000000000E+00
     2123    -7.750000000E+01    -4.000000000E+01     0.000000000E+00
     2124    -8.000000000E+01    -4.000000000E+01     0.000000000E+00
     2125    -8.250000000E+01    -4.000000000E+01     0.000000000E+00
     2126    -8.500000000E+01    -4.000000000E+01     0.000000000E+00
     2127    -8.750000000E+01    -4.000000000E+01     0.000000000E+00
     2128    -9.000000000E+01    -4.000000000E+01     0.000000000E+00
     2129    -3.500000000E+01     1.250000000E+01     0.000000000E+00
     2130    -3.500000000E+01     2.000000000E+01     0.000000000E+00
     2131     2.750000000E+01     2.000000000E+01     0.000000000E+00
     2132     3.500000000E+01     2.000000000E+01     0.000000000E+00
     2133     3.500000000E+01    -1.250000000E+01    -0.000000000E+00
     2134     3.500000000E+01    -2.000000000E+01    -0.000000000E+00
     2135     3.250000000E+01    -2.000000000E+01    -0.000000000E+00
     2136     3.500000000E+01    -1.750000000E+01    -0.000000000E+00
     2137     3.500000000E+01    -1.500000000E+01    -0.000000000E+00
     2138     3.500000000E+01     1.500000000E+01     0.000000000E+00
     2139     3.500000000E+01     1.750000000E+01     0.000000000E+00
     2140     3.250000000E+01     2.000000000E+01     0.000000000E+00
     2141     3.000000000E+01     2.000000000E+01     0.000000000E+00
     2142    -3.250000000E+01     2.000000000E+01     0.000000000E+00
     2143    -3.500000000E+01     1.500000000E+01     0.000000000E+00
     2144    -3.500000000E+01    -1.500000000E+01     0.000000000E+00
     2145    -3.500000000E+01    -1.750000000E+01     0.000000000E+00
     2146    -3.250000000E+01    -2.000000000E+01     0.000000000E+00
     2147    -3.000000000E+01    -2.000000000E+01     0.000000000E+00
     2148    -9.000000000E+01     4.250000000E+01     0.000000000E+00
     2149    -9.250000000E+01     3.750000000E+01     0.000000000E+00
     2150    -9.250000000E+01     4.000000000E+01     0.000000000E+00
     2151    -9.250000000E+01     3.250000000E+01     0.000000000E+00
     2152    -9.250000000E+01     3.500000000E+01     0.000000000E+00
     2153    -9.250000000E+01     2.750000000E+01     0.000000000E+00
     2154    -9.250000000E+01     3.000000000E+01     0.000000000E+00
     2155    -9.250000000E+01     2.500000000E+01     0.000000000E+00
     2156    -9.250000000E+01     1.750000000E+01     0.000000000E+00
     2157    -9.250000000E+01     2.000000000E+01     0.000000000E+00
     2158    -9.250000000E+01     1.250000000E+01     0.000000000E+00
     2159    -9.250000000E+01     1.500000000E+01     0.000000000E+00
     2160    -9.250000000E+01     7.500000000E+00     0.000000000E+00
     2161    -9.250000000E+01     1.000000000E+01     0.000000000E+00
     2162    -9.250000000E+01     2.500000000E+00     0.000000000E+00
     2163    -9.250000000E+01     5.000000000E+00     0.000000000E+00
     2164    -9.250000000E+01     1.539567085E-14     0.000000000E+00
     2165    -9.250000000E+01    -7.500000000E+00     0.000000000E+00
     2166    -9.250000000E+01    -5.000000000E+00     0.000000000E+00
     2167    -9.250000000E+01    -1.250000000E+01     0.000000000E+00
     2168    -9.250000000E+01    -1.000000000E+01     0.000000000E+00
     2169    -9.250000000E+01    -1.500000000E+01     0.000000000E+00
     2170    -9.250000000E+01    -2.250000000E+01     0.000000000E+00
     2171    -9.250000000E+01    -2.000000000E+01     0.000000000E+00
     2172    -9.250000000E+01    -2.500000000E+01     0.000000000E+00
     2173    -9.250000000E+01    -3.000000000E+01     0.000000000E+00
     2174    -9.250000000E+01    -3.750000000E+01     0.000000000E+00
     2175    -9.250000000E+01    -3.500000000E+01     0.000000000E+00
     2176     9.250000000E+01     4.000000000E+01     0.000000000E+00
     2177     9.000000000E+01    -4.250000000E+01    -0.000000000E+00
     2178    -9.250000000E+01    -4.000000000E+01     0.000000000E+00
     2179    -8.750000000E+01    -4.250000000E+01     0.000000000E+00
     2180    -9.000000000E+01    -4.250000000E+01     0.000000000E+00
     2181    -8.250000000E+01    -4.250000000E+01     0.000000000E+00
     2182    -8.500000000E+01    -4.250000000E+01     0.000000000E+00
     2183    -7.750000000E+01    -4.250000000E+01     0.000000000E+00
     2184    -8.000000000E+01    -4.250000000E+01     0.000000000E+00
     2185    -7.250000000E+01    -4.250000000E+01     0.000000000E+00
     2186    -7.500000000E+01    -4.250000000E+01     0.000000000E+00
     2187    -6.750000000E+01    -4.250000000E+01     0.000000000E+00
     2188    -7.000000000E+01    -4.250000000E+01     0.000000000E+00
     2189    -6.250000000E+01    -4.250000000E+01     0.000000000E+00
     2190    -6.500000000E+01    -4.250000000E+01     0.000000000E+00
     2191    -6.000000000E+01    -4.250000000E+01     0.000000000E+00
     2192    -5.250000000E+01    -4.250000000E+01     0.000000000E+00
     2193    -5.500000000E+01    -4.250000000E+01     0.000000000E+00
     2194    -5.000000000E+01    -4.250000000E+01     0.000000000E+00
     2195    -4.500000000E+01    -4.250000000E+01     0.000000000E+00
     2196    -3.750000000E+01    -4.250000000E+01     0.000000000E+00
     2197    -4.000000000E+01    -4.250000000E+01     0.000000000E+00
     2198    -3.500000000E+01    -4.250000000E+01     0.000000000E+00
     2199    -2.750000000E+01    -4.250000000E+01     0.000000000E+00
     2200    -3.000000000E+01    -4.250000000E+01     0.000000000E+00
     2201    -2.250000000E+01    -4.250000000E+01     0.000000000E+00
     2202    -2.500000000E+01    -4.250000000E+01     0.000000000E+00
     2203    -1.750000000E+01    -4.250000000E+01     0.000000000E+00
     2204    -2.000000000E+01    -4.250000000E+01     0.000000000E+00
     2205    -1.250000000E+01    -4.250000000E+01     0.000000000E+00
     2206    -1.500000000E+01    -4.250000000E+01     0.000000000E+00
     2207    -7.500000000E+00    -4.250000000E+01     0.000000000E+00
     2208    -1.000000000E+01    -4.250000000E+01     0.000000000E+00
     2209    -2.500000000E+00    -4.250000000E+01     0.000000000E+00
     2210    -5.000000000E+00    -4.250000000E+01     0.000000000E+00
     2211     2.500000000E+00    -4.250000000E+01    -0.000000000E+00
     2212    -6.252923255E-11    -4.250000000E+01     0.000000000E+00
     2213     7.500000000E+00    -4.250000000E+01    -0.000000000E+00
     2214     5.000000000E+00    -4.250000000E+01    -0.000000000E+00
     2215     1.000000000E+01    -4.250000000E+01    -0.000000000E+00
     2216     1.500000000E+01    -4.250000000E+01    -0.000000000E+00
     2217     2.250000000E+01    -4.250000000E+01    -0.000000000E+00
     2218     2.000000000E+01    -4.250000000E+01    -0.000000000E+00
     2219     2.500000000E+01    -4.250000000E+01    -0.000000000E+00
     2220     3.250000000E+01    -4.250000000E+01    -0.000000000E+00
     2221     3.000000000E+01    -4.250000000E+01    -0.000000000E+00
     2222     3.500000000E+01    -4.250000000E+01    -0.000000000E+00
     2223     4.250000000E+01    -4.250000000E+01    -0.000000000E+00
     2224     4.000000000E+01    -4.250000000E+01    -0.000000000E+00
     2225     4.500000000E+01    -4.250000000E+01    -0.000000000E+00
     2226     5.250000000E+01    -4.250000000E+01    -0.000000000E+00
     2227     5.000000000E+01    -4.250000000E+01    -0.000000000E+00
     2228     5.750000000E+01    -4.250000000E+01    -0.000000000E+00
     2229     5.500000000E+01    -4.250000000E+01    -0.000000000E+00
     2230     6.000000000E+01    -4.250000000E+01    -0.000000000E+00
     2231     6.500000000E+01    -4.250000000E+01    -0.000000000E+00
     2232     7.000000000E+01    -4.250000000E+01    -0.000000000E+00
     2233     7.500000000E+01    -4.250000000E+01    -0.000000000E+00
     2234     8.250000000E+01    -4.250000000E+01    -0.000000000E+00
     2235     8.000000000E+01    -4.250000000E+01    -0.000000000E+00
     2236     8.750000000E+01    -4.250000000E+01    -0.000000000E+00
     2237     8.500000000E+01    -4.250000000E+01    -0.000000000E+00
     2238     9.250000000E+01    -4.000000000E+01    -0.000000000E+00
     2239     9.250000000E+01    -3.250000000E+01    -0.000000000E+00
     2240     9.250000000E+01    -3.500000000E+01    -0.000000000E+00
     2241     9.250000000E+01    -2.750000000E+01    -0.000000000E+00
     2242     9.250000000E+01    -3.000000000E+01    -0.000000000E+00
     2243     9.250000000E+01    -2.250000000E+01    -0.000000000E+00
     2244     9.250000000E+01    -2.500000000E+01    -0.000000000E+00
     2245     9.250000000E+01    -1.750000000E+01    -0.000000000E+00
     2246     9.250000000E+01    -2.000000000E+01    -0.000000000E+00
     2247     9.250000000E+01    -1.250000000E+01    -0.000000000E+00
     2248     9.250000000E+01    -1.500000000E+01    -0.000000000E+00
     2249     9.250000000E+01    -1.000000000E+01    -0.000000000E+00
     2250     9.250000000E+01    -2.500000000E+00    -0.000000000E+00
     2251     9.250000000E+01    -5.000000000E+00    -0.000000000E+00
     2252     9.250000000E+01     2.500000000E+00     0.000000000E+00
     2253     9.250000000E+01    -1.517883041E-14    -0.000000000E+00
     2254     9.250000000E+01     7.500000000E+00     0.000000000E+00
     2255     9.250000000E+01     5.000000000E+00     0.000000000E+00
     2256     9.250000000E+01     1.000000000E+01     0.000000000E+00
     2257     9.250000000E+01     1.500000000E+01     0.000000000E+00
     2258     9.250000000E+01     2.250000000E+01     0.000000000E+00
     2259     9.250000000E+01     2.000000000E+01     0.000000000E+00
     2260     9.250000000E+01     2.750000000E+01     0.000000000E+00
     2261     9.250000000E+01     2.500000000E+01     0.000000000E+00
     2262     9.250000000E+01     3.250000000E+01     0.000000000E+00
     2263     9.250000000E+01     3.000000000E+01     0.000000000E+00
     2264     9.250000000E+01     3.750000000E+01     0.000000000E+00
     2265     9.250000000E+01     3.500000000E+01     0.000000000E+00
     2266     8.750000000E+01     4.250000000E+01     0.000000000E+00
     2267     9.000000000E+01     4.250000000E+01     0.000000000E+00
     2268     8.250000000E+01     4.250000000E+01     0.000000000E+00
     2269     8.500000000E+01     4.250000000E+01     0.000000000E+00
     2270     7.750000000E+01     4.250000000E+01     0.000000000E+00
     2271     8.000000000E+01     4.250000000E+01     0.000000000E+00
     2272     7.250000000E+01     4.250000000E+01     0.000000000E+00
     2273     7.500000000E+01     4.250000000E+01     0.000000000E+00
     2274     6.750000000E+01     4.250000000E+01     0.000000000E+00
     2275     7.000000000E+01     4.250000000E+01     0.000000000E+00
     2276     6.250000000E+01     4.250000000E+01     0.000000000E+00
     2277     6.500000000E+01     4.250000000E+01     0.000000000E+00
     2278     5.500000000E+01     4.250000000E+01     0.000000000E+00
     2279     4.750000000E+01     4.250000000E+01     0.000000000E+00
     2280     5.000000000E+01     4.250000000E+01     0.000000000E+00
     2281     4.250000000E+01     4.250000000E+01     0.000000000E+00
     2282     4.500000000E+01     4.250000000E+01     0.000000000E+00
     2283     3.750000000E+01     4.250000000E+01     0.000000000E+00
     2284     4.000000000E+01     4.250000000E+01     0.000000000E+00
     2285     3.250000000E+01     4.250000000E+01     0.000000000E+00
     2286     3.500000000E+01     4.250000000E+01     0.000000000E+00
     2287     3.000000000E+01     4.250000000E+01     0.000000000E+00
     2288     2.500000000E+01     4.250000000E+01     0.000000000E+00
     2289     2.000000000E+01     4.250000000E+01     0.000000000E+00
     2290     1.250000000E+01     4.250000000E+01     0.000000000E+00
     2291     1.500000000E+01     4.250000000E+01     0.000000000E+00
     2292     1.000000000E+01     4.250000000E+01     0.000000000E+00
     2293     5.000000000E+00     4.250000000E+01     0.000000000E+00
     2294    -2.500000000E+00     4.250000000E+01     0.000000000E+00
     2295    -9.372049577E-11     4.250000000E+01     0.000000000E+00
     2296    -5.000000000E+00     4.250000000E+01     0.000000000E+00
     2297    -1.000000000E+01     4.250000000E+01     0.000000000E+00
     2298    -1.750000000E+01     4.250000000E+01     0.000000000E+00
     2299    -1.500000000E+01     4.250000000E+01     0.000000000E+00
     2300    -2.000000000E+01     4.250000000E+01     0.000000000E+00
     2301    -2.500000000E+01     4.250000000E+01     0.000000000E+00
     2302    -3.000000000E+01     4.250000000E+01     0.000000000E+00
     2303    -3.500000000E+01     4.250000000E+01     0.000000000E+00
     2304    -4.250000000E+01     4.250000000E+01     0.000000000E+00
     2305    -4.000000000E+01     4.250000000E+01     0.000000000E+00
     2306    -4.750000000E+01     4.250000000E+01     0.000000000E+00
     2307    -4.500000000E+01     4.250000000E+01     0.000000000E+00
     2308    -5.000000000E+01     4.250000000E+01     0.000000000E+00
     2309    -5.750000000E+01     4.250000000E+01     0.000000000E+00
     2310    -5.500000000E+01     4.250000000E+01     0.000000000E+00
     2311    -6.250000000E+01     4.250000000E+01     0.000000000E+00
     2312    -6.000000000E+01     4.250000000E+01     0.000000000E+00
     2313    -6.750000000E+01     4.250000000E+01     0.000000000E+00
     2314    -6.500000000E+01     4.250000000E+01     0.000000000E+00
     2315    -7.000000000E+01     4.250000000E+01     0.000000000E+00
     2316    -7.750000000E+01     4.250000000E+01     0.000000000E+00
     2317    -7.500000000E+01     4.250000000E+01     0.000000000E+00
     2318    -8.250000000E+01     4.250000000E+01     0.000000000E+00
     2319    -8.000000000E+01     4.250000000E+01     0.000000000E+00
     2320    -8.750000000E+01     4.250000000E+01     0.000000000E+00
     2321    -8.500000000E+01     4.250000000E+01     0.000000000E+00
     2322    -9.250000000E+01     4.250000000E+01     0.000000000E+00
     2323     9.250000000E+01    -4.250000000E+01    -0.000000000E+00
     2324    -9.250000000E+01    -4.250000000E+01     0.000000000E+00
     2325    -8.750000000E+01     4.500000000E+01     0.000000000E+00
     2326    -8.250000000E+01     4.500000000E+01     0.000000000E+00
     2327    -8.000000000E+01     4.500000000E+01     0.000000000E+00
     2328    -7.750000000E+01     4.500000000E+01     0.000000000E+00
     2329    -7.500000000E+01     4.500000000E+01     0.000000000E+00
     2330    -7.250000000E+01     4.500000000E+01     0.000000000E+00
     2331    -7.000000000E+01     4.500000000E+01     0.000000000E+00
     2332    -6.750000000E+01     4.500000000E+01     0.000000000E+00
     2333    -6.500000000E+01     4.500000000E+01     0.000000000E+00
     2334    -6.250000000E+01     4.500000000E+01     0.000000000E+00
     2335    -5.750000000E+01     4.500000000E+01     0.000000000E+00
     2336    -5.250000000E+01     4.500000000E+01     0.000000000E+00
     2337    -4.750000000E+01     4.500000000E+01     0.000000000E+00
     2338    -4.250000000E+01     4.500000000E+01     0.000000000E+00
     2339    -3.750000000E+01     4.500000000E+01     0.000000000E+00
     2340    -3.000000000E+01     4.500000000E+01     0.000000000E+00
     2341    -2.750000000E+01     4.500000000E+01     0.000000000E+00
     2342    -2.250000000E+01     4.500000000E+01     0.000000000E+00
     2343    -1.750000000E+01     4.500000000E+01     0.000000000E+00
     2344    -1.500000000E+01     4.500000000E+01     0.000000000E+00
     2345    -1.250000000E+01     4.500000000E+01     0.000000000E+00
     2346    -7.500000000E+00     4.500000000E+01     0.000000000E+00
     2347    -2.500000000E+00     4.500000000E+01     0.000000000E+00
     2348    -3.122106523E-11     4.500000000E+01     0.000000000E+00
     2349     2.500000000E+00     4.500000000E+01     0.000000000E+00
     2350     7.500000000E+00     4.500000000E+01     0.000000000E+00
     2351     1.250000000E+01     4.500000000E+01     0.000000000E+00
     2352     1.500000000E+01     4.500000000E+01     0.000000000E+00
     2353     1.750000000E+01     4.500000000E+01     0.000000000E+00
     2354     2.500000000E+01     4.500000000E+01     0.000000000E+00
     2355     3.250000000E+01     4.500000000E+01     0.000000000E+00
     2356     3.500000000E+01     4.500000000E+01     0.000000000E+00
     2357     3.750000000E+01     4.500000000E+01     0.000000000E+00
     2358     4.250000000E+01     4.500000000E+01     0.000000000E+00
     2359     4.750000000E+01     4.500000000E+01     0.000000000E+00
     2360     5.250000000E+01     4.500000000E+01     0.000000000E+00
     2361     5.500000000E+01     4.500000000E+01     0.000000000E+00
     2362     5.750000000E+01     4.500000000E+01     0.000000000E+00
     2363     6.000000000E+01     4.500000000E+01     0.000000000E+00
     2364     6.250000000E+01     4.500000000E+01     0.000000000E+00
     2365     6.750000000E+01     4.500000000E+01     0.000000000E+00
     2366     7.250000000E+01     4.500000000E+01     0.000000000E+00
     2367     7.750000000E+01     4.500000000E+01     0.000000000E+00
     2368     8.000000000E+01     4.500000000E+01     0.000000000E+00
     2369     8.250000000E+01     4.500000000E+01     0.000000000E+00
     2370     8.500000000E+01     4.500000000E+01     0.000000000E+00
     2371     8.750000000E+01     4.500000000E+01     0.000000000E+00
     2372    -9.250000000E+01     4.500000000E+01     0.000000000E+00
     2373     9.500000000E+01     4.250000000E+01     0.000000000E+00
     2374     9.250000000E+01     4.500000000E+01     0.000000000E+00
     2375     9.500000000E+01     4.000000000E+01     0.000000000E+00
     2376     9.500000000E+01     3.750000000E+01     0.000000000E+00
     2377     9.500000000E+01     3.500000000E+01     0.000000000E+00
     2378     9.500000000E+01     3.250000000E+01     0.000000000E+00
     2379     9.500000000E+01     3.000000000E+01     0.000000000E+00
     2380     9.500000000E+01     2.750000000E+01     0.000000000E+00
     2381     9.500000000E+01     2.250000000E+01     0.000000000E+00
     2382     9.500000000E+01     2.000000000E+01     0.000000000E+00
     2383     9.500000000E+01     1.750000000E+01     0.000000000E+00
     2384     9.500000000E+01     1.250000000E+01     0.000000000E+00
     2385     9.500000000E+01     1.000000000E+01     0.000000000E+00
     2386     9.500000000E+01     7.500000000E+00     0.000000000E+00
     2387     9.500000000E+01     2.500000000E+00     0.000000000E+00
     2388     9.500000000E+01    -2.500000000E+00    -0.000000000E+00
     2389     9.500000000E+01    -7.500000000E+00    -0.000000000E+00
     2390     9.500000000E+01    -1.250000000E+01    -0.000000000E+00
     2391     9.500000000E+01    -1.750000000E+01    -0.000000000E+00
     2392     9.500000000E+01    -2.250000000E+01    -0.000000000E+00
     2393     9.500000000E+01    -2.500000000E+01    -0.000000000E+00
     2394     9.500000000E+01    -2.750000000E+01    -0.000000000E+00
     2395     9.500000000E+01    -3.250000000E+01    -0.000000000E+00
     2396     9.250000000E+01    -4.500000000E+01    -0.000000000E+00
     2397     9.500000000E+01    -4.250000000E+01    -0.000000000E+00
     2398     9.000000000E+01    -4.500000000E+01    -0.000000000E+00
     2399     8.750000000E+01    -4.500000000E+01    -0.000000000E+00
     2400     8.500000000E+01    -4.500000000E+01    -0.000000000E+00
     2401     8.250000000E+01    -4.500000000E+01    -0.000000000E+00
     2402     7.750000000E+01    -4.500000000E+01    -0.000000000E+00
     2403     7.250000000E+01    -4.500000000E+01    -0.000000000E+00
     2404     6.750000000E+01    -4.500000000E+01    -0.000000000E+00
     2405     5.750000000E+01    -4.500000000E+01    -0.000000000E+00
     2406     5.250000000E+01    -4.500000000E+01    -0.000000000E+00
     2407     4.750000000E+01    -4.500000000E+01    -0.000000000E+00
     2408     4.500000000E+01    -4.500000000E+01    -0.000000000E+00
     2409     4.250000000E+01    -4.500000000E+01    -0.000000000E+00
     2410     4.000000000E+01    -4.500000000E+01    -0.000000000E+00
     2411     3.750000000E+01    -4.500000000E+01    -0.000000000E+00
     2412     3.250000000E+01    -4.500000000E+01    -0.000000000E+00
     2413     3.000000000E+01    -4.500000000E+01    -0.000000000E+00
     2414     2.500000000E+01    -4.500000000E+01    -0.000000000E+00
     2415     2.250000000E+01    -4.500000000E+01    -0.000000000E+00
     2416     1.750000000E+01    -4.500000000E+01    -0.000000000E+00
     2417     1.250000000E+01    -4.500000000E+01    -0.000000000E+00
     2418     7.500000000E+00    -4.500000000E+01    -0.000000000E+00
     2419     2.500000000E+00    -4.500000000E+01    -0.000000000E+00
     2420    -2.500000000E+00    -4.500000000E+01     0.000000000E+00
     2421    -7.500000000E+00    -4.500000000E+01     0.000000000E+00
     2422    -1.250000000E+01    -4.500000000E+01     0.000000000E+00
     2423    -1.750000000E+01    -4.500000000E+01     0.000000000E+00
     2424    -2.250000000E+01    -4.500000000E+01     0.000000000E+00
     2425    -2.750000000E+01    -4.500000000E+01     0.000000000E+00
     2426    -3.000000000E+01    -4.500000000E+01     0.000000000E+00
     2427    -3.250000000E+01    -4.500000000E+01     0.000000000E+00
     2428    -3.500000000E+01    -4.500000000E+01     0.000000000E+00
     2429    -3.750000000E+01    -4.500000000E+01     0.000000000E+00
     2430    -4.000000000E+01    -4.500000000E+01     0.000000000E+00
     2431    -4.250000000E+01    -4.500000000E+01     0.000000000E+00
     2432    -4.500000000E+01    -4.500000000E+01     0.000000000E+00
     2433    -4.750000000E+01    -4.500000000E+01     0.000000000E+00
     2434    -5.000000000E+01    -4.500000000E+01     0.000000000E+00
     2435    -5.250000000E+01    -4.500000000E+01     0.000000000E+00
     2436    -5.750000000E+01    -4.500000000E+01     0.000000000E+00
     2437    -6.250000000E+01    -4.500000000E+01     0.000000000E+00
     2438    -6.750000000E+01    -4.500000000E+01     0.000000000E+00
     2439    -7.250000000E+01    -4.500000000E+01     0.000000000E+00
     2440    -7.750000000E+01    -4.500000000E+01     0.000000000E+00
     2441    -8.250000000E+01    -4.500000000E+01     0.000000000E+00
     2442    -8.500000000E+01    -4.500000000E+01     0.000000000E+00
     2443    -8.750000000E+01    -4.500000000E+01     0.000000000E+00
     2444    -9.500000000E+01    -4.250000000E+01     0.000000000E+00
     2445    -9.250000000E+01    -4.500000000E+01     0.000000000E+00
     2446    -9.500000000E+01    -3.750000000E+01     0.000000000E+00
     2447    -9.500000000E+01    -3.250000000E+01     0.000000000E+00
     2448    -9.500000000E+01    -2.750000000E+01     0.000000000E+00
     2449    -9.500000000E+01    -2.500000000E+01     0.000000000E+00
     2450    -9.500000000E+01    -2.250000000E+01     0.000000000E+00
     2451    -9.500000000E+01    -1.750000000E+01     0.000000000E+00
     2452    -9.500000000E+01    -1.250000000E+01     0.000000000E+00
     2453    -9.500000000E+01    -1.000000000E+01     0.000000000E+00
     2454    -9.500000000E+01    -7.500000000E+00     0.000000000E+00
     2455    -9.500000000E+01    -2.500000000E+00     0.000000000E+00
     2456    -9.500000000E+01     2.500000000E+00     0.000000000E+00
     2457    -9.500000000E+01     5.000000000E+00     0.000000000E+00
     2458    -9.500000000E+01     7.500000000E+00     0.000000000E+00
     2459    -9.500000000E+01     1.000000000E+01     0.000000000E+00
     2460    -9.500000000E+01     1.250000000E+01     0.000000000E+00
     2461    -9.500000000E+01     1.500000000E+01     0.000000000E+00
     2462    -9.500000000E+01     1.750000000E+01     0.000000000E+00
     2463    -9.500000000E+01     2.250000000E+01     0.000000000E+00
     2464    -9.500000000E+01     2.750000000E+01     0.000000000E+00
     2465    -9.500000000E+01     3.250000000E+01     0.000000000E+00
     2466    -9.500000000E+01     3.750000000E+01     0.000000000E+00
     2467    -9.500000000E+01     4.250000000E+01     0.000000000E+00
     2468    -3.250000000E+01    -1.750000000E+01     0.000000000E+00
     2469    -3.250000000E+01     1.750000000E+01     0.000000000E+00
     2470     3.250000000E+01     1.750000000E+01     0.000000000E+00
     2471     3.250000000E+01    -1.750000000E+01    -0.000000000E+00
     2472    -9.500000000E+01     4.500000000E+01     0.000000000E+00
     2473     9.500000000E+01     4.500000000E+01     0.000000000E+00
     2474     9.500000000E+01    -4.500000000E+01    -0.000000000E+00
     2475    -9.500000000E+01    -4.500000000E+01     0.000000000E+00
     2476    -3.250000000E+01    -1.500000000E+01     0.000000000E+00
     2477    -3.250000000E+01    -1.250000000E+01     0.000000000E+00
     2478    -3.250000000E+01    -1.000000000E+01     0.000000000E+00
     2479    -3.250000000E+01    -7.500000001E+00     0.000000000E+00
     2480    -3.250000000E+01    -5.000000001E+00     0.000000000E+00
     2481    -3.250000000E+01    -2.500000000E+00     0.000000000E+00
     2482    -3.250000000E+01    -1.686110561E-10     0.000000000E+00
     2483    -3.250000000E+01     2.500000000E+00     0.000000000E+00
     2484    -3.250000000E+01     5.000000000E+00     0.000000000E+00
     2485    -3.250000000E+01     7.500000000E+00     0.000000000E+00
     2486    -3.250000000E+01     1.000000000E+01     0.000000000E+00
     2487    -3.250000000E+01     1.500000000E+01     0.000000000E+00
     2488    -3.250000000E+01     1.250000000E+01     0.000000000E+00
     2489    -3.000000000E+01     1.750000000E+01     0.000000000E+00
     2490    -2.750000000E+01     1.750000000E+01     0.000000000E+00
     2491    -2.500000000E+01     1.750000000E+01     0.000000000E+00
     2492    -2.250000000E+01     1.750000000E+01     0.000000000E+00
     2493    -2.000000000E+01     1.750000000E+01     0.000000000E+00
     2494    -1.750000000E+01     1.750000000E+01     0.000000000E+00
     2495    -1.500000000E+01     1.750000000E+01     0.000000000E+00
     2496    -1.250000000E+01     1.750000000E+01     0.000000000E+00
     2497    -1.000000000E+01     1.750000000E+01     0.000000000E+00
     2498    -7.500000000E+00     1.750000000E+01     0.000000000E+00
     2499    -5.000000000E+00     1.750000000E+01     0.000000000E+00
     2500    -2.500000000E+00     1.750000000E+01     0.000000000E+00
     2501     8.723501522E-11     1.750000000E+01     0.000000000E+00
     2502     2.500000000E+00     1.750000000E+01     0.000000000E+00
     2503     5.000000000E+00     1.750000000E+01     0.000000000E+00
     2504     7.500000000E+00     1.750000000E+01     0.000000000E+00
     2505     1.000000000E+01     1.750000000E+01     0.000000000E+00
     2506     1.250000000E+01     1.750000000E+01     0.000000000E+00
     2507     1.500000000E+01     1.750000000E+01     0.000000000E+00
     2508     1.750000000E+01     1.750000000E+01     0.000000000E+00
     2509     2.000000000E+01     1.750000000E+01     0.000000000E+00
     2510     2.250000000E+01     1.750000000E+01     0.000000000E+00
     2511     2.500000000E+01     1.750000000E+01     0.000000000E+00
     2512     3.000000000E+01     1.750000000E+01     0.000000000E+00
     2513     2.750000000E+01     1.750000000E+01     0.000000000E+00
     2514     3.250000000E+01     1.500000000E+01     0.000000000E+00
     2515     3.250000000E+01     1.250000000E+01     0.000000000E+00
     2516     3.250000000E+01     9.999999999E+00     0.000000000E+00
     2517     3.250000000E+01     7.499999999E+00     0.000000000E+00
     2518     3.250000000E+01     4.999999999E+00     0.000000000E+00
     2519     3.250000000E+01     2.500000000E+00     0.000000000E+00
     2520     3.250000000E+01    -7.801159892E-12    -0.000000000E+00
     2521     3.250000000E+01    -2.500000000E+00    -0.000000000E+00
     2522     3.250000000E+01    -5.000000000E+00    -0.000000000E+00
     2523     3.250000000E+01    -7.499999999E+00    -0.000000000E+00
     2524     3.250000000E+01    -9.999999999E+00    -0.000000000E+00
     2525     3.250000000E+01    -1.500000000E+01    -0.000000000E+00
     2526     3.250000000E+01    -1.250000000E+01    -0.000000000E+00
     2527     3.000000000E+01    -1.750000000E+01    -0.000000000E+00
     2528     2.750000000E+01    -1.750000000E+01    -0.000000000E+00
     2529     2.250000000E+01    -1.750000000E+01    -0.000000000E+00
     2530     2.000000000E+01    -1.750000000E+01    -0.000000000E+00
     2531    -3.000000000E+01    -1.750000000E+01     0.000000000E+00
     2532    -2.750000000E+01    -1.750000000E+01     0.000000000E+00
     2533    -2.500000000E+01    -1.750000000E+01     0.000000000E+00
     2534    -2.250000000E+01    -1.750000000E+01     0.000000000E+00
     2535    -2.000000000E+01    -1.750000000E+01     0.000000000E+00
     2536    -1.750000000E+01    -1.750000000E+01     0.000000000E+00
     2537    -1.500000000E+01    -1.750000000E+01     0.000000000E+00
     2538    -1.250000000E+01    -1.750000000E+01     0.000000000E+00
     2539    -1.000000000E+01    -1.750000000E+01     0.000000000E+00
     2540    -7.500000000E+00    -1.750000000E+01     0.000000000E+00
     2541    -5.000000000E+00    -1.750000000E+01     0.000000000E+00
     2542    -2.500000000E+00    -1.750000000E+01     0.000000000E+00
     2543     1.542867396E-10    -1.750000000E+01    -0.000000000E+00
     2544     2.500000000E+00    -1.750000000E+01    -0.000000000E+00
     2545     5.000000000E+00    -1.750000000E+01    -0.000000000E+00
     2546     7.500000000E+00    -1.750000000E+01    -0.000000000E+00
     2547     1.000000000E+01    -1.750000000E+01    -0.000000000E+00
     2548     1.250000000E+01    -1.750000000E+01    -0.000000000E+00
     2549     1.500000000E+01    -1.750000000E+01    -0.000000000E+00
     2550     1.750000000E+01    -1.750000000E+01    -0.000000000E+00
     2551    -9.500000000E+01     4.750000000E+01     0.000000000E+00
     2552    -9.250000000E+01     4.750000000E+01     0.000000000E+00
     2553    -9.000000000E+01     4.750000000E+01     0.000000000E+00
     2554    -8.750000000E+01     4.750000000E+01     0.000000000E+00
     2555    -8.500000000E+01     4.750000000E+01     0.000000000E+00
     2556    -8.250000000E+01     4.750000000E+01     0.000000000E+00
     2557    -8.000000000E+01     4.750000000E+01     0.000000000E+00
     2558    -7.750000000E+01     4.750000000E+01     0.000000000E+00
     2559    -7.500000000E+01     4.750000000E+01     0.000000000E+00
     2560    -7.250000000E+01     4.750000000E+01     0.000000000E+00
     2561    -7.000000000E+01     4.750000000E+01     0.000000000E+00
     2562    -6.750000000E+01     4.750000000E+01     0.000000000E+00
     2563    -6.500000000E+01     4.750000000E+01     0.000000000E+00
     2564    -6.250000000E+01     4.750000000E+01     0.000000000E+00
     2565    -6.000000000E+01     4.750000000E+01     0.000000000E+00
     2566    -5.750000000E+01     4.750000000E+01     0.000000000E+00
     2567    -5.500000000E+01     4.750000000E+01     0.000000000E+00
     2568    -5.250000000E+01     4.750000000E+01     0.000000000E+00
     2569    -5.000000000E+01     4.750000000E+01     0.000000000E+00
     2570    -4.750000000E+01     4.750000000E+01     0.000000000E+00
     2571    -4.500000000E+01     4.750000000E+01     0.000000000E+00
     2572    -4.250000000E+01     4.750000000E+01     0.000000000E+00
     2573    -4.000000000E+01     4.750000000E+01     0.000000000E+00
     2574    -3.750000000E+01     4.750000000E+01     0.000000000E+00
     2575    -3.500000000E+01     4.750000000E+01     0.000000000E+00
     2576    -3.250000000E+01     4.750000000E+01     0.000000000E+00
     2577    -3.000000000E+01     4.750000000E+01     0.000000000E+00
     2578    -2.750000000E+01     4.750000000E+01     0.000000000E+00
     2579    -2.500000000E+01     4.750000000E+01     0.000000000E+00
     2580    -2.250000000E+01     4.750000000E+01     0.000000000E+00
     2581    -2.000000000E+01     4.750000000E+01     0.000000000E+00
     2582    -1.750000000E+01     4.750000000E+01     0.000000000E+00
     2583    -1.500000000E+01     4.750000000E+01     0.000000000E+00
     2584    -1.250000000E+01     4.750000000E+01     0.000000000E+00
     2585    -1.000000000E+01     4.750000000E+01     0.000000000E+00
     2586    -7.500000000E+00     4.750000000E+01     0.000000000E+00
     2587    -5.000000000E+00     4.750000000E+01     0.000000000E+00
     2588    -2.500000000E+00     4.750000000E+01     0.000000000E+00
     2589     3.333921680E-14     4.750000000E+01     0.000000000E+00
     2590     2.500000000E+00     4.750000000E+01     0.000000000E+00
     2591     5.000000000E+00     4.750000000E+01     0.000000000E+00
     2592     7.500000000E+00     4.750000000E+01     0.000000000E+00
     2593     1.000000000E+01     4.750000000E+01     0.000000000E+00
     2594     1.250000000E+01     4.750000000E+01     0.000000000E+00
     2595     1.500000000E+01     4.750000000E+01     0.000000000E+00
     2596     1.750000000E+01     4.750000000E+01     0.000000000E+00
     2597     2.000000000E+01     4.750000000E+01     0.000000000E+00
     2598     2.250000000E+01     4.750000000E+01     0.000000000E+00
     2599     2.500000000E+01     4.750000000E+01     0.000000000E+00
     2600     2.750000000E+01     4.750000000E+01     0.000000000E+00
     2601     3.000000000E+01     4.750000000E+01     0.000000000E+00
     2602     3.250000000E+01     4.750000000E+01     0.000000000E+00
     2603     3.500000000E+01     4.750000000E+01     0.000000000E+00
     2604     3.750000000E+01     4.750000000E+01     0.000000000E+00
     2605     4.000000000E+01     4.750000000E+01     0.000000000E+00
     2606     4.250000000E+01     4.750000000E+01     0.000000000E+00
     2607     4.500000000E+01     4.750000000E+01     0.000000000E+00
     2608     4.750000000E+01     4.750000000E+01     0.000000000E+00
     2609     5.000000000E+01     4.750000000E+01     0.000000000E+00
     2610     5.250000000E+01     4.750000000E+01     0.000000000E+00
     2611     5.500000000E+01     4.750000000E+01     0.000000000E+00
     2612     5.750000000E+01     4.750000000E+01     0.000000000E+00
     2613     6.000000000E+01     4.750000000E+01     0.000000000E+00
     2614     6.250000000E+01     4.750000000E+01     0.000000000E+00
     2615     6.500000000E+01     4.750000000E+01     0.000000000E+00
     2616     6.750000000E+01     4.750000000E+01     0.000000000E+00
     2617     7.000000000E+01     4.750000000E+01     0.000000000E+00
     2618     7.250000000E+01     4.750000000E+01     0.000000000E+00
     2619     7.500000000E+01     4.750000000E+01     0.000000000E+00
     2620     7.750000000E+01     4.750000000E+01     0.000000000E+00
     2621     8.000000000E+01     4.750000000E+01     0.000000000E+00
     2622     8.250000000E+01     4.750000000E+01     0.000000000E+00
     2623     8.500000000E+01     4.750000000E+01     0.000000000E+00
     2624     8.750000000E+01     4.750000000E+01     0.000000000E+00
     2625     9.000000000E+01     4.750000000E+01     0.000000000E+00
     2626     9.250000000E+01     4.750000000E+01     0.000000000E+00
     2627     9.500000000E+01     4.750000000E+01     0.000000000E+00
     2628     9.750000000E+01     4.750000000E+01     0.000000000E+00
     2629     9.750000000E+01     4.500000000E+01     0.000000000E+00
     2630     9.750000000E+01     4.250000000E+01     0.000000000E+00
     2631     9.750000000E+01     4.000000000E+01     0.000000000E+00
     2632     9.750000000E+01     3.750000000E+01     0.000000000E+00
     2633     9.750000000E+01     3.500000000E+01     0.000000000E+00
     2634     9.750000000E+01     3.250000000E+01     0.000000000E+00
     2635     9.750000000E+01     3.000000000E+01     0.000000000E+00
     2636     9.750000000E+01     2.750000000E+01     0.000000000E+00
     2637     9.750000000E+01     2.500000000E+01     0.000000000E+00
     2638     9.750000000E+01     2.250000000E+01     0.000000000E+00
     2639     9.750000000E+01     2.000000000E+01     0.000000000E+00
     2640     9.750000000E+01     1.750000000E+01     0.000000000E+00
     2641     9.750000000E+01     1.500000000E+01     0.000000000E+00
     2642     9.750000000E+01     1.250000000E+01     0.000000000E+00
     2643     9.750000000E+01     1.000000000E+01     0.000000000E+00
     2644     9.750000000E+01     7.500000000E+00     0.000000000E+00
     2645     9.750000000E+01     5.000000000E+00     0.000000000E+00
     2646     9.750000000E+01     2.500000000E+00     0.000000000E+00
     2647     9.750000000E+01    -1.539567085E-14    -0.000000000E+00
     2648     9.750000000E+01    -2.500000000E+00    -0.000000000E+00
     2649     9.750000000E+01    -5.000000000E+00    -0.000000000E+00
     2650     9.750000000E+01    -7.500000000E+00    -0.000000000E+00
     2651     9.750000000E+01    -1.000000000E+01    -0.000000000E+00
     2652     9.750000000E+01    -1.250000000E+01    -0.000000000E+00
     2653     9.750000000E+01    -1.500000000E+01    -0.000000000E+00
     2654     9.750000000E+01    -1.750000000E+01    -0.000000000E+00
     2655     9.750000000E+01    -2.000000000E+01    -0.000000000E+00
     2656     9.750000000E+01    -2.250000000E+01    -0.000000000E+00
     2657     9.750000000E+01    -2.500000000E+01    -0.000000000E+00
     2658     9.750000000E+01    -2.750000000E+01    -0.000000000E+00
     2659     9.750000000E+01    -3.000000000E+01    -0.000000000E+00
     2660     9.750000000E+01    -3.250000000E+01    -0.000000000E+00
     2661     9.750000000E+01    -3.500000000E+01    -0.000000000E+00
     2662     9.750000000E+01    -3.750000000E+01    -0.000000000E+00
     2663     9.750000000E+01    -4.000000000E+01    -0.000000000E+00
     2664     9.750000000E+01    -4.250000000E+01    -0.000000000E+00
     2665     9.750000000E+01    -4.500000000E+01    -0.000000000E+00
     2666     9.750000000E+01    -4.750000000E+01    -0.000000000E+00
     2667     9.500000000E+01    -4.750000000E+01    -0.000000000E+00
     2668     9.250000000E+01    -4.750000000E+01    -0.000000000E+00
     2669     9.000000000E+01    -4.750000000E+01    -0.000000000E+00
     2670     8.750000000E+01    -4.750000000E+01    -0.000000000E+00
     2671     8.500000000E+01    -4.750000000E+01    -0.000000000E+00
     2672     8.250000000E+01    -4.750000000E+01    -0.000000000E+00
     2673     8.000000000E+01    -4.750000000E+01    -0.000000000E+00
     2674     7.750000000E+01    -4.750000000E+01    -0.000000000E+00
     2675     7.500000000E+01    -4.750000000E+01    -0.000000000E+00
     2676     7.250000000E+01    -4.750000000E+01    -0.000000000E+00
     2677     7.000000000E+01    -4.750000000E+01    -0.000000000E+00
     2678     6.750000000E+01    -4.750000000E+01    -0.000000000E+00
     2679     6.500000000E+01    -4.750000000E+01    -0.000000000E+00
     2680     6.250000000E+01    -4.750000000E+01    -0.000000000E+00
     2681     6.000000000E+01    -4.750000000E+01    -0.000000000E+00
     2682     5.750000000E+01    -4.750000000E+01    -0.000000000E+00
     2683     5.500000000E+01    -4.750000000E+01    -0.000000000E+00
     2684     5.250000000E+01    -4.750000000E+01    -0.000000000E+00
     2685     5.000000000E+01    -4.750000000E+01    -0.000000000E+00
     2686     4.750000000E+01    -4.750000000E+01    -0.000000000E+00
     2687     4.500000000E+01    -4.750000000E+01    -0.000000000E+00
     2688     4.250000000E+01    -4.750000000E+01    -0.000000000E+00
     2689     4.000000000E+01    -4.750000000E+01    -0.000000000E+00
     2690     3.750000000E+01    -4.750000000E+01    -0.000000000E+00
     2691     3.500000000E+01    -4.750000000E+01    -0.000000000E+00
     2692     3.250000000E+01    -4.750000000E+01    -0.000000000E+00
     2693     3.000000000E+01    -4.750000000E+01    -0.000000000E+00
     2694     2.750000000E+01    -4.750000000E+01    -0.000000000E+00
     2695     2.500000000E+01    -4.750000000E+01    -0.000000000E+00
     2696     2.250000000E+01    -4.750000000E+01    -0.000000000E+00
     2697     2.000000000E+01    -4.750000000E+01    -0.000000000E+00
     2698     1.750000000E+01    -4.750000000E+01    -0.000000000E+00
     2699     1.500000000E+01    -4.750000000E+01    -0.000000000E+00
     2700     1.250000000E+01    -4.750000000E+01    -0.000000000E+00
     2701     1.000000000E+01    -4.750000000E+01    -0.000000000E+00
     2702     7.500000000E+00    -4.750000000E+01    -0.000000000E+00
     2703     5.000000000E+00    -4.750000000E+01    -0.000000000E+00
     2704     2.500000000E+00    -4.750000000E+01    -0.000000000E+00
     2705    -3.357638603E-14    -4.750000000E+01     0.000000000E+00
     2706    -2.500000000E+00    -4.750000000E+01     0.000000000E+00
     2707    -5.000000000E+00    -4.750000000E+01     0.000000000E+00
     2708    -7.500000000E+00    -4.750000000E+01     0.000000000E+00
     2709    -1.000000000E+01    -4.750000000E+01     0.000000000E+00
     2710    -1.250000000E+01    -4.750000000E+01     0.000000000E+00
     2711    -1.500000000E+01    -4.750000000E+01     0.000000000E+00
     2712    -1.750000000E+01    -4.750000000E+01     0.000000000E+00
     2713    -2.000000000E+01    -4.750000000E+01     0.000000000E+00
     2714    -2.250000000E+01    -4.750000000E+01     0.000000000E+00
     2715    -2.500000000E+01    -4.750000000E+01     0.000000000E+00
     2716    -2.750000000E+01    -4.750000000E+01     0.000000000E+00
     2717    -3.000000000E+01    -4.750000000E+01     0.000000000E+00
     2718    -3.250000000E+01    -4.750000000E+01     0.000000000E+00
     2719    -3.500000000E+01    -4.750000000E+01     0.000000000E+00
     2720    -3.750000000E+01    -4.750000000E+01     0.000000000E+00
     2721    -4.000000000E+01    -4.750000000E+01     0.000000000E+00
     2722    -4.250000000E+01    -4.750000000E+01     0.000000000E+00
     2723    -4.500000000E+01    -4.750000000E+01     0.000000000E+00
     2724    -4.750000000E+01    -4.750000000E+01     0.000000000E+00
     2725    -5.000000000E+01    -4.750000000E+01     0.000000000E+00
     2726    -5.250000000E+01    -4.750000000E+01     0.000000000E+00
     2727    -5.500000000E+01    -4.750000000E+01     0.000000000E+00
     2728    -5.750000000E+01    -4.750000000E+01     0.000000000E+00
     2729    -6.000000000E+01    -4.750000000E+01     0.000000000E+00
     2730    -6.250000000E+01    -4.750000000E+01     0.000000000E+00
     2731    -6.500000000E+01    -4.750000000E+01     0.000000000E+00
     2732    -6.750000000E+01    -4.750000000E+01     0.000000000E+00
     2733    -7.000000000E+01    -4.750000000E+01     0.000000000E+00
     2734    -7.250000000E+01    -4.750000000E+01     0.000000000E+00
     2735    -7.500000000E+01    -4.750000000E+01     0.000000000E+00
     2736    -7.750000000E+01    -4.750000000E+01     0.000000000E+00
     2737    -8.000000000E+01    -4.750000000E+01     0.000000000E+00
     2738    -8.250000000E+01    -4.750000000E+01     0.000000000E+00
     2739    -8.500000000E+01    -4.750000000E+01     0.000000000E+00
     2740    -8.750000000E+01    -4.750000000E+01     0.000000000E+00
     2741    -9.000000000E+01    -4.750000000E+01     0.000000000E+00
     2742    -9.250000000E+01    -4.750000000E+01     0.000000000E+00
     2743    -9.500000000E+01    -4.750000000E+01     0.000000000E+00
     2744    -9.750000000E+01    -4.750000000E+01     0.000000000E+00
     2745    -9.750000000E+01    -4.500000000E+01     0.000000000E+00
     2746    -9.750000000E+01    -4.250000000E+01     0.000000000E+00
     2747    -9.750000000E+01    -4.000000000E+01     0.000000000E+00
     2748    -9.750000000E+01    -3.750000000E+01     0.000000000E+00
     2749    -9.750000000E+01    -3.500000000E+01     0.000000000E+00
     2750    -9.750000000E+01    -3.250000000E+01     0.000000000E+00
     2751    -9.750000000E+01    -3.000000000E+01     0.000000000E+00
     2752    -9.750000000E+01    -2.750000000E+01     0.000000000E+00
     2753    -9.750000000E+01    -2.500000000E+01     0.000000000E+00
     2754    -9.750000000E+01    -2.250000000E+01     0.000000000E+00
     2755    -9.750000000E+01    -2.000000000E+01     0.000000000E+00
     2756    -9.750000000E+01    -1.750000000E+01     0.000000000E+00
     2757    -9.750000000E+01    -1.500000000E+01     0.000000000E+00
     2758    -9.750000000E+01    -1.250000000E+01     0.000000000E+00
     2759    -9.750000000E+01    -1.000000000E+01     0.000000000E+00
     2760    -9.750000000E+01    -7.500000000E+00     0.000000000E+00
     2761    -9.750000000E+01    -5.000000000E+00     0.000000000E+00
     2762    -9.750000000E+01    -2.500000000E+00     0.000000000E+00
     2763    -9.750000000E+01     1.544988096E-14     0.000000000E+00
     2764    -9.750000000E+01     2.500000000E+00     0.000000000E+00
     2765    -9.750000000E+01     5.000000000E+00     0.000000000E+00
     2766    -9.750000000E+01     7.500000000E+00     0.000000000E+00
     2767    -9.750000000E+01     1.000000000E+01     0.000000000E+00
     2768    -9.750000000E+01     1.250000000E+01     0.000000000E+00
     2769    -9.750000000E+01     1.500000000E+01     0.000000000E+00
     2770    -9.750000000E+01     1.750000000E+01     0.000000000E+00
     2771    -9.750000000E+01     2.000000000E+01     0.000000000E+00
     2772    -9.750000000E+01     2.250000000E+01     0.000000000E+00
     2773    -9.750000000E+01     2.500000000E+01     0.000000000E+00
     2774    -9.750000000E+01     2.750000000E+01     0.000000000E+00
     2775    -9.750000000E+01     3.000000000E+01     0.000000000E+00
     2776    -9.750000000E+01     3.250000000E+01     0.000000000E+00
     2777    -9.750000000E+01     3.500000000E+01     0.000000000E+00
     2778    -9.750000000E+01     3.750000000E+01     0.000000000E+00
     2779    -9.750000000E+01     4.000000000E+01     0.000000000E+00
     2780    -9.750000000E+01     4.250000000E+01     0.000000000E+00
     2781    -9.750000000E+01     4.500000000E+01     0.000000000E+00
     2782    -9.750000000E+01     4.750000000E+01     0.000000000E+00
     2783    -5.250000000E+01     2.500000003E+00     0.000000000E+00
     2784    -5.500000000E+01     2.500000003E+00     0.000000000E+00
     2785    -6.000000000E+01     4.500000000E+01     0.000000000E+00
     2786    -2.500000000E+01    -4.500000000E+01     0.000000000E+00
     2787     2.250000000E+01     4.500000000E+01     0.000000000E+00
     2788     6.000000000E+01     4.250000000E+01     0.000000000E+00
     2789     2.000000000E+01    -4.500000000E+01    -0.000000000E+00
     2790     3.750000000E+01     4.000000000E+01     0.000000000E+00
     2791     3.000000000E+01    -2.500000000E+01    -0.000000000E+00
     2792    -7.500000000E+01    -4.500000000E+01     0.000000000E+00
     2793    -7.750000000E+01    -2.250000000E+01     0.000000000E+00
     2794    -6.500000000E+01    -5.000000000E+00     0.000000000E+00
     2795     2.750000000E+01     4.250000000E+01     0.000000000E+00
     2796     9.500000000E+01     2.500000000E+01     0.000000000E+00
     2797    -6.500000000E+01    -1.000000000E+01     0.000000000E+00
     2798    -9.500000000E+01    -4.000000000E+01     0.000000000E+00
     2799     5.250000000E+01     1.499999999E+01     0.000000000E+00
     2800     2.500000000E+00     4.250000000E+01     0.000000000E+00
     2801     2.750000000E+01    -4.500000000E+01    -0.000000000E+00
     2802     2.750000000E+01    -4.250000000E+01    -0.000000000E+00
     2803     2.000000000E+01     4.000000000E+01     0.000000000E+00
     2804     9.500000000E+01    -3.000000000E+01    -0.000000000E+00
     2805    -3.750000000E+01     2.000000000E+01     0.000000000E+00
     2806     3.000000000E+01     4.500000000E+01     0.000000000E+00
     2807    -2.000000000E+01    -4.500000000E+01     0.000000000E+00
     2808    -9.500000000E+01     4.000000000E+01     0.000000000E+00
     2809     6.750000000E+01    -5.000000000E+00    -0.000000000E+00
     2810    -9.500000000E+01    -3.000000000E+01     0.000000000E+00
     2811     9.500000000E+01     5.000000000E+00     0.000000000E+00
     2812     9.500000000E+01    -1.500000000E+01    -0.000000000E+00
     2813    -4.500000000E+01    -1.500000000E+01     0.000000000E+00
     2814     3.000000000E+01    -2.000000000E+01    -0.000000000E+00
     2815     2.750000000E+01     4.500000000E+01     0.000000000E+00
     2816    -1.250000000E+01     4.250000000E+01     0.000000000E+00
     2817    -4.750000000E+01    -2.250000001E+01     0.000000000E+00
     2818    -6.500000000E+01    -4.500000000E+01     0.000000000E+00
     2819    -6.500000000E+01     1.750000000E+01     0.000000000E+00
     2820     6.750000000E+01    -4.250000000E+01    -0.000000000E+00
     2821     5.250000000E+01     4.250000000E+01     0.000000000E+00
     2822    -9.500000000E+01    -2.000000000E+01     0.000000000E+00
     2823     4.750000000E+01     1.250000000E+01     0.000000000E+00
     2824     8.750000000E+01    -3.500000000E+01    -0.000000000E+00
     2825    -8.250000000E+01    -3.500000000E+01     0.000000000E+00
     2826     3.000000000E+01    -2.250000000E+01    -0.000000000E+00
     2827    -1.500000000E+01    -4.500000000E+01     0.000000000E+00
     2828    -3.250000000E+01    -2.250000000E+01     0.000000000E+00
     2829    -4.250000000E+01    -1.500000000E+01     0.000000000E+00
     2830     6.000000000E+01    -1.750000000E+01    -0.000000000E+00
     2831     5.750000000E+01     4.250000000E+01     0.000000000E+00
     2832     1.750000000E+01    -4.250000000E+01    -0.000000000E+00
     2833    -5.500000000E+01    -1.500000001E+01     0.000000000E+00
     2834    -6.000000000E+01    -5.000000000E+00     0.000000000E+00
     2835     7.750000000E+01     2.750000000E+01     0.000000000E+00
     2836     3.250000000E+01     2.250000000E+01     0.000000000E+00
     2837     6.500000000E+01    -4.500000000E+01    -0.000000000E+00
     2838    -2.000000000E+01    -3.250000000E+01     0.000000000E+00
     2839    -9.500000000E+01    -1.500000000E+01     0.000000000E+00
     2840     4.500000000E+01     4.500000000E+01     0.000000000E+00
     2841    -5.000000000E+00     4.500000000E+01     0.000000000E+00
     2842     9.500000000E+01    -1.517883041E-14    -0.000000000E+00
     2843    -3.750000000E+01     1.750000000E+01     0.000000000E+00
     2844    -1.000000000E+01    -4.500000000E+01     0.000000000E+00
     2845     7.500000000E+01     4.500000000E+01     0.000000000E+00
     2846    -8.500000000E+01     2.750000000E+01     0.000000000E+00
     2847     2.500000000E+01    -1.750000000E+01    -0.000000000E+00
     2848     6.500000000E+01    -1.750000000E+01    -0.000000000E+00
     2849     5.750000000E+01     1.749999999E+01     0.000000000E+00
     2850     5.000000000E+01    -2.000000000E+01    -0.000000000E+00
     2851    -7.750000000E+01     2.086438661E-12     0.000000000E+00
     2852    -3.250000000E+01     4.500000000E+01     0.000000000E+00
     2853    -1.000000000E+01     4.500000000E+01     0.000000000E+00
     2854     7.250000000E+01    -4.250000000E+01    -0.000000000E+00
     2855     2.750000000E+01    -2.500000000E+01    -0.000000000E+00
     2856    -9.500000000E+01     2.500000000E+01     0.000000000E+00
     2857     3.500000000E+01    -4.500000000E+01    -0.000000000E+00
     2858    -5.250000000E+01    -1.500000001E+01     0.000000000E+00
     2859    -9.500000000E+01     3.000000000E+01     0.000000000E+00
     2860    -4.750000000E+01    -4.250000000E+01     0.000000000E+00
     2861    -7.750000000E+01     2.000000000E+01     0.000000000E+00
     2862    -4.250000000E+01     1.750000000E+01     0.000000000E+00
     2863    -6.750000000E+01    -1.000000000E+01     0.000000000E+00
     2864    -5.750000000E+01    -1.000000001E+01     0.000000000E+00
     2865     6.250000000E+01    -4.500000000E+01    -0.000000000E+00
     2866    -5.500000000E+01     4.500000000E+01     0.000000000E+00
     2867     4.750000000E+01     1.500000000E+01     0.000000000E+00
     2868     6.750000000E+01    -1.000000000E+01    -0.000000000E+00
     2869     4.250000000E+01     1.500000000E+01     0.000000000E+00
     2870     6.500000000E+01     4.687136096E-11     0.000000000E+00
     2871     2.000000000E+01     4.500000000E+01     0.000000000E+00
     2872     7.500000000E+01    -4.500000000E+01    -0.000000000E+00
     2873     9.500000000E+01    -1.000000000E+01    -0.000000000E+00
     2874    -7.000000000E+01     7.500000000E+00     0.000000000E+00
     2875     1.000000000E+01    -4.500000000E+01    -0.000000000E+00
     2876     7.000000000E+01     4.500000000E+01     0.000000000E+00
     2877    -6.000000000E+01     1.750000000E+01     0.000000000E+00
     2878     9.500000000E+01    -2.000000000E+01    -0.000000000E+00
     2879    -4.000000000E+01     1.750000000E+01     0.000000000E+00
     2880    -6.750000000E+01     1.750000000E+01     0.000000000E+00
     2881    -5.000000000E+01    -1.500000001E+01     0.000000000E+00
     2882     4.750000000E+01    -4.250000000E+01    -0.000000000E+00
     2883     2.750000000E+01    -2.750000000E+01    -0.000000000E+00
     2884     1.750000000E+01     2.500000000E+01     0.000000000E+00
     2885     4.500000000E+01     1.500000000E+01     0.000000000E+00
     2886    -7.250000000E+01     4.250000000E+01     0.000000000E+00
     2887    -2.000000000E+01     4.500000000E+01     0.000000000E+00
     2888    -4.000000000E+01     3.000000000E+01     0.000000000E+00
     2889    -6.000000000E+01     3.500000000E+01     0.000000000E+00
     2890    -6.000000000E+01     9.430069979E-11     0.000000000E+00
     2891    -5.000000000E+01     4.500000000E+01     0.000000000E+00
     2892     3.250000000E+01     3.000000000E+01     0.000000000E+00
     2893     7.000000000E+01    -4.500000000E+01    -0.000000000E+00
     2894    -2.500000000E+01    -2.000000000E+01     0.000000000E+00
     2895     9.250000000E+01     4.250000000E+01     0.000000000E+00
     2896     9.500000000E+01    -3.750000000E+01    -0.000000000E+00
     2897    -6.000000000E+01    -4.500000000E+01     0.000000000E+00
     2898    -4.000000000E+01     3.500000000E+01     0.000000000E+00
     2899     3.000000000E+01    -2.750000000E+01    -0.000000000E+00
     2900     6.250000000E+01     1.000000000E+01     0.000000000E+00
     2901     5.750000000E+01     4.999999994E+00     0.000000000E+00
     2902    -4.500000000E+01     2.000000000E+01     0.000000000E+00
     2903    -4.250000000E+01     2.500000000E+01     0.000000000E+00
     2904    -8.500000000E+01    -2.750000000E+01     0.000000000E+00
     2905    -3.000000000E+01     2.250000000E+01     0.000000000E+00
     2906    -9.250000000E+01    -2.750000000E+01     0.000000000E+00
     2907    -9.000000000E+01    -4.500000000E+01     0.000000000E+00
     2908    -9.500000000E+01     1.539567085E-14     0.000000000E+00
     2909     8.500000000E+01    -2.500000000E+01    -0.000000000E+00
     2910    -9.500000000E+01     3.500000000E+01     0.000000000E+00
     2911    -9.000000000E+01     4.500000000E+01     0.000000000E+00
     2912     8.500000000E+01    -2.000000000E+01    -0.000000000E+00
     2913    -9.500000000E+01     2.000000000E+01     0.000000000E+00
     2914    -4.500000000E+01     4.500000000E+01     0.000000000E+00
     2915     8.000000000E+01    -4.500000000E+01    -0.000000000E+00
     2916     4.000000000E+01    -3.750000000E+01    -0.000000000E+00
     2917    -4.250000000E+01     3.000000000E+01     0.000000000E+00
     2918    -5.500000000E+01     1.750000000E+01     0.000000000E+00
     2919    -2.000000000E+01     2.750000000E+01     0.000000000E+00
     2920    -7.000000000E+01     6.009949483E-11     0.000000000E+00
     2921    -3.250000000E+01     4.250000000E+01     0.000000000E+00
     2922    -2.500000000E+01     4.500000000E+01     0.000000000E+00
     2923     6.750000000E+01     1.500000000E+01     0.000000000E+00
     2924     8.750000000E+01    -4.000000000E+01    -0.000000000E+00
     2925     9.500000000E+01     1.500000000E+01     0.000000000E+00
     2926    -6.000000000E+01    -4.000000000E+01     0.000000000E+00
     2927    -3.750000000E+01     4.250000000E+01     0.000000000E+00
     2928    -3.000000000E+01     3.000000000E+01     0.000000000E+00
     2929    -5.500000000E+01    -4.500000000E+01     0.000000000E+00
     2930     6.250000000E+01    -9.999999999E+00    -0.000000000E+00
     2931     7.000000000E+01     3.086333272E-11     0.000000000E+00
     2932     6.500000000E+01    -1.500000000E+01    -0.000000000E+00
     2933     9.500000000E+01    -5.000000000E+00    -0.000000000E+00
     2934     6.500000000E+01     1.750000000E+01     0.000000000E+00
     2935     2.499999998E+00     2.250000000E+01     0.000000000E+00
     2936     5.000000000E+01    -1.750000000E+01    -0.000000000E+00
     2937     5.500000000E+01    -1.750000000E+01    -0.000000000E+00
     2938     6.000000000E+01     5.087374749E-11     0.000000000E+00
     2939    -4.250000000E+01    -4.250000000E+01     0.000000000E+00
     2940    -6.750000000E+01     7.834011218E-11     0.000000000E+00
     2941     1.500000000E+01    -4.500000000E+01    -0.000000000E+00
     2942    -6.500000000E+01     1.500000000E+01     0.000000000E+00
     2943     9.250000000E+01    -3.750000000E+01    -0.000000000E+00
     2944     6.250000000E+01    -4.250000000E+01    -0.000000000E+00
     2945    -3.250000000E+01    -2.500000000E+01     0.000000000E+00
     2946     6.000000000E+01     9.999999994E+00     0.000000000E+00
     2947     6.000000000E+01     5.000000001E+00     0.000000000E+00
     2948     5.750000000E+01    -1.750000000E+01    -0.000000000E+00
     2949     5.000000000E+00     4.500000000E+01     0.000000000E+00
     2950    -2.000000000E+01     2.000000000E+01     0.000000000E+00
     2951    -7.500000001E+00    -3.000000000E+01     0.000000000E+00
     2952    -4.250000000E+01     3.500000000E+01     0.000000000E+00
     2953     5.000000000E+01     3.500000000E+01     0.000000000E+00
     2954     6.750000000E+01     1.000000000E+01     0.000000000E+00
     2955     1.500000000E+01    -2.750000000E+01    -0.000000000E+00
     2956    -2.750000000E+01     4.250000000E+01     0.000000000E+00
     2957     3.250000000E+01     2.500000000E+01     0.000000000E+00
     2958     6.500000000E+01    -5.000000000E+00    -0.000000000E+00
     2959    -1.750000000E+01     3.250000000E+01     0.000000000E+00
     2960    -1.000000000E+01     3.250000000E+01     0.000000000E+00
     2961     1.000000000E+01     4.500000000E+01     0.000000000E+00
     2962     4.000000000E+01     7.499999997E+00     0.000000000E+00
     2963     3.750000000E+01    -4.250000000E+01    -0.000000000E+00
     2964    -3.000000000E+01     3.250000000E+01     0.000000000E+00
     2965    -7.000000000E+01    -3.500000000E+01     0.000000000E+00
     2966     6.500000000E+01     3.750000000E+01     0.000000000E+00
     2967     1.750000000E+01     4.250000000E+01     0.000000000E+00
     2968    -9.250000000E+01    -3.250000000E+01     0.000000000E+00
     2969     5.000000000E+01     4.500000000E+01     0.000000000E+00
     2970     9.250000000E+01     1.750000000E+01     0.000000000E+00
     2971     4.250000000E+01     1.750000000E+01     0.000000000E+00
     2972     6.750000000E+01     5.000000000E+00     0.000000000E+00
     2973     5.000000000E+01    -4.500000000E+01    -0.000000000E+00
     2974    -3.000000000E+01     2.500000000E+01     0.000000000E+00
     2975    -8.000000000E+01    -4.500000000E+01     0.000000000E+00
     2976    -6.250000000E+01    -5.000000000E+00     0.000000000E+00
     2977     1.250000000E+01    -4.250000000E+01    -0.000000000E+00
     2978     5.500000000E+01    -4.500000000E+01    -0.000000000E+00
     2979    -7.500000000E+00     4.250000000E+01     0.000000000E+00
     2980    -2.250000000E+01     4.250000000E+01     0.000000000E+00
     2981     9.000000000E+01     4.500000000E+01     0.000000000E+00
     2982    -7.750000000E+01    -7.500000000E+00     0.000000000E+00
     2983    -7.000000000E+01    -1.250000000E+01     0.000000000E+00
     2984     9.500000000E+01    -4.000000000E+01    -0.000000000E+00
     2985     8.750000000E+01    -3.750000000E+01    -0.000000000E+00
     2986    -9.500000000E+01    -5.000000000E+00     0.000000000E+00
     2987     6.000000000E+01    -9.999999996E+00    -0.000000000E+00
     2988    -8.500000000E+01     1.750000000E+01     0.000000000E+00
     2989     6.250000000E+01     4.953936567E-11     0.000000000E+00
     2990    -5.250000000E+01     4.250000000E+01     0.000000000E+00
     2991    -9.500000000E+01    -3.500000000E+01     0.000000000E+00
     2992    -6.250000000E+01     9.202014151E-11     0.000000000E+00
     2993     5.750000000E+01     2.499999994E+00     0.000000000E+00
     2994     6.500000000E+01     1.000000000E+01     0.000000000E+00
     2995     5.000000000E+01     1.499999999E+01     0.000000000E+00
     2996     5.500000000E+01     2.946475963E-09     0.000000000E+00
     2997     6.750000000E+01     4.153524313E-11     0.000000000E+00
     2998     6.000000000E+01    -4.500000000E+01    -0.000000000E+00
     2999    -4.000000000E+01     4.500000000E+01     0.000000000E+00
     3000    -4.750000000E+01     2.000000000E+01     0.000000000E+00
     3001     6.250000000E+01     1.750000000E+01     0.000000000E+00
     3002    -5.000000000E+01     1.750000000E+01     0.000000000E+00
     3003     4.000000000E+01     1.500000000E+01     0.000000000E+00
     3004    -8.750000000E+01     1.000000000E+01     0.000000000E+00
     3005    -3.250000000E+01    -4.250000000E+01     0.000000000E+00
     3006    -2.250000000E+01    -3.750000000E+01     0.000000000E+00
     3007     5.000000000E+00    -4.500000000E+01    -0.000000000E+00
     3008    -7.000000000E+01    -4.500000000E+01     0.000000000E+00
     3009     9.500000000E+01    -3.500000000E+01    -0.000000000E+00
     3010     9.250000000E+01     1.250000000E+01     0.000000000E+00
     3011    -8.500000000E+01    -3.500000000E+01     0.000000000E+00
     3012    -4.500000000E+01    -3.250000000E+01     0.000000000E+00
     3013     9.000000000E+01     3.000000000E+01     0.000000000E+00
     3014    -3.500000000E+01     4.500000000E+01     0.000000000E+00
     3015    -4.250000000E+01    -1.760208393E-09     0.000000000E+00
     3016    -5.000000001E+00    -3.500000000E+01     0.000000000E+00
     3017     2.250000000E+01    -2.000000000E+01    -0.000000000E+00
     3018    -7.500000001E+00    -3.500000000E+01     0.000000000E+00
     3019     2.499999999E+00    -3.000000000E+01    -0.000000000E+00
     3020    -4.500000000E+01     1.750000000E+01     0.000000000E+00
     3021     6.500000000E+01    -2.000000000E+01    -0.000000000E+00
     3022     8.750000000E+01    -1.750000000E+01    -0.000000000E+00
     3023    -6.750000000E+01     1.500000000E+01     0.000000000E+00
     3024    -5.000000000E+01     3.750000000E+01     0.000000000E+00
     3025    -5.750000000E+01    -4.250000000E+01     0.000000000E+00
     3026    -5.500000000E+01    -2.750000000E+01     0.000000000E+00
     3027     4.000000000E+01     3.500000000E+01     0.000000000E+00
     3028     9.250000000E+01    -7.500000000E+00    -0.000000000E+00
     3029    -5.000000000E+00    -4.500000000E+01     0.000000000E+00
     3030    -2.940220767E-14    -4.500000000E+01     0.000000000E+00
     3031    -8.500000000E+01     4.500000000E+01     0.000000000E+00
     3032     3.250000000E+01     2.750000000E+01     0.000000000E+00
     3033    -3.000000000E+01    -2.500000000E+01     0.000000000E+00
     3034     4.000000000E+01     4.500000000E+01     0.000000000E+00
     3035    -9.250000000E+01    -1.750000000E+01     0.000000000E+00
     3036    -6.250000000E+01     2.750000000E+01     0.000000000E+00
     3037     6.250000000E+01    -3.750000000E+01    -0.000000000E+00
     3038    -3.000000000E+01     2.000000000E+01     0.000000000E+00
     3039    -3.500000000E+01     1.750000000E+01     0.000000000E+00
     3040    -6.750000000E+01     1.000000000E+01     0.000000000E+00
     3041     6.500000000E+01     4.500000000E+01     0.000000000E+00
     3042    -6.000000000E+01     1.250000000E+01     0.000000000E+00
     3043    -4.250000000E+01     2.000000000E+01     0.000000000E+00
     3044    -9.250000000E+01     2.250000000E+01     0.000000000E+00
     3045    -3.000000000E+01     2.750000000E+01     0.000000000E+00
     3046     3.000000000E+01    -3.000000000E+01    -0.000000000E+00
     3047     5.250000000E+01    -1.750000000E+01    -0.000000000E+00
     3048    -6.750000000E+01     2.000000000E+01     0.000000000E+00
     3049     2.250000000E+01     4.250000000E+01     0.000000000E+00
     3050     7.500000000E+00     4.250000000E+01     0.000000000E+00
     3051    -1.250000000E+01     3.250000000E+01     0.000000000E+00
     3052     7.750000000E+01    -4.250000000E+01    -0.000000000E+00
     3053    -9.250000000E+01    -2.500000000E+00     0.000000000E+00
     3054     7.250000000E+01    -5.000000000E+00    -0.000000000E+00
     3055     8.250000000E+01     4.000000000E+01     0.000000000E+00
     3056     6.500000000E+01    -1.000000000E+01    -0.000000000E+00
     3057     6.500000000E+01     5.000000000E+00     0.000000000E+00
     3058    -4.500000000E+01     2.500000000E+01     0.000000000E+00
     3059     4.750000000E+01    -1.750000000E+01    -0.000000000E+00
     3060    -8.500000000E+01     2.461138932E-14     0.000000000E+00
     3061    -8.750000000E+01     4.000000000E+01     0.000000000E+00
     3062     3.750000000E+01    -1.750000000E+01    -0.000000000E+00
     3063     4.750000000E+01    -3.750000000E+01    -0.000000000E+00
     3064    -2.000000000E+01     3.250000000E+01     0.000000000E+00
     3065    -8.500000000E+01     3.000000000E+01     0.000000000E+00
     3066    -4.750000000E+01     1.750000000E+01     0.000000000E+00
     3067    -4.750000000E+01    -1.500000001E+01     0.000000000E+00
     3068     4.750000000E+01     9.999999995E+00     0.000000000E+00
     3069    -1.000000000E+02    -4.875000000E+01     0.000000000E+00
     3070    -9.875000000E+01    -5.000000000E+01     0.000000000E+00
     3071    -1.000000000E+02     4.875000000E+01     0.000000000E+00
     3072    -9.875000000E+01     5.000000000E+01     0.000000000E+00
     3073    -1.000000000E+02    -4.625000000E+01     0.000000000E+00
     3074    -9.875000000E+01    -4.750000000E+01     0.000000000E+00
     3075    -1.000000000E+02    -4.375000000E+01     0.000000000E+00
     3076    -9.875000000E+01    -4.500000000E+01     0.000000000E+00
     3077    -1.000000000E+02    -4.125000000E+01     0.000000000E+00
     3078    -9.875000000E+01    -4.250000000E+01     0.000000000E+00
     3079    -1.000000000E+02    -3.875000000E+01     0.000000000E+00
     3080    -9.875000000E+01    -4.000000000E+01     0.000000000E+00
     3081    -1.000000000E+02    -3.625000000E+01     0.000000000E+00
     3082    -9.875000000E+01    -3.750000000E+01     0.000000000E+00
     3083    -1.000000000E+02    -3.375000000E+01     0.000000000E+00
     3084    -9.875000000E+01    -3.500000000E+01     0.000000000E+00
     3085    -1.000000000E+02    -3.125000000E+01     0.000000000E+00
     3086    -9.875000000E+01    -3.250000000E+01     0.000000000E+00
     3087    -1.000000000E+02    -2.875000000E+01     0.000000000E+00
     3088    -9.875000000E+01    -3.000000000E+01     0.000000000E+00
     3089    -1.000000000E+02    -2.625000000E+01     0.000000000E+00
     3090    -9.875000000E+01    -2.750000000E+01     0.000000000E+00
     3091    -1.000000000E+02    -2.375000000E+01     0.000000000E+00
     3092    -9.875000000E+01    -2.500000000E+01     0.000000000E+00
     3093    -1.000000000E+02    -2.125000000E+01     0.000000000E+00
     3094    -9.875000000E+01    -2.250000000E+01     0.000000000E+00
     3095    -1.000000000E+02    -1.875000000E+01     0.000000000E+00
     3096    -9.875000000E+01    -2.000000000E+01     0.000000000E+00
     3097    -1.000000000E+02    -1.625000000E+01     0.000000000E+00
     3098    -9.875000000E+01    -1.750000000E+01     0.000000000E+00
     3099    -1.000000000E+02    -1.375000000E+01     0.000000000E+00
     3100    -9.875000000E+01    -1.500000000E+01     0.000000000E+00
     3101    -1.000000000E+02    -1.125000000E+01     0.000000000E+00
     3102    -9.875000000E+01    -1.250000000E+01     0.000000000E+00
     3103    -1.000000000E+02    -8.750000000E+00     0.000000000E+00
     3104    -9.875000000E+01    -1.000000000E+01     0.000000000E+00
     3105    -1.000000000E+02    -6.250000000E+00     0.000000000E+00
     3106    -9.875000000E+01    -7.500000000E+00     0.000000000E+00
     3107    -1.000000000E+02    -3.750000000E+00     0.000000000E+00
     3108    -9.875000000E+01    -5.000000000E+00     0.000000000E+00
     3109    -1.000000000E+02    -1.250000000E+00     0.000000000E+00
     3110    -9.875000000E+01    -2.500000000E+00     0.000000000E+00
     3111    -1.000000000E+02     1.250000000E+00     0.000000000E+00
     3112    -9.875000000E+01     1.466383438E-14     0.000000000E+00
     3113    -1.000000000E+02     3.750000000E+00     0.000000000E+00
     3114    -9.875000000E+01     2.500000000E+00     0.000000000E+00
     3115    -1.000000000E+02     6.250000000E+00     0.000000000E+00
     3116    -9.875000000E+01     5.000000000E+00     0.000000000E+00
     3117    -1.000000000E+02     8.750000000E+00     0.000000000E+00
     3118    -9.875000000E+01     7.500000000E+00     0.000000000E+00
     3119    -1.000000000E+02     1.125000000E+01     0.000000000E+00
     3120    -9.875000000E+01     1.000000000E+01     0.000000000E+00
     3121    -1.000000000E+02     1.375000000E+01     0.000000000E+00
     3122    -9.875000000E+01     1.250000000E+01     0.000000000E+00
     3123    -1.000000000E+02     1.625000000E+01     0.000000000E+00
     3124    -9.875000000E+01     1.500000000E+01     0.000000000E+00
     3125    -1.000000000E+02     1.875000000E+01     0.000000000E+00
     3126    -9.875000000E+01     1.750000000E+01     0.000000000E+00
     3127    -1.000000000E+02     2.125000000E+01     0.000000000E+00
     3128    -9.875000000E+01     2.000000000E+01     0.000000000E+00
     3129    -1.000000000E+02     2.375000000E+01     0.000000000E+00
     3130    -9.875000000E+01     2.250000000E+01     0.000000000E+00
     3131    -1.000000000E+02     2.625000000E+01     0.000000000E+00
     3132    -9.875000000E+01     2.500000000E+01     0.000000000E+00
     3133    -1.000000000E+02     2.875000000E+01     0.000000000E+00
     3134    -9.875000000E+01     2.750000000E+01     0.000000000E+00
     3135    -1.000000000E+02     3.125000000E+01     0.000000000E+00
     3136    -9.875000000E+01     3.000000000E+01     0.000000000E+00
     3137    -1.000000000E+02     3.375000000E+01     0.000000000E+00
     3138    -9.875000000E+01     3.250000000E+01     0.000000000E+00
     3139    -1.000000000E+02     3.625000000E+01     0.000000000E+00
     3140    -9.875000000E+01     3.500000000E+01     0.000000000E+00
     3141    -1.000000000E+02     3.875000000E+01     0.000000000E+00
     3142    -9.875000000E+01     3.750000000E+01     0.000000000E+00
     3143    -1.000000000E+02     4.125000000E+01     0.000000000E+00
     3144    -9.875000000E+01     4.000000000E+01     0.000000000E+00
     3145    -1.000000000E+02     4.375000000E+01     0.000000000E+00
     3146    -9.875000000E+01     4.250000000E+01     0.000000000E+00
     3147    -1.000000000E+02     4.625000000E+01     0.000000000E+00
     3148    -9.875000000E+01     4.500000000E+01     0.000000000E+00
     3149    -9.875000000E+01     4.750000000E+01     0.000000000E+00
     3150     9.875000000E+01    -5.000000000E+01     0.000000000E+00
     3151     1.000000000E+02    -4.875000000E+01     0.000000000E+00
     3152     9.625000000E+01    -5.000000000E+01     0.000000000E+00
     3153     9.750000000E+01    -4.875000000E+01     0.000000000E+00
     3154     9.375000000E+01    -5.000000000E+01     0.000000000E+00
     3155     9.500000000E+01    -4.875000000E+01     0.000000000E+00
     3156     9.125000000E+01    -5.000000000E+01     0.000000000E+00
     3157     9.250000000E+01    -4.875000000E+01     0.000000000E+00
     3158     8.875000000E+01    -5.000000000E+01     0.000000000E+00
     3159     9.000000000E+01    -4.875000000E+01     0.000000000E+00
     3160     8.625000000E+01    -5.000000000E+01     0.000000000E+00
     3161     8.750000000E+01    -4.875000000E+01     0.000000000E+00
     3162     8.375000000E+01    -5.000000000E+01     0.000000000E+00
     3163     8.500000000E+01    -4.875000000E+01     0.000000000E+00
     3164     8.125000000E+01    -5.000000000E+01     0.000000000E+00
     3165     8.250000000E+01    -4.875000000E+01     0.000000000E+00
     3166     7.875000000E+01    -5.000000000E+01     0.000000000E+00
     3167     8.000000000E+01    -4.875000000E+01     0.000000000E+00
     3168     7.625000000E+01    -5.000000000E+01     0.000000000E+00
     3169     7.750000000E+01    -4.875000000E+01     0.000000000E+00
     3170     7.375000000E+01    -5.000000000E+01     0.000000000E+00
     3171     7.500000000E+01    -4.875000000E+01     0.000000000E+00
     3172     7.125000000E+01    -5.000000000E+01     0.000000000E+00
     3173     7.250000000E+01    -4.875000000E+01     0.000000000E+00
     3174     6.875000000E+01    -5.000000000E+01     0.000000000E+00
     3175     7.000000000E+01    -4.875000000E+01     0.000000000E+00
     3176     6.625000000E+01    -5.000000000E+01     0.000000000E+00
     3177     6.750000000E+01    -4.875000000E+01     0.000000000E+00
     3178     6.375000000E+01    -5.000000000E+01     0.000000000E+00
     3179     6.500000000E+01    -4.875000000E+01     0.000000000E+00
     3180     6.125000000E+01    -5.000000000E+01     0.000000000E+00
     3181     6.250000000E+01    -4.875000000E+01     0.000000000E+00
     3182     5.875000000E+01    -5.000000000E+01     0.000000000E+00
     3183     6.000000000E+01    -4.875000000E+01     0.000000000E+00
     3184     5.625000000E+01    -5.000000000E+01     0.000000000E+00
     3185     5.750000000E+01    -4.875000000E+01     0.000000000E+00
     3186     5.375000000E+01    -5.000000000E+01     0.000000000E+00
     3187     5.500000000E+01    -4.875000000E+01     0.000000000E+00
     3188     5.125000000E+01    -5.000000000E+01     0.000000000E+00
     3189     5.250000000E+01    -4.875000000E+01     0.000000000E+00
     3190     4.875000000E+01    -5.000000000E+01     0.000000000E+00
     3191     5.000000000E+01    -4.875000000E+01     0.000000000E+00
     3192     4.625000000E+01    -5.000000000E+01     0.000000000E+00
     3193     4.750000000E+01    -4.875000000E+01     0.000000000E+00
     3194     4.375000000E+01    -5.000000000E+01     0.000000000E+00
     3195     4.500000000E+01    -4.875000000E+01     0.000000000E+00
     3196     4.125000000E+01    -5.000000000E+01     0.000000000E+00
     3197     4.250000000E+01    -4.875000000E+01     0.000000000E+00
     3198     3.875000000E+01    -5.000000000E+01     0.000000000E+00
     3199     4.000000000E+01    -4.875000000E+01     0.000000000E+00
     3200     3.625000000E+01    -5.000000000E+01     0.000000000E+00
     3201     3.750000000E+01    -4.875000000E+01     0.000000000E+00
     3202     3.375000000E+01    -5.000000000E+01     0.000000000E+00
     3203     3.500000000E+01    -4.875000000E+01     0.000000000E+00
     3204     3.125000000E+01    -5.000000000E+01     0.000000000E+00
     3205     3.250000000E+01    -4.875000000E+01     0.000000000E+00
     3206     2.875000000E+01    -5.000000000E+01     0.000000000E+00
     3207     3.000000000E+01    -4.875000000E+01     0.000000000E+00
     3208     2.625000000E+01    -5.000000000E+01     0.000000000E+00
     3209     2.750000000E+01    -4.875000000E+01     0.000000000E+00
     3210     2.375000000E+01    -5.000000000E+01     0.000000000E+00
     3211     2.500000000E+01    -4.875000000E+01     0.000000000E+00
     3212     2.125000000E+01    -5.000000000E+01     0.000000000E+00
     3213     2.250000000E+01    -4.875000000E+01     0.000000000E+00
     3214     1.875000000E+01    -5.000000000E+01     0.000000000E+00
     3215     2.000000000E+01    -4.875000000E+01     0.000000000E+00
     3216     1.625000000E+01    -5.000000000E+01     0.000000000E+00
     3217     1.750000000E+01    -4.875000000E+01     0.000000000E+00
     3218     1.375000000E+01    -5.000000000E+01     0.000000000E+00
     3219     1.500000000E+01    -4.875000000E+01     0.000000000E+00
     3220     1.125000000E+01    -5.000000000E+01     0.000000000E+00
     3221     1.250000000E+01    -4.875000000E+01     0.000000000E+00
     3222     8.750000000E+00    -5.000000000E+01     0.000000000E+00
     3223     1.000000000E+01    -4.875000000E+01     0.000000000E+00
     3224     6.250000000E+00    -5.000000000E+01     0.000000000E+00
     3225     7.500000000E+00    -4.875000000E+01     0.000000000E+00
     3226     3.750000000E+00    -5.000000000E+01     0.000000000E+00
     3227     5.000000000E+00    -4.875000000E+01     0.000000000E+00
     3228     1.250000000E+00    -5.000000000E+01     0.000000000E+00
     3229     2.500000000E+00    -4.875000000E+01     0.000000000E+00
     3230    -1.250000000E+00    -5.000000000E+01     0.000000000E+00
     3231    -3.760487473E-14    -4.875000000E+01     0.000000000E+00
     3232    -3.750000000E+00    -5.000000000E+01     0.000000000E+00
     3233    -2.500000000E+00    -4.875000000E+01     0.000000000E+00
     3234    -6.250000000E+00    -5.000000000E+01     0.000000000E+00
     3235    -5.000000000E+00    -4.875000000E+01     0.000000000E+00
     3236    -8.750000000E+00    -5.000000000E+01     0.000000000E+00
     3237    -7.500000000E+00    -4.875000000E+01     0.000000000E+00
     3238    -1.125000000E+01    -5.000000000E+01     0.000000000E+00
     3239    -1.000000000E+01    -4.875000000E+01     0.000000000E+00
     3240    -1.375000000E+01    -5.000000000E+01     0.000000000E+00
     3241    -1.250000000E+01    -4.875000000E+01     0.000000000E+00
     3242    -1.625000000E+01    -5.000000000E+01     0.000000000E+00
     3243    -1.500000000E+01    -4.875000000E+01     0.000000000E+00
     3244    -1.875000000E+01    -5.000000000E+01     0.000000000E+00
     3245    -1.750000000E+01    -4.875000000E+01     0.000000000E+00
     3246    -2.125000000E+01    -5.000000000E+01     0.000000000E+00
     3247    -2.000000000E+01    -4.875000000E+01     0.000000000E+00
     3248    -2.375000000E+01    -5.000000000E+01     0.000000000E+00
     3249    -2.250000000E+01    -4.875000000E+01     0.000000000E+00
     3250    -2.625000000E+01    -5.000000000E+01     0.000000000E+00
     3251    -2.500000000E+01    -4.875000000E+01     0.000000000E+00
     3252    -2.875000000E+01    -5.000000000E+01     0.000000000E+00
     3253    -2.750000000E+01    -4.875000000E+01     0.000000000E+00
     3254    -3.125000000E+01    -5.000000000E+01     0.000000000E+00
     3255    -3.000000000E+01    -4.875000000E+01     0.000000000E+00
     3256    -3.375000000E+01    -5.000000000E+01     0.000000000E+00
     3257    -3.250000000E+01    -4.875000000E+01     0.000000000E+00
     3258    -3.625000000E+01    -5.000000000E+01     0.000000000E+00
     3259    -3.500000000E+01    -4.875000000E+01     0.000000000E+00
     3260    -3.875000000E+01    -5.000000000E+01     0.000000000E+00
     3261    -3.750000000E+01    -4.875000000E+01     0.000000000E+00
     3262    -4.125000000E+01    -5.000000000E+01     0.000000000E+00
     3263    -4.000000000E+01    -4.875000000E+01     0.000000000E+00
     3264    -4.375000000E+01    -5.000000000E+01     0.000000000E+00
     3265    -4.250000000E+01    -4.875000000E+01     0.000000000E+00
     3266    -4.625000000E+01    -5.000000000E+01     0.000000000E+00
     3267    -4.500000000E+01    -4.875000000E+01     0.000000000E+00
     3268    -4.875000000E+01    -5.000000000E+01     0.000000000E+00
     3269    -4.750000000E+01    -4.875000000E+01     0.000000000E+00
     3270    -5.125000000E+01    -5.000000000E+01     0.000000000E+00
     3271    -5.000000000E+01    -4.875000000E+01     0.000000000E+00
     3272    -5.375000000E+01    -5.000000000E+01     0.000000000E+00
     3273    -5.250000000E+01    -4.875000000E+01     0.000000000E+00
     3274    -5.625000000E+01    -5.000000000E+01     0.000000000E+00
     3275    -5.500000000E+01    -4.875000000E+01     0.000000000E+00
     3276    -5.875000000E+01    -5.000000000E+01     0.000000000E+00
     3277    -5.750000000E+01    -4.875000000E+01     0.000000000E+00
     3278    -6.125000000E+01    -5.000000000E+01     0.000000000E+00
     3279    -6.000000000E+01    -4.875000000E+01     0.000000000E+00
     3280    -6.375000000E+01    -5.000000000E+01     0.000000000E+00
     3281    -6.250000000E+01    -4.875000000E+01     0.000000000E+00
     3282    -6.625000000E+01    -5.000000000E+01     0.000000000E+00
     3283    -6.500000000E+01    -4.875000000E+01     0.000000000E+00
     3284    -6.875000000E+01    -5.000000000E+01     0.000000000E+00
     3285    -6.750000000E+01    -4.875000000E+01     0.000000000E+00
     3286    -7.125000000E+01    -5.000000000E+01     0.000000000E+00
     3287    -7.000000000E+01    -4.875000000E+01     0.000000000E+00
     3288    -7.375000000E+01    -5.000000000E+01     0.000000000E+00
     3289    -7.250000000E+01    -4.875000000E+01     0.000000000E+00
     3290    -7.625000000E+01    -5.000000000E+01     0.000000000E+00
     3291    -7.500000000E+01    -4.875000000E+01     0.000000000E+00
     3292    -7.875000000E+01    -5.000000000E+01     0.000000000E+00
     3293    -7.750000000E+01    -4.875000000E+01     0.000000000E+00
     3294    -8.125000000E+01    -5.000000000E+01     0.000000000E+00
     3295    -8.000000000E+01    -4.875000000E+01     0.000000000E+00
     3296    -8.375000000E+01    -5.000000000E+01     0.000000000E+00
     3297    -8.250000000E+01    -4.875000000E+01     0.000000000E+00
     3298    -8.625000000E+01    -5.000000000E+01     0.000000000E+00
     3299    -8.500000000E+01    -4.875000000E+01     0.000000000E+00
     3300    -8.875000000E+01    -5.000000000E+01     0.000000000E+00
     3301    -8.750000000E+01    -4.875000000E+01     0.000000000E+00
     3302    -9.125000000E+01    -5.000000000E+01     0.000000000E+00
     3303    -9.000000000E+01    -4.875000000E+01     0.000000000E+00
     3304    -9.375000000E+01    -5.000000000E+01     0.000000000E+00
     3305    -9.250000000E+01    -4.875000000E+01     0.000000000E+00
     3306    -9.625000000E+01    -5.000000000E+01     0.000000000E+00
     3307    -9.500000000E+01    -4.875000000E+01     0.000000000E+00
     3308    -9.750000000E+01    -4.875000000E+01     0.000000000E+00
     3309     1.000000000E+02     4.875000000E+01     0.000000000E+00
     3310     9.875000000E+01     5.000000000E+01     0.000000000E+00
     3311     1.000000000E+02     4.625000000E+01     0.000000000E+00
     3312     9.875000000E+01     4.750000000E+01     0.000000000E+00
     3313     1.000000000E+02     4.375000000E+01     0.000000000E+00
     3314     9.875000000E+01     4.500000000E+01     0.000000000E+00
     3315     1.000000000E+02     4.125000000E+01     0.000000000E+00
     3316     9.875000000E+01     4.250000000E+01     0.000000000E+00
     3317     1.000000000E+02     3.875000000E+01     0.000000000E+00
     3318     9.875000000E+01     4.000000000E+01     0.000000000E+00
     3319     1.000000000E+02     3.625000000E+01     0.000000000E+00
     3320     9.875000000E+01     3.750000000E+01     0.000000000E+00
     3321     1.000000000E+02     3.375000000E+01     0.000000000E+00
     3322     9.875000000E+01     3.500000000E+01     0.000000000E+00
     3323     1.000000000E+02     3.125000000E+01     0.000000000E+00
     3324     9.875000000E+01     3.250000000E+01     0.000000000E+00
     3325     1.000000000E+02     2.875000000E+01     0.000000000E+00
     3326     9.875000000E+01     3.000000000E+01     0.000000000E+00
     3327     1.000000000E+02     2.625000000E+01     0.000000000E+00
     3328     9.875000000E+01     2.750000000E+01     0.000000000E+00
     3329     1.000000000E+02     2.375000000E+01     0.000000000E+00
     3330     9.875000000E+01     2.500000000E+01     0.000000000E+00
     3331     1.000000000E+02     2.125000000E+01     0.000000000E+00
     3332     9.875000000E+01     2.250000000E+01     0.000000000E+00
     3333     1.000000000E+02     1.875000000E+01     0.000000000E+00
     3334     9.875000000E+01     2.000000000E+01     0.000000000E+00
     3335     1.000000000E+02     1.625000000E+01     0.000000000E+00
     3336     9.875000000E+01     1.750000000E+01     0.000000000E+00
     3337     1.000000000E+02     1.375000000E+01     0.000000000E+00
     3338     9.875000000E+01     1.500000000E+01     0.000000000E+00
     3339     1.000000000E+02     1.125000000E+01     0.000000000E+00
     3340     9.875000000E+01     1.250000000E+01     0.000000000E+00
     3341     1.000000000E+02     8.750000000E+00     0.000000000E+00
     3342     9.875000000E+01     1.000000000E+01     0.000000000E+00
     3343     1.000000000E+02     6.250000000E+00     0.000000000E+00
     3344     9.875000000E+01     7.500000000E+00     0.000000000E+00
     3345     1.000000000E+02     3.750000000E+00     0.000000000E+00
     3346     9.875000000E+01     5.000000000E+00     0.000000000E+00
     3347     1.000000000E+02     1.250000000E+00     0.000000000E+00
     3348     9.875000000E+01     2.500000000E+00     0.000000000E+00
     3349     1.000000000E+02    -1.250000000E+00     0.000000000E+00
     3350     9.875000000E+01    -1.463672933E-14     0.000000000E+00
     3351     1.000000000E+02    -3.750000000E+00     0.000000000E+00
     3352     9.875000000E+01    -2.500000000E+00     0.000000000E+00
     3353     1.000000000E+02    -6.250000000E+00     0.000000000E+00
     3354     9.875000000E+01    -5.000000000E+00     0.000000000E+00
     3355     1.000000000E+02    -8.750000000E+00     0.000000000E+00
     3356     9.875000000E+01    -7.500000000E+00     0.000000000E+00
     3357     1.000000000E+02    -1.125000000E+01     0.000000000E+00
     3358     9.875000000E+01    -1.000000000E+01     0.000000000E+00
     3359     1.000000000E+02    -1.375000000E+01     0.000000000E+00
     3360     9.875000000E+01    -1.250000000E+01     0.000000000E+00
     3361     1.000000000E+02    -1.625000000E+01     0.000000000E+00
     3362     9.875000000E+01    -1.500000000E+01     0.000000000E+00
     3363     1.000000000E+02    -1.875000000E+01     0.000000000E+00
     3364     9.875000000E+01    -1.750000000E+01     0.000000000E+00
     3365     1.000000000E+02    -2.125000000E+01     0.000000000E+00
     3366     9.875000000E+01    -2.000000000E+01     0.000000000E+00
     3367     1.000000000E+02    -2.375000000E+01     0.000000000E+00
     3368     9.875000000E+01    -2.250000000E+01     0.000000000E+00
     3369     1.000000000E+02    -2.625000000E+01     0.000000000E+00
     3370     9.875000000E+01    -2.500000000E+01     0.000000000E+00
     3371     1.000000000E+02    -2.875000000E+01     0.000000000E+00
     3372     9.875000000E+01    -2.750000000E+01     0.000000000E+00
     3373     1.000000000E+02    -3.125000000E+01     0.000000000E+00
     3374     9.875000000E+01    -3.000000000E+01     0.000000000E+00
     3375     1.000000000E+02    -3.375000000E+01     0.000000000E+00
     3376     9.875000000E+01    -3.250000000E+01     0.000000000E+00
     3377     1.000000000E+02    -3.625000000E+01     0.000000000E+00
     3378     9.875000000E+01    -3.500000000E+01     0.000000000E+00
     3379     1.000000000E+02    -3.875000000E+01     0.000000000E+00
     3380     9.875000000E+01    -3.750000000E+01     0.000000000E+00
     3381     1.000000000E+02    -4.125000000E+01     0.000000000E+00
     3382     9.875000000E+01    -4.000000000E+01     0.000000000E+00
     3383     1.000000000E+02    -4.375000000E+01     0.000000000E+00
     3384     9.875000000E+01    -4.250000000E+01     0.000000000E+00
     3385     1.000000000E+02    -4.625000000E+01     0.000000000E+00
     3386     9.875000000E+01    -4.500000000E+01     0.000000000E+00
     3387     9.875000000E+01    -4.750000000E+01     0.000000000E+00
     3388    -9.625000000E+01     5.000000000E+01     0.000000000E+00
     3389    -9.750000000E+01     4.875000000E+01     0.000000000E+00
     3390    -9.375000000E+01     5.000000000E+01     0.000000000E+00
     3391    -9.500000000E+01     4.875000000E+01     0.000000000E+00
     3392    -9.125000000E+01     5.000000000E+01     0.000000000E+00
     3393    -9.250000000E+01     4.875000000E+01     0.000000000E+00
     3394    -8.875000000E+01     5.000000000E+01     0.000000000E+00
     3395    -9.000000000E+01     4.875000000E+01     0.000000000E+00
     3396    -8.625000000E+01     5.000000000E+01     0.000000000E+00
     3397    -8.750000000E+01     4.875000000E+01     0.000000000E+00
     3398    -8.375000000E+01     5.000000000E+01     0.000000000E+00
     3399    -8.500000000E+01     4.875000000E+01     0.000000000E+00
     3400    -8.125000000E+01     5.000000000E+01     0.000000000E+00
     3401    -8.250000000E+01     4.875000000E+01     0.000000000E+00
     3402    -7.875000000E+01     5.000000000E+01     0.000000000E+00
     3403    -8.000000000E+01     4.875000000E+01     0.000000000E+00
     3404    -7.625000000E+01     5.000000000E+01     0.000000000E+00
     3405    -7.750000000E+01     4.875000000E+01     0.000000000E+00
     3406    -7.375000000E+01     5.000000000E+01     0.000000000E+00
     3407    -7.500000000E+01     4.875000000E+01     0.000000000E+00
     3408    -7.125000000E+01     5.000000000E+01     0.000000000E+00
     3409    -7.250000000E+01     4.875000000E+01     0.000000000E+00
     3410    -6.875000000E+01     5.000000000E+01     0.000000000E+00
     3411    -7.000000000E+01     4.875000000E+01     0.000000000E+00
     3412    -6.625000000E+01     5.000000000E+01     0.000000000E+00
     3413    -6.750000000E+01     4.875000000E+01     0.000000000E+00
     3414    -6.375000000E+01     5.000000000E+01     0.000000000E+00
     3415    -6.500000000E+01     4.875000000E+01     0.000000000E+00
     3416    -6.125000000E+01     5.000000000E+01     0.000000000E+00
     3417    -6.250000000E+01     4.875000000E+01     0.000000000E+00
     3418    -5.875000000E+01     5.000000000E+01     0.000000000E+00
     3419    -6.000000000E+01     4.875000000E+01     0.000000000E+00
     3420    -5.625000000E+01     5.000000000E+01     0.000000000E+00
     3421    -5.750000000E+01     4.875000000E+01     0.000000000E+00
     3422    -5.375000000E+01     5.000000000E+01     0.000000000E+00
     3423    -5.500000000E+01     4.875000000E+01     0.000000000E+00
     3424    -5.125000000E+01     5.000000000E+01     0.000000000E+00
     3425    -5.250000000E+01     4.875000000E+01     0.000000000E+00
     3426    -4.875000000E+01     5.000000000E+01     0.000000000E+00
     3427    -5.000000000E+01     4.875000000E+01     0.000000000E+00
     3428    -4.625000000E+01     5.000000000E+01     0.000000000E+00
     3429    -4.750000000E+01     4.875000000E+01     0.000000000E+00
     3430    -4.375000000E+01     5.000000000E+01     0.000000000E+00
     3431    -4.500000000E+01     4.875000000E+01     0.000000000E+00
     3432    -4.125000000E+01     5.000000000E+01     0.000000000E+00
     3433    -4.250000000E+01     4.875000000E+01     0.000000000E+00
     3434    -3.875000000E+01     5.000000000E+01     0.000000000E+00
     3435    -4.000000000E+01     4.875000000E+01     0.000000000E+00
     3436    -3.625000000E+01     5.000000000E+01     0.000000000E+00
     3437    -3.750000000E+01     4.875000000E+01     0.000000000E+00
     3438    -3.375000000E+01     5.000000000E+01     0.000000000E+00
     3439    -3.500000000E+01     4.875000000E+01     0.000000000E+00
     3440    -3.125000000E+01     5.000000000E+01     0.000000000E+00
     3441    -3.250000000E+01     4.875000000E+01     0.000000000E+00
     3442    -2.875000000E+01     5.000000000E+01     0.000000000E+00
     3443    -3.000000000E+01     4.875000000E+01     0.000000000E+00
     3444    -2.625000000E+01     5.000000000E+01     0.000000000E+00
     3445    -2.750000000E+01     4.875000000E+01     0.000000000E+00
     3446    -2.375000000E+01     5.000000000E+01     0.000000000E+00
     3447    -2.500000000E+01     4.875000000E+01     0.000000000E+00
     3448    -2.125000000E+01     5.000000000E+01     0.000000000E+00
     3449    -2.250000000E+01     4.875000000E+01     0.000000000E+00
     3450    -1.875000000E+01     5.000000000E+01     0.000000000E+00
     3451    -2.000000000E+01     4.875000000E+01     0.000000000E+00
     3452    -1.625000000E+01     5.000000000E+01     0.000000000E+00
     3453    -1.750000000E+01     4.875000000E+01     0.000000000E+00
     3454    -1.375000000E+01     5.000000000E+01     0.000000000E+00
     3455    -1.500000000E+01     4.875000000E+01     0.000000000E+00
     3456    -1.125000000E+01     5.000000000E+01     0.000000000E+00
     3457    -1.250000000E+01     4.875000000E+01     0.000000000E+00
     3458    -8.750000000E+00     5.000000000E+01     0.000000000E+00
     3459    -1.000000000E+01     4.875000000E+01     0.000000000E+00
     3460    -6.250000000E+00     5.000000000E+01     0.000000000E+00
     3461    -7.500000000E+00     4.875000000E+01     0.000000000E+00
     3462    -3.750000000E+00     5.000000000E+01     0.000000000E+00
     3463    -5.000000000E+00     4.875000000E+01     0.000000000E+00
     3464    -1.250000000E+00     5.000000000E+01     0.000000000E+00
     3465    -2.500000000E+00     4.875000000E+01     0.000000000E+00
     3466     1.250000000E+00     5.000000000E+01     0.000000000E+00
     3467     3.748629011E-14     4.875000000E+01     0.000000000E+00
     3468     3.750000000E+00     5.000000000E+01     0.000000000E+00
     3469     2.500000000E+00     4.875000000E+01     0.000000000E+00
     3470     6.250000000E+00     5.000000000E+01     0.000000000E+00
     3471     5.000000000E+00     4.875000000E+01     0.000000000E+00
     3472     8.750000000E+00     5.000000000E+01     0.000000000E+00
     3473     7.500000000E+00     4.875000000E+01     0.000000000E+00
     3474     1.125000000E+01     5.000000000E+01     0.000000000E+00
     3475     1.000000000E+01     4.875000000E+01     0.000000000E+00
     3476     1.375000000E+01     5.000000000E+01     0.000000000E+00
     3477     1.250000000E+01     4.875000000E+01     0.000000000E+00
     3478     1.625000000E+01     5.000000000E+01     0.000000000E+00
     3479     1.500000000E+01     4.875000000E+01     0.000000000E+00
     3480     1.875000000E+01     5.000000000E+01     0.000000000E+00
     3481     1.750000000E+01     4.875000000E+01     0.000000000E+00
     3482     2.125000000E+01     5.000000000E+01     0.000000000E+00
     3483     2.000000000E+01     4.875000000E+01     0.000000000E+00
     3484     2.375000000E+01     5.000000000E+01     0.000000000E+00
     3485     2.250000000E+01     4.875000000E+01     0.000000000E+00
     3486     2.625000000E+01     5.000000000E+01     0.000000000E+00
     3487     2.500000000E+01     4.875000000E+01     0.000000000E+00
     3488     2.875000000E+01     5.000000000E+01     0.000000000E+00
     3489     2.750000000E+01     4.875000000E+01     0.000000000E+00
     3490     3.125000000E+01     5.000000000E+01     0.000000000E+00
     3491     3.000000000E+01     4.875000000E+01     0.000000000E+00
     3492     3.375000000E+01     5.000000000E+01     0.000000000E+00
     3493     3.250000000E+01     4.875000000E+01     0.000000000E+00
     3494     3.625000000E+01     5.000000000E+01     0.000000000E+00
     3495     3.500000000E+01     4.875000000E+01     0.000000000E+00
     3496     3.875000000E+01     5.000000000E+01     0.000000000E+00
     3497     3.750000000E+01     4.875000000E+01     0.000000000E+00
     3498     4.125000000E+01     5.000000000E+01     0.000000000E+00
     3499     4.000000000E+01     4.875000000E+01     0.000000000E+00
     3500     4.375000000E+01     5.000000000E+01     0.000000000E+00
     3501     4.250000000E+01     4.875000000E+01     0.000000000E+00
     3502     4.625000000E+01     5.000000000E+01     0.000000000E+00
     3503     4.500000000E+01     4.875000000E+01     0.000000000E+00
     3504     4.875000000E+01     5.000000000E+01     0.000000000E+00
     3505     4.750000000E+01     4.875000000E+01     0.000000000E+00
     3506     5.125000000E+01     5.000000000E+01     0.000000000E+00
     3507     5.000000000E+01     4.875000000E+01     0.000000000E+00
     3508     5.375000000E+01     5.000000000E+01     0.000000000E+00
     3509     5.250000000E+01     4.875000000E+01     0.000000000E+00
     3510     5.625000000E+01     5.000000000E+01     0.000000000E+00
     3511     5.500000000E+01     4.875000000E+01     0.000000000E+00
     3512     5.875000000E+01     5.000000000E+01     0.000000000E+00
     3513     5.750000000E+01     4.875000000E+01     0.000000000E+00
     3514     6.125000000E+01     5.000000000E+01     0.000000000E+00
     3515     6.000000000E+01     4.875000000E+01     0.000000000E+00
     3516     6.375000000E+01     5.000000000E+01     0.000000000E+00
     3517     6.250000000E+01     4.875000000E+01     0.000000000E+00
     3518     6.625000000E+01     5.000000000E+01     0.000000000E+00
     3519     6.500000000E+01     4.875000000E+01     0.000000000E+00
     3520     6.875000000E+01     5.000000000E+01     0.000000000E+00
     3521     6.750000000E+01     4.875000000E+01     0.000000000E+00
     3522     7.125000000E+01     5.000000000E+01     0.000000000E+00
     3523     7.000000000E+01     4.875000000E+01     0.000000000E+00
     3524     7.375000000E+01     5.000000000E+01     0.000000000E+00
     3525     7.250000000E+01     4.875000000E+01     0.000000000E+00
     3526     7.625000000E+01     5.000000000E+01     0.000000000E+00
     3527     7.500000000E+01     4.875000000E+01     0.000000000E+00
     3528     7.875000000E+01     5.000000000E+01     0.000000000E+00
     3529     7.750000000E+01     4.875000000E+01     0.000000000E+00
     3530     8.125000000E+01     5.000000000E+01     0.000000000E+00
     3531     8.000000000E+01     4.875000000E+01     0.000000000E+00
     3532     8.375000000E+01     5.000000000E+01     0.000000000E+00
     3533     8.250000000E+01     4.875000000E+01     0.000000000E+00
     3534     8.625000000E+01     5.000000000E+01     0.000000000E+00
     3535     8.500000000E+01     4.875000000E+01     0.000000000E+00
     3536     8.875000000E+01     5.000000000E+01     0.000000000E+00
     3537     8.750000000E+01     4.875000000E+01     0.000000000E+00
     3538     9.125000000E+01     5.000000000E+01     0.000000000E+00
     3539     9.000000000E+01     4.875000000E+01     0.000000000E+00
     3540     9.375000000E+01     5.000000000E+01     0.000000000E+00
     3541     9.250000000E+01     4.875000000E+01     0.000000000E+00
     3542     9.625000000E+01     5.000000000E+01     0.000000000E+00
     3543     9.500000000E+01     4.875000000E+01     0.000000000E+00
     3544     9.750000000E+01     4.875000000E+01     0.000000000E+00
     3545     2.875000000E+01     1.500000000E+01     0.000000000E+00
     3546     3.000000000E+01     1.375000000E+01     0.000000000E+00
     3547     3.000000000E+01     1.625000000E+01     0.000000000E+00
     3548     3.125000000E+01     1.500000000E+01     0.000000000E+00
     3549    -2.875000000E+01     1.500000000E+01     0.000000000E+00
     3550    -3.000000000E+01     1.375000000E+01     0.000000000E+00
     3551    -3.125000000E+01     1.500000000E+01     0.000000000E+00
     3552    -3.000000000E+01     1.625000000E+01     0.000000000E+00
     3553     2.625000000E+01     1.500000000E+01     0.000000000E+00
     3554     2.750000000E+01     1.625000000E+01     0.000000000E+00
     3555     2.375000000E+01     1.500000000E+01     0.000000000E+00
     3556     2.500000000E+01     1.625000000E+01     0.000000000E+00
     3557     2.125000000E+01     1.500000000E+01     0.000000000E+00
     3558     2.250000000E+01     1.625000000E+01     0.000000000E+00
     3559     1.875000000E+01     1.500000000E+01     0.000000000E+00
     3560     2.000000000E+01     1.625000000E+01     0.000000000E+00
     3561     1.625000000E+01     1.500000000E+01     0.000000000E+00
     3562     1.750000000E+01     1.625000000E+01     0.000000000E+00
     3563     1.375000000E+01     1.500000000E+01     0.000000000E+00
     3564     1.500000000E+01     1.625000000E+01     0.000000000E+00
     3565     1.125000000E+01     1.500000000E+01     0.000000000E+00
     3566     1.250000000E+01     1.625000000E+01     0.000000000E+00
     3567     8.750000000E+00     1.500000000E+01     0.000000000E+00
     3568     1.000000000E+01     1.625000000E+01     0.000000000E+00
     3569     6.250000000E+00     1.500000000E+01     0.000000000E+00
     3570     7.500000000E+00     1.625000000E+01     0.000000000E+00
     3571     3.750000000E+00     1.500000000E+01     0.000000000E+00
     3572     5.000000000E+00     1.625000000E+01     0.000000000E+00
     3573     1.250000000E+00     1.500000000E+01     0.000000000E+00
     3574     2.500000000E+00     1.625000000E+01     0.000000000E+00
     3575    -1.250000000E+00     1.500000000E+01     0.000000000E+00
     3576     4.361056872E-11     1.625000000E+01     0.000000000E+00
     3577    -3.750000000E+00     1.500000000E+01     0.000000000E+00
     3578    -2.500000000E+00     1.625000000E+01     0.000000000E+00
     3579    -6.250000000E+00     1.500000000E+01     0.000000000E+00
     3580    -5.000000000E+00     1.625000000E+01     0.000000000E+00
     3581    -8.750000000E+00     1.500000000E+01     0.000000000E+00
     3582    -7.500000000E+00     1.625000000E+01     0.000000000E+00
     3583    -1.125000000E+01     1.500000000E+01     0.000000000E+00
     3584    -1.000000000E+01     1.625000000E+01     0.000000000E+00
     3585    -1.375000000E+01     1.500000000E+01     0.000000000E+00
     3586    -1.250000000E+01     1.625000000E+01     0.000000000E+00
     3587    -1.625000000E+01     1.500000000E+01     0.000000000E+00
     3588    -1.500000000E+01     1.625000000E+01     0.000000000E+00
     3589    -1.875000000E+01     1.500000000E+01     0.000000000E+00
     3590    -1.750000000E+01     1.625000000E+01     0.000000000E+00
     3591    -2.125000000E+01     1.500000000E+01     0.000000000E+00
     3592    -2.000000000E+01     1.625000000E+01     0.000000000E+00
     3593    -2.375000000E+01     1.500000000E+01     0.000000000E+00
     3594    -2.250000000E+01     1.625000000E+01     0.000000000E+00
     3595    -2.625000000E+01     1.500000000E+01     0.000000000E+00
     3596    -2.500000000E+01     1.625000000E+01     0.000000000E+00
     3597    -2.750000000E+01     1.625000000E+01     0.000000000E+00
     3598     3.000000000E+01    -1.375000000E+01     0.000000000E+00
     3599     2.875000000E+01    -1.500000000E+01     0.000000000E+00
     3600     3.125000000E+01    -1.500000000E+01     0.000000000E+00
     3601     3.000000000E+01    -1.625000000E+01     0.000000000E+00
     3602     3.000000000E+01    -1.125000000E+01     0.000000000E+00
     3603     3.125000000E+01    -1.250000000E+01     0.000000000E+00
     3604     3.000000000E+01    -8.750000000E+00     0.000000000E+00
     3605     3.125000000E+01    -1.000000000E+01     0.000000000E+00
     3606     3.000000000E+01    -6.250000000E+00     0.000000000E+00
     3607     3.125000000E+01    -7.500000000E+00     0.000000000E+00
     3608     3.000000000E+01    -3.750000000E+00     0.000000000E+00
     3609     3.125000000E+01    -5.000000000E+00     0.000000000E+00
     3610     3.000000000E+01    -1.250000000E+00     0.000000000E+00
     3611     3.125000000E+01    -2.500000000E+00     0.000000000E+00
     3612     3.000000000E+01     1.250000000E+00     0.000000000E+00
     3613     3.125000000E+01    -3.895375775E-12     0.000000000E+00
     3614     3.000000000E+01     3.750000000E+00     0.000000000E+00
     3615     3.125000000E+01     2.500000000E+00     0.000000000E+00
     3616     3.000000000E+01     6.250000000E+00     0.000000000E+00
     3617     3.125000000E+01     5.000000000E+00     0.000000000E+00
     3618     3.000000000E+01     8.750000000E+00     0.000000000E+00
     3619     3.125000000E+01     7.500000000E+00     0.000000000E+00
     3620     3.000000000E+01     1.125000000E+01     0.000000000E+00
     3621     3.125000000E+01     1.000000000E+01     0.000000000E+00
     3622     3.125000000E+01     1.250000000E+01     0.000000000E+00
     3623    -2.875000000E+01    -1.500000000E+01     0.000000000E+00
     3624    -3.000000000E+01    -1.375000000E+01     0.000000000E+00
     3625    -3.125000000E+01    -1.500000000E+01     0.000000000E+00
     3626    -3.000000000E+01    -1.625000000E+01     0.000000000E+00
     3627    -2.625000000E+01    -1.500000000E+01     0.000000000E+00
     3628    -2.750000000E+01    -1.625000000E+01     0.000000000E+00
     3629    -2.375000000E+01    -1.500000000E+01     0.000000000E+00
     3630    -2.500000000E+01    -1.625000000E+01     0.000000000E+00
     3631    -2.125000000E+01    -1.500000000E+01     0.000000000E+00
     3632    -2.250000000E+01    -1.625000000E+01     0.000000000E+00
     3633    -1.875000000E+01    -1.500000000E+01     0.000000000E+00
     3634    -2.000000000E+01    -1.625000000E+01     0.000000000E+00
     3635    -1.625000000E+01    -1.500000000E+01     0.000000000E+00
     3636    -1.750000000E+01    -1.625000000E+01     0.000000000E+00
     3637    -1.375000000E+01    -1.500000000E+01     0.000000000E+00
     3638    -1.500000000E+01    -1.625000000E+01     0.000000000E+00
     3639    -1.125000000E+01    -1.500000000E+01     0.000000000E+00
     3640    -1.250000000E+01    -1.625000000E+01     0.000000000E+00
     3641    -8.750000000E+00    -1.500000000E+01     0.000000000E+00
     3642    -1.000000000E+01    -1.625000000E+01     0.000000000E+00
     3643    -6.250000000E+00    -1.500000000E+01     0.000000000E+00
     3644    -7.500000000E+00    -1.625000000E+01     0.000000000E+00
     3645    -3.750000000E+00    -1.500000000E+01     0.000000000E+00
     3646    -5.000000000E+00    -1.625000000E+01     0.000000000E+00
     3647    -1.250000000E+00    -1.500000000E+01     0.000000000E+00
     3648    -2.500000000E+00    -1.625000000E+01     0.000000000E+00
     3649     1.250000000E+00    -1.500000000E+01     0.000000000E+00
     3650     7.713990037E-11    -1.625000000E+01     0.000000000E+00
     3651     3.750000000E+00    -1.500000000E+01     0.000000000E+00
     3652     2.500000000E+00    -1.625000000E+01     0.000000000E+00
     3653     6.250000000E+00    -1.500000000E+01     0.000000000E+00
     3654     5.000000000E+00    -1.625000000E+01     0.000000000E+00
     3655     8.750000000E+00    -1.500000000E+01     0.000000000E+00
     3656     7.500000000E+00    -1.625000000E+01     0.000000000E+00
     3657     1.125000000E+01    -1.500000000E+01     0.000000000E+00
     3658     1.000000000E+01    -1.625000000E+01     0.000000000E+00
     3659     1.375000000E+01    -1.500000000E+01     0.000000000E+00
     3660     1.250000000E+01    -1.625000000E+01     0.000000000E+00
     3661     1.625000000E+01    -1.500000000E+01     0.000000000E+00
     3662     1.500000000E+01    -1.625000000E+01     0.000000000E+00
     3663     1.875000000E+01    -1.500000000E+01     0.000000000E+00
     3664     1.750000000E+01    -1.625000000E+01     0.000000000E+00
     3665     2.125000000E+01    -1.500000000E+01     0.000000000E+00
     3666     2.000000000E+01    -1.625000000E+01     0.000000000E+00
     3667     2.375000000E+01    -1.500000000E+01     0.000000000E+00
     3668     2.250000000E+01    -1.625000000E+01     0.000000000E+00
     3669     2.625000000E+01    -1.500000000E+01     0.000000000E+00
     3670     2.500000000E+01    -1.625000000E+01     0.000000000E+00
     3671     2.750000000E+01    -1.625000000E+01     0.000000000E+00
     3672    -3.000000000E+01     1.125000000E+01     0.000000000E+00
     3673    -3.125000000E+01     1.250000000E+01     0.000000000E+00
     3674    -3.000000000E+01     8.750000000E+00     0.000000000E+00
     3675    -3.125000000E+01     1.000000000E+01     0.000000000E+00
     3676    -3.000000000E+01     6.250000000E+00     0.000000000E+00
     3677    -3.125000000E+01     7.500000000E+00     0.000000000E+00
     3678    -3.000000000E+01     3.750000000E+00     0.000000000E+00
     3679    -3.125000000E+01     5.000000000E+00     0.000000000E+00
     3680    -3.000000000E+01     1.250000000E+00     0.000000000E+00
     3681    -3.125000000E+01     2.500000000E+00     0.000000000E+00
     3682    -3.000000000E+01    -1.250000000E+00     0.000000000E+00
     3683    -3.125000000E+01    -8.430032388E-11     0.000000000E+00
     3684    -3.000000000E+01    -3.750000000E+00     0.000000000E+00
     3685    -3.125000000E+01    -2.500000000E+00     0.000000000E+00
     3686    -3.000000000E+01    -6.250000000E+00     0.000000000E+00
     3687    -3.125000000E+01    -5.000000000E+00     0.000000000E+00
     3688    -3.000000000E+01    -8.750000000E+00     0.000000000E+00
     3689    -3.125000000E+01    -7.500000000E+00     0.000000000E+00
     3690    -3.000000000E+01    -1.125000000E+01     0.000000000E+00
     3691    -3.125000000E+01    -1.000000000E+01     0.000000000E+00
     3692    -3.125000000E+01    -1.250000000E+01     0.000000000E+00
     3693    -5.750000000E+01    -1.250000002E+00     0.000000000E+00
     3694    -5.750000000E+01     1.250000003E+00     0.000000000E+00
     3695    -5.625000000E+01     2.476390620E-09     0.000000000E+00
     3696    -5.875000000E+01     1.350748638E-09     0.000000000E+00
     3697     5.750000000E+01    -1.249999996E+00     0.000000000E+00
     3698     5.875000000E+01     1.689294822E-09     0.000000000E+00
     3699     5.750000000E+01     1.249999999E+00     0.000000000E+00
     3700     5.625000000E+01     3.137095930E-09     0.000000000E+00
     3701    -6.000000000E+01    -8.750000006E+00     0.000000000E+00
     3702    -6.125000000E+01    -7.500000003E+00     0.000000000E+00
     3703    -5.875000000E+01    -7.500000006E+00     0.000000000E+00
     3704    -6.000000000E+01    -6.250000003E+00     0.000000000E+00
     3705    -5.875000000E+01    -2.500000003E+00     0.000000000E+00
     3706    -5.750000000E+01    -3.750000006E+00     0.000000000E+00
     3707    -5.625000000E+01    -2.500000005E+00     0.000000000E+00
     3708    -5.875000000E+01     2.500000001E+00     0.000000000E+00
     3709    -5.750000000E+01     3.750000003E+00     0.000000000E+00
     3710    -5.625000000E+01     2.500000003E+00     0.000000000E+00
     3711     6.125000000E+01     7.499999997E+00     0.000000000E+00
     3712     5.875000000E+01     7.499999994E+00     0.000000000E+00
     3713     6.000000000E+01     8.749999994E+00     0.000000000E+00
     3714     6.000000000E+01     6.249999997E+00     0.000000000E+00
     3715     5.875000000E+01    -2.499999998E+00     0.000000000E+00
     3716     5.750000000E+01    -3.749999996E+00     0.000000000E+00
     3717     5.625000000E+01    -2.499999996E+00     0.000000000E+00
     3718    -5.500000000E+01    -1.250000001E+00     0.000000000E+00
     3719    -5.375000000E+01     2.167515950E-09     0.000000000E+00
     3720    -5.500000000E+01     1.250000003E+00     0.000000000E+00
     3721     6.000000000E+01    -6.250000000E+00     0.000000000E+00
     3722     6.000000000E+01    -3.750000000E+00     0.000000000E+00
     3723     5.875000000E+01    -4.999999998E+00     0.000000000E+00
     3724     6.125000000E+01    -5.000000000E+00     0.000000000E+00
     3725     6.125000000E+01    -7.500000000E+00     0.000000000E+00
     3726     5.875000000E+01    -7.499999998E+00     0.000000000E+00
     3727     6.000000000E+01    -8.749999998E+00     0.000000000E+00
     3728     6.125000000E+01    -2.500000000E+00     0.000000000E+00
     3729     6.000000000E+01    -1.250000000E+00     0.000000000E+00
     3730     6.125000000E+01     2.500000000E+00     0.000000000E+00
     3731     6.000000000E+01     1.250000000E+00     0.000000000E+00
     3732     6.000000000E+01     3.750000001E+00     0.000000000E+00
     3733     5.875000000E+01     2.499999997E+00     0.000000000E+00
     3734    -6.000000000E+01     6.250000000E+00     0.000000000E+00
     3735    -6.000000000E+01     3.750000000E+00     0.000000000E+00
     3736    -5.875000000E+01     5.000000002E+00     0.000000000E+00
     3737    -6.125000000E+01     5.000000000E+00     0.000000000E+00
     3738    -6.000000000E+01     8.750000002E+00     0.000000000E+00
     3739    -6.125000000E+01     7.500000000E+00     0.000000000E+00
     3740    -5.875000000E+01     7.500000002E+00     0.000000000E+00
     3741    -6.125000000E+01     2.500000000E+00     0.000000000E+00
     3742    -6.000000000E+01     1.250000000E+00     0.000000000E+00
     3743    -6.125000000E+01    -2.500000000E+00     0.000000000E+00
     3744    -6.000000000E+01    -3.750000000E+00     0.000000000E+00
     3745    -6.000000000E+01    -1.250000000E+00     0.000000000E+00
     3746    -6.125000000E+01     1.000000000E+01     0.000000000E+00
     3747    -6.250000000E+01     8.750000001E+00     0.000000000E+00
     3748    -6.250000000E+01     1.125000000E+01     0.000000000E+00
     3749    -6.375000000E+01     1.000000000E+01     0.000000000E+00
     3750    -6.125000000E+01    -1.000000000E+01     0.000000000E+00
     3751    -6.000000000E+01    -1.125000001E+01     0.000000000E+00
     3752    -5.875000000E+01    -1.000000001E+01     0.000000000E+00
     3753    -6.250000000E+01    -1.125000000E+01     0.000000000E+00
     3754    -6.375000000E+01    -1.250000000E+01     0.000000000E+00
     3755    -6.125000000E+01    -1.250000000E+01     0.000000000E+00
     3756    -6.250000000E+01    -1.375000000E+01     0.000000000E+00
     3757    -5.750000000E+01    -6.250000006E+00     0.000000000E+00
     3758    -5.625000000E+01    -5.000000006E+00     0.000000000E+00
     3759    -5.875000000E+01    -5.000000003E+00     0.000000000E+00
     3760    -5.875000000E+01     1.000000000E+01     0.000000000E+00
     3761    -6.000000000E+01     1.125000000E+01     0.000000000E+00
     3762    -5.750000000E+01     6.250000003E+00     0.000000000E+00
     3763    -5.625000000E+01     5.000000003E+00     0.000000000E+00
     3764     6.375000000E+01     1.250000000E+01     0.000000000E+00
     3765     6.125000000E+01     1.250000000E+01     0.000000000E+00
     3766     6.250000000E+01     1.375000000E+01     0.000000000E+00
     3767     6.250000000E+01     1.125000000E+01     0.000000000E+00
     3768     5.750000000E+01    -6.249999996E+00     0.000000000E+00
     3769     5.625000000E+01    -4.999999996E+00     0.000000000E+00
     3770     5.375000000E+01     2.499999995E+00     0.000000000E+00
     3771     5.500000000E+01     3.749999994E+00     0.000000000E+00
     3772     5.625000000E+01     2.499999994E+00     0.000000000E+00
     3773     5.500000000E+01     1.249999999E+00     0.000000000E+00
     3774    -5.375000000E+01    -2.500000005E+00     0.000000000E+00
     3775    -5.500000000E+01    -3.750000005E+00     0.000000000E+00
     3776     5.500000000E+01    -3.749999996E+00     0.000000000E+00
     3777     5.375000000E+01    -2.499999997E+00     0.000000000E+00
     3778     5.500000000E+01    -1.249999997E+00     0.000000000E+00
     3779     5.250000000E+01     1.249999999E+00     0.000000000E+00
     3780     5.250000000E+01    -1.249999997E+00     0.000000000E+00
     3781     5.125000000E+01     2.293294894E-09     0.000000000E+00
     3782     5.375000000E+01     2.743547902E-09     0.000000000E+00
     3783    -5.250000000E+01    -1.250000002E+00     0.000000000E+00
     3784    -5.125000000E+01     1.733063020E-09     0.000000000E+00
     3785    -5.250000000E+01     1.250000002E+00     0.000000000E+00
     3786     6.250000000E+01    -6.250000000E+00     0.000000000E+00
     3787     6.250000000E+01    -3.750000000E+00     0.000000000E+00
     3788     6.375000000E+01    -5.000000000E+00     0.000000000E+00
     3789     6.375000000E+01    -7.500000000E+00     0.000000000E+00
     3790     6.250000000E+01    -8.749999999E+00     0.000000000E+00
     3791     6.375000000E+01    -2.500000000E+00     0.000000000E+00
     3792     6.250000000E+01    -1.250000000E+00     0.000000000E+00
     3793     6.250000000E+01     3.750000000E+00     0.000000000E+00
     3794     6.250000000E+01     6.250000001E+00     0.000000000E+00
     3795     6.125000000E+01     5.000000000E+00     0.000000000E+00
     3796     6.375000000E+01     5.000000000E+00     0.000000000E+00
     3797     6.375000000E+01     2.500000000E+00     0.000000000E+00
     3798     6.250000000E+01     1.250000000E+00     0.000000000E+00
     3799     6.375000000E+01     7.500000001E+00     0.000000000E+00
     3800     6.250000000E+01     8.750000001E+00     0.000000000E+00
     3801    -6.250000000E+01     6.250000000E+00     0.000000000E+00
     3802    -6.250000000E+01     3.750000000E+00     0.000000000E+00
     3803    -6.375000000E+01     5.000000000E+00     0.000000000E+00
     3804    -6.375000000E+01     7.500000000E+00     0.000000000E+00
     3805    -6.375000000E+01     2.500000000E+00     0.000000000E+00
     3806    -6.250000000E+01     1.250000000E+00     0.000000000E+00
     3807    -6.375000000E+01    -2.500000000E+00     0.000000000E+00
     3808    -6.250000000E+01    -3.750000000E+00     0.000000000E+00
     3809    -6.250000000E+01    -1.250000000E+00     0.000000000E+00
     3810    -6.250000000E+01    -8.749999999E+00     0.000000000E+00
     3811    -6.375000000E+01    -1.000000000E+01     0.000000000E+00
     3812    -6.375000000E+01    -7.500000000E+00     0.000000000E+00
     3813    -6.250000000E+01    -6.250000000E+00     0.000000000E+00
     3814     6.125000000E+01    -1.250000000E+01     0.000000000E+00
     3815     6.250000000E+01    -1.375000000E+01     0.000000000E+00
     3816     6.375000000E+01    -1.250000000E+01     0.000000000E+00
     3817     6.250000000E+01    -1.125000000E+01     0.000000000E+00
     3818    -6.250000000E+01     1.375000000E+01     0.000000000E+00
     3819    -6.375000000E+01     1.250000000E+01     0.000000000E+00
     3820    -6.125000000E+01     1.250000000E+01     0.000000000E+00
     3821     6.500000000E+01     1.375000000E+01     0.000000000E+00
     3822     6.625000000E+01     1.250000000E+01     0.000000000E+00
     3823     6.500000000E+01     1.125000000E+01     0.000000000E+00
     3824    -6.500000000E+01    -1.375000000E+01     0.000000000E+00
     3825    -6.625000000E+01    -1.250000000E+01     0.000000000E+00
     3826    -6.500000000E+01    -1.125000000E+01     0.000000000E+00
     3827    -6.000000000E+01    -1.375000000E+01     0.000000000E+00
     3828    -5.875000000E+01    -1.250000001E+01     0.000000000E+00
     3829    -6.375000000E+01    -1.500000000E+01     0.000000000E+00
     3830    -6.125000000E+01    -1.500000000E+01     0.000000000E+00
     3831    -6.250000000E+01    -1.625000000E+01     0.000000000E+00
     3832    -5.625000000E+01    -7.500000006E+00     0.000000000E+00
     3833    -5.750000000E+01    -8.750000006E+00     0.000000000E+00
     3834    -5.750000000E+01     8.750000003E+00     0.000000000E+00
     3835    -5.625000000E+01     7.500000003E+00     0.000000000E+00
     3836     6.000000000E+01     1.375000000E+01     0.000000000E+00
     3837     5.875000000E+01     1.249999999E+01     0.000000000E+00
     3838     6.000000000E+01     1.124999999E+01     0.000000000E+00
     3839     6.375000000E+01     1.500000000E+01     0.000000000E+00
     3840     6.125000000E+01     1.500000000E+01     0.000000000E+00
     3841     6.250000000E+01     1.625000000E+01     0.000000000E+00
     3842     5.750000000E+01     8.749999994E+00     0.000000000E+00
     3843     5.625000000E+01     7.499999994E+00     0.000000000E+00
     3844     5.750000000E+01     6.249999994E+00     0.000000000E+00
     3845     6.000000000E+01    -1.375000000E+01     0.000000000E+00
     3846     5.875000000E+01    -1.250000000E+01     0.000000000E+00
     3847     6.000000000E+01    -1.125000000E+01     0.000000000E+00
     3848     5.750000000E+01    -8.749999996E+00     0.000000000E+00
     3849     5.625000000E+01    -7.499999996E+00     0.000000000E+00
     3850     5.125000000E+01     2.499999995E+00     0.000000000E+00
     3851     5.250000000E+01     3.749999995E+00     0.000000000E+00
     3852     5.375000000E+01     4.999999995E+00     0.000000000E+00
     3853     5.500000000E+01     6.249999994E+00     0.000000000E+00
     3854     5.625000000E+01     4.999999994E+00     0.000000000E+00
     3855    -5.125000000E+01    -2.500000005E+00     0.000000000E+00
     3856    -5.250000000E+01    -3.750000005E+00     0.000000000E+00
     3857    -5.375000000E+01    -5.000000005E+00     0.000000000E+00
     3858    -5.500000000E+01    -6.250000006E+00     0.000000000E+00
     3859     5.500000000E+01    -6.249999996E+00     0.000000000E+00
     3860     5.375000000E+01    -4.999999996E+00     0.000000000E+00
     3861     5.250000000E+01    -3.749999997E+00     0.000000000E+00
     3862     5.125000000E+01    -2.499999997E+00     0.000000000E+00
     3863     5.000000000E+01     1.249999999E+00     0.000000000E+00
     3864     5.000000000E+01    -1.249999997E+00     0.000000000E+00
     3865     4.875000000E+01     1.690653151E-09     0.000000000E+00
     3866    -5.500000000E+01     6.250000003E+00     0.000000000E+00
     3867    -5.375000000E+01     5.000000003E+00     0.000000000E+00
     3868    -5.500000000E+01     3.750000003E+00     0.000000000E+00
     3869    -5.000000000E+01    -1.250000002E+00     0.000000000E+00
     3870    -5.000000000E+01     1.250000002E+00     0.000000000E+00
     3871    -4.875000000E+01     1.162533828E-09     0.000000000E+00
     3872     6.125000000E+01    -1.500000000E+01     0.000000000E+00
     3873     6.250000000E+01    -1.625000000E+01     0.000000000E+00
     3874     6.375000000E+01    -1.500000000E+01     0.000000000E+00
     3875     6.625000000E+01    -1.250000000E+01     0.000000000E+00
     3876     6.500000000E+01    -1.375000000E+01     0.000000000E+00
     3877     6.500000000E+01    -1.125000000E+01     0.000000000E+00
     3878     6.625000000E+01    -7.500000000E+00     0.000000000E+00
     3879     6.500000000E+01    -6.250000000E+00     0.000000000E+00
     3880     6.500000000E+01    -8.750000000E+00     0.000000000E+00
     3881     6.625000000E+01    -2.500000000E+00     0.000000000E+00
     3882     6.500000000E+01    -1.250000000E+00     0.000000000E+00
     3883     6.500000000E+01    -3.750000000E+00     0.000000000E+00
     3884     6.625000000E+01     2.500000000E+00     0.000000000E+00
     3885     6.500000000E+01     1.250000000E+00     0.000000000E+00
     3886     6.500000000E+01     3.750000000E+00     0.000000000E+00
     3887     6.625000000E+01     7.500000001E+00     0.000000000E+00
     3888     6.500000000E+01     8.750000001E+00     0.000000000E+00
     3889     6.500000000E+01     6.250000000E+00     0.000000000E+00
     3890    -6.125000000E+01     1.500000000E+01     0.000000000E+00
     3891    -6.250000000E+01     1.625000000E+01     0.000000000E+00
     3892    -6.375000000E+01     1.500000000E+01     0.000000000E+00
     3893    -6.500000000E+01     1.125000000E+01     0.000000000E+00
     3894    -6.500000000E+01     8.750000000E+00     0.000000000E+00
     3895    -6.625000000E+01     1.000000000E+01     0.000000000E+00
     3896    -6.625000000E+01     1.250000000E+01     0.000000000E+00
     3897    -6.500000000E+01     1.375000000E+01     0.000000000E+00
     3898    -6.500000000E+01     6.250000000E+00     0.000000000E+00
     3899    -6.500000000E+01     3.750000000E+00     0.000000000E+00
     3900    -6.625000000E+01     5.000000000E+00     0.000000000E+00
     3901    -6.625000000E+01     7.500000000E+00     0.000000000E+00
     3902    -6.500000000E+01     1.250000000E+00     0.000000000E+00
     3903    -6.500000000E+01    -1.250000000E+00     0.000000000E+00
     3904    -6.625000000E+01     8.290026651E-11     0.000000000E+00
     3905    -6.375000000E+01     8.974028118E-11     0.000000000E+00
     3906    -6.625000000E+01     2.500000000E+00     0.000000000E+00
     3907    -6.625000000E+01    -2.500000000E+00     0.000000000E+00
     3908    -6.500000000E+01    -3.750000000E+00     0.000000000E+00
     3909    -6.625000000E+01    -7.500000000E+00     0.000000000E+00
     3910    -6.500000000E+01    -6.250000000E+00     0.000000000E+00
     3911    -6.500000000E+01    -8.750000000E+00     0.000000000E+00
     3912     6.625000000E+01     1.500000000E+01     0.000000000E+00
     3913     6.500000000E+01     1.625000000E+01     0.000000000E+00
     3914    -6.625000000E+01    -1.500000000E+01     0.000000000E+00
     3915    -6.500000000E+01    -1.625000000E+01     0.000000000E+00
     3916    -6.000000000E+01    -1.625000000E+01     0.000000000E+00
     3917    -5.875000000E+01    -1.500000001E+01     0.000000000E+00
     3918    -5.875000000E+01     1.500000000E+01     0.000000000E+00
     3919    -6.000000000E+01     1.625000000E+01     0.000000000E+00
     3920    -6.000000000E+01     1.375000000E+01     0.000000000E+00
     3921    -5.750000000E+01     1.125000000E+01     0.000000000E+00
     3922    -5.625000000E+01     1.000000000E+01     0.000000000E+00
     3923     6.000000000E+01     1.625000000E+01     0.000000000E+00
     3924     5.875000000E+01     1.499999999E+01     0.000000000E+00
     3925     5.750000000E+01     1.124999999E+01     0.000000000E+00
     3926     5.625000000E+01     9.999999994E+00     0.000000000E+00
     3927     5.875000000E+01     9.999999994E+00     0.000000000E+00
     3928     5.875000000E+01    -1.500000000E+01     0.000000000E+00
     3929     6.000000000E+01    -1.625000000E+01     0.000000000E+00
     3930     5.750000000E+01    -1.125000000E+01     0.000000000E+00
     3931     5.625000000E+01    -9.999999996E+00     0.000000000E+00
     3932     5.875000000E+01    -9.999999996E+00     0.000000000E+00
     3933     6.750000000E+01    -1.375000000E+01     0.000000000E+00
     3934     6.750000000E+01    -1.625000000E+01     0.000000000E+00
     3935     6.875000000E+01    -1.500000000E+01     0.000000000E+00
     3936     6.625000000E+01    -1.500000000E+01     0.000000000E+00
     3937     4.875000000E+01     2.499999996E+00     0.000000000E+00
     3938     5.000000000E+01     3.749999995E+00     0.000000000E+00
     3939     5.125000000E+01     4.999999995E+00     0.000000000E+00
     3940     5.250000000E+01     6.249999995E+00     0.000000000E+00
     3941     5.500000000E+01     8.749999994E+00     0.000000000E+00
     3942     5.375000000E+01     7.499999994E+00     0.000000000E+00
     3943    -4.875000000E+01    -2.500000004E+00     0.000000000E+00
     3944    -5.000000000E+01    -3.750000005E+00     0.000000000E+00
     3945    -5.125000000E+01    -5.000000005E+00     0.000000000E+00
     3946    -5.250000000E+01    -6.250000005E+00     0.000000000E+00
     3947    -5.500000000E+01    -8.750000006E+00     0.000000000E+00
     3948    -5.375000000E+01    -7.500000006E+00     0.000000000E+00
     3949     5.500000000E+01    -8.749999996E+00     0.000000000E+00
     3950     5.375000000E+01    -7.499999996E+00     0.000000000E+00
     3951     5.250000000E+01    -6.249999996E+00     0.000000000E+00
     3952     5.125000000E+01    -4.999999997E+00     0.000000000E+00
     3953     5.000000000E+01    -3.749999997E+00     0.000000000E+00
     3954     4.875000000E+01    -2.499999997E+00     0.000000000E+00
     3955     4.750000000E+01     1.249999999E+00     0.000000000E+00
     3956     4.625000000E+01     7.858757048E-10     0.000000000E+00
     3957     4.750000000E+01    -1.249999998E+00     0.000000000E+00
     3958    -5.500000000E+01     8.750000003E+00     0.000000000E+00
     3959    -5.375000000E+01     7.500000003E+00     0.000000000E+00
     3960    -5.250000000E+01     6.250000003E+00     0.000000000E+00
     3961    -5.125000000E+01     5.000000003E+00     0.000000000E+00
     3962    -5.250000000E+01     3.750000003E+00     0.000000000E+00
     3963    -5.000000000E+01     3.750000002E+00     0.000000000E+00
     3964    -4.875000000E+01     2.500000002E+00     0.000000000E+00
     3965    -5.125000000E+01     2.500000002E+00     0.000000000E+00
     3966    -4.750000000E+01    -1.250000002E+00     0.000000000E+00
     3967    -4.625000000E+01     3.923450445E-10     0.000000000E+00
     3968    -4.750000000E+01     1.250000001E+00     0.000000000E+00
     3969     6.250000000E+01    -1.875000000E+01     0.000000000E+00
     3970     6.125000000E+01    -1.750000000E+01     0.000000000E+00
     3971     6.375000000E+01    -1.750000000E+01     0.000000000E+00
     3972     6.875000000E+01    -1.250000000E+01     0.000000000E+00
     3973     6.750000000E+01    -1.125000000E+01     0.000000000E+00
     3974     6.875000000E+01    -7.500000000E+00     0.000000000E+00
     3975     6.750000000E+01    -6.250000000E+00     0.000000000E+00
     3976     6.750000000E+01    -8.750000000E+00     0.000000000E+00
     3977     6.875000000E+01    -2.500000000E+00     0.000000000E+00
     3978     6.750000000E+01    -3.750000000E+00     0.000000000E+00
     3979     6.750000000E+01    -1.250000000E+00     0.000000000E+00
     3980     6.875000000E+01     2.500000000E+00     0.000000000E+00
     3981     6.750000000E+01     3.750000000E+00     0.000000000E+00
     3982     6.750000000E+01     1.250000000E+00     0.000000000E+00
     3983     6.875000000E+01     7.500000000E+00     0.000000000E+00
     3984     6.750000000E+01     8.750000001E+00     0.000000000E+00
     3985     6.750000000E+01     6.250000000E+00     0.000000000E+00
     3986     6.875000000E+01     1.250000000E+01     0.000000000E+00
     3987     6.750000000E+01     1.375000000E+01     0.000000000E+00
     3988     6.750000000E+01     1.125000000E+01     0.000000000E+00
     3989    -6.250000000E+01     1.875000000E+01     0.000000000E+00
     3990    -6.375000000E+01     1.750000000E+01     0.000000000E+00
     3991    -6.125000000E+01     1.750000000E+01     0.000000000E+00
     3992    -6.875000000E+01     1.250000000E+01     0.000000000E+00
     3993    -6.750000000E+01     1.375000000E+01     0.000000000E+00
     3994    -6.750000000E+01     1.125000000E+01     0.000000000E+00
     3995    -6.750000000E+01     6.250000000E+00     0.000000000E+00
     3996    -6.750000000E+01     3.750000000E+00     0.000000000E+00
     3997    -6.875000000E+01     5.000000000E+00     0.000000000E+00
     3998    -6.875000000E+01     7.500000000E+00     0.000000000E+00
     3999    -6.750000000E+01     8.750000000E+00     0.000000000E+00
     4000    -6.875000000E+01     2.500000000E+00     0.000000000E+00
     4001    -6.750000000E+01     1.250000000E+00     0.000000000E+00
     4002    -6.750000000E+01    -3.750000000E+00     0.000000000E+00
     4003    -6.750000000E+01    -6.250000000E+00     0.000000000E+00
     4004    -6.875000000E+01    -5.000000000E+00     0.000000000E+00
     4005    -6.625000000E+01    -5.000000000E+00     0.000000000E+00
     4006    -6.875000000E+01    -2.500000000E+00     0.000000000E+00
     4007    -6.750000000E+01    -1.250000000E+00     0.000000000E+00
     4008    -6.875000000E+01    -7.500000000E+00     0.000000000E+00
     4009    -6.750000000E+01    -8.750000000E+00     0.000000000E+00
     4010    -6.750000000E+01    -1.375000000E+01     0.000000000E+00
     4011    -6.750000000E+01    -1.625000000E+01     0.000000000E+00
     4012    -6.875000000E+01    -1.500000000E+01     0.000000000E+00
     4013    -6.750000000E+01    -1.125000000E+01     0.000000000E+00
     4014    -6.875000000E+01    -1.250000000E+01     0.000000000E+00
     4015    -6.375000000E+01    -1.750000000E+01     0.000000000E+00
     4016    -6.125000000E+01    -1.750000000E+01     0.000000000E+00
     4017    -6.250000000E+01    -1.875000000E+01     0.000000000E+00
     4018    -6.625000000E+01    -1.750000000E+01     0.000000000E+00
     4019    -6.500000000E+01    -1.875000000E+01     0.000000000E+00
     4020    -5.875000000E+01    -1.750000000E+01     0.000000000E+00
     4021    -6.000000000E+01    -1.875000000E+01     0.000000000E+00
     4022    -5.750000000E+01    -1.375000001E+01     0.000000000E+00
     4023    -5.625000000E+01    -1.250000001E+01     0.000000000E+00
     4024    -5.750000000E+01    -1.125000001E+01     0.000000000E+00
     4025    -5.750000000E+01     1.375000000E+01     0.000000000E+00
     4026    -5.625000000E+01     1.250000000E+01     0.000000000E+00
     4027    -5.875000000E+01     1.250000000E+01     0.000000000E+00
     4028     6.000000000E+01     1.875000000E+01     0.000000000E+00
     4029     5.875000000E+01     1.750000000E+01     0.000000000E+00
     4030     6.125000000E+01     1.750000000E+01     0.000000000E+00
     4031     5.750000000E+01     1.374999999E+01     0.000000000E+00
     4032     5.625000000E+01     1.249999999E+01     0.000000000E+00
     4033     5.750000000E+01    -1.375000000E+01     0.000000000E+00
     4034     5.625000000E+01    -1.250000000E+01     0.000000000E+00
     4035     6.875000000E+01    -1.750000000E+01     0.000000000E+00
     4036     6.750000000E+01    -1.875000000E+01     0.000000000E+00
     4037     6.625000000E+01    -1.750000000E+01     0.000000000E+00
     4038     6.750000000E+01     1.875000000E+01     0.000000000E+00
     4039     6.875000000E+01     1.750000000E+01     0.000000000E+00
     4040     6.750000000E+01     1.625000000E+01     0.000000000E+00
     4041     6.625000000E+01     1.750000000E+01     0.000000000E+00
     4042    -6.750000000E+01    -1.875000000E+01     0.000000000E+00
     4043    -6.875000000E+01    -1.750000000E+01     0.000000000E+00
     4044     4.750000000E+01     3.749999996E+00     0.000000000E+00
     4045     4.625000000E+01     2.499999996E+00     0.000000000E+00
     4046     5.000000000E+01     6.249999995E+00     0.000000000E+00
     4047     4.875000000E+01     4.999999995E+00     0.000000000E+00
     4048     5.375000000E+01     9.999999994E+00     0.000000000E+00
     4049     5.500000000E+01     1.124999999E+01     0.000000000E+00
     4050     5.250000000E+01     8.749999995E+00     0.000000000E+00
     4051     5.125000000E+01     7.499999995E+00     0.000000000E+00
     4052    -4.750000000E+01    -3.750000004E+00     0.000000000E+00
     4053    -4.625000000E+01    -2.500000004E+00     0.000000000E+00
     4054    -5.000000000E+01    -6.250000005E+00     0.000000000E+00
     4055    -4.875000000E+01    -5.000000005E+00     0.000000000E+00
     4056    -5.375000000E+01    -1.000000001E+01     0.000000000E+00
     4057    -5.500000000E+01    -1.125000001E+01     0.000000000E+00
     4058    -5.625000000E+01    -1.000000001E+01     0.000000000E+00
     4059    -5.250000000E+01    -8.750000005E+00     0.000000000E+00
     4060    -5.125000000E+01    -7.500000005E+00     0.000000000E+00
     4061     5.375000000E+01    -9.999999996E+00     0.000000000E+00
     4062     5.500000000E+01    -1.125000000E+01     0.000000000E+00
     4063     5.125000000E+01    -7.499999996E+00     0.000000000E+00
     4064     5.250000000E+01    -8.749999996E+00     0.000000000E+00
     4065     4.875000000E+01    -4.999999997E+00     0.000000000E+00
     4066     5.000000000E+01    -6.249999997E+00     0.000000000E+00
     4067     4.500000000E+01    -1.249999999E+00     0.000000000E+00
     4068     4.500000000E+01     1.249999998E+00     0.000000000E+00
     4069     4.375000000E+01    -6.682926781E-10     0.000000000E+00
     4070     4.625000000E+01    -2.499999998E+00     0.000000000E+00
     4071     4.750000000E+01    -3.749999997E+00     0.000000000E+00
     4072    -5.375000000E+01     1.000000000E+01     0.000000000E+00
     4073    -5.500000000E+01     1.125000000E+01     0.000000000E+00
     4074    -5.125000000E+01     7.500000003E+00     0.000000000E+00
     4075    -5.250000000E+01     8.750000003E+00     0.000000000E+00
     4076    -4.875000000E+01     5.000000002E+00     0.000000000E+00
     4077    -5.000000000E+01     6.250000003E+00     0.000000000E+00
     4078    -4.500000000E+01     1.250000001E+00     0.000000000E+00
     4079    -4.500000000E+01    -1.250000002E+00     0.000000000E+00
     4080    -4.375000000E+01    -9.119535774E-10     0.000000000E+00
     4081    -4.625000000E+01     2.500000002E+00     0.000000000E+00
     4082    -4.750000000E+01     3.750000002E+00     0.000000000E+00
     4083    -5.750000000E+01    -1.625000001E+01     0.000000000E+00
     4084    -5.625000000E+01    -1.500000001E+01     0.000000000E+00
     4085    -5.750000000E+01    -1.875000000E+01     0.000000000E+00
     4086    -5.625000000E+01    -1.750000001E+01     0.000000000E+00
     4087    -5.750000000E+01     1.625000000E+01     0.000000000E+00
     4088    -5.750000000E+01     1.875000000E+01     0.000000000E+00
     4089    -5.875000000E+01     1.750000000E+01     0.000000000E+00
     4090    -5.625000000E+01     1.750000000E+01     0.000000000E+00
     4091    -5.625000000E+01     1.500000000E+01     0.000000000E+00
     4092     5.625000000E+01     1.499999999E+01     0.000000000E+00
     4093     5.750000000E+01     1.624999999E+01     0.000000000E+00
     4094     5.625000000E+01    -1.500000000E+01     0.000000000E+00
     4095     5.750000000E+01    -1.625000000E+01     0.000000000E+00
     4096     3.749999998E+00    -2.000000000E+01     0.000000000E+00
     4097     6.249999999E+00    -2.000000000E+01     0.000000000E+00
     4098     4.999999998E+00    -2.125000000E+01     0.000000000E+00
     4099     4.999999999E+00    -1.875000000E+01     0.000000000E+00
     4100     1.249999998E+00    -2.000000000E+01     0.000000000E+00
     4101     2.499999998E+00    -2.125000000E+01     0.000000000E+00
     4102     2.499999999E+00    -1.875000000E+01     0.000000000E+00
     4103    -1.250000002E+00    -2.000000000E+01     0.000000000E+00
     4104    -1.856471154E-09    -2.125000000E+01     0.000000000E+00
     4105    -8.347920472E-10    -1.875000000E+01     0.000000000E+00
     4106    -3.750000001E+00    -2.000000000E+01     0.000000000E+00
     4107    -2.500000002E+00    -2.125000000E+01     0.000000000E+00
     4108    -2.500000001E+00    -1.875000000E+01     0.000000000E+00
     4109    -6.250000001E+00    -2.000000000E+01     0.000000000E+00
     4110    -5.000000001E+00    -2.125000000E+01     0.000000000E+00
     4111    -5.000000000E+00    -1.875000000E+01     0.000000000E+00
     4112    -8.750000000E+00    -2.000000000E+01     0.000000000E+00
     4113    -7.500000001E+00    -2.125000000E+01     0.000000000E+00
     4114    -7.500000000E+00    -1.875000000E+01     0.000000000E+00
     4115    -4.500000000E+01     3.750000002E+00     0.000000000E+00
     4116    -4.375000000E+01     2.500000002E+00     0.000000000E+00
     4117    -4.750000000E+01     6.250000002E+00     0.000000000E+00
     4118    -4.625000000E+01     5.000000002E+00     0.000000000E+00
     4119    -5.000000000E+01     8.750000003E+00     0.000000000E+00
     4120    -4.875000000E+01     7.500000003E+00     0.000000000E+00
     4121    -5.125000000E+01     1.000000000E+01     0.000000000E+00
     4122    -5.250000000E+01     1.125000000E+01     0.000000000E+00
     4123    -3.750000003E+00     2.000000000E+01     0.000000000E+00
     4124    -6.250000002E+00     2.000000000E+01     0.000000000E+00
     4125    -5.000000003E+00     2.125000000E+01     0.000000000E+00
     4126    -5.000000001E+00     1.875000000E+01     0.000000000E+00
     4127    -1.250000002E+00     2.000000000E+01     0.000000000E+00
     4128    -2.500000002E+00     2.125000000E+01     0.000000000E+00
     4129    -2.500000001E+00     1.875000000E+01     0.000000000E+00
     4130     1.249999998E+00     2.000000000E+01     0.000000000E+00
     4131    -2.336788044E-09     2.125000000E+01     0.000000000E+00
     4132    -1.107393636E-09     1.875000000E+01     0.000000000E+00
     4133     3.749999998E+00     2.000000000E+01     0.000000000E+00
     4134     2.499999999E+00     1.875000000E+01     0.000000000E+00
     4135     2.499999998E+00     2.125000000E+01     0.000000000E+00
     4136     6.249999999E+00     2.000000000E+01     0.000000000E+00
     4137     4.999999998E+00     2.125000000E+01     0.000000000E+00
     4138     4.999999999E+00     1.875000000E+01     0.000000000E+00
     4139     8.750000001E+00     2.000000000E+01     0.000000000E+00
     4140     7.499999999E+00     2.125000000E+01     0.000000000E+00
     4141     7.500000000E+00     1.875000000E+01     0.000000000E+00
     4142     4.500000000E+01    -3.749999997E+00     0.000000000E+00
     4143     4.375000000E+01    -2.499999998E+00     0.000000000E+00
     4144     4.750000000E+01    -6.249999997E+00     0.000000000E+00
     4145     4.625000000E+01    -4.999999997E+00     0.000000000E+00
     4146     5.000000000E+01    -8.749999996E+00     0.000000000E+00
     4147     4.875000000E+01    -7.499999997E+00     0.000000000E+00
     4148     5.125000000E+01    -9.999999996E+00     0.000000000E+00
     4149     5.250000000E+01    -1.125000000E+01     0.000000000E+00
     4150    -5.125000000E+01    -1.000000001E+01     0.000000000E+00
     4151    -5.250000000E+01    -1.125000001E+01     0.000000000E+00
     4152    -5.000000000E+01    -8.750000005E+00     0.000000000E+00
     4153    -4.875000000E+01    -7.500000005E+00     0.000000000E+00
     4154    -4.625000000E+01    -5.000000004E+00     0.000000000E+00
     4155    -4.750000000E+01    -6.250000005E+00     0.000000000E+00
     4156    -4.375000000E+01    -2.500000004E+00     0.000000000E+00
     4157    -4.500000000E+01    -3.750000004E+00     0.000000000E+00
     4158     5.125000000E+01     9.999999995E+00     0.000000000E+00
     4159     5.250000000E+01     1.124999999E+01     0.000000000E+00
     4160     5.000000000E+01     8.749999995E+00     0.000000000E+00
     4161     4.875000000E+01     7.499999995E+00     0.000000000E+00
     4162     4.625000000E+01     4.999999996E+00     0.000000000E+00
     4163     4.750000000E+01     6.249999995E+00     0.000000000E+00
     4164     4.375000000E+01     2.499999997E+00     0.000000000E+00
     4165     4.500000000E+01     3.749999996E+00     0.000000000E+00
     4166     4.250000000E+01     1.249999998E+00     0.000000000E+00
     4167     4.250000000E+01    -1.250000000E+00     0.000000000E+00
     4168     4.125000000E+01    -6.771383584E-10     0.000000000E+00
     4169    -8.750000000E+00     2.000000000E+01     0.000000000E+00
     4170    -7.500000002E+00     2.125000000E+01     0.000000000E+00
     4171    -7.500000000E+00     1.875000000E+01     0.000000000E+00
     4172     8.750000001E+00    -2.000000000E+01     0.000000000E+00
     4173     7.499999999E+00    -2.125000000E+01     0.000000000E+00
     4174     7.500000000E+00    -1.875000000E+01     0.000000000E+00
     4175    -5.375000000E+01    -1.250000001E+01     0.000000000E+00
     4176    -5.500000000E+01    -1.375000001E+01     0.000000000E+00
     4177    -5.500000000E+01     1.375000000E+01     0.000000000E+00
     4178    -5.375000000E+01     1.250000000E+01     0.000000000E+00
     4179    -5.625000000E+01    -2.000000000E+01     0.000000000E+00
     4180    -5.500000000E+01    -1.875000000E+01     0.000000000E+00
     4181    -5.500000000E+01    -2.125000000E+01     0.000000000E+00
     4182    -5.375000000E+01    -2.000000000E+01     0.000000000E+00
     4183    -5.875000000E+01    -2.000000000E+01     0.000000000E+00
     4184    -5.750000000E+01    -2.125000000E+01     0.000000000E+00
     4185    -6.125000000E+01    -2.000000000E+01     0.000000000E+00
     4186    -6.000000000E+01    -2.125000000E+01     0.000000000E+00
     4187    -6.375000000E+01    -2.000000000E+01     0.000000000E+00
     4188    -6.250000000E+01    -2.125000000E+01     0.000000000E+00
     4189    -6.625000000E+01    -2.000000000E+01     0.000000000E+00
     4190    -6.500000000E+01    -2.125000000E+01     0.000000000E+00
     4191    -6.875000000E+01    -2.000000000E+01     0.000000000E+00
     4192    -6.750000000E+01    -2.125000000E+01     0.000000000E+00
     4193    -7.000000000E+01    -1.875000000E+01     0.000000000E+00
     4194    -7.000000000E+01    -2.125000000E+01     0.000000000E+00
     4195    -7.125000000E+01    -2.000000000E+01     0.000000000E+00
     4196    -7.000000000E+01    -1.625000000E+01     0.000000000E+00
     4197    -7.125000000E+01    -1.750000000E+01     0.000000000E+00
     4198    -7.125000000E+01    -1.500000000E+01     0.000000000E+00
     4199    -7.000000000E+01    -1.375000000E+01     0.000000000E+00
     4200    -7.000000000E+01    -8.750000000E+00     0.000000000E+00
     4201    -7.125000000E+01    -1.000000000E+01     0.000000000E+00
     4202    -6.875000000E+01    -1.000000000E+01     0.000000000E+00
     4203    -7.000000000E+01    -1.125000000E+01     0.000000000E+00
     4204    -7.000000000E+01    -6.250000000E+00     0.000000000E+00
     4205    -7.125000000E+01    -7.500000000E+00     0.000000000E+00
     4206    -7.000000000E+01    -3.750000000E+00     0.000000000E+00
     4207    -7.125000000E+01    -5.000000000E+00     0.000000000E+00
     4208    -7.125000000E+01    -2.500000000E+00     0.000000000E+00
     4209    -7.000000000E+01    -1.250000000E+00     0.000000000E+00
     4210    -7.000000000E+01     3.750000000E+00     0.000000000E+00
     4211    -7.125000000E+01     2.500000000E+00     0.000000000E+00
     4212    -7.000000000E+01     1.250000000E+00     0.000000000E+00
     4213    -7.125000000E+01     5.000000000E+00     0.000000000E+00
     4214    -7.000000000E+01     6.250000000E+00     0.000000000E+00
     4215    -7.000000000E+01     1.125000000E+01     0.000000000E+00
     4216    -7.125000000E+01     1.000000000E+01     0.000000000E+00
     4217    -7.000000000E+01     8.750000000E+00     0.000000000E+00
     4218    -6.875000000E+01     1.000000000E+01     0.000000000E+00
     4219    -7.000000000E+01     1.375000000E+01     0.000000000E+00
     4220    -7.125000000E+01     1.250000000E+01     0.000000000E+00
     4221    -7.000000000E+01     1.625000000E+01     0.000000000E+00
     4222    -7.125000000E+01     1.500000000E+01     0.000000000E+00
     4223    -6.875000000E+01     1.500000000E+01     0.000000000E+00
     4224    -7.000000000E+01     1.875000000E+01     0.000000000E+00
     4225    -7.125000000E+01     1.750000000E+01     0.000000000E+00
     4226    -6.875000000E+01     1.750000000E+01     0.000000000E+00
     4227    -7.125000000E+01     2.000000000E+01     0.000000000E+00
     4228    -7.000000000E+01     2.125000000E+01     0.000000000E+00
     4229    -6.875000000E+01     2.000000000E+01     0.000000000E+00
     4230    -6.375000000E+01     2.000000000E+01     0.000000000E+00
     4231    -6.500000000E+01     2.125000000E+01     0.000000000E+00
     4232    -6.500000000E+01     1.875000000E+01     0.000000000E+00
     4233    -6.625000000E+01     2.000000000E+01     0.000000000E+00
     4234    -6.125000000E+01     2.000000000E+01     0.000000000E+00
     4235    -6.250000000E+01     2.125000000E+01     0.000000000E+00
     4236    -5.875000000E+01     2.000000000E+01     0.000000000E+00
     4237    -6.000000000E+01     2.125000000E+01     0.000000000E+00
     4238    -6.000000000E+01     1.875000000E+01     0.000000000E+00
     4239    -5.625000000E+01     2.000000000E+01     0.000000000E+00
     4240    -5.750000000E+01     2.125000000E+01     0.000000000E+00
     4241    -5.500000000E+01     2.125000000E+01     0.000000000E+00
     4242    -5.375000000E+01     2.000000000E+01     0.000000000E+00
     4243    -5.500000000E+01     1.875000000E+01     0.000000000E+00
     4244     5.500000000E+01     1.374999999E+01     0.000000000E+00
     4245     5.375000000E+01     1.249999999E+01     0.000000000E+00
     4246     5.500000000E+01    -1.375000000E+01     0.000000000E+00
     4247     5.375000000E+01    -1.250000000E+01     0.000000000E+00
     4248     5.625000000E+01     2.000000000E+01     0.000000000E+00
     4249     5.500000000E+01     1.875000000E+01     0.000000000E+00
     4250     5.500000000E+01     2.125000000E+01     0.000000000E+00
     4251     5.375000000E+01     2.000000000E+01     0.000000000E+00
     4252     5.875000000E+01     2.000000000E+01     0.000000000E+00
     4253     5.750000000E+01     2.125000000E+01     0.000000000E+00
     4254     5.750000000E+01     1.875000000E+01     0.000000000E+00
     4255     6.125000000E+01     2.000000000E+01     0.000000000E+00
     4256     6.000000000E+01     2.125000000E+01     0.000000000E+00
     4257     6.375000000E+01     2.000000000E+01     0.000000000E+00
     4258     6.250000000E+01     2.125000000E+01     0.000000000E+00
     4259     6.250000000E+01     1.875000000E+01     0.000000000E+00
     4260     6.625000000E+01     2.000000000E+01     0.000000000E+00
     4261     6.500000000E+01     2.125000000E+01     0.000000000E+00
     4262     6.500000000E+01     1.875000000E+01     0.000000000E+00
     4263     6.875000000E+01     2.000000000E+01     0.000000000E+00
     4264     6.750000000E+01     2.125000000E+01     0.000000000E+00
     4265     7.000000000E+01     1.875000000E+01     0.000000000E+00
     4266     7.000000000E+01     2.125000000E+01     0.000000000E+00
     4267     7.125000000E+01     2.000000000E+01     0.000000000E+00
     4268     7.000000000E+01     1.625000000E+01     0.000000000E+00
     4269     7.125000000E+01     1.750000000E+01     0.000000000E+00
     4270     7.000000000E+01     1.375000000E+01     0.000000000E+00
     4271     7.125000000E+01     1.500000000E+01     0.000000000E+00
     4272     6.875000000E+01     1.500000000E+01     0.000000000E+00
     4273     7.000000000E+01     1.125000000E+01     0.000000000E+00
     4274     7.125000000E+01     1.250000000E+01     0.000000000E+00
     4275     7.000000000E+01     8.750000000E+00     0.000000000E+00
     4276     7.125000000E+01     1.000000000E+01     0.000000000E+00
     4277     6.875000000E+01     1.000000000E+01     0.000000000E+00
     4278     7.000000000E+01     6.250000000E+00     0.000000000E+00
     4279     7.125000000E+01     7.500000000E+00     0.000000000E+00
     4280     7.000000000E+01     3.750000000E+00     0.000000000E+00
     4281     7.125000000E+01     5.000000000E+00     0.000000000E+00
     4282     6.875000000E+01     5.000000000E+00     0.000000000E+00
     4283     7.125000000E+01     2.500000000E+00     0.000000000E+00
     4284     7.000000000E+01     1.250000000E+00     0.000000000E+00
     4285     7.000000000E+01    -3.750000000E+00     0.000000000E+00
     4286     7.125000000E+01    -2.500000000E+00     0.000000000E+00
     4287     7.000000000E+01    -1.250000000E+00     0.000000000E+00
     4288     7.000000000E+01    -6.250000000E+00     0.000000000E+00
     4289     6.875000000E+01    -5.000000000E+00     0.000000000E+00
     4290     7.125000000E+01    -5.000000000E+00     0.000000000E+00
     4291     7.000000000E+01    -8.750000000E+00     0.000000000E+00
     4292     7.125000000E+01    -7.500000000E+00     0.000000000E+00
     4293     7.000000000E+01    -1.125000000E+01     0.000000000E+00
     4294     7.125000000E+01    -1.000000000E+01     0.000000000E+00
     4295     6.875000000E+01    -1.000000000E+01     0.000000000E+00
     4296     7.000000000E+01    -1.375000000E+01     0.000000000E+00
     4297     7.125000000E+01    -1.250000000E+01     0.000000000E+00
     4298     7.000000000E+01    -1.625000000E+01     0.000000000E+00
     4299     7.125000000E+01    -1.500000000E+01     0.000000000E+00
     4300     7.000000000E+01    -1.875000000E+01     0.000000000E+00
     4301     7.125000000E+01    -1.750000000E+01     0.000000000E+00
     4302     6.875000000E+01    -2.000000000E+01     0.000000000E+00
     4303     7.125000000E+01    -2.000000000E+01     0.000000000E+00
     4304     7.000000000E+01    -2.125000000E+01     0.000000000E+00
     4305     6.750000000E+01    -2.125000000E+01     0.000000000E+00
     4306     6.625000000E+01    -2.000000000E+01     0.000000000E+00
     4307     6.125000000E+01    -2.000000000E+01     0.000000000E+00
     4308     6.250000000E+01    -2.125000000E+01     0.000000000E+00
     4309     6.375000000E+01    -2.000000000E+01     0.000000000E+00
     4310     5.875000000E+01    -2.000000000E+01     0.000000000E+00
     4311     6.000000000E+01    -2.125000000E+01     0.000000000E+00
     4312     6.000000000E+01    -1.875000000E+01     0.000000000E+00
     4313     5.625000000E+01    -2.000000000E+01     0.000000000E+00
     4314     5.750000000E+01    -2.125000000E+01     0.000000000E+00
     4315     5.750000000E+01    -1.875000000E+01     0.000000000E+00
     4316     5.500000000E+01    -2.125000000E+01     0.000000000E+00
     4317     5.375000000E+01    -2.000000000E+01     0.000000000E+00
     4318     5.500000000E+01    -1.875000000E+01     0.000000000E+00
     4319     5.375000000E+01    -1.500000000E+01     0.000000000E+00
     4320     5.500000000E+01    -1.625000000E+01     0.000000000E+00
     4321     5.500000000E+01     1.624999999E+01     0.000000000E+00
     4322     5.375000000E+01     1.499999999E+01     0.000000000E+00
     4323     5.375000000E+01     1.749999999E+01     0.000000000E+00
     4324     5.625000000E+01     1.749999999E+01     0.000000000E+00
     4325    -5.375000000E+01     1.500000000E+01     0.000000000E+00
     4326    -5.500000000E+01     1.625000000E+01     0.000000000E+00
     4327    -5.375000000E+01    -1.750000001E+01     0.000000000E+00
     4328    -5.500000000E+01    -1.625000001E+01     0.000000000E+00
     4329     1.000000000E+01    -2.125000000E+01     0.000000000E+00
     4330     1.125000000E+01    -2.000000000E+01     0.000000000E+00
     4331     1.000000000E+01    -1.875000000E+01     0.000000000E+00
     4332    -1.000000000E+01     2.125000000E+01     0.000000000E+00
     4333    -1.125000000E+01     2.000000000E+01     0.000000000E+00
     4334    -9.999999999E+00     1.875000000E+01     0.000000000E+00
     4335     4.250000000E+01     3.749999997E+00     0.000000000E+00
     4336     4.125000000E+01     2.499999997E+00     0.000000000E+00
     4337     4.500000000E+01     6.249999996E+00     0.000000000E+00
     4338     4.375000000E+01     4.999999996E+00     0.000000000E+00
     4339     5.000000000E+01     1.124999999E+01     0.000000000E+00
     4340     4.875000000E+01     9.999999995E+00     0.000000000E+00
     4341     4.625000000E+01     7.499999996E+00     0.000000000E+00
     4342     4.750000000E+01     8.749999995E+00     0.000000000E+00
     4343    -4.250000000E+01    -3.750000003E+00     0.000000000E+00
     4344    -4.125000000E+01    -2.500000003E+00     0.000000000E+00
     4345    -4.250000000E+01    -1.250000003E+00     0.000000000E+00
     4346    -4.500000000E+01    -6.250000004E+00     0.000000000E+00
     4347    -4.375000000E+01    -5.000000004E+00     0.000000000E+00
     4348    -4.875000000E+01    -1.000000001E+01     0.000000000E+00
     4349    -5.000000000E+01    -1.125000001E+01     0.000000000E+00
     4350    -4.750000000E+01    -8.750000005E+00     0.000000000E+00
     4351    -4.625000000E+01    -7.500000004E+00     0.000000000E+00
     4352     4.875000000E+01    -9.999999996E+00     0.000000000E+00
     4353     5.000000000E+01    -1.125000000E+01     0.000000000E+00
     4354     4.625000000E+01    -7.499999997E+00     0.000000000E+00
     4355     4.750000000E+01    -8.749999997E+00     0.000000000E+00
     4356     4.375000000E+01    -4.999999997E+00     0.000000000E+00
     4357     4.500000000E+01    -6.249999997E+00     0.000000000E+00
     4358     4.125000000E+01    -2.499999998E+00     0.000000000E+00
     4359     4.250000000E+01    -3.749999998E+00     0.000000000E+00
     4360     3.875000000E+01    -3.350064367E-10     0.000000000E+00
     4361     4.000000000E+01    -1.249999999E+00     0.000000000E+00
     4362     4.000000000E+01     1.249999999E+00     0.000000000E+00
     4363     1.000000000E+01     2.125000000E+01     0.000000000E+00
     4364     1.125000000E+01     2.000000000E+01     0.000000000E+00
     4365     1.000000000E+01     1.875000000E+01     0.000000000E+00
     4366    -8.750000003E+00     2.250000000E+01     0.000000000E+00
     4367    -1.125000000E+01     2.250000000E+01     0.000000000E+00
     4368    -1.000000000E+01     2.375000000E+01     0.000000000E+00
     4369    -6.250000003E+00     2.250000000E+01     0.000000000E+00
     4370    -7.500000003E+00     2.375000000E+01     0.000000000E+00
     4371    -3.750000003E+00     2.250000000E+01     0.000000000E+00
     4372    -5.000000003E+00     2.375000000E+01     0.000000000E+00
     4373    -1.250000002E+00     2.250000000E+01     0.000000000E+00
     4374    -2.500000002E+00     2.375000000E+01     0.000000000E+00
     4375    -2.281184790E-09     2.375000000E+01     0.000000000E+00
     4376     1.249999998E+00     2.250000000E+01     0.000000000E+00
     4377     6.249999998E+00     2.250000000E+01     0.000000000E+00
     4378     4.999999998E+00     2.375000000E+01     0.000000000E+00
     4379     3.749999998E+00     2.250000000E+01     0.000000000E+00
     4380     8.749999999E+00     2.250000000E+01     0.000000000E+00
     4381     7.499999998E+00     2.375000000E+01     0.000000000E+00
     4382     1.125000000E+01     2.250000000E+01     0.000000000E+00
     4383     9.999999999E+00     2.375000000E+01     0.000000000E+00
     4384     1.250000000E+01     2.125000000E+01     0.000000000E+00
     4385     1.375000000E+01     2.250000000E+01     0.000000000E+00
     4386     1.250000000E+01     2.375000000E+01     0.000000000E+00
     4387    -4.875000000E+01     1.000000000E+01     0.000000000E+00
     4388    -5.000000000E+01     1.125000000E+01     0.000000000E+00
     4389    -4.625000000E+01     7.500000002E+00     0.000000000E+00
     4390    -4.750000000E+01     8.750000003E+00     0.000000000E+00
     4391    -4.375000000E+01     5.000000002E+00     0.000000000E+00
     4392    -4.500000000E+01     6.250000002E+00     0.000000000E+00
     4393    -4.125000000E+01     2.500000001E+00     0.000000000E+00
     4394    -4.250000000E+01     3.750000002E+00     0.000000000E+00
     4395    -4.250000000E+01     1.250000000E+00     0.000000000E+00
     4396    -3.875000000E+01    -5.655315626E-10     0.000000000E+00
     4397    -4.000000000E+01     1.250000000E+00     0.000000000E+00
     4398    -4.000000000E+01    -1.250000001E+00     0.000000000E+00
     4399    -4.125000000E+01    -9.103434627E-10     0.000000000E+00
     4400    -9.999999999E+00    -2.125000000E+01     0.000000000E+00
     4401    -1.125000000E+01    -2.000000000E+01     0.000000000E+00
     4402    -9.999999999E+00    -1.875000000E+01     0.000000000E+00
     4403     8.749999998E+00    -2.250000000E+01     0.000000000E+00
     4404     1.125000000E+01    -2.250000000E+01     0.000000000E+00
     4405     9.999999998E+00    -2.375000000E+01     0.000000000E+00
     4406     6.249999998E+00    -2.250000000E+01     0.000000000E+00
     4407     7.499999998E+00    -2.375000000E+01     0.000000000E+00
     4408     3.749999998E+00    -2.250000000E+01     0.000000000E+00
     4409     4.999999998E+00    -2.375000000E+01     0.000000000E+00
     4410     1.249999998E+00    -2.250000000E+01     0.000000000E+00
     4411     2.499999998E+00    -2.375000000E+01     0.000000000E+00
     4412    -1.250000002E+00    -2.250000000E+01     0.000000000E+00
     4413    -1.818709991E-09    -2.375000000E+01     0.000000000E+00
     4414    -3.750000002E+00    -2.250000000E+01     0.000000000E+00
     4415    -2.500000002E+00    -2.375000000E+01     0.000000000E+00
     4416    -6.250000001E+00    -2.250000000E+01     0.000000000E+00
     4417    -5.000000002E+00    -2.375000000E+01     0.000000000E+00
     4418    -8.750000000E+00    -2.250000000E+01     0.000000000E+00
     4419    -7.500000001E+00    -2.375000000E+01     0.000000000E+00
     4420    -1.125000000E+01    -2.250000000E+01     0.000000000E+00
     4421    -1.000000000E+01    -2.375000000E+01     0.000000000E+00
     4422    -1.250000000E+01    -2.125000000E+01     0.000000000E+00
     4423    -1.375000000E+01    -2.250000000E+01     0.000000000E+00
     4424    -1.250000000E+01    -2.375000000E+01     0.000000000E+00
     4425     5.375000000E+01     2.250000000E+01     0.000000000E+00
     4426     5.125000000E+01     2.250000000E+01     0.000000000E+00
     4427     5.250000000E+01     2.125000000E+01     0.000000000E+00
     4428     5.250000000E+01     2.375000000E+01     0.000000000E+00
     4429     5.625000000E+01     2.250000000E+01     0.000000000E+00
     4430     5.500000000E+01     2.375000000E+01     0.000000000E+00
     4431     5.875000000E+01     2.250000000E+01     0.000000000E+00
     4432     5.750000000E+01     2.375000000E+01     0.000000000E+00
     4433     6.125000000E+01     2.250000000E+01     0.000000000E+00
     4434     6.000000000E+01     2.375000000E+01     0.000000000E+00
     4435     6.375000000E+01     2.250000000E+01     0.000000000E+00
     4436     6.250000000E+01     2.375000000E+01     0.000000000E+00
     4437     6.625000000E+01     2.250000000E+01     0.000000000E+00
     4438     6.500000000E+01     2.375000000E+01     0.000000000E+00
     4439     6.875000000E+01     2.250000000E+01     0.000000000E+00
     4440     6.750000000E+01     2.375000000E+01     0.000000000E+00
     4441     7.125000000E+01     2.250000000E+01     0.000000000E+00
     4442     7.000000000E+01     2.375000000E+01     0.000000000E+00
     4443     7.250000000E+01     2.125000000E+01     0.000000000E+00
     4444     7.250000000E+01     2.375000000E+01     0.000000000E+00
     4445     7.375000000E+01     2.250000000E+01     0.000000000E+00
     4446     7.250000000E+01     1.875000000E+01     0.000000000E+00
     4447     7.375000000E+01     2.000000000E+01     0.000000000E+00
     4448     7.250000000E+01     1.625000000E+01     0.000000000E+00
     4449     7.375000000E+01     1.750000000E+01     0.000000000E+00
     4450     7.250000000E+01     1.375000000E+01     0.000000000E+00
     4451     7.375000000E+01     1.500000000E+01     0.000000000E+00
     4452     7.250000000E+01     1.125000000E+01     0.000000000E+00
     4453     7.375000000E+01     1.250000000E+01     0.000000000E+00
     4454     7.250000000E+01     8.750000000E+00     0.000000000E+00
     4455     7.375000000E+01     1.000000000E+01     0.000000000E+00
     4456     7.250000000E+01     6.250000000E+00     0.000000000E+00
     4457     7.375000000E+01     7.500000000E+00     0.000000000E+00
     4458     7.250000000E+01     3.750000000E+00     0.000000000E+00
     4459     7.375000000E+01     5.000000000E+00     0.000000000E+00
     4460     7.250000000E+01     1.250000000E+00     0.000000000E+00
     4461     7.375000000E+01     2.500000000E+00     0.000000000E+00
     4462     7.250000000E+01    -1.250000000E+00     0.000000000E+00
     4463     7.375000000E+01     5.961919326E-12     0.000000000E+00
     4464     7.125000000E+01     2.019153074E-11     0.000000000E+00
     4465     7.375000000E+01    -2.500000000E+00     0.000000000E+00
     4466     7.250000000E+01    -3.750000000E+00     0.000000000E+00
     4467     7.250000000E+01    -8.750000000E+00     0.000000000E+00
     4468     7.375000000E+01    -7.500000000E+00     0.000000000E+00
     4469     7.250000000E+01    -6.250000000E+00     0.000000000E+00
     4470     7.250000000E+01    -1.125000000E+01     0.000000000E+00
     4471     7.375000000E+01    -1.000000000E+01     0.000000000E+00
     4472     7.250000000E+01    -1.375000000E+01     0.000000000E+00
     4473     7.375000000E+01    -1.250000000E+01     0.000000000E+00
     4474     7.250000000E+01    -1.625000000E+01     0.000000000E+00
     4475     7.375000000E+01    -1.500000000E+01     0.000000000E+00
     4476     7.250000000E+01    -1.875000000E+01     0.000000000E+00
     4477     7.375000000E+01    -1.750000000E+01     0.000000000E+00
     4478     7.250000000E+01    -2.125000000E+01     0.000000000E+00
     4479     7.375000000E+01    -2.000000000E+01     0.000000000E+00
     4480     7.125000000E+01    -2.250000000E+01     0.000000000E+00
     4481     7.375000000E+01    -2.250000000E+01     0.000000000E+00
     4482     7.250000000E+01    -2.375000000E+01     0.000000000E+00
     4483     6.875000000E+01    -2.250000000E+01     0.000000000E+00
     4484     7.000000000E+01    -2.375000000E+01     0.000000000E+00
     4485     6.625000000E+01    -2.250000000E+01     0.000000000E+00
     4486     6.750000000E+01    -2.375000000E+01     0.000000000E+00
     4487     6.375000000E+01    -2.250000000E+01     0.000000000E+00
     4488     6.500000000E+01    -2.375000000E+01     0.000000000E+00
     4489     6.500000000E+01    -2.125000000E+01     0.000000000E+00
     4490     6.125000000E+01    -2.250000000E+01     0.000000000E+00
     4491     6.250000000E+01    -2.375000000E+01     0.000000000E+00
     4492     5.875000000E+01    -2.250000000E+01     0.000000000E+00
     4493     6.000000000E+01    -2.375000000E+01     0.000000000E+00
     4494     5.625000000E+01    -2.250000000E+01     0.000000000E+00
     4495     5.750000000E+01    -2.375000000E+01     0.000000000E+00
     4496     5.375000000E+01    -2.250000000E+01     0.000000000E+00
     4497     5.500000000E+01    -2.375000000E+01     0.000000000E+00
     4498     5.125000000E+01    -2.250000000E+01     0.000000000E+00
     4499     5.250000000E+01    -2.125000000E+01     0.000000000E+00
     4500     5.250000000E+01    -2.375000000E+01     0.000000000E+00
     4501     4.875000000E+01    -2.250000000E+01     0.000000000E+00
     4502     5.000000000E+01    -2.375000000E+01     0.000000000E+00
     4503     5.000000000E+01    -2.125000000E+01     0.000000000E+00
     4504     4.875000000E+01     2.250000000E+01     0.000000000E+00
     4505     5.000000000E+01     2.375000000E+01     0.000000000E+00
     4506     5.000000000E+01     2.125000000E+01     0.000000000E+00
     4507    -5.375000000E+01    -2.250000000E+01     0.000000000E+00
     4508    -5.125000000E+01    -2.250000000E+01     0.000000000E+00
     4509    -5.250000000E+01    -2.125000000E+01     0.000000000E+00
     4510    -5.250000000E+01    -2.375000000E+01     0.000000000E+00
     4511    -5.625000000E+01    -2.250000000E+01     0.000000000E+00
     4512    -5.500000000E+01    -2.375000000E+01     0.000000000E+00
     4513    -5.875000000E+01    -2.250000000E+01     0.000000000E+00
     4514    -5.750000000E+01    -2.375000000E+01     0.000000000E+00
     4515    -6.125000000E+01    -2.250000000E+01     0.000000000E+00
     4516    -6.000000000E+01    -2.375000000E+01     0.000000000E+00
     4517    -6.375000000E+01    -2.250000000E+01     0.000000000E+00
     4518    -6.250000000E+01    -2.375000000E+01     0.000000000E+00
     4519    -6.625000000E+01    -2.250000000E+01     0.000000000E+00
     4520    -6.500000000E+01    -2.375000000E+01     0.000000000E+00
     4521    -6.875000000E+01    -2.250000000E+01     0.000000000E+00
     4522    -6.750000000E+01    -2.375000000E+01     0.000000000E+00
     4523    -7.125000000E+01    -2.250000000E+01     0.000000000E+00
     4524    -7.000000000E+01    -2.375000000E+01     0.000000000E+00
     4525    -7.250000000E+01    -2.125000000E+01     0.000000000E+00
     4526    -7.250000000E+01    -2.375000000E+01     0.000000000E+00
     4527    -7.375000000E+01    -2.250000000E+01     0.000000000E+00
     4528    -7.250000000E+01    -1.875000000E+01     0.000000000E+00
     4529    -7.375000000E+01    -2.000000000E+01     0.000000000E+00
     4530    -7.250000000E+01    -1.625000000E+01     0.000000000E+00
     4531    -7.375000000E+01    -1.750000000E+01     0.000000000E+00
     4532    -7.250000000E+01    -1.375000000E+01     0.000000000E+00
     4533    -7.375000000E+01    -1.500000000E+01     0.000000000E+00
     4534    -7.250000000E+01    -1.125000000E+01     0.000000000E+00
     4535    -7.375000000E+01    -1.250000000E+01     0.000000000E+00
     4536    -7.125000000E+01    -1.250000000E+01     0.000000000E+00
     4537    -7.250000000E+01    -8.750000000E+00     0.000000000E+00
     4538    -7.375000000E+01    -1.000000000E+01     0.000000000E+00
     4539    -7.250000000E+01    -6.250000000E+00     0.000000000E+00
     4540    -7.375000000E+01    -7.500000000E+00     0.000000000E+00
     4541    -7.250000000E+01    -3.750000000E+00     0.000000000E+00
     4542    -7.375000000E+01    -5.000000000E+00     0.000000000E+00
     4543    -7.250000000E+01    -1.250000000E+00     0.000000000E+00
     4544    -7.375000000E+01    -2.500000000E+00     0.000000000E+00
     4545    -7.250000000E+01     1.250000000E+00     0.000000000E+00
     4546    -7.375000000E+01     1.571865468E-11     0.000000000E+00
     4547    -7.125000000E+01     4.185866063E-11     0.000000000E+00
     4548    -7.250000000E+01     3.750000000E+00     0.000000000E+00
     4549    -7.375000000E+01     2.500000000E+00     0.000000000E+00
     4550    -7.250000000E+01     6.250000000E+00     0.000000000E+00
     4551    -7.375000000E+01     5.000000000E+00     0.000000000E+00
     4552    -7.250000000E+01     8.750000000E+00     0.000000000E+00
     4553    -7.375000000E+01     7.500000000E+00     0.000000000E+00
     4554    -7.125000000E+01     7.500000000E+00     0.000000000E+00
     4555    -7.250000000E+01     1.125000000E+01     0.000000000E+00
     4556    -7.375000000E+01     1.000000000E+01     0.000000000E+00
     4557    -7.250000000E+01     1.375000000E+01     0.000000000E+00
     4558    -7.375000000E+01     1.250000000E+01     0.000000000E+00
     4559    -7.250000000E+01     1.625000000E+01     0.000000000E+00
     4560    -7.375000000E+01     1.500000000E+01     0.000000000E+00
     4561    -7.250000000E+01     1.875000000E+01     0.000000000E+00
     4562    -7.375000000E+01     1.750000000E+01     0.000000000E+00
     4563    -7.250000000E+01     2.125000000E+01     0.000000000E+00
     4564    -7.375000000E+01     2.000000000E+01     0.000000000E+00
     4565    -7.125000000E+01     2.250000000E+01     0.000000000E+00
     4566    -7.375000000E+01     2.250000000E+01     0.000000000E+00
     4567    -7.250000000E+01     2.375000000E+01     0.000000000E+00
     4568    -6.875000000E+01     2.250000000E+01     0.000000000E+00
     4569    -7.000000000E+01     2.375000000E+01     0.000000000E+00
     4570    -6.625000000E+01     2.250000000E+01     0.000000000E+00
     4571    -6.750000000E+01     2.375000000E+01     0.000000000E+00
     4572    -6.750000000E+01     2.125000000E+01     0.000000000E+00
     4573    -6.375000000E+01     2.250000000E+01     0.000000000E+00
     4574    -6.500000000E+01     2.375000000E+01     0.000000000E+00
     4575    -6.125000000E+01     2.250000000E+01     0.000000000E+00
     4576    -6.250000000E+01     2.375000000E+01     0.000000000E+00
     4577    -5.875000000E+01     2.250000000E+01     0.000000000E+00
     4578    -6.000000000E+01     2.375000000E+01     0.000000000E+00
     4579    -5.625000000E+01     2.250000000E+01     0.000000000E+00
     4580    -5.750000000E+01     2.375000000E+01     0.000000000E+00
     4581    -5.375000000E+01     2.250000000E+01     0.000000000E+00
     4582    -5.500000000E+01     2.375000000E+01     0.000000000E+00
     4583    -5.125000000E+01     2.250000000E+01     0.000000000E+00
     4584    -5.250000000E+01     2.125000000E+01     0.000000000E+00
     4585    -5.250000000E+01     2.375000000E+01     0.000000000E+00
     4586    -4.875000000E+01     2.250000000E+01     0.000000000E+00
     4587    -5.000000000E+01     2.375000000E+01     0.000000000E+00
     4588    -5.000000000E+01     2.125000000E+01     0.000000000E+00
     4589    -5.000000000E+01    -2.375000000E+01     0.000000000E+00
     4590    -5.000000000E+01    -2.125000000E+01     0.000000000E+00
     4591    -4.875000000E+01    -2.250000000E+01     0.000000000E+00
     4592     1.250000000E+01    -2.125000000E+01     0.000000000E+00
     4593     1.250000000E+01    -2.375000000E+01     0.000000000E+00
     4594     1.375000000E+01    -2.250000000E+01     0.000000000E+00
     4595    -1.250000000E+01     2.125000000E+01     0.000000000E+00
     4596    -1.250000000E+01     2.375000000E+01     0.000000000E+00
     4597    -1.375000000E+01     2.250000000E+01     0.000000000E+00
     4598     5.250000000E+01    -1.375000000E+01     0.000000000E+00
     4599     5.125000000E+01    -1.250000000E+01     0.000000000E+00
     4600     5.125000000E+01    -2.000000000E+01     0.000000000E+00
     4601     5.250000000E+01    -1.875000000E+01     0.000000000E+00
     4602     5.250000000E+01     1.874999999E+01     0.000000000E+00
     4603     5.125000000E+01     1.999999999E+01     0.000000000E+00
     4604     5.125000000E+01     1.249999999E+01     0.000000000E+00
     4605     5.250000000E+01     1.374999999E+01     0.000000000E+00
     4606    -5.250000000E+01     1.375000000E+01     0.000000000E+00
     4607    -5.125000000E+01     1.250000000E+01     0.000000000E+00
     4608    -5.250000000E+01     1.875000000E+01     0.000000000E+00
     4609    -5.125000000E+01     2.000000000E+01     0.000000000E+00
     4610    -5.250000000E+01    -1.875000001E+01     0.000000000E+00
     4611    -5.125000000E+01    -2.000000001E+01     0.000000000E+00
     4612    -5.125000000E+01    -1.250000001E+01     0.000000000E+00
     4613    -5.250000000E+01    -1.375000001E+01     0.000000000E+00
     4614    -5.125000000E+01    -1.750000001E+01     0.000000000E+00
     4615    -5.250000000E+01    -1.625000001E+01     0.000000000E+00
     4616    -5.250000000E+01     1.625000000E+01     0.000000000E+00
     4617    -5.375000000E+01     1.750000000E+01     0.000000000E+00
     4618    -5.125000000E+01     1.750000000E+01     0.000000000E+00
     4619    -5.125000000E+01     1.500000000E+01     0.000000000E+00
     4620     5.125000000E+01     1.749999999E+01     0.000000000E+00
     4621     5.250000000E+01     1.624999999E+01     0.000000000E+00
     4622     5.125000000E+01    -1.500000000E+01     0.000000000E+00
     4623     5.250000000E+01    -1.625000000E+01     0.000000000E+00
     4624    -1.375000000E+01     2.000000000E+01     0.000000000E+00
     4625    -1.250000000E+01     1.875000000E+01     0.000000000E+00
     4626     1.375000000E+01    -2.000000000E+01     0.000000000E+00
     4627     1.250000000E+01    -1.875000000E+01     0.000000000E+00
     4628    -4.750000000E+01     2.375000000E+01     0.000000000E+00
     4629    -4.625000000E+01     2.250000000E+01     0.000000000E+00
     4630    -4.750000000E+01     2.125000000E+01     0.000000000E+00
     4631    -4.625000000E+01    -2.500000000E+01     0.000000000E+00
     4632    -4.500000000E+01    -2.625000000E+01     0.000000000E+00
     4633    -4.375000000E+01    -2.500000000E+01     0.000000000E+00
     4634    -4.500000000E+01    -2.375000000E+01     0.000000000E+00
     4635    -4.875000000E+01    -2.500000000E+01     0.000000000E+00
     4636    -4.750000000E+01    -2.625000000E+01     0.000000000E+00
     4637    -4.750000000E+01    -2.375000000E+01     0.000000000E+00
     4638    -5.125000000E+01    -2.500000000E+01     0.000000000E+00
     4639    -5.000000000E+01    -2.625000000E+01     0.000000000E+00
     4640    -5.375000000E+01    -2.500000000E+01     0.000000000E+00
     4641    -5.250000000E+01    -2.625000000E+01     0.000000000E+00
     4642    -5.625000000E+01    -2.500000000E+01     0.000000000E+00
     4643    -5.500000000E+01    -2.625000000E+01     0.000000000E+00
     4644    -5.875000000E+01    -2.500000000E+01     0.000000000E+00
     4645    -5.750000000E+01    -2.625000000E+01     0.000000000E+00
     4646    -6.125000000E+01    -2.500000000E+01     0.000000000E+00
     4647    -6.000000000E+01    -2.625000000E+01     0.000000000E+00
     4648    -6.375000000E+01    -2.500000000E+01     0.000000000E+00
     4649    -6.250000000E+01    -2.625000000E+01     0.000000000E+00
     4650    -6.625000000E+01    -2.500000000E+01     0.000000000E+00
     4651    -6.500000000E+01    -2.625000000E+01     0.000000000E+00
     4652    -6.875000000E+01    -2.500000000E+01     0.000000000E+00
     4653    -6.750000000E+01    -2.625000000E+01     0.000000000E+00
     4654    -7.125000000E+01    -2.500000000E+01     0.000000000E+00
     4655    -7.000000000E+01    -2.625000000E+01     0.000000000E+00
     4656    -7.375000000E+01    -2.500000000E+01     0.000000000E+00
     4657    -7.250000000E+01    -2.625000000E+01     0.000000000E+00
     4658    -7.500000000E+01    -2.375000000E+01     0.000000000E+00
     4659    -7.500000000E+01    -2.625000000E+01     0.000000000E+00
     4660    -7.625000000E+01    -2.500000000E+01     0.000000000E+00
     4661    -7.500000000E+01    -2.125000000E+01     0.000000000E+00
     4662    -7.625000000E+01    -2.250000000E+01     0.000000000E+00
     4663    -7.500000000E+01    -1.875000000E+01     0.000000000E+00
     4664    -7.625000000E+01    -2.000000000E+01     0.000000000E+00
     4665    -7.500000000E+01    -1.625000000E+01     0.000000000E+00
     4666    -7.625000000E+01    -1.750000000E+01     0.000000000E+00
     4667    -7.500000000E+01    -1.375000000E+01     0.000000000E+00
     4668    -7.625000000E+01    -1.500000000E+01     0.000000000E+00
     4669    -7.500000000E+01    -1.125000000E+01     0.000000000E+00
     4670    -7.625000000E+01    -1.250000000E+01     0.000000000E+00
     4671    -7.500000000E+01    -8.750000000E+00     0.000000000E+00
     4672    -7.625000000E+01    -1.000000000E+01     0.000000000E+00
     4673    -7.500000000E+01    -6.250000000E+00     0.000000000E+00
     4674    -7.625000000E+01    -7.500000000E+00     0.000000000E+00
     4675    -7.500000000E+01    -3.750000000E+00     0.000000000E+00
     4676    -7.625000000E+01    -5.000000000E+00     0.000000000E+00
     4677    -7.500000000E+01    -1.250000000E+00     0.000000000E+00
     4678    -7.625000000E+01    -2.500000000E+00     0.000000000E+00
     4679    -7.500000000E+01     1.250000000E+00     0.000000000E+00
     4680    -7.625000000E+01     4.952960785E-12     0.000000000E+00
     4681    -7.500000000E+01     3.750000000E+00     0.000000000E+00
     4682    -7.625000000E+01     2.500000000E+00     0.000000000E+00
     4683    -7.500000000E+01     6.250000000E+00     0.000000000E+00
     4684    -7.625000000E+01     5.000000000E+00     0.000000000E+00
     4685    -7.500000000E+01     8.750000000E+00     0.000000000E+00
     4686    -7.625000000E+01     7.500000000E+00     0.000000000E+00
     4687    -7.500000000E+01     1.125000000E+01     0.000000000E+00
     4688    -7.625000000E+01     1.000000000E+01     0.000000000E+00
     4689    -7.500000000E+01     1.375000000E+01     0.000000000E+00
     4690    -7.625000000E+01     1.250000000E+01     0.000000000E+00
     4691    -7.500000000E+01     1.625000000E+01     0.000000000E+00
     4692    -7.625000000E+01     1.500000000E+01     0.000000000E+00
     4693    -7.500000000E+01     1.875000000E+01     0.000000000E+00
     4694    -7.625000000E+01     1.750000000E+01     0.000000000E+00
     4695    -7.500000000E+01     2.125000000E+01     0.000000000E+00
     4696    -7.625000000E+01     2.000000000E+01     0.000000000E+00
     4697    -7.500000000E+01     2.375000000E+01     0.000000000E+00
     4698    -7.625000000E+01     2.250000000E+01     0.000000000E+00
     4699    -7.375000000E+01     2.500000000E+01     0.000000000E+00
     4700    -7.625000000E+01     2.500000000E+01     0.000000000E+00
     4701    -7.500000000E+01     2.625000000E+01     0.000000000E+00
     4702    -7.125000000E+01     2.500000000E+01     0.000000000E+00
     4703    -7.250000000E+01     2.625000000E+01     0.000000000E+00
     4704    -6.875000000E+01     2.500000000E+01     0.000000000E+00
     4705    -7.000000000E+01     2.625000000E+01     0.000000000E+00
     4706    -6.625000000E+01     2.500000000E+01     0.000000000E+00
     4707    -6.750000000E+01     2.625000000E+01     0.000000000E+00
     4708    -6.375000000E+01     2.500000000E+01     0.000000000E+00
     4709    -6.500000000E+01     2.625000000E+01     0.000000000E+00
     4710    -6.125000000E+01     2.500000000E+01     0.000000000E+00
     4711    -6.250000000E+01     2.625000000E+01     0.000000000E+00
     4712    -5.875000000E+01     2.500000000E+01     0.000000000E+00
     4713    -6.000000000E+01     2.625000000E+01     0.000000000E+00
     4714    -5.625000000E+01     2.500000000E+01     0.000000000E+00
     4715    -5.750000000E+01     2.625000000E+01     0.000000000E+00
     4716    -5.375000000E+01     2.500000000E+01     0.000000000E+00
     4717    -5.500000000E+01     2.625000000E+01     0.000000000E+00
     4718    -5.125000000E+01     2.500000000E+01     0.000000000E+00
     4719    -5.250000000E+01     2.625000000E+01     0.000000000E+00
     4720    -4.875000000E+01     2.500000000E+01     0.000000000E+00
     4721    -5.000000000E+01     2.625000000E+01     0.000000000E+00
     4722    -4.750000000E+01     2.625000000E+01     0.000000000E+00
     4723    -4.625000000E+01     2.500000000E+01     0.000000000E+00
     4724     4.750000000E+01     2.375000000E+01     0.000000000E+00
     4725     4.625000000E+01     2.250000000E+01     0.000000000E+00
     4726     4.750000000E+01     2.125000000E+01     0.000000000E+00
     4727     4.750000000E+01    -2.375000000E+01     0.000000000E+00
     4728     4.625000000E+01    -2.250000000E+01     0.000000000E+00
     4729     4.750000000E+01    -2.125000000E+01     0.000000000E+00
     4730     4.625000000E+01     2.500000000E+01     0.000000000E+00
     4731     4.500000000E+01     2.625000000E+01     0.000000000E+00
     4732     4.375000000E+01     2.500000000E+01     0.000000000E+00
     4733     4.500000000E+01     2.375000000E+01     0.000000000E+00
     4734     4.875000000E+01     2.500000000E+01     0.000000000E+00
     4735     4.750000000E+01     2.625000000E+01     0.000000000E+00
     4736     5.125000000E+01     2.500000000E+01     0.000000000E+00
     4737     5.000000000E+01     2.625000000E+01     0.000000000E+00
     4738     5.375000000E+01     2.500000000E+01     0.000000000E+00
     4739     5.250000000E+01     2.625000000E+01     0.000000000E+00
     4740     5.625000000E+01     2.500000000E+01     0.000000000E+00
     4741     5.500000000E+01     2.625000000E+01     0.000000000E+00
     4742     5.875000000E+01     2.500000000E+01     0.000000000E+00
     4743     5.750000000E+01     2.625000000E+01     0.000000000E+00
     4744     6.125000000E+01     2.500000000E+01     0.000000000E+00
     4745     6.000000000E+01     2.625000000E+01     0.000000000E+00
     4746     6.375000000E+01     2.500000000E+01     0.000000000E+00
     4747     6.250000000E+01     2.625000000E+01     0.000000000E+00
     4748     6.625000000E+01     2.500000000E+01     0.000000000E+00
     4749     6.500000000E+01     2.625000000E+01     0.000000000E+00
     4750     6.875000000E+01     2.500000000E+01     0.000000000E+00
     4751     6.750000000E+01     2.625000000E+01     0.000000000E+00
     4752     7.125000000E+01     2.500000000E+01     0.000000000E+00
     4753     7.000000000E+01     2.625000000E+01     0.000000000E+00
     4754     7.375000000E+01     2.500000000E+01     0.000000000E+00
     4755     7.250000000E+01     2.625000000E+01     0.000000000E+00
     4756     7.500000000E+01     2.375000000E+01     0.000000000E+00
     4757     7.500000000E+01     2.625000000E+01     0.000000000E+00
     4758     7.625000000E+01     2.500000000E+01     0.000000000E+00
     4759     7.500000000E+01     2.125000000E+01     0.000000000E+00
     4760     7.625000000E+01     2.250000000E+01     0.000000000E+00
     4761     7.500000000E+01     1.875000000E+01     0.000000000E+00
     4762     7.625000000E+01     2.000000000E+01     0.000000000E+00
     4763     7.500000000E+01     1.625000000E+01     0.000000000E+00
     4764     7.625000000E+01     1.750000000E+01     0.000000000E+00
     4765     7.500000000E+01     1.375000000E+01     0.000000000E+00
     4766     7.625000000E+01     1.500000000E+01     0.000000000E+00
     4767     7.500000000E+01     1.125000000E+01     0.000000000E+00
     4768     7.625000000E+01     1.250000000E+01     0.000000000E+00
     4769     7.500000000E+01     8.750000000E+00     0.000000000E+00
     4770     7.625000000E+01     1.000000000E+01     0.000000000E+00
     4771     7.500000000E+01     6.250000000E+00     0.000000000E+00
     4772     7.625000000E+01     7.500000000E+00     0.000000000E+00
     4773     7.500000000E+01     3.750000000E+00     0.000000000E+00
     4774     7.625000000E+01     5.000000000E+00     0.000000000E+00
     4775     7.500000000E+01     1.250000000E+00     0.000000000E+00
     4776     7.625000000E+01     2.500000000E+00     0.000000000E+00
     4777     7.500000000E+01    -1.250000000E+00     0.000000000E+00
     4778     7.625000000E+01     1.435646307E-12     0.000000000E+00
     4779     7.500000000E+01    -3.750000000E+00     0.000000000E+00
     4780     7.625000000E+01    -2.500000000E+00     0.000000000E+00
     4781     7.500000000E+01    -6.250000000E+00     0.000000000E+00
     4782     7.625000000E+01    -5.000000000E+00     0.000000000E+00
     4783     7.375000000E+01    -5.000000000E+00     0.000000000E+00
     4784     7.500000000E+01    -8.750000000E+00     0.000000000E+00
     4785     7.625000000E+01    -7.500000000E+00     0.000000000E+00
     4786     7.500000000E+01    -1.125000000E+01     0.000000000E+00
     4787     7.625000000E+01    -1.000000000E+01     0.000000000E+00
     4788     7.500000000E+01    -1.375000000E+01     0.000000000E+00
     4789     7.625000000E+01    -1.250000000E+01     0.000000000E+00
     4790     7.500000000E+01    -1.625000000E+01     0.000000000E+00
     4791     7.625000000E+01    -1.500000000E+01     0.000000000E+00
     4792     7.500000000E+01    -1.875000000E+01     0.000000000E+00
     4793     7.625000000E+01    -1.750000000E+01     0.000000000E+00
     4794     7.500000000E+01    -2.125000000E+01     0.000000000E+00
     4795     7.625000000E+01    -2.000000000E+01     0.000000000E+00
     4796     7.500000000E+01    -2.375000000E+01     0.000000000E+00
     4797     7.625000000E+01    -2.250000000E+01     0.000000000E+00
     4798     7.375000000E+01    -2.500000000E+01     0.000000000E+00
     4799     7.625000000E+01    -2.500000000E+01     0.000000000E+00
     4800     7.500000000E+01    -2.625000000E+01     0.000000000E+00
     4801     7.125000000E+01    -2.500000000E+01     0.000000000E+00
     4802     7.250000000E+01    -2.625000000E+01     0.000000000E+00
     4803     6.875000000E+01    -2.500000000E+01     0.000000000E+00
     4804     7.000000000E+01    -2.625000000E+01     0.000000000E+00
     4805     6.625000000E+01    -2.500000000E+01     0.000000000E+00
     4806     6.750000000E+01    -2.625000000E+01     0.000000000E+00
     4807     6.375000000E+01    -2.500000000E+01     0.000000000E+00
     4808     6.500000000E+01    -2.625000000E+01     0.000000000E+00
     4809     6.125000000E+01    -2.500000000E+01     0.000000000E+00
     4810     6.250000000E+01    -2.625000000E+01     0.000000000E+00
     4811     5.875000000E+01    -2.500000000E+01     0.000000000E+00
     4812     6.000000000E+01    -2.625000000E+01     0.000000000E+00
     4813     5.625000000E+01    -2.500000000E+01     0.000000000E+00
     4814     5.750000000E+01    -2.625000000E+01     0.000000000E+00
     4815     5.375000000E+01    -2.500000000E+01     0.000000000E+00
     4816     5.500000000E+01    -2.625000000E+01     0.000000000E+00
     4817     5.125000000E+01    -2.500000000E+01     0.000000000E+00
     4818     5.250000000E+01    -2.625000000E+01     0.000000000E+00
     4819     4.875000000E+01    -2.500000000E+01     0.000000000E+00
     4820     5.000000000E+01    -2.625000000E+01     0.000000000E+00
     4821     4.625000000E+01    -2.500000000E+01     0.000000000E+00
     4822     4.750000000E+01    -2.625000000E+01     0.000000000E+00
     4823     4.500000000E+01    -2.375000000E+01     0.000000000E+00
     4824     4.375000000E+01    -2.500000000E+01     0.000000000E+00
     4825     4.500000000E+01    -2.625000000E+01     0.000000000E+00
     4826    -1.375000000E+01    -2.000000000E+01     0.000000000E+00
     4827    -1.250000000E+01    -1.875000000E+01     0.000000000E+00
     4828    -1.500000000E+01    -2.375000000E+01     0.000000000E+00
     4829    -1.500000000E+01    -2.125000000E+01     0.000000000E+00
     4830    -1.625000000E+01    -2.250000000E+01     0.000000000E+00
     4831     1.375000000E+01    -2.500000000E+01     0.000000000E+00
     4832     1.625000000E+01    -2.500000000E+01     0.000000000E+00
     4833     1.500000000E+01    -2.375000000E+01     0.000000000E+00
     4834     1.500000000E+01    -2.625000000E+01     0.000000000E+00
     4835     1.125000000E+01    -2.500000000E+01     0.000000000E+00
     4836     1.250000000E+01    -2.625000000E+01     0.000000000E+00
     4837     8.749999998E+00    -2.500000000E+01     0.000000000E+00
     4838     9.999999998E+00    -2.625000000E+01     0.000000000E+00
     4839     6.249999998E+00    -2.500000000E+01     0.000000000E+00
     4840     7.499999998E+00    -2.625000000E+01     0.000000000E+00
     4841     3.749999998E+00    -2.500000000E+01     0.000000000E+00
     4842     4.999999998E+00    -2.625000000E+01     0.000000000E+00
     4843     1.249999998E+00    -2.500000000E+01     0.000000000E+00
     4844     2.499999998E+00    -2.625000000E+01     0.000000000E+00
     4845    -1.250000002E+00    -2.500000000E+01     0.000000000E+00
     4846    -1.612843472E-09    -2.625000000E+01     0.000000000E+00
     4847    -3.750000002E+00    -2.500000000E+01     0.000000000E+00
     4848    -2.500000002E+00    -2.625000000E+01     0.000000000E+00
     4849    -6.250000002E+00    -2.500000000E+01     0.000000000E+00
     4850    -5.000000002E+00    -2.625000000E+01     0.000000000E+00
     4851    -8.750000002E+00    -2.500000000E+01     0.000000000E+00
     4852    -7.500000002E+00    -2.625000000E+01     0.000000000E+00
     4853    -1.125000000E+01    -2.500000000E+01     0.000000000E+00
     4854    -1.000000000E+01    -2.625000000E+01     0.000000000E+00
     4855    -1.375000000E+01    -2.500000000E+01     0.000000000E+00
     4856    -1.250000000E+01    -2.625000000E+01     0.000000000E+00
     4857    -1.625000000E+01    -2.500000000E+01     0.000000000E+00
     4858    -1.500000000E+01    -2.625000000E+01     0.000000000E+00
     4859    -1.750000000E+01    -2.625000000E+01     0.000000000E+00
     4860    -1.875000000E+01    -2.500000000E+01     0.000000000E+00
     4861    -1.750000000E+01    -2.375000000E+01     0.000000000E+00
     4862    -3.625000000E+01    -5.532737083E-10     0.000000000E+00
     4863    -3.750000000E+01     1.250000000E+00     0.000000000E+00
     4864    -3.750000000E+01    -1.250000002E+00     0.000000000E+00
     4865    -4.000000000E+01     3.750000001E+00     0.000000000E+00
     4866    -3.875000000E+01     2.500000001E+00     0.000000000E+00
     4867    -4.250000000E+01     6.250000002E+00     0.000000000E+00
     4868    -4.125000000E+01     5.000000002E+00     0.000000000E+00
     4869    -4.500000000E+01     8.750000002E+00     0.000000000E+00
     4870    -4.375000000E+01     7.500000002E+00     0.000000000E+00
     4871    -4.625000000E+01     1.000000000E+01     0.000000000E+00
     4872    -4.750000000E+01     1.125000000E+01     0.000000000E+00
     4873     1.375000000E+01     2.000000000E+01     0.000000000E+00
     4874     1.250000000E+01     1.875000000E+01     0.000000000E+00
     4875     1.500000000E+01     2.375000000E+01     0.000000000E+00
     4876     1.500000000E+01     2.125000000E+01     0.000000000E+00
     4877     1.625000000E+01     2.250000000E+01     0.000000000E+00
     4878    -1.375000000E+01     2.500000000E+01     0.000000000E+00
     4879    -1.625000000E+01     2.500000000E+01     0.000000000E+00
     4880    -1.500000000E+01     2.375000000E+01     0.000000000E+00
     4881    -1.500000000E+01     2.625000000E+01     0.000000000E+00
     4882    -1.125000000E+01     2.500000000E+01     0.000000000E+00
     4883    -1.250000000E+01     2.625000000E+01     0.000000000E+00
     4884    -8.750000002E+00     2.500000000E+01     0.000000000E+00
     4885    -1.000000000E+01     2.625000000E+01     0.000000000E+00
     4886    -6.250000002E+00     2.500000000E+01     0.000000000E+00
     4887    -7.500000002E+00     2.625000000E+01     0.000000000E+00
     4888    -3.750000002E+00     2.500000000E+01     0.000000000E+00
     4889    -5.000000002E+00     2.625000000E+01     0.000000000E+00
     4890    -1.250000002E+00     2.500000000E+01     0.000000000E+00
     4891    -2.500000002E+00     2.625000000E+01     0.000000000E+00
     4892     1.249999998E+00     2.500000000E+01     0.000000000E+00
     4893    -2.014325935E-09     2.625000000E+01     0.000000000E+00
     4894     3.749999998E+00     2.500000000E+01     0.000000000E+00
     4895     2.499999998E+00     2.625000000E+01     0.000000000E+00
     4896     2.499999998E+00     2.375000000E+01     0.000000000E+00
     4897     6.249999998E+00     2.500000000E+01     0.000000000E+00
     4898     4.999999998E+00     2.625000000E+01     0.000000000E+00
     4899     8.749999998E+00     2.500000000E+01     0.000000000E+00
     4900     7.499999998E+00     2.625000000E+01     0.000000000E+00
     4901     1.125000000E+01     2.500000000E+01     0.000000000E+00
     4902     9.999999998E+00     2.625000000E+01     0.000000000E+00
     4903     1.375000000E+01     2.500000000E+01     0.000000000E+00
     4904     1.250000000E+01     2.625000000E+01     0.000000000E+00
     4905     1.500000000E+01     2.625000000E+01     0.000000000E+00
     4906     1.625000000E+01     2.500000000E+01     0.000000000E+00
     4907     3.625000000E+01    -3.261982698E-10     0.000000000E+00
     4908     3.750000000E+01    -1.250000000E+00     0.000000000E+00
     4909     3.750000000E+01     1.249999999E+00     0.000000000E+00
     4910     4.000000000E+01    -3.749999998E+00     0.000000000E+00
     4911     3.875000000E+01    -2.499999999E+00     0.000000000E+00
     4912     4.250000000E+01    -6.249999997E+00     0.000000000E+00
     4913     4.125000000E+01    -4.999999998E+00     0.000000000E+00
     4914     4.500000000E+01    -8.749999997E+00     0.000000000E+00
     4915     4.375000000E+01    -7.499999997E+00     0.000000000E+00
     4916     4.625000000E+01    -9.999999997E+00     0.000000000E+00
     4917     4.750000000E+01    -1.125000000E+01     0.000000000E+00
     4918    -4.625000000E+01    -1.000000000E+01     0.000000000E+00
     4919    -4.750000000E+01    -1.125000000E+01     0.000000000E+00
     4920    -4.500000000E+01    -8.750000004E+00     0.000000000E+00
     4921    -4.375000000E+01    -7.500000004E+00     0.000000000E+00
     4922    -4.125000000E+01    -5.000000003E+00     0.000000000E+00
     4923    -4.250000000E+01    -6.250000004E+00     0.000000000E+00
     4924    -4.000000000E+01    -3.750000003E+00     0.000000000E+00
     4925    -3.875000000E+01    -2.500000002E+00     0.000000000E+00
     4926    -1.875000000E+01     2.500000000E+01     0.000000000E+00
     4927    -1.750000000E+01     2.625000000E+01     0.000000000E+00
     4928    -1.750000000E+01     2.375000000E+01     0.000000000E+00
     4929     4.500000000E+01     8.749999996E+00     0.000000000E+00
     4930     4.375000000E+01     7.499999996E+00     0.000000000E+00
     4931     4.125000000E+01     4.999999997E+00     0.000000000E+00
     4932     4.250000000E+01     6.249999996E+00     0.000000000E+00
     4933     4.000000000E+01     3.749999997E+00     0.000000000E+00
     4934     3.875000000E+01     2.499999998E+00     0.000000000E+00
     4935     1.875000000E+01    -2.500000000E+01     0.000000000E+00
     4936     1.750000000E+01    -2.625000000E+01     0.000000000E+00
     4937     1.750000000E+01    -2.375000000E+01     0.000000000E+00
     4938    -1.500000000E+01     2.125000000E+01     0.000000000E+00
     4939    -1.625000000E+01     2.250000000E+01     0.000000000E+00
     4940     1.500000000E+01    -2.125000000E+01     0.000000000E+00
     4941     1.625000000E+01    -2.250000000E+01     0.000000000E+00
     4942    -5.000000000E+01    -1.875000001E+01     0.000000000E+00
     4943    -4.875000000E+01    -2.000000001E+01     0.000000000E+00
     4944    -4.875000000E+01    -1.250000001E+01     0.000000000E+00
     4945    -5.000000000E+01    -1.375000001E+01     0.000000000E+00
     4946    -5.000000000E+01     1.375000000E+01     0.000000000E+00
     4947    -4.875000000E+01     1.250000000E+01     0.000000000E+00
     4948    -4.875000000E+01     2.000000000E+01     0.000000000E+00
     4949    -5.000000000E+01     1.875000000E+01     0.000000000E+00
     4950     5.000000000E+01     1.874999999E+01     0.000000000E+00
     4951     4.875000000E+01     1.999999999E+01     0.000000000E+00
     4952     4.875000000E+01     1.249999999E+01     0.000000000E+00
     4953     5.000000000E+01     1.374999999E+01     0.000000000E+00
     4954     5.000000000E+01    -1.375000000E+01     0.000000000E+00
     4955     4.875000000E+01    -1.250000000E+01     0.000000000E+00
     4956     4.875000000E+01    -1.500000000E+01     0.000000000E+00
     4957     5.000000000E+01    -1.625000000E+01     0.000000000E+00
     4958     4.875000000E+01     1.749999999E+01     0.000000000E+00
     4959     5.000000000E+01     1.624999999E+01     0.000000000E+00
     4960    -4.875000000E+01     1.500000000E+01     0.000000000E+00
     4961    -5.000000000E+01     1.625000000E+01     0.000000000E+00
     4962    -4.875000000E+01    -1.750000001E+01     0.000000000E+00
     4963    -5.000000000E+01    -1.625000001E+01     0.000000000E+00
     4964     1.625000000E+01    -2.000000000E+01     0.000000000E+00
     4965     1.500000000E+01    -1.875000000E+01     0.000000000E+00
     4966    -1.625000000E+01     2.000000000E+01     0.000000000E+00
     4967    -1.500000000E+01     1.875000000E+01     0.000000000E+00
     4968     2.000000000E+01    -2.625000000E+01     0.000000000E+00
     4969     2.125000000E+01    -2.500000000E+01     0.000000000E+00
     4970     2.000000000E+01    -2.375000000E+01     0.000000000E+00
     4971     3.875000000E+01     4.999999997E+00     0.000000000E+00
     4972     4.000000000E+01     6.249999997E+00     0.000000000E+00
     4973     4.375000000E+01     9.999999996E+00     0.000000000E+00
     4974     4.500000000E+01     1.125000000E+01     0.000000000E+00
     4975     4.625000000E+01     9.999999996E+00     0.000000000E+00
     4976     4.250000000E+01     8.749999996E+00     0.000000000E+00
     4977     4.125000000E+01     7.499999997E+00     0.000000000E+00
     4978    -2.125000000E+01     2.500000000E+01     0.000000000E+00
     4979    -2.000000000E+01     2.375000000E+01     0.000000000E+00
     4980    -2.000000000E+01     2.625000000E+01     0.000000000E+00
     4981    -4.000000000E+01    -6.250000003E+00     0.000000000E+00
     4982    -3.875000000E+01    -5.000000003E+00     0.000000000E+00
     4983    -4.375000000E+01    -1.000000000E+01     0.000000000E+00
     4984    -4.500000000E+01    -1.125000000E+01     0.000000000E+00
     4985    -4.250000000E+01    -8.750000004E+00     0.000000000E+00
     4986    -4.125000000E+01    -7.500000003E+00     0.000000000E+00
     4987     4.375000000E+01    -9.999999997E+00     0.000000000E+00
     4988     4.500000000E+01    -1.125000000E+01     0.000000000E+00
     4989     4.125000000E+01    -7.499999997E+00     0.000000000E+00
     4990     4.250000000E+01    -8.749999997E+00     0.000000000E+00
     4991     3.875000000E+01    -4.999999998E+00     0.000000000E+00
     4992     4.000000000E+01    -6.249999998E+00     0.000000000E+00
     4993     3.500000000E+01     1.250000000E+00     0.000000000E+00
     4994     3.500000000E+01    -1.250000000E+00     0.000000000E+00
     4995     3.375000000E+01     1.142694338E-10     0.000000000E+00
     4996     3.625000000E+01    -2.499999999E+00     0.000000000E+00
     4997     3.750000000E+01    -3.749999999E+00     0.000000000E+00
     4998     2.000000000E+01     2.625000000E+01     0.000000000E+00
     4999     2.000000000E+01     2.375000000E+01     0.000000000E+00
     5000     2.125000000E+01     2.500000000E+01     0.000000000E+00
     5001     1.875000000E+01     2.500000000E+01     0.000000000E+00
     5002     1.625000000E+01     2.000000000E+01     0.000000000E+00
     5003     1.500000000E+01     1.875000000E+01     0.000000000E+00
     5004     1.750000000E+01     2.125000000E+01     0.000000000E+00
     5005     1.875000000E+01     2.250000000E+01     0.000000000E+00
     5006     1.750000000E+01     2.375000000E+01     0.000000000E+00
     5007    -4.375000000E+01     1.000000000E+01     0.000000000E+00
     5008    -4.500000000E+01     1.125000000E+01     0.000000000E+00
     5009    -4.125000000E+01     7.500000002E+00     0.000000000E+00
     5010    -4.250000000E+01     8.750000002E+00     0.000000000E+00
     5011    -3.875000000E+01     5.000000001E+00     0.000000000E+00
     5012    -4.000000000E+01     6.250000002E+00     0.000000000E+00
     5013    -3.500000000E+01    -1.250000001E+00     0.000000000E+00
     5014    -3.500000000E+01     1.250000000E+00     0.000000000E+00
     5015    -3.375000000E+01    -1.022869398E-10     0.000000000E+00
     5016    -3.625000000E+01     2.500000001E+00     0.000000000E+00
     5017    -3.750000000E+01     3.750000001E+00     0.000000000E+00
     5018    -1.625000000E+01     2.750000000E+01     0.000000000E+00
     5019    -1.750000000E+01     2.875000000E+01     0.000000000E+00
     5020    -1.875000000E+01     2.750000000E+01     0.000000000E+00
     5021    -1.375000000E+01     2.750000000E+01     0.000000000E+00
     5022    -1.500000000E+01     2.875000000E+01     0.000000000E+00
     5023    -1.125000000E+01     2.750000000E+01     0.000000000E+00
     5024    -1.250000000E+01     2.875000000E+01     0.000000000E+00
     5025    -8.750000002E+00     2.750000000E+01     0.000000000E+00
     5026    -1.000000000E+01     2.875000000E+01     0.000000000E+00
     5027    -6.250000002E+00     2.750000000E+01     0.000000000E+00
     5028    -7.500000002E+00     2.875000000E+01     0.000000000E+00
     5029    -3.750000002E+00     2.750000000E+01     0.000000000E+00
     5030    -5.000000002E+00     2.875000000E+01     0.000000000E+00
     5031    -1.250000002E+00     2.750000000E+01     0.000000000E+00
     5032    -2.500000002E+00     2.875000000E+01     0.000000000E+00
     5033     1.249999998E+00     2.750000000E+01     0.000000000E+00
     5034    -1.660798994E-09     2.875000000E+01     0.000000000E+00
     5035     3.749999998E+00     2.750000000E+01     0.000000000E+00
     5036     2.499999998E+00     2.875000000E+01     0.000000000E+00
     5037     6.249999998E+00     2.750000000E+01     0.000000000E+00
     5038     4.999999998E+00     2.875000000E+01     0.000000000E+00
     5039     8.749999998E+00     2.750000000E+01     0.000000000E+00
     5040     7.499999998E+00     2.875000000E+01     0.000000000E+00
     5041     1.125000000E+01     2.750000000E+01     0.000000000E+00
     5042     9.999999998E+00     2.875000000E+01     0.000000000E+00
     5043     1.375000000E+01     2.750000000E+01     0.000000000E+00
     5044     1.250000000E+01     2.875000000E+01     0.000000000E+00
     5045     1.625000000E+01     2.750000000E+01     0.000000000E+00
     5046     1.500000000E+01     2.875000000E+01     0.000000000E+00
     5047     1.875000000E+01     2.750000000E+01     0.000000000E+00
     5048     1.750000000E+01     2.875000000E+01     0.000000000E+00
     5049     1.750000000E+01     2.625000000E+01     0.000000000E+00
     5050     2.125000000E+01     2.750000000E+01     0.000000000E+00
     5051     2.000000000E+01     2.875000000E+01     0.000000000E+00
     5052     2.250000000E+01     2.875000000E+01     0.000000000E+00
     5053     2.250000000E+01     2.625000000E+01     0.000000000E+00
     5054     2.375000000E+01     2.750000000E+01     0.000000000E+00
     5055    -2.250000000E+01     2.875000000E+01     0.000000000E+00
     5056    -2.375000000E+01     2.750000000E+01     0.000000000E+00
     5057    -2.250000000E+01     2.625000000E+01     0.000000000E+00
     5058    -2.125000000E+01     2.750000000E+01     0.000000000E+00
     5059     2.125000000E+01    -2.750000000E+01     0.000000000E+00
     5060     2.250000000E+01    -2.875000000E+01     0.000000000E+00
     5061     2.375000000E+01    -2.750000000E+01     0.000000000E+00
     5062     2.250000000E+01    -2.625000000E+01     0.000000000E+00
     5063     1.875000000E+01    -2.750000000E+01     0.000000000E+00
     5064     2.000000000E+01    -2.875000000E+01     0.000000000E+00
     5065     1.750000000E+01    -2.875000000E+01     0.000000000E+00
     5066     1.625000000E+01    -2.750000000E+01     0.000000000E+00
     5067     1.125000000E+01    -2.750000000E+01     0.000000000E+00
     5068     1.250000000E+01    -2.875000000E+01     0.000000000E+00
     5069     1.375000000E+01    -2.750000000E+01     0.000000000E+00
     5070     8.749999999E+00    -2.750000000E+01     0.000000000E+00
     5071     9.999999999E+00    -2.875000000E+01     0.000000000E+00
     5072     6.249999999E+00    -2.750000000E+01     0.000000000E+00
     5073     7.499999999E+00    -2.875000000E+01     0.000000000E+00
     5074     3.749999999E+00    -2.750000000E+01     0.000000000E+00
     5075     4.999999999E+00    -2.875000000E+01     0.000000000E+00
     5076     1.249999999E+00    -2.750000000E+01     0.000000000E+00
     5077     2.499999999E+00    -2.875000000E+01     0.000000000E+00
     5078    -1.250000001E+00    -2.750000000E+01     0.000000000E+00
     5079    -1.339209668E-09    -2.875000000E+01     0.000000000E+00
     5080    -3.750000002E+00    -2.750000000E+01     0.000000000E+00
     5081    -2.500000001E+00    -2.875000000E+01     0.000000000E+00
     5082    -6.250000002E+00    -2.750000000E+01     0.000000000E+00
     5083    -5.000000001E+00    -2.875000000E+01     0.000000000E+00
     5084    -8.750000002E+00    -2.750000000E+01     0.000000000E+00
     5085    -7.500000001E+00    -2.875000000E+01     0.000000000E+00
     5086    -1.125000000E+01    -2.750000000E+01     0.000000000E+00
     5087    -1.000000000E+01    -2.875000000E+01     0.000000000E+00
     5088    -1.375000000E+01    -2.750000000E+01     0.000000000E+00
     5089    -1.250000000E+01    -2.875000000E+01     0.000000000E+00
     5090    -1.625000000E+01    -2.750000000E+01     0.000000000E+00
     5091    -1.500000000E+01    -2.875000000E+01     0.000000000E+00
     5092    -1.875000000E+01    -2.750000000E+01     0.000000000E+00
     5093    -1.750000000E+01    -2.875000000E+01     0.000000000E+00
     5094    -2.125000000E+01    -2.750000000E+01     0.000000000E+00
     5095    -2.000000000E+01    -2.625000000E+01     0.000000000E+00
     5096    -2.000000000E+01    -2.875000000E+01     0.000000000E+00
     5097    -2.250000000E+01    -2.625000000E+01     0.000000000E+00
     5098    -2.375000000E+01    -2.750000000E+01     0.000000000E+00
     5099    -2.250000000E+01    -2.875000000E+01     0.000000000E+00
     5100    -2.000000000E+01    -2.375000000E+01     0.000000000E+00
     5101    -2.125000000E+01    -2.500000000E+01     0.000000000E+00
     5102    -1.625000000E+01    -2.000000000E+01     0.000000000E+00
     5103    -1.500000000E+01    -1.875000000E+01     0.000000000E+00
     5104    -1.750000000E+01    -2.125000000E+01     0.000000000E+00
     5105    -1.875000000E+01    -2.250000000E+01     0.000000000E+00
     5106     4.375000000E+01    -2.250000000E+01     0.000000000E+00
     5107     4.500000000E+01    -2.125000000E+01     0.000000000E+00
     5108     4.250000000E+01    -2.625000000E+01     0.000000000E+00
     5109     4.250000000E+01    -2.375000000E+01     0.000000000E+00
     5110     4.125000000E+01    -2.500000000E+01     0.000000000E+00
     5111     4.375000000E+01     2.750000000E+01     0.000000000E+00
     5112     4.125000000E+01     2.750000000E+01     0.000000000E+00
     5113     4.250000000E+01     2.625000000E+01     0.000000000E+00
     5114     4.250000000E+01     2.875000000E+01     0.000000000E+00
     5115     4.625000000E+01     2.750000000E+01     0.000000000E+00
     5116     4.500000000E+01     2.875000000E+01     0.000000000E+00
     5117     4.875000000E+01     2.750000000E+01     0.000000000E+00
     5118     4.750000000E+01     2.875000000E+01     0.000000000E+00
     5119     5.125000000E+01     2.750000000E+01     0.000000000E+00
     5120     5.000000000E+01     2.875000000E+01     0.000000000E+00
     5121     5.375000000E+01     2.750000000E+01     0.000000000E+00
     5122     5.250000000E+01     2.875000000E+01     0.000000000E+00
     5123     5.625000000E+01     2.750000000E+01     0.000000000E+00
     5124     5.500000000E+01     2.875000000E+01     0.000000000E+00
     5125     5.875000000E+01     2.750000000E+01     0.000000000E+00
     5126     5.750000000E+01     2.875000000E+01     0.000000000E+00
     5127     6.125000000E+01     2.750000000E+01     0.000000000E+00
     5128     6.000000000E+01     2.875000000E+01     0.000000000E+00
     5129     6.375000000E+01     2.750000000E+01     0.000000000E+00
     5130     6.250000000E+01     2.875000000E+01     0.000000000E+00
     5131     6.625000000E+01     2.750000000E+01     0.000000000E+00
     5132     6.500000000E+01     2.875000000E+01     0.000000000E+00
     5133     6.875000000E+01     2.750000000E+01     0.000000000E+00
     5134     6.750000000E+01     2.875000000E+01     0.000000000E+00
     5135     7.125000000E+01     2.750000000E+01     0.000000000E+00
     5136     7.000000000E+01     2.875000000E+01     0.000000000E+00
     5137     7.375000000E+01     2.750000000E+01     0.000000000E+00
     5138     7.250000000E+01     2.875000000E+01     0.000000000E+00
     5139     7.500000000E+01     2.875000000E+01     0.000000000E+00
     5140     7.625000000E+01     2.750000000E+01     0.000000000E+00
     5141     7.750000000E+01     2.375000000E+01     0.000000000E+00
     5142     7.875000000E+01     2.500000000E+01     0.000000000E+00
     5143     7.750000000E+01     2.625000000E+01     0.000000000E+00
     5144     7.750000000E+01     2.125000000E+01     0.000000000E+00
     5145     7.875000000E+01     2.250000000E+01     0.000000000E+00
     5146     7.750000000E+01     1.875000000E+01     0.000000000E+00
     5147     7.875000000E+01     2.000000000E+01     0.000000000E+00
     5148     7.750000000E+01     1.625000000E+01     0.000000000E+00
     5149     7.875000000E+01     1.750000000E+01     0.000000000E+00
     5150     7.750000000E+01     1.375000000E+01     0.000000000E+00
     5151     7.875000000E+01     1.500000000E+01     0.000000000E+00
     5152     7.750000000E+01     1.125000000E+01     0.000000000E+00
     5153     7.875000000E+01     1.250000000E+01     0.000000000E+00
     5154     7.750000000E+01     8.750000000E+00     0.000000000E+00
     5155     7.875000000E+01     1.000000000E+01     0.000000000E+00
     5156     7.750000000E+01     6.250000000E+00     0.000000000E+00
     5157     7.875000000E+01     7.500000000E+00     0.000000000E+00
     5158     7.750000000E+01     3.750000000E+00     0.000000000E+00
     5159     7.875000000E+01     5.000000000E+00     0.000000000E+00
     5160     7.750000000E+01     1.250000000E+00     0.000000000E+00
     5161     7.875000000E+01     2.500000000E+00     0.000000000E+00
     5162     7.750000000E+01    -1.250000000E+00     0.000000000E+00
     5163     7.875000000E+01     2.608590427E-13     0.000000000E+00
     5164     7.750000000E+01    -3.750000000E+00     0.000000000E+00
     5165     7.875000000E+01    -2.500000000E+00     0.000000000E+00
     5166     7.750000000E+01    -6.250000000E+00     0.000000000E+00
     5167     7.875000000E+01    -5.000000000E+00     0.000000000E+00
     5168     7.750000000E+01    -8.750000000E+00     0.000000000E+00
     5169     7.875000000E+01    -7.500000000E+00     0.000000000E+00
     5170     7.750000000E+01    -1.125000000E+01     0.000000000E+00
     5171     7.875000000E+01    -1.000000000E+01     0.000000000E+00
     5172     7.750000000E+01    -1.375000000E+01     0.000000000E+00
     5173     7.875000000E+01    -1.250000000E+01     0.000000000E+00
     5174     7.750000000E+01    -1.625000000E+01     0.000000000E+00
     5175     7.875000000E+01    -1.500000000E+01     0.000000000E+00
     5176     7.750000000E+01    -1.875000000E+01     0.000000000E+00
     5177     7.875000000E+01    -1.750000000E+01     0.000000000E+00
     5178     7.750000000E+01    -2.125000000E+01     0.000000000E+00
     5179     7.875000000E+01    -2.000000000E+01     0.000000000E+00
     5180     7.750000000E+01    -2.375000000E+01     0.000000000E+00
     5181     7.875000000E+01    -2.250000000E+01     0.000000000E+00
     5182     7.750000000E+01    -2.625000000E+01     0.000000000E+00
     5183     7.875000000E+01    -2.500000000E+01     0.000000000E+00
     5184     7.625000000E+01    -2.750000000E+01     0.000000000E+00
     5185     7.875000000E+01    -2.750000000E+01     0.000000000E+00
     5186     7.750000000E+01    -2.875000000E+01     0.000000000E+00
     5187     7.375000000E+01    -2.750000000E+01     0.000000000E+00
     5188     7.500000000E+01    -2.875000000E+01     0.000000000E+00
     5189     7.125000000E+01    -2.750000000E+01     0.000000000E+00
     5190     7.250000000E+01    -2.875000000E+01     0.000000000E+00
     5191     6.875000000E+01    -2.750000000E+01     0.000000000E+00
     5192     7.000000000E+01    -2.875000000E+01     0.000000000E+00
     5193     6.625000000E+01    -2.750000000E+01     0.000000000E+00
     5194     6.750000000E+01    -2.875000000E+01     0.000000000E+00
     5195     6.375000000E+01    -2.750000000E+01     0.000000000E+00
     5196     6.500000000E+01    -2.875000000E+01     0.000000000E+00
     5197     6.125000000E+01    -2.750000000E+01     0.000000000E+00
     5198     6.250000000E+01    -2.875000000E+01     0.000000000E+00
     5199     5.875000000E+01    -2.750000000E+01     0.000000000E+00
     5200     6.000000000E+01    -2.875000000E+01     0.000000000E+00
     5201     5.625000000E+01    -2.750000000E+01     0.000000000E+00
     5202     5.750000000E+01    -2.875000000E+01     0.000000000E+00
     5203     5.375000000E+01    -2.750000000E+01     0.000000000E+00
     5204     5.500000000E+01    -2.875000000E+01     0.000000000E+00
     5205     5.125000000E+01    -2.750000000E+01     0.000000000E+00
     5206     5.250000000E+01    -2.875000000E+01     0.000000000E+00
     5207     4.875000000E+01    -2.750000000E+01     0.000000000E+00
     5208     5.000000000E+01    -2.875000000E+01     0.000000000E+00
     5209     4.625000000E+01    -2.750000000E+01     0.000000000E+00
     5210     4.750000000E+01    -2.875000000E+01     0.000000000E+00
     5211     4.375000000E+01    -2.750000000E+01     0.000000000E+00
     5212     4.500000000E+01    -2.875000000E+01     0.000000000E+00
     5213     4.125000000E+01    -2.750000000E+01     0.000000000E+00
     5214     4.250000000E+01    -2.875000000E+01     0.000000000E+00
     5215     3.875000000E+01    -2.750000000E+01     0.000000000E+00
     5216     4.000000000E+01    -2.625000000E+01     0.000000000E+00
     5217     4.000000000E+01    -2.875000000E+01     0.000000000E+00
     5218     3.875000000E+01     2.750000000E+01     0.000000000E+00
     5219     4.000000000E+01     2.625000000E+01     0.000000000E+00
     5220     4.000000000E+01     2.875000000E+01     0.000000000E+00
     5221     4.250000000E+01     2.375000000E+01     0.000000000E+00
     5222     4.125000000E+01     2.500000000E+01     0.000000000E+00
     5223     4.375000000E+01     2.250000000E+01     0.000000000E+00
     5224     4.500000000E+01     2.125000000E+01     0.000000000E+00
     5225    -4.375000000E+01     2.250000000E+01     0.000000000E+00
     5226    -4.500000000E+01     2.125000000E+01     0.000000000E+00
     5227    -4.500000000E+01     2.375000000E+01     0.000000000E+00
     5228    -4.375000000E+01    -2.750000000E+01     0.000000000E+00
     5229    -4.125000000E+01    -2.750000000E+01     0.000000000E+00
     5230    -4.250000000E+01    -2.625000000E+01     0.000000000E+00
     5231    -4.250000000E+01    -2.875000000E+01     0.000000000E+00
     5232    -4.625000000E+01    -2.750000000E+01     0.000000000E+00
     5233    -4.500000000E+01    -2.875000000E+01     0.000000000E+00
     5234    -4.875000000E+01    -2.750000000E+01     0.000000000E+00
     5235    -4.750000000E+01    -2.875000000E+01     0.000000000E+00
     5236    -5.125000000E+01    -2.750000000E+01     0.000000000E+00
     5237    -5.000000000E+01    -2.875000000E+01     0.000000000E+00
     5238    -5.250000000E+01    -2.875000000E+01     0.000000000E+00
     5239    -5.375000000E+01    -2.750000000E+01     0.000000000E+00
     5240    -5.875000000E+01    -2.750000000E+01     0.000000000E+00
     5241    -5.750000000E+01    -2.875000000E+01     0.000000000E+00
     5242    -5.625000000E+01    -2.750000000E+01     0.000000000E+00
     5243    -6.125000000E+01    -2.750000000E+01     0.000000000E+00
     5244    -6.000000000E+01    -2.875000000E+01     0.000000000E+00
     5245    -6.375000000E+01    -2.750000000E+01     0.000000000E+00
     5246    -6.250000000E+01    -2.875000000E+01     0.000000000E+00
     5247    -6.625000000E+01    -2.750000000E+01     0.000000000E+00
     5248    -6.500000000E+01    -2.875000000E+01     0.000000000E+00
     5249    -6.875000000E+01    -2.750000000E+01     0.000000000E+00
     5250    -6.750000000E+01    -2.875000000E+01     0.000000000E+00
     5251    -7.125000000E+01    -2.750000000E+01     0.000000000E+00
     5252    -7.000000000E+01    -2.875000000E+01     0.000000000E+00
     5253    -7.375000000E+01    -2.750000000E+01     0.000000000E+00
     5254    -7.250000000E+01    -2.875000000E+01     0.000000000E+00
     5255    -7.625000000E+01    -2.750000000E+01     0.000000000E+00
     5256    -7.500000000E+01    -2.875000000E+01     0.000000000E+00
     5257    -7.750000000E+01    -2.625000000E+01     0.000000000E+00
     5258    -7.875000000E+01    -2.750000000E+01     0.000000000E+00
     5259    -7.750000000E+01    -2.875000000E+01     0.000000000E+00
     5260    -7.875000000E+01    -2.500000000E+01     0.000000000E+00
     5261    -7.750000000E+01    -2.375000000E+01     0.000000000E+00
     5262    -7.750000000E+01    -1.875000000E+01     0.000000000E+00
     5263    -7.875000000E+01    -2.000000000E+01     0.000000000E+00
     5264    -7.750000000E+01    -2.125000000E+01     0.000000000E+00
     5265    -7.750000000E+01    -1.625000000E+01     0.000000000E+00
     5266    -7.875000000E+01    -1.750000000E+01     0.000000000E+00
     5267    -7.750000000E+01    -1.375000000E+01     0.000000000E+00
     5268    -7.875000000E+01    -1.500000000E+01     0.000000000E+00
     5269    -7.750000000E+01    -1.125000000E+01     0.000000000E+00
     5270    -7.875000000E+01    -1.250000000E+01     0.000000000E+00
     5271    -7.875000000E+01    -1.000000000E+01     0.000000000E+00
     5272    -7.750000000E+01    -8.750000000E+00     0.000000000E+00
     5273    -7.750000000E+01    -3.750000000E+00     0.000000000E+00
     5274    -7.875000000E+01    -5.000000000E+00     0.000000000E+00
     5275    -7.750000000E+01    -6.250000000E+00     0.000000000E+00
     5276    -7.875000000E+01    -2.500000000E+00     0.000000000E+00
     5277    -7.750000000E+01    -1.250000000E+00     0.000000000E+00
     5278    -7.750000000E+01     3.750000000E+00     0.000000000E+00
     5279    -7.875000000E+01     2.500000000E+00     0.000000000E+00
     5280    -7.750000000E+01     1.250000000E+00     0.000000000E+00
     5281    -7.750000000E+01     6.250000000E+00     0.000000000E+00
     5282    -7.875000000E+01     5.000000000E+00     0.000000000E+00
     5283    -7.750000000E+01     8.750000000E+00     0.000000000E+00
     5284    -7.875000000E+01     7.500000000E+00     0.000000000E+00
     5285    -7.750000000E+01     1.125000000E+01     0.000000000E+00
     5286    -7.875000000E+01     1.000000000E+01     0.000000000E+00
     5287    -7.750000000E+01     1.375000000E+01     0.000000000E+00
     5288    -7.875000000E+01     1.250000000E+01     0.000000000E+00
     5289    -7.750000000E+01     1.625000000E+01     0.000000000E+00
     5290    -7.875000000E+01     1.500000000E+01     0.000000000E+00
     5291    -7.875000000E+01     1.750000000E+01     0.000000000E+00
     5292    -7.750000000E+01     1.875000000E+01     0.000000000E+00
     5293    -7.750000000E+01     2.375000000E+01     0.000000000E+00
     5294    -7.875000000E+01     2.250000000E+01     0.000000000E+00
     5295    -7.750000000E+01     2.125000000E+01     0.000000000E+00
     5296    -7.750000000E+01     2.625000000E+01     0.000000000E+00
     5297    -7.875000000E+01     2.500000000E+01     0.000000000E+00
     5298    -7.625000000E+01     2.750000000E+01     0.000000000E+00
     5299    -7.875000000E+01     2.750000000E+01     0.000000000E+00
     5300    -7.750000000E+01     2.875000000E+01     0.000000000E+00
     5301    -7.375000000E+01     2.750000000E+01     0.000000000E+00
     5302    -7.500000000E+01     2.875000000E+01     0.000000000E+00
     5303    -7.125000000E+01     2.750000000E+01     0.000000000E+00
     5304    -7.250000000E+01     2.875000000E+01     0.000000000E+00
     5305    -6.875000000E+01     2.750000000E+01     0.000000000E+00
     5306    -7.000000000E+01     2.875000000E+01     0.000000000E+00
     5307    -6.625000000E+01     2.750000000E+01     0.000000000E+00
     5308    -6.750000000E+01     2.875000000E+01     0.000000000E+00
     5309    -6.500000000E+01     2.875000000E+01     0.000000000E+00
     5310    -6.375000000E+01     2.750000000E+01     0.000000000E+00
     5311    -5.875000000E+01     2.750000000E+01     0.000000000E+00
     5312    -6.000000000E+01     2.875000000E+01     0.000000000E+00
     5313    -6.125000000E+01     2.750000000E+01     0.000000000E+00
     5314    -5.625000000E+01     2.750000000E+01     0.000000000E+00
     5315    -5.750000000E+01     2.875000000E+01     0.000000000E+00
     5316    -5.375000000E+01     2.750000000E+01     0.000000000E+00
     5317    -5.500000000E+01     2.875000000E+01     0.000000000E+00
     5318    -5.125000000E+01     2.750000000E+01     0.000000000E+00
     5319    -5.250000000E+01     2.875000000E+01     0.000000000E+00
     5320    -4.875000000E+01     2.750000000E+01     0.000000000E+00
     5321    -5.000000000E+01     2.875000000E+01     0.000000000E+00
     5322    -4.625000000E+01     2.750000000E+01     0.000000000E+00
     5323    -4.750000000E+01     2.875000000E+01     0.000000000E+00
     5324    -4.375000000E+01     2.750000000E+01     0.000000000E+00
     5325    -4.500000000E+01     2.875000000E+01     0.000000000E+00
     5326    -4.500000000E+01     2.625000000E+01     0.000000000E+00
     5327    -4.125000000E+01     2.750000000E+01     0.000000000E+00
     5328    -4.250000000E+01     2.625000000E+01     0.000000000E+00
     5329    -4.250000000E+01     2.875000000E+01     0.000000000E+00
     5330    -3.875000000E+01     2.750000000E+01     0.000000000E+00
     5331    -4.000000000E+01     2.625000000E+01     0.000000000E+00
     5332    -4.000000000E+01     2.875000000E+01     0.000000000E+00
     5333    -3.875000000E+01    -2.750000000E+01     0.000000000E+00
     5334    -4.000000000E+01    -2.625000000E+01     0.000000000E+00
     5335    -4.000000000E+01    -2.875000000E+01     0.000000000E+00
     5336    -4.250000000E+01    -2.375000000E+01     0.000000000E+00
     5337    -4.125000000E+01    -2.500000000E+01     0.000000000E+00
     5338    -4.375000000E+01    -2.250000000E+01     0.000000000E+00
     5339    -4.500000000E+01    -2.125000000E+01     0.000000000E+00
     5340    -4.625000000E+01    -2.250000000E+01     0.000000000E+00
     5341     1.750000000E+01    -2.125000000E+01     0.000000000E+00
     5342     1.875000000E+01    -2.250000000E+01     0.000000000E+00
     5343     3.625000000E+01     2.499999998E+00     0.000000000E+00
     5344     3.750000000E+01     3.749999998E+00     0.000000000E+00
     5345    -1.750000000E+01     2.125000000E+01     0.000000000E+00
     5346    -1.875000000E+01     2.250000000E+01     0.000000000E+00
     5347    -3.625000000E+01    -2.500000002E+00     0.000000000E+00
     5348    -3.750000000E+01    -3.750000002E+00     0.000000000E+00
     5349     4.750000000E+01    -1.375000000E+01     0.000000000E+00
     5350     4.625000000E+01    -1.250000000E+01     0.000000000E+00
     5351     4.625000000E+01    -2.000000000E+01     0.000000000E+00
     5352     4.875000000E+01    -2.000000000E+01     0.000000000E+00
     5353     4.750000000E+01    -1.875000000E+01     0.000000000E+00
     5354     4.750000000E+01     1.875000000E+01     0.000000000E+00
     5355     4.625000000E+01     2.000000000E+01     0.000000000E+00
     5356    -4.750000000E+01     1.375000000E+01     0.000000000E+00
     5357    -4.625000000E+01     1.250000000E+01     0.000000000E+00
     5358    -4.750000000E+01    -1.875000001E+01     0.000000000E+00
     5359    -4.625000000E+01    -2.000000000E+01     0.000000000E+00
     5360    -4.750000000E+01    -2.125000001E+01     0.000000000E+00
     5361    -4.625000000E+01    -1.250000000E+01     0.000000000E+00
     5362    -4.750000000E+01    -1.375000001E+01     0.000000000E+00
     5363    -4.625000000E+01    -1.750000000E+01     0.000000000E+00
     5364    -4.750000000E+01    -1.625000001E+01     0.000000000E+00
     5365    -4.625000000E+01     1.500000000E+01     0.000000000E+00
     5366    -4.750000000E+01     1.625000000E+01     0.000000000E+00
     5367     4.625000000E+01     1.750000000E+01     0.000000000E+00
     5368     4.750000000E+01     1.625000000E+01     0.000000000E+00
     5369     4.625000000E+01    -1.500000000E+01     0.000000000E+00
     5370     4.750000000E+01    -1.625000000E+01     0.000000000E+00
     5371    -3.500000000E+01    -3.750000001E+00     0.000000000E+00
     5372    -3.375000000E+01    -2.500000001E+00     0.000000000E+00
     5373    -1.750000000E+01     1.875000000E+01     0.000000000E+00
     5374    -1.875000000E+01     2.000000000E+01     0.000000000E+00
     5375     3.500000000E+01     3.749999999E+00     0.000000000E+00
     5376     3.375000000E+01     2.499999999E+00     0.000000000E+00
     5377     1.875000000E+01    -2.000000000E+01     0.000000000E+00
     5378     1.750000000E+01    -1.875000000E+01     0.000000000E+00
     5379    -4.125000000E+01    -2.250000000E+01     0.000000000E+00
     5380    -4.250000000E+01    -2.125000000E+01     0.000000000E+00
     5381    -3.750000000E+01    -2.875000000E+01     0.000000000E+00
     5382    -3.750000000E+01    -2.625000000E+01     0.000000000E+00
     5383    -3.625000000E+01    -2.750000000E+01     0.000000000E+00
     5384    -3.875000000E+01    -2.500000000E+01     0.000000000E+00
     5385    -4.000000000E+01    -2.375000000E+01     0.000000000E+00
     5386    -3.750000000E+01     2.875000000E+01     0.000000000E+00
     5387    -3.750000000E+01     2.625000000E+01     0.000000000E+00
     5388    -3.625000000E+01     2.750000000E+01     0.000000000E+00
     5389    -4.125000000E+01     2.250000000E+01     0.000000000E+00
     5390    -4.250000000E+01     2.375000000E+01     0.000000000E+00
     5391    -4.250000000E+01     2.125000000E+01     0.000000000E+00
     5392    -4.000000000E+01     2.375000000E+01     0.000000000E+00
     5393    -3.875000000E+01     2.500000000E+01     0.000000000E+00
     5394    -4.125000000E+01     2.500000000E+01     0.000000000E+00
     5395     4.125000000E+01     2.250000000E+01     0.000000000E+00
     5396     4.250000000E+01     2.125000000E+01     0.000000000E+00
     5397     3.750000000E+01     2.875000000E+01     0.000000000E+00
     5398     3.750000000E+01     2.625000000E+01     0.000000000E+00
     5399     3.625000000E+01     2.750000000E+01     0.000000000E+00
     5400     3.875000000E+01     2.500000000E+01     0.000000000E+00
     5401     4.000000000E+01     2.375000000E+01     0.000000000E+00
     5402     3.750000000E+01    -2.875000000E+01     0.000000000E+00
     5403     3.750000000E+01    -2.625000000E+01     0.000000000E+00
     5404     3.625000000E+01    -2.750000000E+01     0.000000000E+00
     5405     4.125000000E+01    -2.250000000E+01     0.000000000E+00
     5406     4.250000000E+01    -2.125000000E+01     0.000000000E+00
     5407     4.000000000E+01    -2.375000000E+01     0.000000000E+00
     5408     3.875000000E+01    -2.500000000E+01     0.000000000E+00
     5409    -1.875000000E+01    -2.000000000E+01     0.000000000E+00
     5410    -1.750000000E+01    -1.875000000E+01     0.000000000E+00
     5411    -2.000000000E+01    -2.125000000E+01     0.000000000E+00
     5412    -2.125000000E+01    -2.250000000E+01     0.000000000E+00
     5413    -2.375000000E+01    -2.500000000E+01     0.000000000E+00
     5414    -2.250000000E+01    -2.375000000E+01     0.000000000E+00
     5415    -2.500000000E+01    -2.875000000E+01     0.000000000E+00
     5416    -2.500000000E+01    -2.625000000E+01     0.000000000E+00
     5417    -2.625000000E+01    -2.750000000E+01     0.000000000E+00
     5418    -8.000000000E+01    -2.625000000E+01     0.000000000E+00
     5419    -8.000000000E+01    -2.875000000E+01     0.000000000E+00
     5420    -8.125000000E+01    -2.750000000E+01     0.000000000E+00
     5421    -8.000000000E+01    -2.375000000E+01     0.000000000E+00
     5422    -8.125000000E+01    -2.500000000E+01     0.000000000E+00
     5423    -8.000000000E+01    -2.125000000E+01     0.000000000E+00
     5424    -8.125000000E+01    -2.250000000E+01     0.000000000E+00
     5425    -7.875000000E+01    -2.250000000E+01     0.000000000E+00
     5426    -8.000000000E+01    -1.875000000E+01     0.000000000E+00
     5427    -8.125000000E+01    -2.000000000E+01     0.000000000E+00
     5428    -8.000000000E+01    -1.625000000E+01     0.000000000E+00
     5429    -8.125000000E+01    -1.750000000E+01     0.000000000E+00
     5430    -8.000000000E+01    -1.375000000E+01     0.000000000E+00
     5431    -8.125000000E+01    -1.500000000E+01     0.000000000E+00
     5432    -8.000000000E+01    -1.125000000E+01     0.000000000E+00
     5433    -8.125000000E+01    -1.250000000E+01     0.000000000E+00
     5434    -8.000000000E+01    -8.750000000E+00     0.000000000E+00
     5435    -8.125000000E+01    -1.000000000E+01     0.000000000E+00
     5436    -8.000000000E+01    -6.250000000E+00     0.000000000E+00
     5437    -8.125000000E+01    -7.500000000E+00     0.000000000E+00
     5438    -7.875000000E+01    -7.500000000E+00     0.000000000E+00
     5439    -8.000000000E+01    -3.750000000E+00     0.000000000E+00
     5440    -8.125000000E+01    -5.000000000E+00     0.000000000E+00
     5441    -8.000000000E+01    -1.250000000E+00     0.000000000E+00
     5442    -8.125000000E+01    -2.500000000E+00     0.000000000E+00
     5443    -8.000000000E+01     1.250000000E+00     0.000000000E+00
     5444    -8.125000000E+01     2.570643351E-13     0.000000000E+00
     5445    -7.875000000E+01     1.260927127E-12     0.000000000E+00
     5446    -8.000000000E+01     3.750000000E+00     0.000000000E+00
     5447    -8.125000000E+01     2.500000000E+00     0.000000000E+00
     5448    -8.000000000E+01     6.250000000E+00     0.000000000E+00
     5449    -8.125000000E+01     5.000000000E+00     0.000000000E+00
     5450    -8.000000000E+01     8.750000000E+00     0.000000000E+00
     5451    -8.125000000E+01     7.500000000E+00     0.000000000E+00
     5452    -8.000000000E+01     1.125000000E+01     0.000000000E+00
     5453    -8.125000000E+01     1.000000000E+01     0.000000000E+00
     5454    -8.000000000E+01     1.375000000E+01     0.000000000E+00
     5455    -8.125000000E+01     1.250000000E+01     0.000000000E+00
     5456    -8.000000000E+01     1.625000000E+01     0.000000000E+00
     5457    -8.125000000E+01     1.500000000E+01     0.000000000E+00
     5458    -8.000000000E+01     1.875000000E+01     0.000000000E+00
     5459    -8.125000000E+01     1.750000000E+01     0.000000000E+00
     5460    -8.000000000E+01     2.125000000E+01     0.000000000E+00
     5461    -8.125000000E+01     2.000000000E+01     0.000000000E+00
     5462    -7.875000000E+01     2.000000000E+01     0.000000000E+00
     5463    -8.000000000E+01     2.375000000E+01     0.000000000E+00
     5464    -8.125000000E+01     2.250000000E+01     0.000000000E+00
     5465    -8.000000000E+01     2.625000000E+01     0.000000000E+00
     5466    -8.125000000E+01     2.500000000E+01     0.000000000E+00
     5467    -8.000000000E+01     2.875000000E+01     0.000000000E+00
     5468    -8.125000000E+01     2.750000000E+01     0.000000000E+00
     5469    -7.875000000E+01     3.000000000E+01     0.000000000E+00
     5470    -8.125000000E+01     3.000000000E+01     0.000000000E+00
     5471    -8.000000000E+01     3.125000000E+01     0.000000000E+00
     5472    -7.625000000E+01     3.000000000E+01     0.000000000E+00
     5473    -7.750000000E+01     3.125000000E+01     0.000000000E+00
     5474    -7.375000000E+01     3.000000000E+01     0.000000000E+00
     5475    -7.500000000E+01     3.125000000E+01     0.000000000E+00
     5476    -7.125000000E+01     3.000000000E+01     0.000000000E+00
     5477    -7.250000000E+01     3.125000000E+01     0.000000000E+00
     5478    -6.875000000E+01     3.000000000E+01     0.000000000E+00
     5479    -7.000000000E+01     3.125000000E+01     0.000000000E+00
     5480    -6.625000000E+01     3.000000000E+01     0.000000000E+00
     5481    -6.750000000E+01     3.125000000E+01     0.000000000E+00
     5482    -6.375000000E+01     3.000000000E+01     0.000000000E+00
     5483    -6.500000000E+01     3.125000000E+01     0.000000000E+00
     5484    -6.125000000E+01     3.000000000E+01     0.000000000E+00
     5485    -6.250000000E+01     3.125000000E+01     0.000000000E+00
     5486    -6.250000000E+01     2.875000000E+01     0.000000000E+00
     5487    -5.875000000E+01     3.000000000E+01     0.000000000E+00
     5488    -6.000000000E+01     3.125000000E+01     0.000000000E+00
     5489    -5.625000000E+01     3.000000000E+01     0.000000000E+00
     5490    -5.750000000E+01     3.125000000E+01     0.000000000E+00
     5491    -5.375000000E+01     3.000000000E+01     0.000000000E+00
     5492    -5.500000000E+01     3.125000000E+01     0.000000000E+00
     5493    -5.125000000E+01     3.000000000E+01     0.000000000E+00
     5494    -5.250000000E+01     3.125000000E+01     0.000000000E+00
     5495    -4.875000000E+01     3.000000000E+01     0.000000000E+00
     5496    -5.000000000E+01     3.125000000E+01     0.000000000E+00
     5497    -4.625000000E+01     3.000000000E+01     0.000000000E+00
     5498    -4.750000000E+01     3.125000000E+01     0.000000000E+00
     5499    -4.500000000E+01     3.125000000E+01     0.000000000E+00
     5500    -4.375000000E+01     3.000000000E+01     0.000000000E+00
     5501    -3.625000000E+01     3.000000000E+01     0.000000000E+00
     5502    -3.750000000E+01     3.125000000E+01     0.000000000E+00
     5503    -3.875000000E+01     3.000000000E+01     0.000000000E+00
     5504    -2.375000000E+01     3.000000000E+01     0.000000000E+00
     5505    -2.500000000E+01     2.875000000E+01     0.000000000E+00
     5506    -2.625000000E+01     3.000000000E+01     0.000000000E+00
     5507    -2.500000000E+01     3.125000000E+01     0.000000000E+00
     5508    -2.125000000E+01     3.000000000E+01     0.000000000E+00
     5509    -2.250000000E+01     3.125000000E+01     0.000000000E+00
     5510    -1.875000000E+01     3.000000000E+01     0.000000000E+00
     5511    -2.000000000E+01     2.875000000E+01     0.000000000E+00
     5512    -2.000000000E+01     3.125000000E+01     0.000000000E+00
     5513    -1.625000000E+01     3.000000000E+01     0.000000000E+00
     5514    -1.750000000E+01     3.125000000E+01     0.000000000E+00
     5515    -1.375000000E+01     3.000000000E+01     0.000000000E+00
     5516    -1.500000000E+01     3.125000000E+01     0.000000000E+00
     5517    -1.125000000E+01     3.000000000E+01     0.000000000E+00
     5518    -1.250000000E+01     3.125000000E+01     0.000000000E+00
     5519    -8.750000001E+00     3.000000000E+01     0.000000000E+00
     5520    -1.000000000E+01     3.125000000E+01     0.000000000E+00
     5521    -6.250000001E+00     3.000000000E+01     0.000000000E+00
     5522    -7.500000001E+00     3.125000000E+01     0.000000000E+00
     5523    -3.750000001E+00     3.000000000E+01     0.000000000E+00
     5524    -5.000000001E+00     3.125000000E+01     0.000000000E+00
     5525    -1.250000001E+00     3.000000000E+01     0.000000000E+00
     5526    -2.500000001E+00     3.125000000E+01     0.000000000E+00
     5527     1.249999998E+00     3.000000000E+01     0.000000000E+00
     5528    -1.335029364E-09     3.125000000E+01     0.000000000E+00
     5529     3.749999998E+00     3.000000000E+01     0.000000000E+00
     5530     2.499999999E+00     3.125000000E+01     0.000000000E+00
     5531     6.249999998E+00     3.000000000E+01     0.000000000E+00
     5532     4.999999999E+00     3.125000000E+01     0.000000000E+00
     5533     8.749999998E+00     3.000000000E+01     0.000000000E+00
     5534     7.499999999E+00     3.125000000E+01     0.000000000E+00
     5535     1.125000000E+01     3.000000000E+01     0.000000000E+00
     5536     9.999999998E+00     3.125000000E+01     0.000000000E+00
     5537     1.375000000E+01     3.000000000E+01     0.000000000E+00
     5538     1.250000000E+01     3.125000000E+01     0.000000000E+00
     5539     1.625000000E+01     3.000000000E+01     0.000000000E+00
     5540     1.500000000E+01     3.125000000E+01     0.000000000E+00
     5541     1.875000000E+01     3.000000000E+01     0.000000000E+00
     5542     1.750000000E+01     3.125000000E+01     0.000000000E+00
     5543     2.125000000E+01     3.000000000E+01     0.000000000E+00
     5544     2.000000000E+01     3.125000000E+01     0.000000000E+00
     5545     2.375000000E+01     3.000000000E+01     0.000000000E+00
     5546     2.250000000E+01     3.125000000E+01     0.000000000E+00
     5547     2.500000000E+01     2.875000000E+01     0.000000000E+00
     5548     2.625000000E+01     3.000000000E+01     0.000000000E+00
     5549     2.500000000E+01     3.125000000E+01     0.000000000E+00
     5550     3.875000000E+01     3.000000000E+01     0.000000000E+00
     5551     3.625000000E+01     3.000000000E+01     0.000000000E+00
     5552     3.750000000E+01     3.125000000E+01     0.000000000E+00
     5553     4.125000000E+01     3.000000000E+01     0.000000000E+00
     5554     4.000000000E+01     3.125000000E+01     0.000000000E+00
     5555     4.375000000E+01     3.000000000E+01     0.000000000E+00
     5556     4.250000000E+01     3.125000000E+01     0.000000000E+00
     5557     4.625000000E+01     3.000000000E+01     0.000000000E+00
     5558     4.500000000E+01     3.125000000E+01     0.000000000E+00
     5559     4.875000000E+01     3.000000000E+01     0.000000000E+00
     5560     4.750000000E+01     3.125000000E+01     0.000000000E+00
     5561     5.125000000E+01     3.000000000E+01     0.000000000E+00
     5562     5.000000000E+01     3.125000000E+01     0.000000000E+00
     5563     5.375000000E+01     3.000000000E+01     0.000000000E+00
     5564     5.250000000E+01     3.125000000E+01     0.000000000E+00
     5565     5.625000000E+01     3.000000000E+01     0.000000000E+00
     5566     5.500000000E+01     3.125000000E+01     0.000000000E+00
     5567     5.875000000E+01     3.000000000E+01     0.000000000E+00
     5568     5.750000000E+01     3.125000000E+01     0.000000000E+00
     5569     6.125000000E+01     3.000000000E+01     0.000000000E+00
     5570     6.000000000E+01     3.125000000E+01     0.000000000E+00
     5571     6.375000000E+01     3.000000000E+01     0.000000000E+00
     5572     6.250000000E+01     3.125000000E+01     0.000000000E+00
     5573     6.625000000E+01     3.000000000E+01     0.000000000E+00
     5574     6.500000000E+01     3.125000000E+01     0.000000000E+00
     5575     6.875000000E+01     3.000000000E+01     0.000000000E+00
     5576     6.750000000E+01     3.125000000E+01     0.000000000E+00
     5577     7.125000000E+01     3.000000000E+01     0.000000000E+00
     5578     7.000000000E+01     3.125000000E+01     0.000000000E+00
     5579     7.375000000E+01     3.000000000E+01     0.000000000E+00
     5580     7.250000000E+01     3.125000000E+01     0.000000000E+00
     5581     7.625000000E+01     3.000000000E+01     0.000000000E+00
     5582     7.500000000E+01     3.125000000E+01     0.000000000E+00
     5583     7.875000000E+01     3.000000000E+01     0.000000000E+00
     5584     7.750000000E+01     3.125000000E+01     0.000000000E+00
     5585     7.750000000E+01     2.875000000E+01     0.000000000E+00
     5586     8.000000000E+01     2.875000000E+01     0.000000000E+00
     5587     8.000000000E+01     3.125000000E+01     0.000000000E+00
     5588     8.125000000E+01     3.000000000E+01     0.000000000E+00
     5589     8.000000000E+01     2.625000000E+01     0.000000000E+00
     5590     8.125000000E+01     2.750000000E+01     0.000000000E+00
     5591     7.875000000E+01     2.750000000E+01     0.000000000E+00
     5592     8.000000000E+01     2.375000000E+01     0.000000000E+00
     5593     8.125000000E+01     2.500000000E+01     0.000000000E+00
     5594     8.000000000E+01     2.125000000E+01     0.000000000E+00
     5595     8.125000000E+01     2.250000000E+01     0.000000000E+00
     5596     8.000000000E+01     1.875000000E+01     0.000000000E+00
     5597     8.125000000E+01     2.000000000E+01     0.000000000E+00
     5598     8.000000000E+01     1.625000000E+01     0.000000000E+00
     5599     8.125000000E+01     1.750000000E+01     0.000000000E+00
     5600     8.000000000E+01     1.375000000E+01     0.000000000E+00
     5601     8.125000000E+01     1.500000000E+01     0.000000000E+00
     5602     8.000000000E+01     1.125000000E+01     0.000000000E+00
     5603     8.125000000E+01     1.250000000E+01     0.000000000E+00
     5604     8.000000000E+01     8.750000000E+00     0.000000000E+00
     5605     8.125000000E+01     1.000000000E+01     0.000000000E+00
     5606     8.000000000E+01     6.250000000E+00     0.000000000E+00
     5607     8.125000000E+01     7.500000000E+00     0.000000000E+00
     5608     8.000000000E+01     3.750000000E+00     0.000000000E+00
     5609     8.125000000E+01     5.000000000E+00     0.000000000E+00
     5610     8.000000000E+01     1.250000000E+00     0.000000000E+00
     5611     8.125000000E+01     2.500000000E+00     0.000000000E+00
     5612     8.000000000E+01    -1.250000000E+00     0.000000000E+00
     5613     8.125000000E+01     2.195509399E-14     0.000000000E+00
     5614     8.000000000E+01    -3.750000000E+00     0.000000000E+00
     5615     8.125000000E+01    -2.500000000E+00     0.000000000E+00
     5616     8.000000000E+01    -6.250000000E+00     0.000000000E+00
     5617     8.125000000E+01    -5.000000000E+00     0.000000000E+00
     5618     8.000000000E+01    -8.750000000E+00     0.000000000E+00
     5619     8.125000000E+01    -7.500000000E+00     0.000000000E+00
     5620     8.000000000E+01    -1.125000000E+01     0.000000000E+00
     5621     8.125000000E+01    -1.000000000E+01     0.000000000E+00
     5622     8.000000000E+01    -1.375000000E+01     0.000000000E+00
     5623     8.125000000E+01    -1.250000000E+01     0.000000000E+00
     5624     8.000000000E+01    -1.625000000E+01     0.000000000E+00
     5625     8.125000000E+01    -1.500000000E+01     0.000000000E+00
     5626     8.000000000E+01    -1.875000000E+01     0.000000000E+00
     5627     8.125000000E+01    -1.750000000E+01     0.000000000E+00
     5628     8.000000000E+01    -2.125000000E+01     0.000000000E+00
     5629     8.125000000E+01    -2.000000000E+01     0.000000000E+00
     5630     8.000000000E+01    -2.375000000E+01     0.000000000E+00
     5631     8.125000000E+01    -2.250000000E+01     0.000000000E+00
     5632     8.000000000E+01    -2.625000000E+01     0.000000000E+00
     5633     8.125000000E+01    -2.500000000E+01     0.000000000E+00
     5634     8.000000000E+01    -2.875000000E+01     0.000000000E+00
     5635     8.125000000E+01    -2.750000000E+01     0.000000000E+00
     5636     7.875000000E+01    -3.000000000E+01     0.000000000E+00
     5637     8.125000000E+01    -3.000000000E+01     0.000000000E+00
     5638     8.000000000E+01    -3.125000000E+01     0.000000000E+00
     5639     7.625000000E+01    -3.000000000E+01     0.000000000E+00
     5640     7.750000000E+01    -3.125000000E+01     0.000000000E+00
     5641     7.375000000E+01    -3.000000000E+01     0.000000000E+00
     5642     7.500000000E+01    -3.125000000E+01     0.000000000E+00
     5643     7.125000000E+01    -3.000000000E+01     0.000000000E+00
     5644     7.250000000E+01    -3.125000000E+01     0.000000000E+00
     5645     6.875000000E+01    -3.000000000E+01     0.000000000E+00
     5646     7.000000000E+01    -3.125000000E+01     0.000000000E+00
     5647     6.625000000E+01    -3.000000000E+01     0.000000000E+00
     5648     6.750000000E+01    -3.125000000E+01     0.000000000E+00
     5649     6.375000000E+01    -3.000000000E+01     0.000000000E+00
     5650     6.500000000E+01    -3.125000000E+01     0.000000000E+00
     5651     6.125000000E+01    -3.000000000E+01     0.000000000E+00
     5652     6.250000000E+01    -3.125000000E+01     0.000000000E+00
     5653     5.875000000E+01    -3.000000000E+01     0.000000000E+00
     5654     6.000000000E+01    -3.125000000E+01     0.000000000E+00
     5655     5.625000000E+01    -3.000000000E+01     0.000000000E+00
     5656     5.750000000E+01    -3.125000000E+01     0.000000000E+00
     5657     5.375000000E+01    -3.000000000E+01     0.000000000E+00
     5658     5.500000000E+01    -3.125000000E+01     0.000000000E+00
     5659     5.125000000E+01    -3.000000000E+01     0.000000000E+00
     5660     5.250000000E+01    -3.125000000E+01     0.000000000E+00
     5661     4.875000000E+01    -3.000000000E+01     0.000000000E+00
     5662     5.000000000E+01    -3.125000000E+01     0.000000000E+00
     5663     4.625000000E+01    -3.000000000E+01     0.000000000E+00
     5664     4.750000000E+01    -3.125000000E+01     0.000000000E+00
     5665     4.375000000E+01    -3.000000000E+01     0.000000000E+00
     5666     4.500000000E+01    -3.125000000E+01     0.000000000E+00
     5667     4.125000000E+01    -3.000000000E+01     0.000000000E+00
     5668     4.250000000E+01    -3.125000000E+01     0.000000000E+00
     5669     3.875000000E+01    -3.000000000E+01     0.000000000E+00
     5670     4.000000000E+01    -3.125000000E+01     0.000000000E+00
     5671     3.625000000E+01    -3.000000000E+01     0.000000000E+00
     5672     3.750000000E+01    -3.125000000E+01     0.000000000E+00
     5673     2.375000000E+01    -3.000000000E+01     0.000000000E+00
     5674     2.500000000E+01    -2.875000000E+01     0.000000000E+00
     5675     2.625000000E+01    -3.000000000E+01     0.000000000E+00
     5676     2.500000000E+01    -3.125000000E+01     0.000000000E+00
     5677     2.125000000E+01    -3.000000000E+01     0.000000000E+00
     5678     2.250000000E+01    -3.125000000E+01     0.000000000E+00
     5679     1.875000000E+01    -3.000000000E+01     0.000000000E+00
     5680     2.000000000E+01    -3.125000000E+01     0.000000000E+00
     5681     1.625000000E+01    -3.000000000E+01     0.000000000E+00
     5682     1.750000000E+01    -3.125000000E+01     0.000000000E+00
     5683     1.375000000E+01    -3.000000000E+01     0.000000000E+00
     5684     1.500000000E+01    -3.125000000E+01     0.000000000E+00
     5685     1.500000000E+01    -2.875000000E+01     0.000000000E+00
     5686     1.125000000E+01    -3.000000000E+01     0.000000000E+00
     5687     1.250000000E+01    -3.125000000E+01     0.000000000E+00
     5688     8.749999999E+00    -3.000000000E+01     0.000000000E+00
     5689     9.999999999E+00    -3.125000000E+01     0.000000000E+00
     5690     6.249999999E+00    -3.000000000E+01     0.000000000E+00
     5691     7.499999999E+00    -3.125000000E+01     0.000000000E+00
     5692     4.999999999E+00    -3.125000000E+01     0.000000000E+00
     5693     3.749999999E+00    -3.000000000E+01     0.000000000E+00
     5694    -1.250000001E+00    -3.000000000E+01     0.000000000E+00
     5695    -1.067616590E-09    -3.125000000E+01     0.000000000E+00
     5696     1.249999999E+00    -3.000000000E+01     0.000000000E+00
     5697    -3.750000001E+00    -3.000000000E+01     0.000000000E+00
     5698    -2.500000001E+00    -3.125000000E+01     0.000000000E+00
     5699    -5.000000001E+00    -3.125000000E+01     0.000000000E+00
     5700    -6.250000001E+00    -3.000000000E+01     0.000000000E+00
     5701    -1.125000000E+01    -3.000000000E+01     0.000000000E+00
     5702    -1.000000000E+01    -3.125000000E+01     0.000000000E+00
     5703    -8.750000001E+00    -3.000000000E+01     0.000000000E+00
     5704    -1.375000000E+01    -3.000000000E+01     0.000000000E+00
     5705    -1.250000000E+01    -3.125000000E+01     0.000000000E+00
     5706    -1.625000000E+01    -3.000000000E+01     0.000000000E+00
     5707    -1.500000000E+01    -3.125000000E+01     0.000000000E+00
     5708    -1.875000000E+01    -3.000000000E+01     0.000000000E+00
     5709    -1.750000000E+01    -3.125000000E+01     0.000000000E+00
     5710    -2.125000000E+01    -3.000000000E+01     0.000000000E+00
     5711    -2.000000000E+01    -3.125000000E+01     0.000000000E+00
     5712    -2.375000000E+01    -3.000000000E+01     0.000000000E+00
     5713    -2.250000000E+01    -3.125000000E+01     0.000000000E+00
     5714    -2.625000000E+01    -3.000000000E+01     0.000000000E+00
     5715    -2.500000000E+01    -3.125000000E+01     0.000000000E+00
     5716    -3.875000000E+01    -3.000000000E+01     0.000000000E+00
     5717    -3.625000000E+01    -3.000000000E+01     0.000000000E+00
     5718    -3.750000000E+01    -3.125000000E+01     0.000000000E+00
     5719    -4.125000000E+01    -3.000000000E+01     0.000000000E+00
     5720    -4.000000000E+01    -3.125000000E+01     0.000000000E+00
     5721    -4.375000000E+01    -3.000000000E+01     0.000000000E+00
     5722    -4.250000000E+01    -3.125000000E+01     0.000000000E+00
     5723    -4.625000000E+01    -3.000000000E+01     0.000000000E+00
     5724    -4.500000000E+01    -3.125000000E+01     0.000000000E+00
     5725    -4.875000000E+01    -3.000000000E+01     0.000000000E+00
     5726    -4.750000000E+01    -3.125000000E+01     0.000000000E+00
     5727    -5.125000000E+01    -3.000000000E+01     0.000000000E+00
     5728    -5.000000000E+01    -3.125000000E+01     0.000000000E+00
     5729    -5.375000000E+01    -3.000000000E+01     0.000000000E+00
     5730    -5.250000000E+01    -3.125000000E+01     0.000000000E+00
     5731    -5.625000000E+01    -3.000000000E+01     0.000000000E+00
     5732    -5.500000000E+01    -3.125000000E+01     0.000000000E+00
     5733    -5.500000000E+01    -2.875000000E+01     0.000000000E+00
     5734    -5.875000000E+01    -3.000000000E+01     0.000000000E+00
     5735    -5.750000000E+01    -3.125000000E+01     0.000000000E+00
     5736    -6.125000000E+01    -3.000000000E+01     0.000000000E+00
     5737    -6.000000000E+01    -3.125000000E+01     0.000000000E+00
     5738    -6.375000000E+01    -3.000000000E+01     0.000000000E+00
     5739    -6.250000000E+01    -3.125000000E+01     0.000000000E+00
     5740    -6.625000000E+01    -3.000000000E+01     0.000000000E+00
     5741    -6.500000000E+01    -3.125000000E+01     0.000000000E+00
     5742    -6.875000000E+01    -3.000000000E+01     0.000000000E+00
     5743    -6.750000000E+01    -3.125000000E+01     0.000000000E+00
     5744    -7.125000000E+01    -3.000000000E+01     0.000000000E+00
     5745    -7.000000000E+01    -3.125000000E+01     0.000000000E+00
     5746    -7.375000000E+01    -3.000000000E+01     0.000000000E+00
     5747    -7.250000000E+01    -3.125000000E+01     0.000000000E+00
     5748    -7.625000000E+01    -3.000000000E+01     0.000000000E+00
     5749    -7.500000000E+01    -3.125000000E+01     0.000000000E+00
     5750    -7.875000000E+01    -3.000000000E+01     0.000000000E+00
     5751    -7.750000000E+01    -3.125000000E+01     0.000000000E+00
     5752    -8.125000000E+01    -3.000000000E+01     0.000000000E+00
     5753    -8.000000000E+01    -3.125000000E+01     0.000000000E+00
     5754    -3.500000000E+01     3.750000000E+00     0.000000000E+00
     5755    -3.375000000E+01     2.500000000E+00     0.000000000E+00
     5756    -3.625000000E+01     5.000000001E+00     0.000000000E+00
     5757    -3.750000000E+01     6.250000001E+00     0.000000000E+00
     5758    -4.000000000E+01     8.750000002E+00     0.000000000E+00
     5759    -3.875000000E+01     7.500000002E+00     0.000000000E+00
     5760    -4.125000000E+01     1.000000000E+01     0.000000000E+00
     5761    -4.250000000E+01     1.125000000E+01     0.000000000E+00
     5762     1.875000000E+01     2.000000000E+01     0.000000000E+00
     5763     1.750000000E+01     1.875000000E+01     0.000000000E+00
     5764     2.000000000E+01     2.125000000E+01     0.000000000E+00
     5765     2.125000000E+01     2.250000000E+01     0.000000000E+00
     5766     2.375000000E+01     2.500000000E+01     0.000000000E+00
     5767     2.250000000E+01     2.375000000E+01     0.000000000E+00
     5768     2.500000000E+01     2.625000000E+01     0.000000000E+00
     5769     2.625000000E+01     2.750000000E+01     0.000000000E+00
     5770     3.500000000E+01    -3.749999999E+00     0.000000000E+00
     5771     3.375000000E+01    -2.500000000E+00     0.000000000E+00
     5772     3.625000000E+01    -4.999999999E+00     0.000000000E+00
     5773     3.750000000E+01    -6.249999998E+00     0.000000000E+00
     5774     4.000000000E+01    -8.749999997E+00     0.000000000E+00
     5775     3.875000000E+01    -7.499999998E+00     0.000000000E+00
     5776     4.125000000E+01    -9.999999997E+00     0.000000000E+00
     5777     4.250000000E+01    -1.125000000E+01     0.000000000E+00
     5778    -4.125000000E+01    -1.000000000E+01     0.000000000E+00
     5779    -4.250000000E+01    -1.125000000E+01     0.000000000E+00
     5780    -4.000000000E+01    -8.750000003E+00     0.000000000E+00
     5781    -3.875000000E+01    -7.500000003E+00     0.000000000E+00
     5782    -2.500000000E+01     2.625000000E+01     0.000000000E+00
     5783    -2.625000000E+01     2.750000000E+01     0.000000000E+00
     5784    -2.375000000E+01     2.500000000E+01     0.000000000E+00
     5785    -2.250000000E+01     2.375000000E+01     0.000000000E+00
     5786     4.125000000E+01     9.999999997E+00     0.000000000E+00
     5787     4.250000000E+01     1.125000000E+01     0.000000000E+00
     5788     2.500000000E+01    -2.625000000E+01     0.000000000E+00
     5789     2.625000000E+01    -2.750000000E+01     0.000000000E+00
     5790     2.375000000E+01    -2.500000000E+01     0.000000000E+00
     5791     2.250000000E+01    -2.375000000E+01     0.000000000E+00
     5792    -3.625000000E+01    -5.000000002E+00     0.000000000E+00
     5793    -3.750000000E+01    -6.250000002E+00     0.000000000E+00
     5794    -2.125000000E+01     2.250000000E+01     0.000000000E+00
     5795    -2.000000000E+01     2.125000000E+01     0.000000000E+00
     5796     3.625000000E+01     4.999999998E+00     0.000000000E+00
     5797     3.750000000E+01     6.249999998E+00     0.000000000E+00
     5798     2.000000000E+01    -2.125000000E+01     0.000000000E+00
     5799     2.125000000E+01    -2.250000000E+01     0.000000000E+00
     5800    -2.875000000E+01    -3.000000000E+01     0.000000000E+00
     5801    -2.750000000E+01    -3.125000000E+01     0.000000000E+00
     5802    -2.750000000E+01    -2.875000000E+01     0.000000000E+00
     5803    -3.375000000E+01    -3.000000000E+01     0.000000000E+00
     5804    -3.500000000E+01    -3.125000000E+01     0.000000000E+00
     5805    -3.500000000E+01    -2.875000000E+01     0.000000000E+00
     5806    -4.500000000E+01    -1.875000000E+01     0.000000000E+00
     5807    -4.375000000E+01    -2.000000000E+01     0.000000000E+00
     5808    -4.375000000E+01    -1.250000000E+01     0.000000000E+00
     5809    -4.500000000E+01    -1.375000000E+01     0.000000000E+00
     5810    -4.500000000E+01     1.375000000E+01     0.000000000E+00
     5811    -4.375000000E+01     1.250000000E+01     0.000000000E+00
     5812    -3.375000000E+01     3.000000000E+01     0.000000000E+00
     5813    -3.500000000E+01     3.125000000E+01     0.000000000E+00
     5814    -3.500000000E+01     2.875000000E+01     0.000000000E+00
     5815    -2.750000000E+01     3.125000000E+01     0.000000000E+00
     5816    -2.750000000E+01     2.875000000E+01     0.000000000E+00
     5817    -2.875000000E+01     3.000000000E+01     0.000000000E+00
     5818     2.875000000E+01     3.000000000E+01     0.000000000E+00
     5819     2.750000000E+01     3.125000000E+01     0.000000000E+00
     5820     2.750000000E+01     2.875000000E+01     0.000000000E+00
     5821     3.500000000E+01     3.125000000E+01     0.000000000E+00
     5822     3.500000000E+01     2.875000000E+01     0.000000000E+00
     5823     3.375000000E+01     3.000000000E+01     0.000000000E+00
     5824     4.500000000E+01     1.875000000E+01     0.000000000E+00
     5825     4.375000000E+01     2.000000000E+01     0.000000000E+00
     5826     4.375000000E+01     1.250000000E+01     0.000000000E+00
     5827     4.625000000E+01     1.250000000E+01     0.000000000E+00
     5828     4.500000000E+01     1.375000000E+01     0.000000000E+00
     5829     4.500000000E+01    -1.375000000E+01     0.000000000E+00
     5830     4.375000000E+01    -1.250000000E+01     0.000000000E+00
     5831     4.500000000E+01    -1.875000000E+01     0.000000000E+00
     5832     4.375000000E+01    -2.000000000E+01     0.000000000E+00
     5833     3.375000000E+01    -3.000000000E+01     0.000000000E+00
     5834     3.500000000E+01    -3.125000000E+01     0.000000000E+00
     5835     3.500000000E+01    -2.875000000E+01     0.000000000E+00
     5836     2.750000000E+01    -3.125000000E+01     0.000000000E+00
     5837     2.750000000E+01    -2.875000000E+01     0.000000000E+00
     5838     2.875000000E+01    -3.000000000E+01     0.000000000E+00
     5839     3.250000000E+01    -3.125000000E+01     0.000000000E+00
     5840     3.250000000E+01    -2.875000000E+01     0.000000000E+00
     5841     3.125000000E+01    -3.000000000E+01     0.000000000E+00
     5842     4.500000000E+01    -1.625000000E+01     0.000000000E+00
     5843     4.375000000E+01    -1.750000000E+01     0.000000000E+00
     5844     4.625000000E+01    -1.750000000E+01     0.000000000E+00
     5845     4.375000000E+01    -1.500000000E+01     0.000000000E+00
     5846     4.500000000E+01     1.625000000E+01     0.000000000E+00
     5847     4.375000000E+01     1.750000000E+01     0.000000000E+00
     5848     3.000000000E+01     3.125000000E+01     0.000000000E+00
     5849     3.000000000E+01     2.875000000E+01     0.000000000E+00
     5850     3.125000000E+01     3.000000000E+01     0.000000000E+00
     5851    -3.250000000E+01     3.125000000E+01     0.000000000E+00
     5852    -3.250000000E+01     2.875000000E+01     0.000000000E+00
     5853    -3.125000000E+01     3.000000000E+01     0.000000000E+00
     5854    -4.375000000E+01     1.500000000E+01     0.000000000E+00
     5855    -4.500000000E+01     1.625000000E+01     0.000000000E+00
     5856    -4.375000000E+01    -1.750000000E+01     0.000000000E+00
     5857    -4.500000000E+01    -1.625000000E+01     0.000000000E+00
     5858    -3.125000000E+01    -3.000000000E+01     0.000000000E+00
     5859    -3.250000000E+01    -3.125000000E+01     0.000000000E+00
     5860    -3.250000000E+01    -2.875000000E+01     0.000000000E+00
     5861    -3.000000000E+01    -3.125000000E+01     0.000000000E+00
     5862    -3.000000000E+01    -2.875000000E+01     0.000000000E+00
     5863     2.000000000E+01    -1.875000000E+01     0.000000000E+00
     5864     2.125000000E+01    -2.000000000E+01     0.000000000E+00
     5865     3.500000000E+01     6.249999998E+00     0.000000000E+00
     5866     3.375000000E+01     4.999999999E+00     0.000000000E+00
     5867    -3.500000000E+01    -6.250000002E+00     0.000000000E+00
     5868    -3.375000000E+01    -5.000000001E+00     0.000000000E+00
     5869     2.500000000E+01    -2.375000000E+01     0.000000000E+00
     5870     2.625000000E+01    -2.500000000E+01     0.000000000E+00
     5871     3.875000000E+01     9.999999997E+00     0.000000000E+00
     5872     4.000000000E+01     1.125000000E+01     0.000000000E+00
     5873     4.000000000E+01     8.749999997E+00     0.000000000E+00
     5874    -2.500000000E+01     2.375000000E+01     0.000000000E+00
     5875    -2.625000000E+01     2.500000000E+01     0.000000000E+00
     5876    -3.875000000E+01    -1.000000000E+01     0.000000000E+00
     5877    -4.000000000E+01    -1.125000000E+01     0.000000000E+00
     5878     3.875000000E+01    -9.999999998E+00     0.000000000E+00
     5879     4.000000000E+01    -1.125000000E+01     0.000000000E+00
     5880     3.500000000E+01    -6.249999999E+00     0.000000000E+00
     5881     3.375000000E+01    -4.999999999E+00     0.000000000E+00
     5882     3.625000000E+01    -7.499999998E+00     0.000000000E+00
     5883     3.750000000E+01    -8.749999998E+00     0.000000000E+00
     5884     2.500000000E+01     2.375000000E+01     0.000000000E+00
     5885     2.625000000E+01     2.500000000E+01     0.000000000E+00
     5886     2.125000000E+01     2.000000000E+01     0.000000000E+00
     5887     2.000000000E+01     1.875000000E+01     0.000000000E+00
     5888     2.250000000E+01     2.125000000E+01     0.000000000E+00
     5889     2.375000000E+01     2.250000000E+01     0.000000000E+00
     5890    -3.875000000E+01     1.000000000E+01     0.000000000E+00
     5891    -4.000000000E+01     1.125000000E+01     0.000000000E+00
     5892    -3.500000000E+01     6.250000001E+00     0.000000000E+00
     5893    -3.375000000E+01     5.000000000E+00     0.000000000E+00
     5894    -3.625000000E+01     7.500000001E+00     0.000000000E+00
     5895    -3.750000000E+01     8.750000001E+00     0.000000000E+00
     5896    -8.250000000E+01    -2.875000000E+01     0.000000000E+00
     5897    -8.250000000E+01    -3.125000000E+01     0.000000000E+00
     5898    -8.375000000E+01    -3.000000000E+01     0.000000000E+00
     5899    -8.250000000E+01    -2.625000000E+01     0.000000000E+00
     5900    -8.375000000E+01    -2.750000000E+01     0.000000000E+00
     5901    -8.250000000E+01    -2.375000000E+01     0.000000000E+00
     5902    -8.375000000E+01    -2.500000000E+01     0.000000000E+00
     5903    -8.250000000E+01    -2.125000000E+01     0.000000000E+00
     5904    -8.375000000E+01    -2.250000000E+01     0.000000000E+00
     5905    -8.250000000E+01    -1.875000000E+01     0.000000000E+00
     5906    -8.375000000E+01    -2.000000000E+01     0.000000000E+00
     5907    -8.250000000E+01    -1.625000000E+01     0.000000000E+00
     5908    -8.375000000E+01    -1.750000000E+01     0.000000000E+00
     5909    -8.250000000E+01    -1.375000000E+01     0.000000000E+00
     5910    -8.375000000E+01    -1.500000000E+01     0.000000000E+00
     5911    -8.250000000E+01    -1.125000000E+01     0.000000000E+00
     5912    -8.375000000E+01    -1.250000000E+01     0.000000000E+00
     5913    -8.250000000E+01    -8.750000000E+00     0.000000000E+00
     5914    -8.375000000E+01    -1.000000000E+01     0.000000000E+00
     5915    -8.250000000E+01    -6.250000000E+00     0.000000000E+00
     5916    -8.375000000E+01    -7.500000000E+00     0.000000000E+00
     5917    -8.250000000E+01    -3.750000000E+00     0.000000000E+00
     5918    -8.375000000E+01    -5.000000000E+00     0.000000000E+00
     5919    -8.250000000E+01    -1.250000000E+00     0.000000000E+00
     5920    -8.375000000E+01    -2.500000000E+00     0.000000000E+00
     5921    -8.250000000E+01     1.250000000E+00     0.000000000E+00
     5922    -8.375000000E+01     5.166223352E-14     0.000000000E+00
     5923    -8.250000000E+01     3.750000000E+00     0.000000000E+00
     5924    -8.375000000E+01     2.500000000E+00     0.000000000E+00
     5925    -8.250000000E+01     6.250000000E+00     0.000000000E+00
     5926    -8.375000000E+01     5.000000000E+00     0.000000000E+00
     5927    -8.250000000E+01     8.750000000E+00     0.000000000E+00
     5928    -8.375000000E+01     7.500000000E+00     0.000000000E+00
     5929    -8.250000000E+01     1.125000000E+01     0.000000000E+00
     5930    -8.375000000E+01     1.000000000E+01     0.000000000E+00
     5931    -8.250000000E+01     1.375000000E+01     0.000000000E+00
     5932    -8.375000000E+01     1.250000000E+01     0.000000000E+00
     5933    -8.250000000E+01     1.625000000E+01     0.000000000E+00
     5934    -8.375000000E+01     1.500000000E+01     0.000000000E+00
     5935    -8.250000000E+01     1.875000000E+01     0.000000000E+00
     5936    -8.375000000E+01     1.750000000E+01     0.000000000E+00
     5937    -8.250000000E+01     2.125000000E+01     0.000000000E+00
     5938    -8.375000000E+01     2.000000000E+01     0.000000000E+00
     5939    -8.250000000E+01     2.375000000E+01     0.000000000E+00
     5940    -8.375000000E+01     2.250000000E+01     0.000000000E+00
     5941    -8.250000000E+01     2.625000000E+01     0.000000000E+00
     5942    -8.375000000E+01     2.500000000E+01     0.000000000E+00
     5943    -8.250000000E+01     2.875000000E+01     0.000000000E+00
     5944    -8.375000000E+01     2.750000000E+01     0.000000000E+00
     5945    -8.250000000E+01     3.125000000E+01     0.000000000E+00
     5946    -8.375000000E+01     3.000000000E+01     0.000000000E+00
     5947    -8.125000000E+01     3.250000000E+01     0.000000000E+00
     5948    -8.375000000E+01     3.250000000E+01     0.000000000E+00
     5949    -8.250000000E+01     3.375000000E+01     0.000000000E+00
     5950    -7.875000000E+01     3.250000000E+01     0.000000000E+00
     5951    -8.000000000E+01     3.375000000E+01     0.000000000E+00
     5952    -7.625000000E+01     3.250000000E+01     0.000000000E+00
     5953    -7.750000000E+01     3.375000000E+01     0.000000000E+00
     5954    -7.375000000E+01     3.250000000E+01     0.000000000E+00
     5955    -7.500000000E+01     3.375000000E+01     0.000000000E+00
     5956    -7.125000000E+01     3.250000000E+01     0.000000000E+00
     5957    -7.250000000E+01     3.375000000E+01     0.000000000E+00
     5958    -6.875000000E+01     3.250000000E+01     0.000000000E+00
     5959    -7.000000000E+01     3.375000000E+01     0.000000000E+00
     5960    -6.625000000E+01     3.250000000E+01     0.000000000E+00
     5961    -6.750000000E+01     3.375000000E+01     0.000000000E+00
     5962    -6.375000000E+01     3.250000000E+01     0.000000000E+00
     5963    -6.500000000E+01     3.375000000E+01     0.000000000E+00
     5964    -6.125000000E+01     3.250000000E+01     0.000000000E+00
     5965    -6.250000000E+01     3.375000000E+01     0.000000000E+00
     5966    -5.875000000E+01     3.250000000E+01     0.000000000E+00
     5967    -6.000000000E+01     3.375000000E+01     0.000000000E+00
     5968    -5.625000000E+01     3.250000000E+01     0.000000000E+00
     5969    -5.750000000E+01     3.375000000E+01     0.000000000E+00
     5970    -5.375000000E+01     3.250000000E+01     0.000000000E+00
     5971    -5.500000000E+01     3.375000000E+01     0.000000000E+00
     5972    -5.125000000E+01     3.250000000E+01     0.000000000E+00
     5973    -5.250000000E+01     3.375000000E+01     0.000000000E+00
     5974    -4.875000000E+01     3.250000000E+01     0.000000000E+00
     5975    -5.000000000E+01     3.375000000E+01     0.000000000E+00
     5976    -4.625000000E+01     3.250000000E+01     0.000000000E+00
     5977    -4.750000000E+01     3.375000000E+01     0.000000000E+00
     5978    -4.375000000E+01     3.250000000E+01     0.000000000E+00
     5979    -4.500000000E+01     3.375000000E+01     0.000000000E+00
     5980    -4.125000000E+01     3.250000000E+01     0.000000000E+00
     5981    -4.250000000E+01     3.125000000E+01     0.000000000E+00
     5982    -4.250000000E+01     3.375000000E+01     0.000000000E+00
     5983    -3.875000000E+01     3.250000000E+01     0.000000000E+00
     5984    -4.000000000E+01     3.125000000E+01     0.000000000E+00
     5985    -4.000000000E+01     3.375000000E+01     0.000000000E+00
     5986    -3.625000000E+01     3.250000000E+01     0.000000000E+00
     5987    -3.750000000E+01     3.375000000E+01     0.000000000E+00
     5988    -3.375000000E+01     3.250000000E+01     0.000000000E+00
     5989    -3.500000000E+01     3.375000000E+01     0.000000000E+00
     5990    -3.250000000E+01     3.375000000E+01     0.000000000E+00
     5991    -3.125000000E+01     3.250000000E+01     0.000000000E+00
     5992    -2.625000000E+01     3.250000000E+01     0.000000000E+00
     5993    -2.750000000E+01     3.375000000E+01     0.000000000E+00
     5994    -2.875000000E+01     3.250000000E+01     0.000000000E+00
     5995    -2.375000000E+01     3.250000000E+01     0.000000000E+00
     5996    -2.500000000E+01     3.375000000E+01     0.000000000E+00
     5997    -2.250000000E+01     3.375000000E+01     0.000000000E+00
     5998    -2.125000000E+01     3.250000000E+01     0.000000000E+00
     5999    -1.500000000E+01     3.375000000E+01     0.000000000E+00
     6000    -1.625000000E+01     3.250000000E+01     0.000000000E+00
     6001    -1.375000000E+01     3.250000000E+01     0.000000000E+00
     6002    -6.250000001E+00     3.250000000E+01     0.000000000E+00
     6003    -7.500000001E+00     3.375000000E+01     0.000000000E+00
     6004    -8.750000001E+00     3.250000000E+01     0.000000000E+00
     6005    -3.750000001E+00     3.250000000E+01     0.000000000E+00
     6006    -5.000000001E+00     3.375000000E+01     0.000000000E+00
     6007    -1.250000001E+00     3.250000000E+01     0.000000000E+00
     6008    -2.500000001E+00     3.375000000E+01     0.000000000E+00
     6009     1.249999999E+00     3.250000000E+01     0.000000000E+00
     6010    -1.052705124E-09     3.375000000E+01     0.000000000E+00
     6011     3.749999999E+00     3.250000000E+01     0.000000000E+00
     6012     2.499999999E+00     3.375000000E+01     0.000000000E+00
     6013     6.249999999E+00     3.250000000E+01     0.000000000E+00
     6014     4.999999999E+00     3.375000000E+01     0.000000000E+00
     6015     8.749999999E+00     3.250000000E+01     0.000000000E+00
     6016     7.499999999E+00     3.375000000E+01     0.000000000E+00
     6017     1.125000000E+01     3.250000000E+01     0.000000000E+00
     6018     9.999999999E+00     3.375000000E+01     0.000000000E+00
     6019     1.375000000E+01     3.250000000E+01     0.000000000E+00
     6020     1.250000000E+01     3.375000000E+01     0.000000000E+00
     6021     1.625000000E+01     3.250000000E+01     0.000000000E+00
     6022     1.500000000E+01     3.375000000E+01     0.000000000E+00
     6023     1.875000000E+01     3.250000000E+01     0.000000000E+00
     6024     1.750000000E+01     3.375000000E+01     0.000000000E+00
     6025     2.125000000E+01     3.250000000E+01     0.000000000E+00
     6026     2.000000000E+01     3.375000000E+01     0.000000000E+00
     6027     2.375000000E+01     3.250000000E+01     0.000000000E+00
     6028     2.250000000E+01     3.375000000E+01     0.000000000E+00
     6029     2.625000000E+01     3.250000000E+01     0.000000000E+00
     6030     2.500000000E+01     3.375000000E+01     0.000000000E+00
     6031     2.875000000E+01     3.250000000E+01     0.000000000E+00
     6032     2.750000000E+01     3.375000000E+01     0.000000000E+00
     6033     3.125000000E+01     3.250000000E+01     0.000000000E+00
     6034     3.000000000E+01     3.375000000E+01     0.000000000E+00
     6035     3.375000000E+01     3.250000000E+01     0.000000000E+00
     6036     3.250000000E+01     3.375000000E+01     0.000000000E+00
     6037     3.250000000E+01     3.125000000E+01     0.000000000E+00
     6038     3.625000000E+01     3.250000000E+01     0.000000000E+00
     6039     3.500000000E+01     3.375000000E+01     0.000000000E+00
     6040     3.875000000E+01     3.250000000E+01     0.000000000E+00
     6041     3.750000000E+01     3.375000000E+01     0.000000000E+00
     6042     4.125000000E+01     3.250000000E+01     0.000000000E+00
     6043     4.000000000E+01     3.375000000E+01     0.000000000E+00
     6044     4.375000000E+01     3.250000000E+01     0.000000000E+00
     6045     4.250000000E+01     3.375000000E+01     0.000000000E+00
     6046     4.625000000E+01     3.250000000E+01     0.000000000E+00
     6047     4.500000000E+01     3.375000000E+01     0.000000000E+00
     6048     4.875000000E+01     3.250000000E+01     0.000000000E+00
     6049     4.750000000E+01     3.375000000E+01     0.000000000E+00
     6050     5.125000000E+01     3.250000000E+01     0.000000000E+00
     6051     5.000000000E+01     3.375000000E+01     0.000000000E+00
     6052     5.375000000E+01     3.250000000E+01     0.000000000E+00
     6053     5.250000000E+01     3.375000000E+01     0.000000000E+00
     6054     5.625000000E+01     3.250000000E+01     0.000000000E+00
     6055     5.500000000E+01     3.375000000E+01     0.000000000E+00
     6056     5.875000000E+01     3.250000000E+01     0.000000000E+00
     6057     5.750000000E+01     3.375000000E+01     0.000000000E+00
     6058     6.125000000E+01     3.250000000E+01     0.000000000E+00
     6059     6.000000000E+01     3.375000000E+01     0.000000000E+00
     6060     6.375000000E+01     3.250000000E+01     0.000000000E+00
     6061     6.250000000E+01     3.375000000E+01     0.000000000E+00
     6062     6.625000000E+01     3.250000000E+01     0.000000000E+00
     6063     6.500000000E+01     3.375000000E+01     0.000000000E+00
     6064     6.875000000E+01     3.250000000E+01     0.000000000E+00
     6065     6.750000000E+01     3.375000000E+01     0.000000000E+00
     6066     7.125000000E+01     3.250000000E+01     0.000000000E+00
     6067     7.000000000E+01     3.375000000E+01     0.000000000E+00
     6068     7.375000000E+01     3.250000000E+01     0.000000000E+00
     6069     7.250000000E+01     3.375000000E+01     0.000000000E+00
     6070     7.625000000E+01     3.250000000E+01     0.000000000E+00
     6071     7.500000000E+01     3.375000000E+01     0.000000000E+00
     6072     7.875000000E+01     3.250000000E+01     0.000000000E+00
     6073     7.750000000E+01     3.375000000E+01     0.000000000E+00
     6074     8.125000000E+01     3.250000000E+01     0.000000000E+00
     6075     8.000000000E+01     3.375000000E+01     0.000000000E+00
     6076     8.250000000E+01     3.125000000E+01     0.000000000E+00
     6077     8.250000000E+01     3.375000000E+01     0.000000000E+00
     6078     8.375000000E+01     3.250000000E+01     0.000000000E+00
     6079     8.250000000E+01     2.875000000E+01     0.000000000E+00
     6080     8.375000000E+01     3.000000000E+01     0.000000000E+00
     6081     8.250000000E+01     2.625000000E+01     0.000000000E+00
     6082     8.375000000E+01     2.750000000E+01     0.000000000E+00
     6083     8.250000000E+01     2.375000000E+01     0.000000000E+00
     6084     8.375000000E+01     2.500000000E+01     0.000000000E+00
     6085     8.250000000E+01     2.125000000E+01     0.000000000E+00
     6086     8.375000000E+01     2.250000000E+01     0.000000000E+00
     6087     8.250000000E+01     1.875000000E+01     0.000000000E+00
     6088     8.375000000E+01     2.000000000E+01     0.000000000E+00
     6089     8.250000000E+01     1.625000000E+01     0.000000000E+00
     6090     8.375000000E+01     1.750000000E+01     0.000000000E+00
     6091     8.250000000E+01     1.375000000E+01     0.000000000E+00
     6092     8.375000000E+01     1.500000000E+01     0.000000000E+00
     6093     8.250000000E+01     1.125000000E+01     0.000000000E+00
     6094     8.375000000E+01     1.250000000E+01     0.000000000E+00
     6095     8.250000000E+01     8.750000000E+00     0.000000000E+00
     6096     8.375000000E+01     1.000000000E+01     0.000000000E+00
     6097     8.250000000E+01     6.250000000E+00     0.000000000E+00
     6098     8.375000000E+01     7.500000000E+00     0.000000000E+00
     6099     8.250000000E+01     3.750000000E+00     0.000000000E+00
     6100     8.375000000E+01     5.000000000E+00     0.000000000E+00
     6101     8.250000000E+01     1.250000000E+00     0.000000000E+00
     6102     8.375000000E+01     2.500000000E+00     0.000000000E+00
     6103     8.250000000E+01    -1.250000000E+00     0.000000000E+00
     6104     8.375000000E+01    -1.409462824E-14     0.000000000E+00
     6105     8.250000000E+01    -3.750000000E+00     0.000000000E+00
     6106     8.375000000E+01    -2.500000000E+00     0.000000000E+00
     6107     8.250000000E+01    -6.250000000E+00     0.000000000E+00
     6108     8.375000000E+01    -5.000000000E+00     0.000000000E+00
     6109     8.250000000E+01    -8.750000000E+00     0.000000000E+00
     6110     8.375000000E+01    -7.500000000E+00     0.000000000E+00
     6111     8.250000000E+01    -1.125000000E+01     0.000000000E+00
     6112     8.375000000E+01    -1.000000000E+01     0.000000000E+00
     6113     8.250000000E+01    -1.375000000E+01     0.000000000E+00
     6114     8.375000000E+01    -1.250000000E+01     0.000000000E+00
     6115     8.250000000E+01    -1.625000000E+01     0.000000000E+00
     6116     8.375000000E+01    -1.500000000E+01     0.000000000E+00
     6117     8.250000000E+01    -1.875000000E+01     0.000000000E+00
     6118     8.375000000E+01    -1.750000000E+01     0.000000000E+00
     6119     8.250000000E+01    -2.125000000E+01     0.000000000E+00
     6120     8.375000000E+01    -2.000000000E+01     0.000000000E+00
     6121     8.250000000E+01    -2.375000000E+01     0.000000000E+00
     6122     8.375000000E+01    -2.250000000E+01     0.000000000E+00
     6123     8.250000000E+01    -2.625000000E+01     0.000000000E+00
     6124     8.375000000E+01    -2.500000000E+01     0.000000000E+00
     6125     8.250000000E+01    -2.875000000E+01     0.000000000E+00
     6126     8.375000000E+01    -2.750000000E+01     0.000000000E+00
     6127     8.250000000E+01    -3.125000000E+01     0.000000000E+00
     6128     8.375000000E+01    -3.000000000E+01     0.000000000E+00
     6129     8.125000000E+01    -3.250000000E+01     0.000000000E+00
     6130     8.375000000E+01    -3.250000000E+01     0.000000000E+00
     6131     8.250000000E+01    -3.375000000E+01     0.000000000E+00
     6132     7.875000000E+01    -3.250000000E+01     0.000000000E+00
     6133     8.000000000E+01    -3.375000000E+01     0.000000000E+00
     6134     7.625000000E+01    -3.250000000E+01     0.000000000E+00
     6135     7.750000000E+01    -3.375000000E+01     0.000000000E+00
     6136     7.375000000E+01    -3.250000000E+01     0.000000000E+00
     6137     7.500000000E+01    -3.375000000E+01     0.000000000E+00
     6138     7.125000000E+01    -3.250000000E+01     0.000000000E+00
     6139     7.250000000E+01    -3.375000000E+01     0.000000000E+00
     6140     6.875000000E+01    -3.250000000E+01     0.000000000E+00
     6141     7.000000000E+01    -3.375000000E+01     0.000000000E+00
     6142     6.625000000E+01    -3.250000000E+01     0.000000000E+00
     6143     6.750000000E+01    -3.375000000E+01     0.000000000E+00
     6144     6.375000000E+01    -3.250000000E+01     0.000000000E+00
     6145     6.500000000E+01    -3.375000000E+01     0.000000000E+00
     6146     6.125000000E+01    -3.250000000E+01     0.000000000E+00
     6147     6.250000000E+01    -3.375000000E+01     0.000000000E+00
     6148     5.875000000E+01    -3.250000000E+01     0.000000000E+00
     6149     6.000000000E+01    -3.375000000E+01     0.000000000E+00
     6150     5.625000000E+01    -3.250000000E+01     0.000000000E+00
     6151     5.750000000E+01    -3.375000000E+01     0.000000000E+00
     6152     5.375000000E+01    -3.250000000E+01     0.000000000E+00
     6153     5.500000000E+01    -3.375000000E+01     0.000000000E+00
     6154     5.125000000E+01    -3.250000000E+01     0.000000000E+00
     6155     5.250000000E+01    -3.375000000E+01     0.000000000E+00
     6156     4.875000000E+01    -3.250000000E+01     0.000000000E+00
     6157     5.000000000E+01    -3.375000000E+01     0.000000000E+00
     6158     4.625000000E+01    -3.250000000E+01     0.000000000E+00
     6159     4.750000000E+01    -3.375000000E+01     0.000000000E+00
     6160     4.375000000E+01    -3.250000000E+01     0.000000000E+00
     6161     4.500000000E+01    -3.375000000E+01     0.000000000E+00
     6162     4.125000000E+01    -3.250000000E+01     0.000000000E+00
     6163     4.250000000E+01    -3.375000000E+01     0.000000000E+00
     6164     3.875000000E+01    -3.250000000E+01     0.000000000E+00
     6165     4.000000000E+01    -3.375000000E+01     0.000000000E+00
     6166     3.625000000E+01    -3.250000000E+01     0.000000000E+00
     6167     3.750000000E+01    -3.375000000E+01     0.000000000E+00
     6168     3.375000000E+01    -3.250000000E+01     0.000000000E+00
     6169     3.500000000E+01    -3.375000000E+01     0.000000000E+00
     6170     3.125000000E+01    -3.250000000E+01     0.000000000E+00
     6171     3.250000000E+01    -3.375000000E+01     0.000000000E+00
     6172     2.875000000E+01    -3.250000000E+01     0.000000000E+00
     6173     3.000000000E+01    -3.375000000E+01     0.000000000E+00
     6174     3.000000000E+01    -3.125000000E+01     0.000000000E+00
     6175     2.625000000E+01    -3.250000000E+01     0.000000000E+00
     6176     2.750000000E+01    -3.375000000E+01     0.000000000E+00
     6177     2.375000000E+01    -3.250000000E+01     0.000000000E+00
     6178     2.500000000E+01    -3.375000000E+01     0.000000000E+00
     6179     2.125000000E+01    -3.250000000E+01     0.000000000E+00
     6180     2.250000000E+01    -3.375000000E+01     0.000000000E+00
     6181     1.875000000E+01    -3.250000000E+01     0.000000000E+00
     6182     2.000000000E+01    -3.375000000E+01     0.000000000E+00
     6183     1.625000000E+01    -3.250000000E+01     0.000000000E+00
     6184     1.750000000E+01    -3.375000000E+01     0.000000000E+00
     6185     1.375000000E+01    -3.250000000E+01     0.000000000E+00
     6186     1.500000000E+01    -3.375000000E+01     0.000000000E+00
     6187     1.125000000E+01    -3.250000000E+01     0.000000000E+00
     6188     1.250000000E+01    -3.375000000E+01     0.000000000E+00
     6189     8.749999999E+00    -3.250000000E+01     0.000000000E+00
     6190     9.999999999E+00    -3.375000000E+01     0.000000000E+00
     6191     6.249999999E+00    -3.250000000E+01     0.000000000E+00
     6192     7.499999999E+00    -3.375000000E+01     0.000000000E+00
     6193     3.749999999E+00    -3.250000000E+01     0.000000000E+00
     6194     4.999999999E+00    -3.375000000E+01     0.000000000E+00
     6195     1.249999999E+00    -3.250000000E+01     0.000000000E+00
     6196     2.499999999E+00    -3.375000000E+01     0.000000000E+00
     6197     2.499999999E+00    -3.125000000E+01     0.000000000E+00
     6198    -1.250000001E+00    -3.250000000E+01     0.000000000E+00
     6199    -8.093697153E-10    -3.375000000E+01     0.000000000E+00
     6200    -3.750000001E+00    -3.250000000E+01     0.000000000E+00
     6201    -2.500000001E+00    -3.375000000E+01     0.000000000E+00
     6202    -6.250000001E+00    -3.250000000E+01     0.000000000E+00
     6203    -5.000000001E+00    -3.375000000E+01     0.000000000E+00
     6204    -8.750000001E+00    -3.250000000E+01     0.000000000E+00
     6205    -7.500000001E+00    -3.125000000E+01     0.000000000E+00
     6206    -7.500000001E+00    -3.375000000E+01     0.000000000E+00
     6207    -1.125000000E+01    -3.250000000E+01     0.000000000E+00
     6208    -1.000000000E+01    -3.375000000E+01     0.000000000E+00
     6209    -1.375000000E+01    -3.250000000E+01     0.000000000E+00
     6210    -1.250000000E+01    -3.375000000E+01     0.000000000E+00
     6211    -1.625000000E+01    -3.250000000E+01     0.000000000E+00
     6212    -1.500000000E+01    -3.375000000E+01     0.000000000E+00
     6213    -1.750000000E+01    -3.375000000E+01     0.000000000E+00
     6214    -1.875000000E+01    -3.250000000E+01     0.000000000E+00
     6215    -2.375000000E+01    -3.250000000E+01     0.000000000E+00
     6216    -2.250000000E+01    -3.375000000E+01     0.000000000E+00
     6217    -2.125000000E+01    -3.250000000E+01     0.000000000E+00
     6218    -2.625000000E+01    -3.250000000E+01     0.000000000E+00
     6219    -2.500000000E+01    -3.375000000E+01     0.000000000E+00
     6220    -2.875000000E+01    -3.250000000E+01     0.000000000E+00
     6221    -2.750000000E+01    -3.375000000E+01     0.000000000E+00
     6222    -3.125000000E+01    -3.250000000E+01     0.000000000E+00
     6223    -3.000000000E+01    -3.375000000E+01     0.000000000E+00
     6224    -3.375000000E+01    -3.250000000E+01     0.000000000E+00
     6225    -3.250000000E+01    -3.375000000E+01     0.000000000E+00
     6226    -3.625000000E+01    -3.250000000E+01     0.000000000E+00
     6227    -3.500000000E+01    -3.375000000E+01     0.000000000E+00
     6228    -3.875000000E+01    -3.250000000E+01     0.000000000E+00
     6229    -3.750000000E+01    -3.375000000E+01     0.000000000E+00
     6230    -4.125000000E+01    -3.250000000E+01     0.000000000E+00
     6231    -4.000000000E+01    -3.375000000E+01     0.000000000E+00
     6232    -4.250000000E+01    -3.375000000E+01     0.000000000E+00
     6233    -4.375000000E+01    -3.250000000E+01     0.000000000E+00
     6234    -4.875000000E+01    -3.250000000E+01     0.000000000E+00
     6235    -4.750000000E+01    -3.375000000E+01     0.000000000E+00
     6236    -4.625000000E+01    -3.250000000E+01     0.000000000E+00
     6237    -5.125000000E+01    -3.250000000E+01     0.000000000E+00
     6238    -5.000000000E+01    -3.375000000E+01     0.000000000E+00
     6239    -5.375000000E+01    -3.250000000E+01     0.000000000E+00
     6240    -5.250000000E+01    -3.375000000E+01     0.000000000E+00
     6241    -5.625000000E+01    -3.250000000E+01     0.000000000E+00
     6242    -5.500000000E+01    -3.375000000E+01     0.000000000E+00
     6243    -5.875000000E+01    -3.250000000E+01     0.000000000E+00
     6244    -5.750000000E+01    -3.375000000E+01     0.000000000E+00
     6245    -6.125000000E+01    -3.250000000E+01     0.000000000E+00
     6246    -6.000000000E+01    -3.375000000E+01     0.000000000E+00
     6247    -6.375000000E+01    -3.250000000E+01     0.000000000E+00
     6248    -6.250000000E+01    -3.375000000E+01     0.000000000E+00
     6249    -6.625000000E+01    -3.250000000E+01     0.000000000E+00
     6250    -6.500000000E+01    -3.375000000E+01     0.000000000E+00
     6251    -6.875000000E+01    -3.250000000E+01     0.000000000E+00
     6252    -6.750000000E+01    -3.375000000E+01     0.000000000E+00
     6253    -7.125000000E+01    -3.250000000E+01     0.000000000E+00
     6254    -7.000000000E+01    -3.375000000E+01     0.000000000E+00
     6255    -7.375000000E+01    -3.250000000E+01     0.000000000E+00
     6256    -7.250000000E+01    -3.375000000E+01     0.000000000E+00
     6257    -7.625000000E+01    -3.250000000E+01     0.000000000E+00
     6258    -7.500000000E+01    -3.375000000E+01     0.000000000E+00
     6259    -7.875000000E+01    -3.250000000E+01     0.000000000E+00
     6260    -7.750000000E+01    -3.375000000E+01     0.000000000E+00
     6261    -8.125000000E+01    -3.250000000E+01     0.000000000E+00
     6262    -8.000000000E+01    -3.375000000E+01     0.000000000E+00
     6263    -8.375000000E+01    -3.250000000E+01     0.000000000E+00
     6264    -8.250000000E+01    -3.375000000E+01     0.000000000E+00
     6265    -2.500000000E+01    -2.375000000E+01     0.000000000E+00
     6266    -2.625000000E+01    -2.500000000E+01     0.000000000E+00
     6267    -2.125000000E+01    -2.000000000E+01     0.000000000E+00
     6268    -2.000000000E+01    -1.875000000E+01     0.000000000E+00
     6269    -2.250000000E+01    -2.125000000E+01     0.000000000E+00
     6270    -2.375000000E+01    -2.250000000E+01     0.000000000E+00
     6271     3.875000000E+01    -2.250000000E+01     0.000000000E+00
     6272     4.000000000E+01    -2.125000000E+01     0.000000000E+00
     6273     3.750000000E+01    -2.375000000E+01     0.000000000E+00
     6274     3.625000000E+01    -2.500000000E+01     0.000000000E+00
     6275     3.750000000E+01     2.375000000E+01     0.000000000E+00
     6276     3.625000000E+01     2.500000000E+01     0.000000000E+00
     6277     3.875000000E+01     2.250000000E+01     0.000000000E+00
     6278     4.000000000E+01     2.125000000E+01     0.000000000E+00
     6279    -3.875000000E+01     2.250000000E+01     0.000000000E+00
     6280    -4.000000000E+01     2.125000000E+01     0.000000000E+00
     6281    -3.750000000E+01     2.375000000E+01     0.000000000E+00
     6282    -3.625000000E+01     2.500000000E+01     0.000000000E+00
     6283    -3.750000000E+01    -2.375000000E+01     0.000000000E+00
     6284    -3.625000000E+01    -2.500000000E+01     0.000000000E+00
     6285    -3.875000000E+01    -2.250000000E+01     0.000000000E+00
     6286    -4.000000000E+01    -2.125000000E+01     0.000000000E+00
     6287     2.375000000E+01    -2.250000000E+01     0.000000000E+00
     6288     2.250000000E+01    -2.125000000E+01     0.000000000E+00
     6289     3.625000000E+01     7.499999998E+00     0.000000000E+00
     6290     3.750000000E+01     8.749999997E+00     0.000000000E+00
     6291     3.875000000E+01     7.499999997E+00     0.000000000E+00
     6292    -2.250000000E+01     2.125000000E+01     0.000000000E+00
     6293    -2.375000000E+01     2.250000000E+01     0.000000000E+00
     6294    -3.625000000E+01    -7.500000002E+00     0.000000000E+00
     6295    -3.750000000E+01    -8.750000003E+00     0.000000000E+00
     6296     3.375000000E+01    -2.750000000E+01     0.000000000E+00
     6297     3.500000000E+01    -2.625000000E+01     0.000000000E+00
     6298     4.250000000E+01    -1.375000000E+01     0.000000000E+00
     6299     4.125000000E+01    -1.250000000E+01     0.000000000E+00
     6300     4.250000000E+01    -1.875000000E+01     0.000000000E+00
     6301     4.125000000E+01    -2.000000000E+01     0.000000000E+00
     6302     4.125000000E+01     2.000000000E+01     0.000000000E+00
     6303     4.250000000E+01     1.875000000E+01     0.000000000E+00
     6304     4.125000000E+01     1.250000000E+01     0.000000000E+00
     6305     4.250000000E+01     1.375000000E+01     0.000000000E+00
     6306     2.875000000E+01     2.750000000E+01     0.000000000E+00
     6307     2.750000000E+01     2.625000000E+01     0.000000000E+00
     6308     3.500000000E+01     2.625000000E+01     0.000000000E+00
     6309     3.375000000E+01     2.750000000E+01     0.000000000E+00
     6310    -3.375000000E+01     2.750000000E+01     0.000000000E+00
     6311    -3.500000000E+01     2.625000000E+01     0.000000000E+00
     6312    -2.750000000E+01     2.625000000E+01     0.000000000E+00
     6313    -2.875000000E+01     2.750000000E+01     0.000000000E+00
     6314    -4.250000000E+01     1.375000000E+01     0.000000000E+00
     6315    -4.125000000E+01     1.250000000E+01     0.000000000E+00
     6316    -4.250000000E+01    -1.875000000E+01     0.000000000E+00
     6317    -4.125000000E+01    -2.000000000E+01     0.000000000E+00
     6318    -4.125000000E+01    -1.250000000E+01     0.000000000E+00
     6319    -4.250000000E+01    -1.375000000E+01     0.000000000E+00
     6320    -2.875000000E+01    -2.750000000E+01     0.000000000E+00
     6321    -2.750000000E+01    -2.625000000E+01     0.000000000E+00
     6322    -3.375000000E+01    -2.750000000E+01     0.000000000E+00
     6323    -3.500000000E+01    -2.625000000E+01     0.000000000E+00
     6324    -3.125000000E+01    -2.750000000E+01     0.000000000E+00
     6325    -3.250000000E+01    -2.625000000E+01     0.000000000E+00
     6326    -3.000000000E+01    -2.625000000E+01     0.000000000E+00
     6327    -4.125000000E+01    -1.750000000E+01     0.000000000E+00
     6328    -4.250000000E+01    -1.625000000E+01     0.000000000E+00
     6329    -4.125000000E+01     1.500000000E+01     0.000000000E+00
     6330    -4.250000000E+01     1.625000000E+01     0.000000000E+00
     6331    -3.250000000E+01     2.625000000E+01     0.000000000E+00
     6332    -3.125000000E+01     2.750000000E+01     0.000000000E+00
     6333     3.000000000E+01     2.625000000E+01     0.000000000E+00
     6334     3.125000000E+01     2.750000000E+01     0.000000000E+00
     6335     4.250000000E+01    -1.625000000E+01     0.000000000E+00
     6336     4.125000000E+01    -1.750000000E+01     0.000000000E+00
     6337     4.125000000E+01    -1.500000000E+01     0.000000000E+00
     6338     3.250000000E+01    -2.625000000E+01     0.000000000E+00
     6339     3.125000000E+01    -2.750000000E+01     0.000000000E+00
     6340    -3.500000000E+01    -8.750000002E+00     0.000000000E+00
     6341    -3.375000000E+01    -7.500000001E+00     0.000000000E+00
     6342    -2.375000000E+01     2.000000000E+01     0.000000000E+00
     6343    -2.250000000E+01     1.875000000E+01     0.000000000E+00
     6344    -2.125000000E+01     2.000000000E+01     0.000000000E+00
     6345     3.500000000E+01     8.749999998E+00     0.000000000E+00
     6346     3.375000000E+01     7.499999999E+00     0.000000000E+00
     6347    -3.750000000E+01    -2.125000000E+01     0.000000000E+00
     6348    -3.625000000E+01    -2.250000000E+01     0.000000000E+00
     6349    -3.625000000E+01     2.250000000E+01     0.000000000E+00
     6350    -3.750000000E+01     2.125000000E+01     0.000000000E+00
     6351     3.750000000E+01     2.125000000E+01     0.000000000E+00
     6352     3.625000000E+01     2.250000000E+01     0.000000000E+00
     6353     3.625000000E+01    -2.250000000E+01     0.000000000E+00
     6354     3.750000000E+01    -2.125000000E+01     0.000000000E+00
     6355    -2.250000000E+01    -1.875000000E+01     0.000000000E+00
     6356    -2.375000000E+01    -2.000000000E+01     0.000000000E+00
     6357    -2.625000000E+01    -2.250000000E+01     0.000000000E+00
     6358    -2.500000000E+01    -2.125000000E+01     0.000000000E+00
     6359    -8.500000000E+01    -3.125000000E+01     0.000000000E+00
     6360    -8.625000000E+01    -3.250000000E+01     0.000000000E+00
     6361    -8.500000000E+01    -3.375000000E+01     0.000000000E+00
     6362    -8.625000000E+01    -3.000000000E+01     0.000000000E+00
     6363    -8.500000000E+01    -2.875000000E+01     0.000000000E+00
     6364    -8.500000000E+01    -2.375000000E+01     0.000000000E+00
     6365    -8.625000000E+01    -2.500000000E+01     0.000000000E+00
     6366    -8.500000000E+01    -2.625000000E+01     0.000000000E+00
     6367    -8.500000000E+01    -2.125000000E+01     0.000000000E+00
     6368    -8.625000000E+01    -2.250000000E+01     0.000000000E+00
     6369    -8.500000000E+01    -1.875000000E+01     0.000000000E+00
     6370    -8.625000000E+01    -2.000000000E+01     0.000000000E+00
     6371    -8.500000000E+01    -1.625000000E+01     0.000000000E+00
     6372    -8.625000000E+01    -1.750000000E+01     0.000000000E+00
     6373    -8.500000000E+01    -1.375000000E+01     0.000000000E+00
     6374    -8.625000000E+01    -1.500000000E+01     0.000000000E+00
     6375    -8.500000000E+01    -1.125000000E+01     0.000000000E+00
     6376    -8.625000000E+01    -1.250000000E+01     0.000000000E+00
     6377    -8.500000000E+01    -8.750000000E+00     0.000000000E+00
     6378    -8.625000000E+01    -1.000000000E+01     0.000000000E+00
     6379    -8.500000000E+01    -6.250000000E+00     0.000000000E+00
     6380    -8.625000000E+01    -7.500000000E+00     0.000000000E+00
     6381    -8.500000000E+01    -3.750000000E+00     0.000000000E+00
     6382    -8.625000000E+01    -5.000000000E+00     0.000000000E+00
     6383    -8.625000000E+01    -2.500000000E+00     0.000000000E+00
     6384    -8.500000000E+01    -1.250000000E+00     0.000000000E+00
     6385    -8.500000000E+01     3.750000000E+00     0.000000000E+00
     6386    -8.625000000E+01     2.500000000E+00     0.000000000E+00
     6387    -8.500000000E+01     1.250000000E+00     0.000000000E+00
     6388    -8.500000000E+01     6.250000000E+00     0.000000000E+00
     6389    -8.625000000E+01     5.000000000E+00     0.000000000E+00
     6390    -8.500000000E+01     8.750000000E+00     0.000000000E+00
     6391    -8.625000000E+01     7.500000000E+00     0.000000000E+00
     6392    -8.500000000E+01     1.125000000E+01     0.000000000E+00
     6393    -8.625000000E+01     1.000000000E+01     0.000000000E+00
     6394    -8.500000000E+01     1.375000000E+01     0.000000000E+00
     6395    -8.625000000E+01     1.250000000E+01     0.000000000E+00
     6396    -8.625000000E+01     1.500000000E+01     0.000000000E+00
     6397    -8.500000000E+01     1.625000000E+01     0.000000000E+00
     6398    -8.500000000E+01     2.125000000E+01     0.000000000E+00
     6399    -8.625000000E+01     2.000000000E+01     0.000000000E+00
     6400    -8.500000000E+01     1.875000000E+01     0.000000000E+00
     6401    -8.500000000E+01     2.375000000E+01     0.000000000E+00
     6402    -8.625000000E+01     2.250000000E+01     0.000000000E+00
     6403    -8.625000000E+01     2.500000000E+01     0.000000000E+00
     6404    -8.500000000E+01     2.625000000E+01     0.000000000E+00
     6405    -8.500000000E+01     3.375000000E+01     0.000000000E+00
     6406    -8.625000000E+01     3.250000000E+01     0.000000000E+00
     6407    -8.500000000E+01     3.125000000E+01     0.000000000E+00
     6408    -8.375000000E+01     3.500000000E+01     0.000000000E+00
     6409    -8.625000000E+01     3.500000000E+01     0.000000000E+00
     6410    -8.500000000E+01     3.625000000E+01     0.000000000E+00
     6411    -8.125000000E+01     3.500000000E+01     0.000000000E+00
     6412    -8.250000000E+01     3.625000000E+01     0.000000000E+00
     6413    -7.875000000E+01     3.500000000E+01     0.000000000E+00
     6414    -8.000000000E+01     3.625000000E+01     0.000000000E+00
     6415    -7.625000000E+01     3.500000000E+01     0.000000000E+00
     6416    -7.750000000E+01     3.625000000E+01     0.000000000E+00
     6417    -7.375000000E+01     3.500000000E+01     0.000000000E+00
     6418    -7.500000000E+01     3.625000000E+01     0.000000000E+00
     6419    -7.125000000E+01     3.500000000E+01     0.000000000E+00
     6420    -7.250000000E+01     3.625000000E+01     0.000000000E+00
     6421    -6.875000000E+01     3.500000000E+01     0.000000000E+00
     6422    -7.000000000E+01     3.625000000E+01     0.000000000E+00
     6423    -6.625000000E+01     3.500000000E+01     0.000000000E+00
     6424    -6.750000000E+01     3.625000000E+01     0.000000000E+00
     6425    -6.375000000E+01     3.500000000E+01     0.000000000E+00
     6426    -6.500000000E+01     3.625000000E+01     0.000000000E+00
     6427    -6.250000000E+01     3.625000000E+01     0.000000000E+00
     6428    -6.125000000E+01     3.500000000E+01     0.000000000E+00
     6429    -5.625000000E+01     3.500000000E+01     0.000000000E+00
     6430    -5.750000000E+01     3.625000000E+01     0.000000000E+00
     6431    -5.875000000E+01     3.500000000E+01     0.000000000E+00
     6432    -5.375000000E+01     3.500000000E+01     0.000000000E+00
     6433    -5.500000000E+01     3.625000000E+01     0.000000000E+00
     6434    -5.125000000E+01     3.500000000E+01     0.000000000E+00
     6435    -5.250000000E+01     3.625000000E+01     0.000000000E+00
     6436    -4.875000000E+01     3.500000000E+01     0.000000000E+00
     6437    -5.000000000E+01     3.625000000E+01     0.000000000E+00
     6438    -4.625000000E+01     3.500000000E+01     0.000000000E+00
     6439    -4.750000000E+01     3.625000000E+01     0.000000000E+00
     6440    -4.500000000E+01     3.625000000E+01     0.000000000E+00
     6441    -4.375000000E+01     3.500000000E+01     0.000000000E+00
     6442    -3.625000000E+01     3.500000000E+01     0.000000000E+00
     6443    -3.750000000E+01     3.625000000E+01     0.000000000E+00
     6444    -3.875000000E+01     3.500000000E+01     0.000000000E+00
     6445    -3.375000000E+01     3.500000000E+01     0.000000000E+00
     6446    -3.500000000E+01     3.625000000E+01     0.000000000E+00
     6447    -3.125000000E+01     3.500000000E+01     0.000000000E+00
     6448    -3.250000000E+01     3.625000000E+01     0.000000000E+00
     6449    -2.875000000E+01     3.500000000E+01     0.000000000E+00
     6450    -3.000000000E+01     3.625000000E+01     0.000000000E+00
     6451    -3.000000000E+01     3.375000000E+01     0.000000000E+00
     6452    -2.625000000E+01     3.500000000E+01     0.000000000E+00
     6453    -2.750000000E+01     3.625000000E+01     0.000000000E+00
     6454    -2.375000000E+01     3.500000000E+01     0.000000000E+00
     6455    -2.500000000E+01     3.625000000E+01     0.000000000E+00
     6456    -2.125000000E+01     3.500000000E+01     0.000000000E+00
     6457    -2.250000000E+01     3.625000000E+01     0.000000000E+00
     6458    -1.875000000E+01     3.500000000E+01     0.000000000E+00
     6459    -2.000000000E+01     3.625000000E+01     0.000000000E+00
     6460    -2.000000000E+01     3.375000000E+01     0.000000000E+00
     6461    -1.625000000E+01     3.500000000E+01     0.000000000E+00
     6462    -1.750000000E+01     3.625000000E+01     0.000000000E+00
     6463    -1.750000000E+01     3.375000000E+01     0.000000000E+00
     6464    -1.375000000E+01     3.500000000E+01     0.000000000E+00
     6465    -1.500000000E+01     3.625000000E+01     0.000000000E+00
     6466    -1.125000000E+01     3.500000000E+01     0.000000000E+00
     6467    -1.250000000E+01     3.625000000E+01     0.000000000E+00
     6468    -1.250000000E+01     3.375000000E+01     0.000000000E+00
     6469    -8.750000001E+00     3.500000000E+01     0.000000000E+00
     6470    -1.000000000E+01     3.625000000E+01     0.000000000E+00
     6471    -1.000000000E+01     3.375000000E+01     0.000000000E+00
     6472    -6.250000001E+00     3.500000000E+01     0.000000000E+00
     6473    -7.500000001E+00     3.625000000E+01     0.000000000E+00
     6474    -3.750000001E+00     3.500000000E+01     0.000000000E+00
     6475    -5.000000001E+00     3.625000000E+01     0.000000000E+00
     6476    -1.250000001E+00     3.500000000E+01     0.000000000E+00
     6477    -2.500000001E+00     3.625000000E+01     0.000000000E+00
     6478     1.249999999E+00     3.500000000E+01     0.000000000E+00
     6479    -7.866637571E-10     3.625000000E+01     0.000000000E+00
     6480     3.749999999E+00     3.500000000E+01     0.000000000E+00
     6481     2.499999999E+00     3.625000000E+01     0.000000000E+00
     6482     6.249999999E+00     3.500000000E+01     0.000000000E+00
     6483     4.999999999E+00     3.625000000E+01     0.000000000E+00
     6484     8.749999999E+00     3.500000000E+01     0.000000000E+00
     6485     7.499999999E+00     3.625000000E+01     0.000000000E+00
     6486     1.125000000E+01     3.500000000E+01     0.000000000E+00
     6487     9.999999999E+00     3.625000000E+01     0.000000000E+00
     6488     1.375000000E+01     3.500000000E+01     0.000000000E+00
     6489     1.250000000E+01     3.625000000E+01     0.000000000E+00
     6490     1.625000000E+01     3.500000000E+01     0.000000000E+00
     6491     1.500000000E+01     3.625000000E+01     0.000000000E+00
     6492     1.875000000E+01     3.500000000E+01     0.000000000E+00
     6493     1.750000000E+01     3.625000000E+01     0.000000000E+00
     6494     2.125000000E+01     3.500000000E+01     0.000000000E+00
     6495     2.000000000E+01     3.625000000E+01     0.000000000E+00
     6496     2.375000000E+01     3.500000000E+01     0.000000000E+00
     6497     2.250000000E+01     3.625000000E+01     0.000000000E+00
     6498     2.625000000E+01     3.500000000E+01     0.000000000E+00
     6499     2.500000000E+01     3.625000000E+01     0.000000000E+00
     6500     2.875000000E+01     3.500000000E+01     0.000000000E+00
     6501     2.750000000E+01     3.625000000E+01     0.000000000E+00
     6502     3.125000000E+01     3.500000000E+01     0.000000000E+00
     6503     3.000000000E+01     3.625000000E+01     0.000000000E+00
     6504     3.375000000E+01     3.500000000E+01     0.000000000E+00
     6505     3.250000000E+01     3.625000000E+01     0.000000000E+00
     6506     3.625000000E+01     3.500000000E+01     0.000000000E+00
     6507     3.500000000E+01     3.625000000E+01     0.000000000E+00
     6508     3.750000000E+01     3.625000000E+01     0.000000000E+00
     6509     3.875000000E+01     3.500000000E+01     0.000000000E+00
     6510     4.375000000E+01     3.500000000E+01     0.000000000E+00
     6511     4.250000000E+01     3.625000000E+01     0.000000000E+00
     6512     4.125000000E+01     3.500000000E+01     0.000000000E+00
     6513     4.625000000E+01     3.500000000E+01     0.000000000E+00
     6514     4.500000000E+01     3.625000000E+01     0.000000000E+00
     6515     4.750000000E+01     3.625000000E+01     0.000000000E+00
     6516     4.875000000E+01     3.500000000E+01     0.000000000E+00
     6517     5.375000000E+01     3.500000000E+01     0.000000000E+00
     6518     5.250000000E+01     3.625000000E+01     0.000000000E+00
     6519     5.125000000E+01     3.500000000E+01     0.000000000E+00
     6520     5.625000000E+01     3.500000000E+01     0.000000000E+00
     6521     5.500000000E+01     3.625000000E+01     0.000000000E+00
     6522     5.875000000E+01     3.500000000E+01     0.000000000E+00
     6523     5.750000000E+01     3.625000000E+01     0.000000000E+00
     6524     6.125000000E+01     3.500000000E+01     0.000000000E+00
     6525     6.000000000E+01     3.625000000E+01     0.000000000E+00
     6526     6.375000000E+01     3.500000000E+01     0.000000000E+00
     6527     6.250000000E+01     3.625000000E+01     0.000000000E+00
     6528     6.625000000E+01     3.500000000E+01     0.000000000E+00
     6529     6.500000000E+01     3.625000000E+01     0.000000000E+00
     6530     6.875000000E+01     3.500000000E+01     0.000000000E+00
     6531     6.750000000E+01     3.625000000E+01     0.000000000E+00
     6532     7.125000000E+01     3.500000000E+01     0.000000000E+00
     6533     7.000000000E+01     3.625000000E+01     0.000000000E+00
     6534     7.375000000E+01     3.500000000E+01     0.000000000E+00
     6535     7.250000000E+01     3.625000000E+01     0.000000000E+00
     6536     7.625000000E+01     3.500000000E+01     0.000000000E+00
     6537     7.500000000E+01     3.625000000E+01     0.000000000E+00
     6538     7.875000000E+01     3.500000000E+01     0.000000000E+00
     6539     7.750000000E+01     3.625000000E+01     0.000000000E+00
     6540     8.125000000E+01     3.500000000E+01     0.000000000E+00
     6541     8.000000000E+01     3.625000000E+01     0.000000000E+00
     6542     8.375000000E+01     3.500000000E+01     0.000000000E+00
     6543     8.250000000E+01     3.625000000E+01     0.000000000E+00
     6544     8.500000000E+01     3.375000000E+01     0.000000000E+00
     6545     8.500000000E+01     3.625000000E+01     0.000000000E+00
     6546     8.625000000E+01     3.500000000E+01     0.000000000E+00
     6547     8.500000000E+01     3.125000000E+01     0.000000000E+00
     6548     8.625000000E+01     3.250000000E+01     0.000000000E+00
     6549     8.500000000E+01     2.875000000E+01     0.000000000E+00
     6550     8.625000000E+01     3.000000000E+01     0.000000000E+00
     6551     8.500000000E+01     2.625000000E+01     0.000000000E+00
     6552     8.625000000E+01     2.750000000E+01     0.000000000E+00
     6553     8.500000000E+01     2.375000000E+01     0.000000000E+00
     6554     8.625000000E+01     2.500000000E+01     0.000000000E+00
     6555     8.500000000E+01     2.125000000E+01     0.000000000E+00
     6556     8.625000000E+01     2.250000000E+01     0.000000000E+00
     6557     8.500000000E+01     1.875000000E+01     0.000000000E+00
     6558     8.625000000E+01     2.000000000E+01     0.000000000E+00
     6559     8.500000000E+01     1.625000000E+01     0.000000000E+00
     6560     8.625000000E+01     1.750000000E+01     0.000000000E+00
     6561     8.500000000E+01     1.375000000E+01     0.000000000E+00
     6562     8.625000000E+01     1.500000000E+01     0.000000000E+00
     6563     8.500000000E+01     1.125000000E+01     0.000000000E+00
     6564     8.625000000E+01     1.250000000E+01     0.000000000E+00
     6565     8.500000000E+01     8.750000000E+00     0.000000000E+00
     6566     8.625000000E+01     1.000000000E+01     0.000000000E+00
     6567     8.500000000E+01     6.250000000E+00     0.000000000E+00
     6568     8.625000000E+01     7.500000000E+00     0.000000000E+00
     6569     8.500000000E+01     3.750000000E+00     0.000000000E+00
     6570     8.625000000E+01     5.000000000E+00     0.000000000E+00
     6571     8.500000000E+01     1.250000000E+00     0.000000000E+00
     6572     8.625000000E+01     2.500000000E+00     0.000000000E+00
     6573     8.500000000E+01    -1.250000000E+00     0.000000000E+00
     6574     8.625000000E+01    -1.745565498E-14     0.000000000E+00
     6575     8.500000000E+01    -3.750000000E+00     0.000000000E+00
     6576     8.625000000E+01    -2.500000000E+00     0.000000000E+00
     6577     8.500000000E+01    -6.250000000E+00     0.000000000E+00
     6578     8.625000000E+01    -5.000000000E+00     0.000000000E+00
     6579     8.500000000E+01    -8.750000000E+00     0.000000000E+00
     6580     8.625000000E+01    -7.500000000E+00     0.000000000E+00
     6581     8.500000000E+01    -1.125000000E+01     0.000000000E+00
     6582     8.625000000E+01    -1.000000000E+01     0.000000000E+00
     6583     8.500000000E+01    -1.375000000E+01     0.000000000E+00
     6584     8.625000000E+01    -1.250000000E+01     0.000000000E+00
     6585     8.500000000E+01    -1.625000000E+01     0.000000000E+00
     6586     8.625000000E+01    -1.500000000E+01     0.000000000E+00
     6587     8.500000000E+01    -1.875000000E+01     0.000000000E+00
     6588     8.625000000E+01    -1.750000000E+01     0.000000000E+00
     6589     8.625000000E+01    -2.250000000E+01     0.000000000E+00
     6590     8.500000000E+01    -2.375000000E+01     0.000000000E+00
     6591     8.500000000E+01    -2.125000000E+01     0.000000000E+00
     6592     8.500000000E+01    -2.875000000E+01     0.000000000E+00
     6593     8.625000000E+01    -2.750000000E+01     0.000000000E+00
     6594     8.500000000E+01    -2.625000000E+01     0.000000000E+00
     6595     8.500000000E+01    -3.125000000E+01     0.000000000E+00
     6596     8.625000000E+01    -3.000000000E+01     0.000000000E+00
     6597     8.500000000E+01    -3.375000000E+01     0.000000000E+00
     6598     8.625000000E+01    -3.250000000E+01     0.000000000E+00
     6599     8.375000000E+01    -3.500000000E+01     0.000000000E+00
     6600     8.500000000E+01    -3.625000000E+01     0.000000000E+00
     6601     8.625000000E+01    -3.500000000E+01     0.000000000E+00
     6602     8.125000000E+01    -3.500000000E+01     0.000000000E+00
     6603     8.250000000E+01    -3.625000000E+01     0.000000000E+00
     6604     7.875000000E+01    -3.500000000E+01     0.000000000E+00
     6605     8.000000000E+01    -3.625000000E+01     0.000000000E+00
     6606     7.625000000E+01    -3.500000000E+01     0.000000000E+00
     6607     7.750000000E+01    -3.625000000E+01     0.000000000E+00
     6608     7.375000000E+01    -3.500000000E+01     0.000000000E+00
     6609     7.500000000E+01    -3.625000000E+01     0.000000000E+00
     6610     7.125000000E+01    -3.500000000E+01     0.000000000E+00
     6611     7.250000000E+01    -3.625000000E+01     0.000000000E+00
     6612     6.875000000E+01    -3.500000000E+01     0.000000000E+00
     6613     7.000000000E+01    -3.625000000E+01     0.000000000E+00
     6614     6.625000000E+01    -3.500000000E+01     0.000000000E+00
     6615     6.750000000E+01    -3.625000000E+01     0.000000000E+00
     6616     6.375000000E+01    -3.500000000E+01     0.000000000E+00
     6617     6.500000000E+01    -3.625000000E+01     0.000000000E+00
     6618     6.125000000E+01    -3.500000000E+01     0.000000000E+00
     6619     6.250000000E+01    -3.625000000E+01     0.000000000E+00
     6620     5.875000000E+01    -3.500000000E+01     0.000000000E+00
     6621     6.000000000E+01    -3.625000000E+01     0.000000000E+00
     6622     5.625000000E+01    -3.500000000E+01     0.000000000E+00
     6623     5.750000000E+01    -3.625000000E+01     0.000000000E+00
     6624     5.375000000E+01    -3.500000000E+01     0.000000000E+00
     6625     5.500000000E+01    -3.625000000E+01     0.000000000E+00
     6626     5.125000000E+01    -3.500000000E+01     0.000000000E+00
     6627     5.250000000E+01    -3.625000000E+01     0.000000000E+00
     6628     4.875000000E+01    -3.500000000E+01     0.000000000E+00
     6629     5.000000000E+01    -3.625000000E+01     0.000000000E+00
     6630     4.625000000E+01    -3.500000000E+01     0.000000000E+00
     6631     4.750000000E+01    -3.625000000E+01     0.000000000E+00
     6632     4.375000000E+01    -3.500000000E+01     0.000000000E+00
     6633     4.500000000E+01    -3.625000000E+01     0.000000000E+00
     6634     4.125000000E+01    -3.500000000E+01     0.000000000E+00
     6635     4.250000000E+01    -3.625000000E+01     0.000000000E+00
     6636     3.875000000E+01    -3.500000000E+01     0.000000000E+00
     6637     4.000000000E+01    -3.625000000E+01     0.000000000E+00
     6638     3.625000000E+01    -3.500000000E+01     0.000000000E+00
     6639     3.750000000E+01    -3.625000000E+01     0.000000000E+00
     6640     3.375000000E+01    -3.500000000E+01     0.000000000E+00
     6641     3.500000000E+01    -3.625000000E+01     0.000000000E+00
     6642     3.125000000E+01    -3.500000000E+01     0.000000000E+00
     6643     3.250000000E+01    -3.625000000E+01     0.000000000E+00
     6644     2.875000000E+01    -3.500000000E+01     0.000000000E+00
     6645     3.000000000E+01    -3.625000000E+01     0.000000000E+00
     6646     2.625000000E+01    -3.500000000E+01     0.000000000E+00
     6647     2.750000000E+01    -3.625000000E+01     0.000000000E+00
     6648     2.375000000E+01    -3.500000000E+01     0.000000000E+00
     6649     2.500000000E+01    -3.625000000E+01     0.000000000E+00
     6650     2.125000000E+01    -3.500000000E+01     0.000000000E+00
     6651     2.250000000E+01    -3.625000000E+01     0.000000000E+00
     6652     1.875000000E+01    -3.500000000E+01     0.000000000E+00
     6653     2.000000000E+01    -3.625000000E+01     0.000000000E+00
     6654     1.625000000E+01    -3.500000000E+01     0.000000000E+00
     6655     1.750000000E+01    -3.625000000E+01     0.000000000E+00
     6656     1.375000000E+01    -3.500000000E+01     0.000000000E+00
     6657     1.500000000E+01    -3.625000000E+01     0.000000000E+00
     6658     1.125000000E+01    -3.500000000E+01     0.000000000E+00
     6659     1.250000000E+01    -3.625000000E+01     0.000000000E+00
     6660     8.749999999E+00    -3.500000000E+01     0.000000000E+00
     6661     9.999999999E+00    -3.625000000E+01     0.000000000E+00
     6662     6.249999999E+00    -3.500000000E+01     0.000000000E+00
     6663     7.499999999E+00    -3.625000000E+01     0.000000000E+00
     6664     3.749999999E+00    -3.500000000E+01     0.000000000E+00
     6665     4.999999999E+00    -3.625000000E+01     0.000000000E+00
     6666     1.249999999E+00    -3.500000000E+01     0.000000000E+00
     6667     2.499999999E+00    -3.625000000E+01     0.000000000E+00
     6668    -1.250000001E+00    -3.500000000E+01     0.000000000E+00
     6669    -5.719434800E-10    -3.625000000E+01     0.000000000E+00
     6670    -2.500000001E+00    -3.625000000E+01     0.000000000E+00
     6671    -3.750000001E+00    -3.500000000E+01     0.000000000E+00
     6672    -1.125000000E+01    -3.500000000E+01     0.000000000E+00
     6673    -1.000000000E+01    -3.625000000E+01     0.000000000E+00
     6674    -8.750000001E+00    -3.500000000E+01     0.000000000E+00
     6675    -1.375000000E+01    -3.500000000E+01     0.000000000E+00
     6676    -1.250000000E+01    -3.625000000E+01     0.000000000E+00
     6677    -1.625000000E+01    -3.500000000E+01     0.000000000E+00
     6678    -1.500000000E+01    -3.625000000E+01     0.000000000E+00
     6679    -1.875000000E+01    -3.500000000E+01     0.000000000E+00
     6680    -1.750000000E+01    -3.625000000E+01     0.000000000E+00
     6681    -2.125000000E+01    -3.500000000E+01     0.000000000E+00
     6682    -2.000000000E+01    -3.625000000E+01     0.000000000E+00
     6683    -2.000000000E+01    -3.375000000E+01     0.000000000E+00
     6684    -2.375000000E+01    -3.500000000E+01     0.000000000E+00
     6685    -2.250000000E+01    -3.625000000E+01     0.000000000E+00
     6686    -2.625000000E+01    -3.500000000E+01     0.000000000E+00
     6687    -2.500000000E+01    -3.625000000E+01     0.000000000E+00
     6688    -2.875000000E+01    -3.500000000E+01     0.000000000E+00
     6689    -2.750000000E+01    -3.625000000E+01     0.000000000E+00
     6690    -3.125000000E+01    -3.500000000E+01     0.000000000E+00
     6691    -3.000000000E+01    -3.625000000E+01     0.000000000E+00
     6692    -3.375000000E+01    -3.500000000E+01     0.000000000E+00
     6693    -3.250000000E+01    -3.625000000E+01     0.000000000E+00
     6694    -3.625000000E+01    -3.500000000E+01     0.000000000E+00
     6695    -3.500000000E+01    -3.625000000E+01     0.000000000E+00
     6696    -3.875000000E+01    -3.500000000E+01     0.000000000E+00
     6697    -3.750000000E+01    -3.625000000E+01     0.000000000E+00
     6698    -4.125000000E+01    -3.500000000E+01     0.000000000E+00
     6699    -4.000000000E+01    -3.625000000E+01     0.000000000E+00
     6700    -4.375000000E+01    -3.500000000E+01     0.000000000E+00
     6701    -4.250000000E+01    -3.625000000E+01     0.000000000E+00
     6702    -4.625000000E+01    -3.500000000E+01     0.000000000E+00
     6703    -4.500000000E+01    -3.625000000E+01     0.000000000E+00
     6704    -4.500000000E+01    -3.375000000E+01     0.000000000E+00
     6705    -4.875000000E+01    -3.500000000E+01     0.000000000E+00
     6706    -4.750000000E+01    -3.625000000E+01     0.000000000E+00
     6707    -5.125000000E+01    -3.500000000E+01     0.000000000E+00
     6708    -5.000000000E+01    -3.625000000E+01     0.000000000E+00
     6709    -5.375000000E+01    -3.500000000E+01     0.000000000E+00
     6710    -5.250000000E+01    -3.625000000E+01     0.000000000E+00
     6711    -5.625000000E+01    -3.500000000E+01     0.000000000E+00
     6712    -5.500000000E+01    -3.625000000E+01     0.000000000E+00
     6713    -5.875000000E+01    -3.500000000E+01     0.000000000E+00
     6714    -5.750000000E+01    -3.625000000E+01     0.000000000E+00
     6715    -6.125000000E+01    -3.500000000E+01     0.000000000E+00
     6716    -6.000000000E+01    -3.625000000E+01     0.000000000E+00
     6717    -6.375000000E+01    -3.500000000E+01     0.000000000E+00
     6718    -6.250000000E+01    -3.625000000E+01     0.000000000E+00
     6719    -6.625000000E+01    -3.500000000E+01     0.000000000E+00
     6720    -6.500000000E+01    -3.625000000E+01     0.000000000E+00
     6721    -6.750000000E+01    -3.625000000E+01     0.000000000E+00
     6722    -6.875000000E+01    -3.500000000E+01     0.000000000E+00
     6723    -7.375000000E+01    -3.500000000E+01     0.000000000E+00
     6724    -7.250000000E+01    -3.625000000E+01     0.000000000E+00
     6725    -7.125000000E+01    -3.500000000E+01     0.000000000E+00
     6726    -7.625000000E+01    -3.500000000E+01     0.000000000E+00
     6727    -7.500000000E+01    -3.625000000E+01     0.000000000E+00
     6728    -7.875000000E+01    -3.500000000E+01     0.000000000E+00
     6729    -7.750000000E+01    -3.625000000E+01     0.000000000E+00
     6730    -8.000000000E+01    -3.625000000E+01     0.000000000E+00
     6731    -8.125000000E+01    -3.500000000E+01     0.000000000E+00
     6732    -3.500000000E+01     8.750000001E+00     0.000000000E+00
     6733    -3.375000000E+01     7.500000001E+00     0.000000000E+00
     6734    -3.625000000E+01     1.000000000E+01     0.000000000E+00
     6735    -3.750000000E+01     1.125000000E+01     0.000000000E+00
     6736     2.375000000E+01     2.000000000E+01     0.000000000E+00
     6737     2.250000000E+01     1.875000000E+01     0.000000000E+00
     6738     2.500000000E+01     2.125000000E+01     0.000000000E+00
     6739     2.625000000E+01     2.250000000E+01     0.000000000E+00
     6740     3.500000000E+01    -8.749999998E+00     0.000000000E+00
     6741     3.375000000E+01    -7.499999999E+00     0.000000000E+00
     6742     3.625000000E+01    -9.999999998E+00     0.000000000E+00
     6743     3.750000000E+01    -1.125000000E+01     0.000000000E+00
     6744    -3.625000000E+01    -1.000000000E+01     0.000000000E+00
     6745    -3.750000000E+01    -1.125000000E+01     0.000000000E+00
     6746    -2.500000000E+01     2.125000000E+01     0.000000000E+00
     6747    -2.625000000E+01     2.250000000E+01     0.000000000E+00
     6748     3.625000000E+01     9.999999998E+00     0.000000000E+00
     6749     3.750000000E+01     1.125000000E+01     0.000000000E+00
     6750     2.500000000E+01    -2.125000000E+01     0.000000000E+00
     6751     2.625000000E+01    -2.250000000E+01     0.000000000E+00
     6752    -2.750000000E+01    -2.375000000E+01     0.000000000E+00
     6753    -2.875000000E+01    -2.500000000E+01     0.000000000E+00
     6754    -3.500000000E+01    -2.375000000E+01     0.000000000E+00
     6755    -3.375000000E+01    -2.500000000E+01     0.000000000E+00
     6756    -4.000000000E+01    -1.875000000E+01     0.000000000E+00
     6757    -3.875000000E+01    -2.000000000E+01     0.000000000E+00
     6758    -4.000000000E+01    -1.375000000E+01     0.000000000E+00
     6759    -3.875000000E+01    -1.250000000E+01     0.000000000E+00
     6760    -4.000000000E+01     1.375000000E+01     0.000000000E+00
     6761    -3.875000000E+01     1.250000000E+01     0.000000000E+00
     6762    -3.875000000E+01     2.000000000E+01     0.000000000E+00
     6763    -4.000000000E+01     1.875000000E+01     0.000000000E+00
     6764    -4.125000000E+01     2.000000000E+01     0.000000000E+00
     6765    -3.375000000E+01     2.500000000E+01     0.000000000E+00
     6766    -3.500000000E+01     2.375000000E+01     0.000000000E+00
     6767    -2.750000000E+01     2.375000000E+01     0.000000000E+00
     6768    -2.875000000E+01     2.500000000E+01     0.000000000E+00
     6769     2.875000000E+01     2.500000000E+01     0.000000000E+00
     6770     2.750000000E+01     2.375000000E+01     0.000000000E+00
     6771     3.500000000E+01     2.375000000E+01     0.000000000E+00
     6772     3.375000000E+01     2.500000000E+01     0.000000000E+00
     6773     4.000000000E+01     1.875000000E+01     0.000000000E+00
     6774     3.875000000E+01     2.000000000E+01     0.000000000E+00
     6775     3.875000000E+01     1.250000000E+01     0.000000000E+00
     6776     4.000000000E+01     1.375000000E+01     0.000000000E+00
     6777     4.000000000E+01    -1.375000000E+01     0.000000000E+00
     6778     3.875000000E+01    -1.250000000E+01     0.000000000E+00
     6779     4.000000000E+01    -1.875000000E+01     0.000000000E+00
     6780     3.875000000E+01    -2.000000000E+01     0.000000000E+00
     6781     3.375000000E+01    -2.500000000E+01     0.000000000E+00
     6782     3.500000000E+01    -2.375000000E+01     0.000000000E+00
     6783     3.250000000E+01    -2.375000000E+01     0.000000000E+00
     6784     3.125000000E+01    -2.500000000E+01     0.000000000E+00
     6785     4.000000000E+01    -1.625000000E+01     0.000000000E+00
     6786     3.875000000E+01    -1.750000000E+01     0.000000000E+00
     6787     3.875000000E+01    -1.500000000E+01     0.000000000E+00
     6788     3.875000000E+01     1.750000000E+01     0.000000000E+00
     6789     4.125000000E+01     1.750000000E+01     0.000000000E+00
     6790     4.000000000E+01     1.625000000E+01     0.000000000E+00
     6791     3.000000000E+01     2.375000000E+01     0.000000000E+00
     6792     3.125000000E+01     2.500000000E+01     0.000000000E+00
     6793    -3.250000000E+01     2.375000000E+01     0.000000000E+00
     6794    -3.125000000E+01     2.500000000E+01     0.000000000E+00
     6795    -3.875000000E+01     1.500000000E+01     0.000000000E+00
     6796    -4.000000000E+01     1.625000000E+01     0.000000000E+00
     6797    -4.000000000E+01    -1.625000000E+01     0.000000000E+00
     6798    -3.875000000E+01    -1.500000000E+01     0.000000000E+00
     6799    -4.125000000E+01    -1.500000000E+01     0.000000000E+00
     6800    -3.875000000E+01    -1.750000000E+01     0.000000000E+00
     6801     2.625000000E+01    -2.000000000E+01     0.000000000E+00
     6802     2.500000000E+01    -1.875000000E+01     0.000000000E+00
     6803     2.375000000E+01    -2.000000000E+01     0.000000000E+00
     6804     3.500000000E+01     1.125000000E+01     0.000000000E+00
     6805     3.375000000E+01     9.999999999E+00     0.000000000E+00
     6806    -2.625000000E+01     2.000000000E+01     0.000000000E+00
     6807    -2.500000000E+01     1.875000000E+01     0.000000000E+00
     6808    -3.500000000E+01    -1.125000000E+01     0.000000000E+00
     6809    -3.375000000E+01    -1.000000000E+01     0.000000000E+00
     6810     3.500000000E+01    -1.125000000E+01     0.000000000E+00
     6811     3.375000000E+01    -9.999999999E+00     0.000000000E+00
     6812     2.625000000E+01     2.000000000E+01     0.000000000E+00
     6813     2.500000000E+01     1.875000000E+01     0.000000000E+00
     6814    -3.500000000E+01     1.125000000E+01     0.000000000E+00
     6815    -3.375000000E+01     1.000000000E+01     0.000000000E+00
     6816    -8.750000000E+01    -3.375000000E+01     0.000000000E+00
     6817    -8.750000000E+01    -3.625000000E+01     0.000000000E+00
     6818    -8.875000000E+01    -3.500000000E+01     0.000000000E+00
     6819    -8.625000000E+01    -3.500000000E+01     0.000000000E+00
     6820    -8.750000000E+01    -3.125000000E+01     0.000000000E+00
     6821    -8.875000000E+01    -3.250000000E+01     0.000000000E+00
     6822    -8.750000000E+01    -2.875000000E+01     0.000000000E+00
     6823    -8.875000000E+01    -3.000000000E+01     0.000000000E+00
     6824    -8.750000000E+01    -2.625000000E+01     0.000000000E+00
     6825    -8.875000000E+01    -2.750000000E+01     0.000000000E+00
     6826    -8.625000000E+01    -2.750000000E+01     0.000000000E+00
     6827    -8.750000000E+01    -2.375000000E+01     0.000000000E+00
     6828    -8.875000000E+01    -2.500000000E+01     0.000000000E+00
     6829    -8.750000000E+01    -2.125000000E+01     0.000000000E+00
     6830    -8.875000000E+01    -2.250000000E+01     0.000000000E+00
     6831    -8.750000000E+01    -1.875000000E+01     0.000000000E+00
     6832    -8.875000000E+01    -2.000000000E+01     0.000000000E+00
     6833    -8.750000000E+01    -1.625000000E+01     0.000000000E+00
     6834    -8.875000000E+01    -1.750000000E+01     0.000000000E+00
     6835    -8.750000000E+01    -1.375000000E+01     0.000000000E+00
     6836    -8.875000000E+01    -1.500000000E+01     0.000000000E+00
     6837    -8.750000000E+01    -1.125000000E+01     0.000000000E+00
     6838    -8.875000000E+01    -1.250000000E+01     0.000000000E+00
     6839    -8.750000000E+01    -8.750000000E+00     0.000000000E+00
     6840    -8.875000000E+01    -1.000000000E+01     0.000000000E+00
     6841    -8.750000000E+01    -6.250000000E+00     0.000000000E+00
     6842    -8.875000000E+01    -7.500000000E+00     0.000000000E+00
     6843    -8.750000000E+01    -3.750000000E+00     0.000000000E+00
     6844    -8.875000000E+01    -5.000000000E+00     0.000000000E+00
     6845    -8.750000000E+01    -1.250000000E+00     0.000000000E+00
     6846    -8.875000000E+01    -2.500000000E+00     0.000000000E+00
     6847    -8.750000000E+01     1.250000000E+00     0.000000000E+00
     6848    -8.875000000E+01     1.746920750E-14     0.000000000E+00
     6849    -8.625000000E+01     2.153496565E-14     0.000000000E+00
     6850    -8.750000000E+01     3.750000000E+00     0.000000000E+00
     6851    -8.875000000E+01     2.500000000E+00     0.000000000E+00
     6852    -8.750000000E+01     6.250000000E+00     0.000000000E+00
     6853    -8.875000000E+01     5.000000000E+00     0.000000000E+00
     6854    -8.875000000E+01     7.500000000E+00     0.000000000E+00
     6855    -8.750000000E+01     8.750000000E+00     0.000000000E+00
     6856    -8.750000000E+01     1.375000000E+01     0.000000000E+00
     6857    -8.875000000E+01     1.250000000E+01     0.000000000E+00
     6858    -8.750000000E+01     1.125000000E+01     0.000000000E+00
     6859    -8.750000000E+01     1.625000000E+01     0.000000000E+00
     6860    -8.875000000E+01     1.500000000E+01     0.000000000E+00
     6861    -8.750000000E+01     1.875000000E+01     0.000000000E+00
     6862    -8.875000000E+01     1.750000000E+01     0.000000000E+00
     6863    -8.625000000E+01     1.750000000E+01     0.000000000E+00
     6864    -8.750000000E+01     2.125000000E+01     0.000000000E+00
     6865    -8.875000000E+01     2.000000000E+01     0.000000000E+00
     6866    -8.750000000E+01     2.375000000E+01     0.000000000E+00
     6867    -8.875000000E+01     2.250000000E+01     0.000000000E+00
     6868    -8.750000000E+01     2.625000000E+01     0.000000000E+00
     6869    -8.875000000E+01     2.500000000E+01     0.000000000E+00
     6870    -8.750000000E+01     2.875000000E+01     0.000000000E+00
     6871    -8.875000000E+01     2.750000000E+01     0.000000000E+00
     6872    -8.625000000E+01     2.750000000E+01     0.000000000E+00
     6873    -8.750000000E+01     3.125000000E+01     0.000000000E+00
     6874    -8.875000000E+01     3.000000000E+01     0.000000000E+00
     6875    -8.625000000E+01     3.000000000E+01     0.000000000E+00
     6876    -8.750000000E+01     3.375000000E+01     0.000000000E+00
     6877    -8.875000000E+01     3.250000000E+01     0.000000000E+00
     6878    -8.750000000E+01     3.625000000E+01     0.000000000E+00
     6879    -8.875000000E+01     3.500000000E+01     0.000000000E+00
     6880    -8.625000000E+01     3.750000000E+01     0.000000000E+00
     6881    -8.875000000E+01     3.750000000E+01     0.000000000E+00
     6882    -8.750000000E+01     3.875000000E+01     0.000000000E+00
     6883    -8.375000000E+01     3.750000000E+01     0.000000000E+00
     6884    -8.500000000E+01     3.875000000E+01     0.000000000E+00
     6885    -8.125000000E+01     3.750000000E+01     0.000000000E+00
     6886    -8.250000000E+01     3.875000000E+01     0.000000000E+00
     6887    -7.875000000E+01     3.750000000E+01     0.000000000E+00
     6888    -8.000000000E+01     3.875000000E+01     0.000000000E+00
     6889    -7.625000000E+01     3.750000000E+01     0.000000000E+00
     6890    -7.750000000E+01     3.875000000E+01     0.000000000E+00
     6891    -7.375000000E+01     3.750000000E+01     0.000000000E+00
     6892    -7.500000000E+01     3.875000000E+01     0.000000000E+00
     6893    -7.125000000E+01     3.750000000E+01     0.000000000E+00
     6894    -7.250000000E+01     3.875000000E+01     0.000000000E+00
     6895    -6.875000000E+01     3.750000000E+01     0.000000000E+00
     6896    -7.000000000E+01     3.875000000E+01     0.000000000E+00
     6897    -6.625000000E+01     3.750000000E+01     0.000000000E+00
     6898    -6.750000000E+01     3.875000000E+01     0.000000000E+00
     6899    -6.375000000E+01     3.750000000E+01     0.000000000E+00
     6900    -6.500000000E+01     3.875000000E+01     0.000000000E+00
     6901    -6.125000000E+01     3.750000000E+01     0.000000000E+00
     6902    -6.250000000E+01     3.875000000E+01     0.000000000E+00
     6903    -5.875000000E+01     3.750000000E+01     0.000000000E+00
     6904    -6.000000000E+01     3.875000000E+01     0.000000000E+00
     6905    -6.000000000E+01     3.625000000E+01     0.000000000E+00
     6906    -5.625000000E+01     3.750000000E+01     0.000000000E+00
     6907    -5.750000000E+01     3.875000000E+01     0.000000000E+00
     6908    -5.375000000E+01     3.750000000E+01     0.000000000E+00
     6909    -5.500000000E+01     3.875000000E+01     0.000000000E+00
     6910    -5.250000000E+01     3.875000000E+01     0.000000000E+00
     6911    -5.125000000E+01     3.750000000E+01     0.000000000E+00
     6912    -4.625000000E+01     3.750000000E+01     0.000000000E+00
     6913    -4.750000000E+01     3.875000000E+01     0.000000000E+00
     6914    -4.875000000E+01     3.750000000E+01     0.000000000E+00
     6915    -4.375000000E+01     3.750000000E+01     0.000000000E+00
     6916    -4.500000000E+01     3.875000000E+01     0.000000000E+00
     6917    -4.125000000E+01     3.750000000E+01     0.000000000E+00
     6918    -4.250000000E+01     3.875000000E+01     0.000000000E+00
     6919    -4.250000000E+01     3.625000000E+01     0.000000000E+00
     6920    -3.875000000E+01     3.750000000E+01     0.000000000E+00
     6921    -4.000000000E+01     3.875000000E+01     0.000000000E+00
     6922    -4.000000000E+01     3.625000000E+01     0.000000000E+00
     6923    -3.625000000E+01     3.750000000E+01     0.000000000E+00
     6924    -3.750000000E+01     3.875000000E+01     0.000000000E+00
     6925    -3.375000000E+01     3.750000000E+01     0.000000000E+00
     6926    -3.500000000E+01     3.875000000E+01     0.000000000E+00
     6927    -3.125000000E+01     3.750000000E+01     0.000000000E+00
     6928    -3.250000000E+01     3.875000000E+01     0.000000000E+00
     6929    -2.875000000E+01     3.750000000E+01     0.000000000E+00
     6930    -3.000000000E+01     3.875000000E+01     0.000000000E+00
     6931    -2.625000000E+01     3.750000000E+01     0.000000000E+00
     6932    -2.750000000E+01     3.875000000E+01     0.000000000E+00
     6933    -2.375000000E+01     3.750000000E+01     0.000000000E+00
     6934    -2.500000000E+01     3.875000000E+01     0.000000000E+00
     6935    -2.125000000E+01     3.750000000E+01     0.000000000E+00
     6936    -2.250000000E+01     3.875000000E+01     0.000000000E+00
     6937    -1.875000000E+01     3.750000000E+01     0.000000000E+00
     6938    -2.000000000E+01     3.875000000E+01     0.000000000E+00
     6939    -1.625000000E+01     3.750000000E+01     0.000000000E+00
     6940    -1.750000000E+01     3.875000000E+01     0.000000000E+00
     6941    -1.375000000E+01     3.750000000E+01     0.000000000E+00
     6942    -1.500000000E+01     3.875000000E+01     0.000000000E+00
     6943    -1.125000000E+01     3.750000000E+01     0.000000000E+00
     6944    -1.250000000E+01     3.875000000E+01     0.000000000E+00
     6945    -8.750000001E+00     3.750000000E+01     0.000000000E+00
     6946    -1.000000000E+01     3.875000000E+01     0.000000000E+00
     6947    -6.250000001E+00     3.750000000E+01     0.000000000E+00
     6948    -7.500000001E+00     3.875000000E+01     0.000000000E+00
     6949    -3.750000001E+00     3.750000000E+01     0.000000000E+00
     6950    -5.000000000E+00     3.875000000E+01     0.000000000E+00
     6951    -1.250000001E+00     3.750000000E+01     0.000000000E+00
     6952    -2.500000000E+00     3.875000000E+01     0.000000000E+00
     6953     1.249999999E+00     3.750000000E+01     0.000000000E+00
     6954    -5.190103989E-10     3.875000000E+01     0.000000000E+00
     6955     3.749999999E+00     3.750000000E+01     0.000000000E+00
     6956     2.499999999E+00     3.875000000E+01     0.000000000E+00
     6957     6.249999999E+00     3.750000000E+01     0.000000000E+00
     6958     4.999999999E+00     3.875000000E+01     0.000000000E+00
     6959     8.749999999E+00     3.750000000E+01     0.000000000E+00
     6960     7.499999999E+00     3.875000000E+01     0.000000000E+00
     6961     1.125000000E+01     3.750000000E+01     0.000000000E+00
     6962     9.999999999E+00     3.875000000E+01     0.000000000E+00
     6963     1.375000000E+01     3.750000000E+01     0.000000000E+00
     6964     1.250000000E+01     3.875000000E+01     0.000000000E+00
     6965     1.625000000E+01     3.750000000E+01     0.000000000E+00
     6966     1.500000000E+01     3.875000000E+01     0.000000000E+00
     6967     1.875000000E+01     3.750000000E+01     0.000000000E+00
     6968     1.750000000E+01     3.875000000E+01     0.000000000E+00
     6969     2.125000000E+01     3.750000000E+01     0.000000000E+00
     6970     2.000000000E+01     3.875000000E+01     0.000000000E+00
     6971     2.375000000E+01     3.750000000E+01     0.000000000E+00
     6972     2.250000000E+01     3.875000000E+01     0.000000000E+00
     6973     2.625000000E+01     3.750000000E+01     0.000000000E+00
     6974     2.500000000E+01     3.875000000E+01     0.000000000E+00
     6975     2.875000000E+01     3.750000000E+01     0.000000000E+00
     6976     2.750000000E+01     3.875000000E+01     0.000000000E+00
     6977     3.125000000E+01     3.750000000E+01     0.000000000E+00
     6978     3.000000000E+01     3.875000000E+01     0.000000000E+00
     6979     3.375000000E+01     3.750000000E+01     0.000000000E+00
     6980     3.250000000E+01     3.875000000E+01     0.000000000E+00
     6981     3.625000000E+01     3.750000000E+01     0.000000000E+00
     6982     3.500000000E+01     3.875000000E+01     0.000000000E+00
     6983     3.875000000E+01     3.750000000E+01     0.000000000E+00
     6984     3.750000000E+01     3.875000000E+01     0.000000000E+00
     6985     4.125000000E+01     3.750000000E+01     0.000000000E+00
     6986     4.000000000E+01     3.875000000E+01     0.000000000E+00
     6987     4.000000000E+01     3.625000000E+01     0.000000000E+00
     6988     4.375000000E+01     3.750000000E+01     0.000000000E+00
     6989     4.250000000E+01     3.875000000E+01     0.000000000E+00
     6990     4.625000000E+01     3.750000000E+01     0.000000000E+00
     6991     4.500000000E+01     3.875000000E+01     0.000000000E+00
     6992     4.875000000E+01     3.750000000E+01     0.000000000E+00
     6993     4.750000000E+01     3.875000000E+01     0.000000000E+00
     6994     5.125000000E+01     3.750000000E+01     0.000000000E+00
     6995     5.000000000E+01     3.875000000E+01     0.000000000E+00
     6996     5.000000000E+01     3.625000000E+01     0.000000000E+00
     6997     5.375000000E+01     3.750000000E+01     0.000000000E+00
     6998     5.250000000E+01     3.875000000E+01     0.000000000E+00
     6999     5.625000000E+01     3.750000000E+01     0.000000000E+00
     7000     5.500000000E+01     3.875000000E+01     0.000000000E+00
     7001     5.875000000E+01     3.750000000E+01     0.000000000E+00
     7002     5.750000000E+01     3.875000000E+01     0.000000000E+00
     7003     6.125000000E+01     3.750000000E+01     0.000000000E+00
     7004     6.000000000E+01     3.875000000E+01     0.000000000E+00
     7005     6.250000000E+01     3.875000000E+01     0.000000000E+00
     7006     6.375000000E+01     3.750000000E+01     0.000000000E+00
     7007     6.875000000E+01     3.750000000E+01     0.000000000E+00
     7008     6.750000000E+01     3.875000000E+01     0.000000000E+00
     7009     6.625000000E+01     3.750000000E+01     0.000000000E+00
     7010     7.125000000E+01     3.750000000E+01     0.000000000E+00
     7011     7.000000000E+01     3.875000000E+01     0.000000000E+00
     7012     7.375000000E+01     3.750000000E+01     0.000000000E+00
     7013     7.250000000E+01     3.875000000E+01     0.000000000E+00
     7014     7.625000000E+01     3.750000000E+01     0.000000000E+00
     7015     7.500000000E+01     3.875000000E+01     0.000000000E+00
     7016     7.875000000E+01     3.750000000E+01     0.000000000E+00
     7017     7.750000000E+01     3.875000000E+01     0.000000000E+00
     7018     8.125000000E+01     3.750000000E+01     0.000000000E+00
     7019     8.000000000E+01     3.875000000E+01     0.000000000E+00
     7020     8.375000000E+01     3.750000000E+01     0.000000000E+00
     7021     8.250000000E+01     3.875000000E+01     0.000000000E+00
     7022     8.625000000E+01     3.750000000E+01     0.000000000E+00
     7023     8.500000000E+01     3.875000000E+01     0.000000000E+00
     7024     8.750000000E+01     3.625000000E+01     0.000000000E+00
     7025     8.750000000E+01     3.875000000E+01     0.000000000E+00
     7026     8.875000000E+01     3.750000000E+01     0.000000000E+00
     7027     8.750000000E+01     3.375000000E+01     0.000000000E+00
     7028     8.875000000E+01     3.500000000E+01     0.000000000E+00
     7029     8.750000000E+01     3.125000000E+01     0.000000000E+00
     7030     8.875000000E+01     3.250000000E+01     0.000000000E+00
     7031     8.750000000E+01     2.875000000E+01     0.000000000E+00
     7032     8.875000000E+01     3.000000000E+01     0.000000000E+00
     7033     8.750000000E+01     2.625000000E+01     0.000000000E+00
     7034     8.875000000E+01     2.750000000E+01     0.000000000E+00
     7035     8.750000000E+01     2.375000000E+01     0.000000000E+00
     7036     8.875000000E+01     2.500000000E+01     0.000000000E+00
     7037     8.750000000E+01     2.125000000E+01     0.000000000E+00
     7038     8.875000000E+01     2.250000000E+01     0.000000000E+00
     7039     8.750000000E+01     1.875000000E+01     0.000000000E+00
     7040     8.875000000E+01     2.000000000E+01     0.000000000E+00
     7041     8.750000000E+01     1.625000000E+01     0.000000000E+00
     7042     8.875000000E+01     1.750000000E+01     0.000000000E+00
     7043     8.750000000E+01     1.375000000E+01     0.000000000E+00
     7044     8.875000000E+01     1.500000000E+01     0.000000000E+00
     7045     8.750000000E+01     1.125000000E+01     0.000000000E+00
     7046     8.875000000E+01     1.250000000E+01     0.000000000E+00
     7047     8.750000000E+01     8.750000000E+00     0.000000000E+00
     7048     8.875000000E+01     1.000000000E+01     0.000000000E+00
     7049     8.750000000E+01     6.250000000E+00     0.000000000E+00
     7050     8.875000000E+01     7.500000000E+00     0.000000000E+00
     7051     8.750000000E+01     3.750000000E+00     0.000000000E+00
     7052     8.875000000E+01     5.000000000E+00     0.000000000E+00
     7053     8.750000000E+01     1.250000000E+00     0.000000000E+00
     7054     8.875000000E+01     2.500000000E+00     0.000000000E+00
     7055     8.750000000E+01    -1.250000000E+00     0.000000000E+00
     7056     8.875000000E+01    -1.680513367E-14     0.000000000E+00
     7057     8.750000000E+01    -3.750000000E+00     0.000000000E+00
     7058     8.875000000E+01    -2.500000000E+00     0.000000000E+00
     7059     8.750000000E+01    -6.250000000E+00     0.000000000E+00
     7060     8.875000000E+01    -5.000000000E+00     0.000000000E+00
     7061     8.750000000E+01    -8.750000000E+00     0.000000000E+00
     7062     8.875000000E+01    -7.500000000E+00     0.000000000E+00
     7063     8.750000000E+01    -1.125000000E+01     0.000000000E+00
     7064     8.875000000E+01    -1.000000000E+01     0.000000000E+00
     7065     8.750000000E+01    -1.375000000E+01     0.000000000E+00
     7066     8.875000000E+01    -1.250000000E+01     0.000000000E+00
     7067     8.875000000E+01    -1.500000000E+01     0.000000000E+00
     7068     8.750000000E+01    -1.625000000E+01     0.000000000E+00
     7069     8.750000000E+01    -2.125000000E+01     0.000000000E+00
     7070     8.875000000E+01    -2.000000000E+01     0.000000000E+00
     7071     8.625000000E+01    -2.000000000E+01     0.000000000E+00
     7072     8.750000000E+01    -1.875000000E+01     0.000000000E+00
     7073     8.750000000E+01    -2.375000000E+01     0.000000000E+00
     7074     8.875000000E+01    -2.250000000E+01     0.000000000E+00
     7075     8.750000000E+01    -2.625000000E+01     0.000000000E+00
     7076     8.875000000E+01    -2.500000000E+01     0.000000000E+00
     7077     8.625000000E+01    -2.500000000E+01     0.000000000E+00
     7078     8.750000000E+01    -2.875000000E+01     0.000000000E+00
     7079     8.875000000E+01    -2.750000000E+01     0.000000000E+00
     7080     8.750000000E+01    -3.125000000E+01     0.000000000E+00
     7081     8.875000000E+01    -3.000000000E+01     0.000000000E+00
     7082     8.875000000E+01    -3.250000000E+01     0.000000000E+00
     7083     8.750000000E+01    -3.375000000E+01     0.000000000E+00
     7084     8.375000000E+01    -3.750000000E+01     0.000000000E+00
     7085     8.500000000E+01    -3.875000000E+01     0.000000000E+00
     7086     8.625000000E+01    -3.750000000E+01     0.000000000E+00
     7087     8.125000000E+01    -3.750000000E+01     0.000000000E+00
     7088     8.250000000E+01    -3.875000000E+01     0.000000000E+00
     7089     7.875000000E+01    -3.750000000E+01     0.000000000E+00
     7090     8.000000000E+01    -3.875000000E+01     0.000000000E+00
     7091     7.625000000E+01    -3.750000000E+01     0.000000000E+00
     7092     7.750000000E+01    -3.875000000E+01     0.000000000E+00
     7093     7.375000000E+01    -3.750000000E+01     0.000000000E+00
     7094     7.500000000E+01    -3.875000000E+01     0.000000000E+00
     7095     7.125000000E+01    -3.750000000E+01     0.000000000E+00
     7096     7.250000000E+01    -3.875000000E+01     0.000000000E+00
     7097     6.875000000E+01    -3.750000000E+01     0.000000000E+00
     7098     7.000000000E+01    -3.875000000E+01     0.000000000E+00
     7099     6.625000000E+01    -3.750000000E+01     0.000000000E+00
     7100     6.750000000E+01    -3.875000000E+01     0.000000000E+00
     7101     6.500000000E+01    -3.875000000E+01     0.000000000E+00
     7102     6.375000000E+01    -3.750000000E+01     0.000000000E+00
     7103     5.875000000E+01    -3.750000000E+01     0.000000000E+00
     7104     6.000000000E+01    -3.875000000E+01     0.000000000E+00
     7105     6.125000000E+01    -3.750000000E+01     0.000000000E+00
     7106     5.625000000E+01    -3.750000000E+01     0.000000000E+00
     7107     5.750000000E+01    -3.875000000E+01     0.000000000E+00
     7108     5.375000000E+01    -3.750000000E+01     0.000000000E+00
     7109     5.500000000E+01    -3.875000000E+01     0.000000000E+00
     7110     5.125000000E+01    -3.750000000E+01     0.000000000E+00
     7111     5.250000000E+01    -3.875000000E+01     0.000000000E+00
     7112     5.000000000E+01    -3.875000000E+01     0.000000000E+00
     7113     4.875000000E+01    -3.750000000E+01     0.000000000E+00
     7114     4.375000000E+01    -3.750000000E+01     0.000000000E+00
     7115     4.500000000E+01    -3.875000000E+01     0.000000000E+00
     7116     4.625000000E+01    -3.750000000E+01     0.000000000E+00
     7117     4.250000000E+01    -3.875000000E+01     0.000000000E+00
     7118     4.125000000E+01    -3.750000000E+01     0.000000000E+00
     7119     3.625000000E+01    -3.750000000E+01     0.000000000E+00
     7120     3.750000000E+01    -3.875000000E+01     0.000000000E+00
     7121     3.875000000E+01    -3.750000000E+01     0.000000000E+00
     7122     3.375000000E+01    -3.750000000E+01     0.000000000E+00
     7123     3.500000000E+01    -3.875000000E+01     0.000000000E+00
     7124     3.125000000E+01    -3.750000000E+01     0.000000000E+00
     7125     3.250000000E+01    -3.875000000E+01     0.000000000E+00
     7126     2.875000000E+01    -3.750000000E+01     0.000000000E+00
     7127     3.000000000E+01    -3.875000000E+01     0.000000000E+00
     7128     2.625000000E+01    -3.750000000E+01     0.000000000E+00
     7129     2.750000000E+01    -3.875000000E+01     0.000000000E+00
     7130     2.375000000E+01    -3.750000000E+01     0.000000000E+00
     7131     2.500000000E+01    -3.875000000E+01     0.000000000E+00
     7132     2.125000000E+01    -3.750000000E+01     0.000000000E+00
     7133     2.250000000E+01    -3.875000000E+01     0.000000000E+00
     7134     1.875000000E+01    -3.750000000E+01     0.000000000E+00
     7135     2.000000000E+01    -3.875000000E+01     0.000000000E+00
     7136     1.625000000E+01    -3.750000000E+01     0.000000000E+00
     7137     1.750000000E+01    -3.875000000E+01     0.000000000E+00
     7138     1.375000000E+01    -3.750000000E+01     0.000000000E+00
     7139     1.500000000E+01    -3.875000000E+01     0.000000000E+00
     7140     1.125000000E+01    -3.750000000E+01     0.000000000E+00
     7141     1.250000000E+01    -3.875000000E+01     0.000000000E+00
     7142     8.749999999E+00    -3.750000000E+01     0.000000000E+00
     7143     1.000000000E+01    -3.875000000E+01     0.000000000E+00
     7144     6.249999999E+00    -3.750000000E+01     0.000000000E+00
     7145     7.500000000E+00    -3.875000000E+01     0.000000000E+00
     7146     3.749999999E+00    -3.750000000E+01     0.000000000E+00
     7147     5.000000000E+00    -3.875000000E+01     0.000000000E+00
     7148     1.250000000E+00    -3.750000000E+01     0.000000000E+00
     7149     2.500000000E+00    -3.875000000E+01     0.000000000E+00
     7150    -1.250000000E+00    -3.750000000E+01     0.000000000E+00
     7151    -3.586183542E-10    -3.875000000E+01     0.000000000E+00
     7152    -3.750000000E+00    -3.750000000E+01     0.000000000E+00
     7153    -2.500000000E+00    -3.875000000E+01     0.000000000E+00
     7154    -6.250000000E+00    -3.750000000E+01     0.000000000E+00
     7155    -5.000000000E+00    -3.875000000E+01     0.000000000E+00
     7156    -5.000000001E+00    -3.625000000E+01     0.000000000E+00
     7157    -8.750000000E+00    -3.750000000E+01     0.000000000E+00
     7158    -7.500000000E+00    -3.875000000E+01     0.000000000E+00
     7159    -7.500000001E+00    -3.625000000E+01     0.000000000E+00
     7160    -1.125000000E+01    -3.750000000E+01     0.000000000E+00
     7161    -1.000000000E+01    -3.875000000E+01     0.000000000E+00
     7162    -1.375000000E+01    -3.750000000E+01     0.000000000E+00
     7163    -1.250000000E+01    -3.875000000E+01     0.000000000E+00
     7164    -1.625000000E+01    -3.750000000E+01     0.000000000E+00
     7165    -1.500000000E+01    -3.875000000E+01     0.000000000E+00
     7166    -1.875000000E+01    -3.750000000E+01     0.000000000E+00
     7167    -1.750000000E+01    -3.875000000E+01     0.000000000E+00
     7168    -2.000000000E+01    -3.875000000E+01     0.000000000E+00
     7169    -2.125000000E+01    -3.750000000E+01     0.000000000E+00
     7170    -2.625000000E+01    -3.750000000E+01     0.000000000E+00
     7171    -2.500000000E+01    -3.875000000E+01     0.000000000E+00
     7172    -2.375000000E+01    -3.750000000E+01     0.000000000E+00
     7173    -2.875000000E+01    -3.750000000E+01     0.000000000E+00
     7174    -2.750000000E+01    -3.875000000E+01     0.000000000E+00
     7175    -3.125000000E+01    -3.750000000E+01     0.000000000E+00
     7176    -3.000000000E+01    -3.875000000E+01     0.000000000E+00
     7177    -3.375000000E+01    -3.750000000E+01     0.000000000E+00
     7178    -3.250000000E+01    -3.875000000E+01     0.000000000E+00
     7179    -3.625000000E+01    -3.750000000E+01     0.000000000E+00
     7180    -3.500000000E+01    -3.875000000E+01     0.000000000E+00
     7181    -3.875000000E+01    -3.750000000E+01     0.000000000E+00
     7182    -3.750000000E+01    -3.875000000E+01     0.000000000E+00
     7183    -4.125000000E+01    -3.750000000E+01     0.000000000E+00
     7184    -4.000000000E+01    -3.875000000E+01     0.000000000E+00
     7185    -4.375000000E+01    -3.750000000E+01     0.000000000E+00
     7186    -4.250000000E+01    -3.875000000E+01     0.000000000E+00
     7187    -4.625000000E+01    -3.750000000E+01     0.000000000E+00
     7188    -4.500000000E+01    -3.875000000E+01     0.000000000E+00
     7189    -4.875000000E+01    -3.750000000E+01     0.000000000E+00
     7190    -4.750000000E+01    -3.875000000E+01     0.000000000E+00
     7191    -5.125000000E+01    -3.750000000E+01     0.000000000E+00
     7192    -5.000000000E+01    -3.875000000E+01     0.000000000E+00
     7193    -5.375000000E+01    -3.750000000E+01     0.000000000E+00
     7194    -5.250000000E+01    -3.875000000E+01     0.000000000E+00
     7195    -5.625000000E+01    -3.750000000E+01     0.000000000E+00
     7196    -5.500000000E+01    -3.875000000E+01     0.000000000E+00
     7197    -5.875000000E+01    -3.750000000E+01     0.000000000E+00
     7198    -5.750000000E+01    -3.875000000E+01     0.000000000E+00
     7199    -6.125000000E+01    -3.750000000E+01     0.000000000E+00
     7200    -6.000000000E+01    -3.875000000E+01     0.000000000E+00
     7201    -6.375000000E+01    -3.750000000E+01     0.000000000E+00
     7202    -6.250000000E+01    -3.875000000E+01     0.000000000E+00
     7203    -6.625000000E+01    -3.750000000E+01     0.000000000E+00
     7204    -6.500000000E+01    -3.875000000E+01     0.000000000E+00
     7205    -6.875000000E+01    -3.750000000E+01     0.000000000E+00
     7206    -6.750000000E+01    -3.875000000E+01     0.000000000E+00
     7207    -7.125000000E+01    -3.750000000E+01     0.000000000E+00
     7208    -7.000000000E+01    -3.875000000E+01     0.000000000E+00
     7209    -7.000000000E+01    -3.625000000E+01     0.000000000E+00
     7210    -7.375000000E+01    -3.750000000E+01     0.000000000E+00
     7211    -7.250000000E+01    -3.875000000E+01     0.000000000E+00
     7212    -7.625000000E+01    -3.750000000E+01     0.000000000E+00
     7213    -7.500000000E+01    -3.875000000E+01     0.000000000E+00
     7214    -7.875000000E+01    -3.750000000E+01     0.000000000E+00
     7215    -7.750000000E+01    -3.875000000E+01     0.000000000E+00
     7216    -8.125000000E+01    -3.750000000E+01     0.000000000E+00
     7217    -8.000000000E+01    -3.875000000E+01     0.000000000E+00
     7218    -8.375000000E+01    -3.750000000E+01     0.000000000E+00
     7219    -8.250000000E+01    -3.875000000E+01     0.000000000E+00
     7220    -8.250000000E+01    -3.625000000E+01     0.000000000E+00
     7221    -8.625000000E+01    -3.750000000E+01     0.000000000E+00
     7222    -8.500000000E+01    -3.875000000E+01     0.000000000E+00
     7223    -8.500000000E+01    -3.625000000E+01     0.000000000E+00
     7224    -8.875000000E+01    -3.750000000E+01     0.000000000E+00
     7225    -8.750000000E+01    -3.875000000E+01     0.000000000E+00
     7226     3.375000000E+01    -2.250000000E+01     0.000000000E+00
     7227     3.500000000E+01    -2.125000000E+01     0.000000000E+00
     7228     2.750000000E+01    -2.125000000E+01     0.000000000E+00
     7229     2.875000000E+01    -2.250000000E+01     0.000000000E+00
     7230     2.750000000E+01    -2.375000000E+01     0.000000000E+00
     7231     3.750000000E+01    -1.375000000E+01     0.000000000E+00
     7232     3.625000000E+01    -1.250000000E+01     0.000000000E+00
     7233     3.625000000E+01    -2.000000000E+01     0.000000000E+00
     7234     3.750000000E+01    -1.875000000E+01     0.000000000E+00
     7235     3.750000000E+01     1.875000000E+01     0.000000000E+00
     7236     3.625000000E+01     2.000000000E+01     0.000000000E+00
     7237     3.750000000E+01     1.375000000E+01     0.000000000E+00
     7238     3.625000000E+01     1.250000000E+01     0.000000000E+00
     7239     2.875000000E+01     2.250000000E+01     0.000000000E+00
     7240     2.750000000E+01     2.125000000E+01     0.000000000E+00
     7241     3.500000000E+01     2.125000000E+01     0.000000000E+00
     7242     3.375000000E+01     2.250000000E+01     0.000000000E+00
     7243    -3.375000000E+01     2.250000000E+01     0.000000000E+00
     7244    -3.500000000E+01     2.125000000E+01     0.000000000E+00
     7245    -2.750000000E+01     2.125000000E+01     0.000000000E+00
     7246    -2.875000000E+01     2.250000000E+01     0.000000000E+00
     7247    -3.750000000E+01     1.375000000E+01     0.000000000E+00
     7248    -3.625000000E+01     1.250000000E+01     0.000000000E+00
     7249    -3.750000000E+01    -1.875000000E+01     0.000000000E+00
     7250    -3.625000000E+01    -2.000000000E+01     0.000000000E+00
     7251    -3.750000000E+01    -1.375000000E+01     0.000000000E+00
     7252    -3.625000000E+01    -1.250000000E+01     0.000000000E+00
     7253    -2.875000000E+01    -2.250000000E+01     0.000000000E+00
     7254    -2.750000000E+01    -2.125000000E+01     0.000000000E+00
     7255    -3.500000000E+01    -2.125000000E+01     0.000000000E+00
     7256    -3.375000000E+01    -2.250000000E+01     0.000000000E+00
     7257    -3.000000000E+01    -2.125000000E+01     0.000000000E+00
     7258    -3.125000000E+01    -2.250000000E+01     0.000000000E+00
     7259    -3.000000000E+01    -2.375000000E+01     0.000000000E+00
     7260    -3.750000000E+01    -1.625000000E+01     0.000000000E+00
     7261    -3.625000000E+01    -1.500000000E+01     0.000000000E+00
     7262    -3.625000000E+01    -1.750000000E+01     0.000000000E+00
     7263    -3.625000000E+01     1.500000000E+01     0.000000000E+00
     7264    -3.750000000E+01     1.625000000E+01     0.000000000E+00
     7265    -3.250000000E+01     2.125000000E+01     0.000000000E+00
     7266    -3.125000000E+01     2.250000000E+01     0.000000000E+00
     7267     3.000000000E+01     2.125000000E+01     0.000000000E+00
     7268     3.125000000E+01     2.250000000E+01     0.000000000E+00
     7269     3.750000000E+01     1.625000000E+01     0.000000000E+00
     7270     3.625000000E+01     1.500000000E+01     0.000000000E+00
     7271     3.875000000E+01     1.500000000E+01     0.000000000E+00
     7272     3.625000000E+01     1.750000000E+01     0.000000000E+00
     7273     3.625000000E+01    -1.500000000E+01     0.000000000E+00
     7274     3.750000000E+01    -1.625000000E+01     0.000000000E+00
     7275     3.250000000E+01    -2.125000000E+01     0.000000000E+00
     7276     3.125000000E+01    -2.250000000E+01     0.000000000E+00
     7277    -3.500000000E+01    -1.375000000E+01     0.000000000E+00
     7278    -3.375000000E+01    -1.250000000E+01     0.000000000E+00
     7279    -2.750000000E+01     1.875000000E+01     0.000000000E+00
     7280    -2.875000000E+01     2.000000000E+01     0.000000000E+00
     7281     3.500000000E+01     1.375000000E+01     0.000000000E+00
     7282     3.375000000E+01     1.250000000E+01     0.000000000E+00
     7283     2.750000000E+01    -1.875000000E+01     0.000000000E+00
     7284     2.875000000E+01    -2.000000000E+01     0.000000000E+00
     7285    -3.500000000E+01    -1.875000000E+01     0.000000000E+00
     7286    -3.375000000E+01    -2.000000000E+01     0.000000000E+00
     7287    -2.875000000E+01    -2.000000000E+01     0.000000000E+00
     7288    -2.750000000E+01    -1.875000000E+01     0.000000000E+00
     7289    -2.625000000E+01    -2.000000000E+01     0.000000000E+00
     7290    -9.000000000E+01    -3.625000000E+01     0.000000000E+00
     7291    -9.000000000E+01    -3.875000000E+01     0.000000000E+00
     7292    -9.125000000E+01    -3.750000000E+01     0.000000000E+00
     7293    -9.000000000E+01    -3.375000000E+01     0.000000000E+00
     7294    -9.125000000E+01    -3.500000000E+01     0.000000000E+00
     7295    -9.000000000E+01    -3.125000000E+01     0.000000000E+00
     7296    -9.125000000E+01    -3.250000000E+01     0.000000000E+00
     7297    -9.000000000E+01    -2.875000000E+01     0.000000000E+00
     7298    -9.125000000E+01    -3.000000000E+01     0.000000000E+00
     7299    -9.000000000E+01    -2.625000000E+01     0.000000000E+00
     7300    -9.125000000E+01    -2.750000000E+01     0.000000000E+00
     7301    -9.000000000E+01    -2.375000000E+01     0.000000000E+00
     7302    -9.125000000E+01    -2.500000000E+01     0.000000000E+00
     7303    -9.000000000E+01    -2.125000000E+01     0.000000000E+00
     7304    -9.125000000E+01    -2.250000000E+01     0.000000000E+00
     7305    -9.000000000E+01    -1.875000000E+01     0.000000000E+00
     7306    -9.125000000E+01    -2.000000000E+01     0.000000000E+00
     7307    -9.000000000E+01    -1.625000000E+01     0.000000000E+00
     7308    -9.125000000E+01    -1.750000000E+01     0.000000000E+00
     7309    -9.000000000E+01    -1.375000000E+01     0.000000000E+00
     7310    -9.125000000E+01    -1.500000000E+01     0.000000000E+00
     7311    -9.000000000E+01    -1.125000000E+01     0.000000000E+00
     7312    -9.125000000E+01    -1.250000000E+01     0.000000000E+00
     7313    -9.000000000E+01    -8.750000000E+00     0.000000000E+00
     7314    -9.125000000E+01    -1.000000000E+01     0.000000000E+00
     7315    -9.000000000E+01    -6.250000000E+00     0.000000000E+00
     7316    -9.125000000E+01    -7.500000000E+00     0.000000000E+00
     7317    -9.000000000E+01    -3.750000000E+00     0.000000000E+00
     7318    -9.125000000E+01    -5.000000000E+00     0.000000000E+00
     7319    -9.000000000E+01    -1.250000000E+00     0.000000000E+00
     7320    -9.125000000E+01    -2.500000000E+00     0.000000000E+00
     7321    -9.000000000E+01     1.250000000E+00     0.000000000E+00
     7322    -9.125000000E+01     1.593777194E-14     0.000000000E+00
     7323    -9.000000000E+01     3.750000000E+00     0.000000000E+00
     7324    -9.125000000E+01     2.500000000E+00     0.000000000E+00
     7325    -9.000000000E+01     6.250000000E+00     0.000000000E+00
     7326    -9.125000000E+01     5.000000000E+00     0.000000000E+00
     7327    -9.000000000E+01     8.750000000E+00     0.000000000E+00
     7328    -9.125000000E+01     7.500000000E+00     0.000000000E+00
     7329    -9.000000000E+01     1.125000000E+01     0.000000000E+00
     7330    -9.125000000E+01     1.000000000E+01     0.000000000E+00
     7331    -8.875000000E+01     1.000000000E+01     0.000000000E+00
     7332    -9.000000000E+01     1.375000000E+01     0.000000000E+00
     7333    -9.125000000E+01     1.250000000E+01     0.000000000E+00
     7334    -9.000000000E+01     1.625000000E+01     0.000000000E+00
     7335    -9.125000000E+01     1.500000000E+01     0.000000000E+00
     7336    -9.000000000E+01     1.875000000E+01     0.000000000E+00
     7337    -9.125000000E+01     1.750000000E+01     0.000000000E+00
     7338    -9.000000000E+01     2.125000000E+01     0.000000000E+00
     7339    -9.125000000E+01     2.000000000E+01     0.000000000E+00
     7340    -9.000000000E+01     2.375000000E+01     0.000000000E+00
     7341    -9.125000000E+01     2.250000000E+01     0.000000000E+00
     7342    -9.000000000E+01     2.625000000E+01     0.000000000E+00
     7343    -9.125000000E+01     2.500000000E+01     0.000000000E+00
     7344    -9.000000000E+01     2.875000000E+01     0.000000000E+00
     7345    -9.125000000E+01     2.750000000E+01     0.000000000E+00
     7346    -9.000000000E+01     3.125000000E+01     0.000000000E+00
     7347    -9.125000000E+01     3.000000000E+01     0.000000000E+00
     7348    -9.000000000E+01     3.375000000E+01     0.000000000E+00
     7349    -9.125000000E+01     3.250000000E+01     0.000000000E+00
     7350    -9.000000000E+01     3.625000000E+01     0.000000000E+00
     7351    -9.125000000E+01     3.500000000E+01     0.000000000E+00
     7352    -9.000000000E+01     3.875000000E+01     0.000000000E+00
     7353    -9.125000000E+01     3.750000000E+01     0.000000000E+00
     7354    -9.000000000E+01     4.125000000E+01     0.000000000E+00
     7355    -9.125000000E+01     4.000000000E+01     0.000000000E+00
     7356    -8.875000000E+01     4.000000000E+01     0.000000000E+00
     7357    -8.375000000E+01     4.000000000E+01     0.000000000E+00
     7358    -8.500000000E+01     4.125000000E+01     0.000000000E+00
     7359    -8.625000000E+01     4.000000000E+01     0.000000000E+00
     7360    -8.125000000E+01     4.000000000E+01     0.000000000E+00
     7361    -8.250000000E+01     4.125000000E+01     0.000000000E+00
     7362    -7.875000000E+01     4.000000000E+01     0.000000000E+00
     7363    -8.000000000E+01     4.125000000E+01     0.000000000E+00
     7364    -7.625000000E+01     4.000000000E+01     0.000000000E+00
     7365    -7.750000000E+01     4.125000000E+01     0.000000000E+00
     7366    -7.375000000E+01     4.000000000E+01     0.000000000E+00
     7367    -7.500000000E+01     4.125000000E+01     0.000000000E+00
     7368    -7.125000000E+01     4.000000000E+01     0.000000000E+00
     7369    -7.250000000E+01     4.125000000E+01     0.000000000E+00
     7370    -6.875000000E+01     4.000000000E+01     0.000000000E+00
     7371    -7.000000000E+01     4.125000000E+01     0.000000000E+00
     7372    -6.625000000E+01     4.000000000E+01     0.000000000E+00
     7373    -6.750000000E+01     4.125000000E+01     0.000000000E+00
     7374    -6.375000000E+01     4.000000000E+01     0.000000000E+00
     7375    -6.500000000E+01     4.125000000E+01     0.000000000E+00
     7376    -6.125000000E+01     4.000000000E+01     0.000000000E+00
     7377    -6.250000000E+01     4.125000000E+01     0.000000000E+00
     7378    -5.875000000E+01     4.000000000E+01     0.000000000E+00
     7379    -6.000000000E+01     4.125000000E+01     0.000000000E+00
     7380    -5.625000000E+01     4.000000000E+01     0.000000000E+00
     7381    -5.750000000E+01     4.125000000E+01     0.000000000E+00
     7382    -5.375000000E+01     4.000000000E+01     0.000000000E+00
     7383    -5.500000000E+01     4.125000000E+01     0.000000000E+00
     7384    -5.125000000E+01     4.000000000E+01     0.000000000E+00
     7385    -5.250000000E+01     4.125000000E+01     0.000000000E+00
     7386    -4.875000000E+01     4.000000000E+01     0.000000000E+00
     7387    -5.000000000E+01     4.125000000E+01     0.000000000E+00
     7388    -5.000000000E+01     3.875000000E+01     0.000000000E+00
     7389    -4.625000000E+01     4.000000000E+01     0.000000000E+00
     7390    -4.750000000E+01     4.125000000E+01     0.000000000E+00
     7391    -4.375000000E+01     4.000000000E+01     0.000000000E+00
     7392    -4.500000000E+01     4.125000000E+01     0.000000000E+00
     7393    -4.125000000E+01     4.000000000E+01     0.000000000E+00
     7394    -4.250000000E+01     4.125000000E+01     0.000000000E+00
     7395    -3.875000000E+01     4.000000000E+01     0.000000000E+00
     7396    -4.000000000E+01     4.125000000E+01     0.000000000E+00
     7397    -3.625000000E+01     4.000000000E+01     0.000000000E+00
     7398    -3.750000000E+01     4.125000000E+01     0.000000000E+00
     7399    -3.375000000E+01     4.000000000E+01     0.000000000E+00
     7400    -3.500000000E+01     4.125000000E+01     0.000000000E+00
     7401    -3.125000000E+01     4.000000000E+01     0.000000000E+00
     7402    -3.250000000E+01     4.125000000E+01     0.000000000E+00
     7403    -2.875000000E+01     4.000000000E+01     0.000000000E+00
     7404    -3.000000000E+01     4.125000000E+01     0.000000000E+00
     7405    -2.625000000E+01     4.000000000E+01     0.000000000E+00
     7406    -2.750000000E+01     4.125000000E+01     0.000000000E+00
     7407    -2.375000000E+01     4.000000000E+01     0.000000000E+00
     7408    -2.500000000E+01     4.125000000E+01     0.000000000E+00
     7409    -2.125000000E+01     4.000000000E+01     0.000000000E+00
     7410    -2.250000000E+01     4.125000000E+01     0.000000000E+00
     7411    -1.875000000E+01     4.000000000E+01     0.000000000E+00
     7412    -2.000000000E+01     4.125000000E+01     0.000000000E+00
     7413    -1.625000000E+01     4.000000000E+01     0.000000000E+00
     7414    -1.750000000E+01     4.125000000E+01     0.000000000E+00
     7415    -1.375000000E+01     4.000000000E+01     0.000000000E+00
     7416    -1.500000000E+01     4.125000000E+01     0.000000000E+00
     7417    -1.125000000E+01     4.000000000E+01     0.000000000E+00
     7418    -1.250000000E+01     4.125000000E+01     0.000000000E+00
     7419    -8.750000000E+00     4.000000000E+01     0.000000000E+00
     7420    -1.000000000E+01     4.125000000E+01     0.000000000E+00
     7421    -6.250000000E+00     4.000000000E+01     0.000000000E+00
     7422    -7.500000000E+00     4.125000000E+01     0.000000000E+00
     7423    -3.750000000E+00     4.000000000E+01     0.000000000E+00
     7424    -5.000000000E+00     4.125000000E+01     0.000000000E+00
     7425    -1.250000000E+00     4.000000000E+01     0.000000000E+00
     7426    -2.500000000E+00     4.125000000E+01     0.000000000E+00
     7427     1.250000000E+00     4.000000000E+01     0.000000000E+00
     7428    -2.387635987E-10     4.125000000E+01     0.000000000E+00
     7429     3.750000000E+00     4.000000000E+01     0.000000000E+00
     7430     2.500000000E+00     4.125000000E+01     0.000000000E+00
     7431     6.250000000E+00     4.000000000E+01     0.000000000E+00
     7432     5.000000000E+00     4.125000000E+01     0.000000000E+00
     7433     8.750000000E+00     4.000000000E+01     0.000000000E+00
     7434     7.500000000E+00     4.125000000E+01     0.000000000E+00
     7435     1.125000000E+01     4.000000000E+01     0.000000000E+00
     7436     1.000000000E+01     4.125000000E+01     0.000000000E+00
     7437     1.375000000E+01     4.000000000E+01     0.000000000E+00
     7438     1.250000000E+01     4.125000000E+01     0.000000000E+00
     7439     1.625000000E+01     4.000000000E+01     0.000000000E+00
     7440     1.500000000E+01     4.125000000E+01     0.000000000E+00
     7441     1.875000000E+01     4.000000000E+01     0.000000000E+00
     7442     1.750000000E+01     4.125000000E+01     0.000000000E+00
     7443     2.375000000E+01     4.000000000E+01     0.000000000E+00
     7444     2.125000000E+01     4.000000000E+01     0.000000000E+00
     7445     2.250000000E+01     4.125000000E+01     0.000000000E+00
     7446     2.625000000E+01     4.000000000E+01     0.000000000E+00
     7447     2.500000000E+01     4.125000000E+01     0.000000000E+00
     7448     2.875000000E+01     4.000000000E+01     0.000000000E+00
     7449     2.750000000E+01     4.125000000E+01     0.000000000E+00
     7450     3.125000000E+01     4.000000000E+01     0.000000000E+00
     7451     3.000000000E+01     4.125000000E+01     0.000000000E+00
     7452     3.375000000E+01     4.000000000E+01     0.000000000E+00
     7453     3.250000000E+01     4.125000000E+01     0.000000000E+00
     7454     3.500000000E+01     4.125000000E+01     0.000000000E+00
     7455     3.625000000E+01     4.000000000E+01     0.000000000E+00
     7456     4.125000000E+01     4.000000000E+01     0.000000000E+00
     7457     4.000000000E+01     4.125000000E+01     0.000000000E+00
     7458     3.875000000E+01     4.000000000E+01     0.000000000E+00
     7459     4.375000000E+01     4.000000000E+01     0.000000000E+00
     7460     4.250000000E+01     4.125000000E+01     0.000000000E+00
     7461     4.625000000E+01     4.000000000E+01     0.000000000E+00
     7462     4.500000000E+01     4.125000000E+01     0.000000000E+00
     7463     4.875000000E+01     4.000000000E+01     0.000000000E+00
     7464     4.750000000E+01     4.125000000E+01     0.000000000E+00
     7465     5.125000000E+01     4.000000000E+01     0.000000000E+00
     7466     5.000000000E+01     4.125000000E+01     0.000000000E+00
     7467     5.375000000E+01     4.000000000E+01     0.000000000E+00
     7468     5.250000000E+01     4.125000000E+01     0.000000000E+00
     7469     5.625000000E+01     4.000000000E+01     0.000000000E+00
     7470     5.500000000E+01     4.125000000E+01     0.000000000E+00
     7471     5.875000000E+01     4.000000000E+01     0.000000000E+00
     7472     5.750000000E+01     4.125000000E+01     0.000000000E+00
     7473     6.125000000E+01     4.000000000E+01     0.000000000E+00
     7474     6.000000000E+01     4.125000000E+01     0.000000000E+00
     7475     6.375000000E+01     4.000000000E+01     0.000000000E+00
     7476     6.250000000E+01     4.125000000E+01     0.000000000E+00
     7477     6.625000000E+01     4.000000000E+01     0.000000000E+00
     7478     6.500000000E+01     4.125000000E+01     0.000000000E+00
     7479     6.500000000E+01     3.875000000E+01     0.000000000E+00
     7480     6.875000000E+01     4.000000000E+01     0.000000000E+00
     7481     6.750000000E+01     4.125000000E+01     0.000000000E+00
     7482     7.125000000E+01     4.000000000E+01     0.000000000E+00
     7483     7.000000000E+01     4.125000000E+01     0.000000000E+00
     7484     7.375000000E+01     4.000000000E+01     0.000000000E+00
     7485     7.250000000E+01     4.125000000E+01     0.000000000E+00
     7486     7.625000000E+01     4.000000000E+01     0.000000000E+00
     7487     7.500000000E+01     4.125000000E+01     0.000000000E+00
     7488     7.875000000E+01     4.000000000E+01     0.000000000E+00
     7489     7.750000000E+01     4.125000000E+01     0.000000000E+00
     7490     8.000000000E+01     4.125000000E+01     0.000000000E+00
     7491     8.125000000E+01     4.000000000E+01     0.000000000E+00
     7492     8.625000000E+01     4.000000000E+01     0.000000000E+00
     7493     8.500000000E+01     4.125000000E+01     0.000000000E+00
     7494     8.375000000E+01     4.000000000E+01     0.000000000E+00
     7495     8.875000000E+01     4.000000000E+01     0.000000000E+00
     7496     8.750000000E+01     4.125000000E+01     0.000000000E+00
     7497     9.000000000E+01     3.875000000E+01     0.000000000E+00
     7498     9.125000000E+01     4.000000000E+01     0.000000000E+00
     7499     9.000000000E+01     4.125000000E+01     0.000000000E+00
     7500     9.000000000E+01     3.625000000E+01     0.000000000E+00
     7501     9.125000000E+01     3.750000000E+01     0.000000000E+00
     7502     9.000000000E+01     3.375000000E+01     0.000000000E+00
     7503     9.125000000E+01     3.500000000E+01     0.000000000E+00
     7504     9.125000000E+01     3.250000000E+01     0.000000000E+00
     7505     9.000000000E+01     3.125000000E+01     0.000000000E+00
     7506     9.000000000E+01     2.625000000E+01     0.000000000E+00
     7507     9.125000000E+01     2.750000000E+01     0.000000000E+00
     7508     9.000000000E+01     2.875000000E+01     0.000000000E+00
     7509     9.000000000E+01     2.375000000E+01     0.000000000E+00
     7510     9.125000000E+01     2.500000000E+01     0.000000000E+00
     7511     9.000000000E+01     2.125000000E+01     0.000000000E+00
     7512     9.125000000E+01     2.250000000E+01     0.000000000E+00
     7513     9.000000000E+01     1.875000000E+01     0.000000000E+00
     7514     9.125000000E+01     2.000000000E+01     0.000000000E+00
     7515     9.000000000E+01     1.625000000E+01     0.000000000E+00
     7516     9.125000000E+01     1.750000000E+01     0.000000000E+00
     7517     9.000000000E+01     1.375000000E+01     0.000000000E+00
     7518     9.125000000E+01     1.500000000E+01     0.000000000E+00
     7519     9.000000000E+01     1.125000000E+01     0.000000000E+00
     7520     9.125000000E+01     1.250000000E+01     0.000000000E+00
     7521     9.000000000E+01     8.750000000E+00     0.000000000E+00
     7522     9.125000000E+01     1.000000000E+01     0.000000000E+00
     7523     9.000000000E+01     6.250000000E+00     0.000000000E+00
     7524     9.125000000E+01     7.500000000E+00     0.000000000E+00
     7525     9.000000000E+01     3.750000000E+00     0.000000000E+00
     7526     9.125000000E+01     5.000000000E+00     0.000000000E+00
     7527     9.000000000E+01     1.250000000E+00     0.000000000E+00
     7528     9.125000000E+01     2.500000000E+00     0.000000000E+00
     7529     9.000000000E+01    -1.250000000E+00     0.000000000E+00
     7530     9.125000000E+01    -1.572093150E-14     0.000000000E+00
     7531     9.000000000E+01    -3.750000000E+00     0.000000000E+00
     7532     9.125000000E+01    -2.500000000E+00     0.000000000E+00
     7533     9.000000000E+01    -6.250000000E+00     0.000000000E+00
     7534     9.125000000E+01    -5.000000000E+00     0.000000000E+00
     7535     9.000000000E+01    -8.750000000E+00     0.000000000E+00
     7536     9.125000000E+01    -7.500000000E+00     0.000000000E+00
     7537     9.000000000E+01    -1.125000000E+01     0.000000000E+00
     7538     9.125000000E+01    -1.000000000E+01     0.000000000E+00
     7539     9.000000000E+01    -1.375000000E+01     0.000000000E+00
     7540     9.125000000E+01    -1.250000000E+01     0.000000000E+00
     7541     9.000000000E+01    -1.625000000E+01     0.000000000E+00
     7542     9.125000000E+01    -1.500000000E+01     0.000000000E+00
     7543     9.000000000E+01    -1.875000000E+01     0.000000000E+00
     7544     9.125000000E+01    -1.750000000E+01     0.000000000E+00
     7545     8.875000000E+01    -1.750000000E+01     0.000000000E+00
     7546     9.000000000E+01    -2.125000000E+01     0.000000000E+00
     7547     9.125000000E+01    -2.000000000E+01     0.000000000E+00
     7548     9.000000000E+01    -2.375000000E+01     0.000000000E+00
     7549     9.125000000E+01    -2.250000000E+01     0.000000000E+00
     7550     9.000000000E+01    -2.625000000E+01     0.000000000E+00
     7551     9.125000000E+01    -2.500000000E+01     0.000000000E+00
     7552     9.000000000E+01    -2.875000000E+01     0.000000000E+00
     7553     9.125000000E+01    -2.750000000E+01     0.000000000E+00
     7554     9.000000000E+01    -3.125000000E+01     0.000000000E+00
     7555     9.125000000E+01    -3.000000000E+01     0.000000000E+00
     7556     9.000000000E+01    -3.375000000E+01     0.000000000E+00
     7557     9.125000000E+01    -3.250000000E+01     0.000000000E+00
     7558     9.000000000E+01    -3.625000000E+01     0.000000000E+00
     7559     9.125000000E+01    -3.500000000E+01     0.000000000E+00
     7560     8.875000000E+01    -3.500000000E+01     0.000000000E+00
     7561     9.000000000E+01    -3.875000000E+01     0.000000000E+00
     7562     9.125000000E+01    -3.750000000E+01     0.000000000E+00
     7563     8.875000000E+01    -3.750000000E+01     0.000000000E+00
     7564     9.000000000E+01    -4.125000000E+01     0.000000000E+00
     7565     9.125000000E+01    -4.000000000E+01     0.000000000E+00
     7566     8.875000000E+01    -4.000000000E+01     0.000000000E+00
     7567     8.375000000E+01    -4.000000000E+01     0.000000000E+00
     7568     8.500000000E+01    -4.125000000E+01     0.000000000E+00
     7569     8.625000000E+01    -4.000000000E+01     0.000000000E+00
     7570     8.125000000E+01    -4.000000000E+01     0.000000000E+00
     7571     8.250000000E+01    -4.125000000E+01     0.000000000E+00
     7572     7.875000000E+01    -4.000000000E+01     0.000000000E+00
     7573     8.000000000E+01    -4.125000000E+01     0.000000000E+00
     7574     7.625000000E+01    -4.000000000E+01     0.000000000E+00
     7575     7.750000000E+01    -4.125000000E+01     0.000000000E+00
     7576     7.375000000E+01    -4.000000000E+01     0.000000000E+00
     7577     7.500000000E+01    -4.125000000E+01     0.000000000E+00
     7578     7.125000000E+01    -4.000000000E+01     0.000000000E+00
     7579     7.250000000E+01    -4.125000000E+01     0.000000000E+00
     7580     6.875000000E+01    -4.000000000E+01     0.000000000E+00
     7581     7.000000000E+01    -4.125000000E+01     0.000000000E+00
     7582     6.625000000E+01    -4.000000000E+01     0.000000000E+00
     7583     6.750000000E+01    -4.125000000E+01     0.000000000E+00
     7584     6.375000000E+01    -4.000000000E+01     0.000000000E+00
     7585     6.500000000E+01    -4.125000000E+01     0.000000000E+00
     7586     6.125000000E+01    -4.000000000E+01     0.000000000E+00
     7587     6.250000000E+01    -4.125000000E+01     0.000000000E+00
     7588     6.250000000E+01    -3.875000000E+01     0.000000000E+00
     7589     5.875000000E+01    -4.000000000E+01     0.000000000E+00
     7590     6.000000000E+01    -4.125000000E+01     0.000000000E+00
     7591     5.625000000E+01    -4.000000000E+01     0.000000000E+00
     7592     5.750000000E+01    -4.125000000E+01     0.000000000E+00
     7593     5.375000000E+01    -4.000000000E+01     0.000000000E+00
     7594     5.500000000E+01    -4.125000000E+01     0.000000000E+00
     7595     5.125000000E+01    -4.000000000E+01     0.000000000E+00
     7596     5.250000000E+01    -4.125000000E+01     0.000000000E+00
     7597     4.875000000E+01    -4.000000000E+01     0.000000000E+00
     7598     5.000000000E+01    -4.125000000E+01     0.000000000E+00
     7599     4.625000000E+01    -4.000000000E+01     0.000000000E+00
     7600     4.750000000E+01    -4.125000000E+01     0.000000000E+00
     7601     4.750000000E+01    -3.875000000E+01     0.000000000E+00
     7602     4.375000000E+01    -4.000000000E+01     0.000000000E+00
     7603     4.500000000E+01    -4.125000000E+01     0.000000000E+00
     7604     4.125000000E+01    -4.000000000E+01     0.000000000E+00
     7605     4.250000000E+01    -4.125000000E+01     0.000000000E+00
     7606     3.875000000E+01    -4.000000000E+01     0.000000000E+00
     7607     4.000000000E+01    -4.125000000E+01     0.000000000E+00
     7608     4.000000000E+01    -3.875000000E+01     0.000000000E+00
     7609     3.625000000E+01    -4.000000000E+01     0.000000000E+00
     7610     3.750000000E+01    -4.125000000E+01     0.000000000E+00
     7611     3.375000000E+01    -4.000000000E+01     0.000000000E+00
     7612     3.500000000E+01    -4.125000000E+01     0.000000000E+00
     7613     3.125000000E+01    -4.000000000E+01     0.000000000E+00
     7614     3.250000000E+01    -4.125000000E+01     0.000000000E+00
     7615     2.875000000E+01    -4.000000000E+01     0.000000000E+00
     7616     3.000000000E+01    -4.125000000E+01     0.000000000E+00
     7617     2.625000000E+01    -4.000000000E+01     0.000000000E+00
     7618     2.750000000E+01    -4.125000000E+01     0.000000000E+00
     7619     2.375000000E+01    -4.000000000E+01     0.000000000E+00
     7620     2.500000000E+01    -4.125000000E+01     0.000000000E+00
     7621     2.125000000E+01    -4.000000000E+01     0.000000000E+00
     7622     2.250000000E+01    -4.125000000E+01     0.000000000E+00
     7623     1.875000000E+01    -4.000000000E+01     0.000000000E+00
     7624     2.000000000E+01    -4.125000000E+01     0.000000000E+00
     7625     1.625000000E+01    -4.000000000E+01     0.000000000E+00
     7626     1.750000000E+01    -4.125000000E+01     0.000000000E+00
     7627     1.375000000E+01    -4.000000000E+01     0.000000000E+00
     7628     1.500000000E+01    -4.125000000E+01     0.000000000E+00
     7629     1.125000000E+01    -4.000000000E+01     0.000000000E+00
     7630     1.250000000E+01    -4.125000000E+01     0.000000000E+00
     7631     8.750000000E+00    -4.000000000E+01     0.000000000E+00
     7632     1.000000000E+01    -4.125000000E+01     0.000000000E+00
     7633     6.250000000E+00    -4.000000000E+01     0.000000000E+00
     7634     7.500000000E+00    -4.125000000E+01     0.000000000E+00
     7635     3.750000000E+00    -4.000000000E+01     0.000000000E+00
     7636     5.000000000E+00    -4.125000000E+01     0.000000000E+00
     7637     1.250000000E+00    -4.000000000E+01     0.000000000E+00
     7638     2.500000000E+00    -4.125000000E+01     0.000000000E+00
     7639    -1.250000000E+00    -4.000000000E+01     0.000000000E+00
     7640    -1.602330668E-10    -4.125000000E+01     0.000000000E+00
     7641    -3.750000000E+00    -4.000000000E+01     0.000000000E+00
     7642    -2.500000000E+00    -4.125000000E+01     0.000000000E+00
     7643    -6.250000000E+00    -4.000000000E+01     0.000000000E+00
     7644    -5.000000000E+00    -4.125000000E+01     0.000000000E+00
     7645    -8.750000000E+00    -4.000000000E+01     0.000000000E+00
     7646    -7.500000000E+00    -4.125000000E+01     0.000000000E+00
     7647    -1.125000000E+01    -4.000000000E+01     0.000000000E+00
     7648    -1.000000000E+01    -4.125000000E+01     0.000000000E+00
     7649    -1.375000000E+01    -4.000000000E+01     0.000000000E+00
     7650    -1.250000000E+01    -4.125000000E+01     0.000000000E+00
     7651    -1.625000000E+01    -4.000000000E+01     0.000000000E+00
     7652    -1.500000000E+01    -4.125000000E+01     0.000000000E+00
     7653    -1.875000000E+01    -4.000000000E+01     0.000000000E+00
     7654    -1.750000000E+01    -4.125000000E+01     0.000000000E+00
     7655    -2.125000000E+01    -4.000000000E+01     0.000000000E+00
     7656    -2.000000000E+01    -4.125000000E+01     0.000000000E+00
     7657    -2.375000000E+01    -4.000000000E+01     0.000000000E+00
     7658    -2.250000000E+01    -4.125000000E+01     0.000000000E+00
     7659    -2.250000000E+01    -3.875000000E+01     0.000000000E+00
     7660    -2.625000000E+01    -4.000000000E+01     0.000000000E+00
     7661    -2.500000000E+01    -4.125000000E+01     0.000000000E+00
     7662    -2.875000000E+01    -4.000000000E+01     0.000000000E+00
     7663    -2.750000000E+01    -4.125000000E+01     0.000000000E+00
     7664    -3.125000000E+01    -4.000000000E+01     0.000000000E+00
     7665    -3.000000000E+01    -4.125000000E+01     0.000000000E+00
     7666    -3.375000000E+01    -4.000000000E+01     0.000000000E+00
     7667    -3.250000000E+01    -4.125000000E+01     0.000000000E+00
     7668    -3.625000000E+01    -4.000000000E+01     0.000000000E+00
     7669    -3.500000000E+01    -4.125000000E+01     0.000000000E+00
     7670    -3.875000000E+01    -4.000000000E+01     0.000000000E+00
     7671    -3.750000000E+01    -4.125000000E+01     0.000000000E+00
     7672    -4.125000000E+01    -4.000000000E+01     0.000000000E+00
     7673    -4.000000000E+01    -4.125000000E+01     0.000000000E+00
     7674    -4.375000000E+01    -4.000000000E+01     0.000000000E+00
     7675    -4.250000000E+01    -4.125000000E+01     0.000000000E+00
     7676    -4.625000000E+01    -4.000000000E+01     0.000000000E+00
     7677    -4.500000000E+01    -4.125000000E+01     0.000000000E+00
     7678    -4.875000000E+01    -4.000000000E+01     0.000000000E+00
     7679    -4.750000000E+01    -4.125000000E+01     0.000000000E+00
     7680    -5.125000000E+01    -4.000000000E+01     0.000000000E+00
     7681    -5.000000000E+01    -4.125000000E+01     0.000000000E+00
     7682    -5.375000000E+01    -4.000000000E+01     0.000000000E+00
     7683    -5.250000000E+01    -4.125000000E+01     0.000000000E+00
     7684    -5.625000000E+01    -4.000000000E+01     0.000000000E+00
     7685    -5.500000000E+01    -4.125000000E+01     0.000000000E+00
     7686    -5.875000000E+01    -4.000000000E+01     0.000000000E+00
     7687    -5.750000000E+01    -4.125000000E+01     0.000000000E+00
     7688    -6.375000000E+01    -4.000000000E+01     0.000000000E+00
     7689    -6.250000000E+01    -4.125000000E+01     0.000000000E+00
     7690    -6.125000000E+01    -4.000000000E+01     0.000000000E+00
     7691    -6.625000000E+01    -4.000000000E+01     0.000000000E+00
     7692    -6.500000000E+01    -4.125000000E+01     0.000000000E+00
     7693    -6.875000000E+01    -4.000000000E+01     0.000000000E+00
     7694    -6.750000000E+01    -4.125000000E+01     0.000000000E+00
     7695    -7.125000000E+01    -4.000000000E+01     0.000000000E+00
     7696    -7.000000000E+01    -4.125000000E+01     0.000000000E+00
     7697    -7.375000000E+01    -4.000000000E+01     0.000000000E+00
     7698    -7.250000000E+01    -4.125000000E+01     0.000000000E+00
     7699    -7.625000000E+01    -4.000000000E+01     0.000000000E+00
     7700    -7.500000000E+01    -4.125000000E+01     0.000000000E+00
     7701    -7.875000000E+01    -4.000000000E+01     0.000000000E+00
     7702    -7.750000000E+01    -4.125000000E+01     0.000000000E+00
     7703    -8.125000000E+01    -4.000000000E+01     0.000000000E+00
     7704    -8.000000000E+01    -4.125000000E+01     0.000000000E+00
     7705    -8.375000000E+01    -4.000000000E+01     0.000000000E+00
     7706    -8.250000000E+01    -4.125000000E+01     0.000000000E+00
     7707    -8.625000000E+01    -4.000000000E+01     0.000000000E+00
     7708    -8.500000000E+01    -4.125000000E+01     0.000000000E+00
     7709    -8.875000000E+01    -4.000000000E+01     0.000000000E+00
     7710    -8.750000000E+01    -4.125000000E+01     0.000000000E+00
     7711    -9.125000000E+01    -4.000000000E+01     0.000000000E+00
     7712    -9.000000000E+01    -4.125000000E+01     0.000000000E+00
     7713    -3.500000000E+01     1.375000000E+01     0.000000000E+00
     7714    -3.375000000E+01     1.250000000E+01     0.000000000E+00
     7715    -3.375000000E+01     2.000000000E+01     0.000000000E+00
     7716    -3.625000000E+01     2.000000000E+01     0.000000000E+00
     7717    -3.500000000E+01     1.875000000E+01     0.000000000E+00
     7718     2.875000000E+01     2.000000000E+01     0.000000000E+00
     7719     2.750000000E+01     1.875000000E+01     0.000000000E+00
     7720     3.500000000E+01     1.875000000E+01     0.000000000E+00
     7721     3.375000000E+01     2.000000000E+01     0.000000000E+00
     7722     3.500000000E+01    -1.375000000E+01     0.000000000E+00
     7723     3.375000000E+01    -1.250000000E+01     0.000000000E+00
     7724     3.375000000E+01    -2.000000000E+01     0.000000000E+00
     7725     3.500000000E+01    -1.875000000E+01     0.000000000E+00
     7726     3.250000000E+01    -1.875000000E+01     0.000000000E+00
     7727     3.125000000E+01    -2.000000000E+01     0.000000000E+00
     7728     3.500000000E+01    -1.625000000E+01     0.000000000E+00
     7729     3.375000000E+01    -1.750000000E+01     0.000000000E+00
     7730     3.625000000E+01    -1.750000000E+01     0.000000000E+00
     7731     3.375000000E+01    -1.500000000E+01     0.000000000E+00
     7732     3.500000000E+01     1.625000000E+01     0.000000000E+00
     7733     3.375000000E+01     1.500000000E+01     0.000000000E+00
     7734     3.375000000E+01     1.750000000E+01     0.000000000E+00
     7735     3.125000000E+01     2.000000000E+01     0.000000000E+00
     7736     3.250000000E+01     1.875000000E+01     0.000000000E+00
     7737     3.250000000E+01     2.125000000E+01     0.000000000E+00
     7738     3.000000000E+01     1.875000000E+01     0.000000000E+00
     7739    -3.250000000E+01     1.875000000E+01     0.000000000E+00
     7740    -3.125000000E+01     2.000000000E+01     0.000000000E+00
     7741    -3.375000000E+01     1.500000000E+01     0.000000000E+00
     7742    -3.500000000E+01     1.625000000E+01     0.000000000E+00
     7743    -3.500000000E+01    -1.625000000E+01     0.000000000E+00
     7744    -3.375000000E+01    -1.500000000E+01     0.000000000E+00
     7745    -3.375000000E+01    -1.750000000E+01     0.000000000E+00
     7746    -3.125000000E+01    -2.000000000E+01     0.000000000E+00
     7747    -3.250000000E+01    -1.875000000E+01     0.000000000E+00
     7748    -3.250000000E+01    -2.125000000E+01     0.000000000E+00
     7749    -3.000000000E+01    -1.875000000E+01     0.000000000E+00
     7750    -8.875000000E+01     4.250000000E+01     0.000000000E+00
     7751    -9.125000000E+01     4.250000000E+01     0.000000000E+00
     7752    -9.000000000E+01     4.375000000E+01     0.000000000E+00
     7753    -9.250000000E+01     3.875000000E+01     0.000000000E+00
     7754    -9.250000000E+01     3.625000000E+01     0.000000000E+00
     7755    -9.375000000E+01     3.750000000E+01     0.000000000E+00
     7756    -9.250000000E+01     4.125000000E+01     0.000000000E+00
     7757    -9.375000000E+01     4.000000000E+01     0.000000000E+00
     7758    -9.250000000E+01     3.375000000E+01     0.000000000E+00
     7759    -9.250000000E+01     3.125000000E+01     0.000000000E+00
     7760    -9.375000000E+01     3.250000000E+01     0.000000000E+00
     7761    -9.375000000E+01     3.500000000E+01     0.000000000E+00
     7762    -9.250000000E+01     2.875000000E+01     0.000000000E+00
     7763    -9.250000000E+01     2.625000000E+01     0.000000000E+00
     7764    -9.375000000E+01     2.750000000E+01     0.000000000E+00
     7765    -9.375000000E+01     3.000000000E+01     0.000000000E+00
     7766    -9.375000000E+01     2.500000000E+01     0.000000000E+00
     7767    -9.250000000E+01     2.375000000E+01     0.000000000E+00
     7768    -9.250000000E+01     1.875000000E+01     0.000000000E+00
     7769    -9.250000000E+01     1.625000000E+01     0.000000000E+00
     7770    -9.375000000E+01     1.750000000E+01     0.000000000E+00
     7771    -9.375000000E+01     2.000000000E+01     0.000000000E+00
     7772    -9.250000000E+01     2.125000000E+01     0.000000000E+00
     7773    -9.250000000E+01     1.375000000E+01     0.000000000E+00
     7774    -9.250000000E+01     1.125000000E+01     0.000000000E+00
     7775    -9.375000000E+01     1.250000000E+01     0.000000000E+00
     7776    -9.375000000E+01     1.500000000E+01     0.000000000E+00
     7777    -9.250000000E+01     8.750000000E+00     0.000000000E+00
     7778    -9.250000000E+01     6.250000000E+00     0.000000000E+00
     7779    -9.375000000E+01     7.500000000E+00     0.000000000E+00
     7780    -9.375000000E+01     1.000000000E+01     0.000000000E+00
     7781    -9.250000000E+01     3.750000000E+00     0.000000000E+00
     7782    -9.250000000E+01     1.250000000E+00     0.000000000E+00
     7783    -9.375000000E+01     2.500000000E+00     0.000000000E+00
     7784    -9.375000000E+01     5.000000000E+00     0.000000000E+00
     7785    -9.375000000E+01     1.539567085E-14     0.000000000E+00
     7786    -9.250000000E+01    -1.250000000E+00     0.000000000E+00
     7787    -9.250000000E+01    -6.250000000E+00     0.000000000E+00
     7788    -9.250000000E+01    -8.750000000E+00     0.000000000E+00
     7789    -9.375000000E+01    -7.500000000E+00     0.000000000E+00
     7790    -9.375000000E+01    -5.000000000E+00     0.000000000E+00
     7791    -9.250000000E+01    -3.750000000E+00     0.000000000E+00
     7792    -9.250000000E+01    -1.125000000E+01     0.000000000E+00
     7793    -9.250000000E+01    -1.375000000E+01     0.000000000E+00
     7794    -9.375000000E+01    -1.250000000E+01     0.000000000E+00
     7795    -9.375000000E+01    -1.000000000E+01     0.000000000E+00
     7796    -9.375000000E+01    -1.500000000E+01     0.000000000E+00
     7797    -9.250000000E+01    -1.625000000E+01     0.000000000E+00
     7798    -9.250000000E+01    -2.125000000E+01     0.000000000E+00
     7799    -9.250000000E+01    -2.375000000E+01     0.000000000E+00
     7800    -9.375000000E+01    -2.250000000E+01     0.000000000E+00
     7801    -9.375000000E+01    -2.000000000E+01     0.000000000E+00
     7802    -9.250000000E+01    -1.875000000E+01     0.000000000E+00
     7803    -9.375000000E+01    -2.500000000E+01     0.000000000E+00
     7804    -9.250000000E+01    -2.625000000E+01     0.000000000E+00
     7805    -9.375000000E+01    -3.000000000E+01     0.000000000E+00
     7806    -9.250000000E+01    -2.875000000E+01     0.000000000E+00
     7807    -9.250000000E+01    -3.125000000E+01     0.000000000E+00
     7808    -9.250000000E+01    -3.625000000E+01     0.000000000E+00
     7809    -9.250000000E+01    -3.875000000E+01     0.000000000E+00
     7810    -9.375000000E+01    -3.750000000E+01     0.000000000E+00
     7811    -9.250000000E+01    -3.375000000E+01     0.000000000E+00
     7812    -9.375000000E+01    -3.500000000E+01     0.000000000E+00
     7813     9.250000000E+01     3.875000000E+01     0.000000000E+00
     7814     9.375000000E+01     4.000000000E+01     0.000000000E+00
     7815     9.250000000E+01     4.125000000E+01     0.000000000E+00
     7816     8.875000000E+01    -4.250000000E+01     0.000000000E+00
     7817     9.125000000E+01    -4.250000000E+01     0.000000000E+00
     7818     9.000000000E+01    -4.375000000E+01     0.000000000E+00
     7819    -9.250000000E+01    -4.125000000E+01     0.000000000E+00
     7820    -9.375000000E+01    -4.000000000E+01     0.000000000E+00
     7821    -8.875000000E+01    -4.250000000E+01     0.000000000E+00
     7822    -8.625000000E+01    -4.250000000E+01     0.000000000E+00
     7823    -8.750000000E+01    -4.375000000E+01     0.000000000E+00
     7824    -9.125000000E+01    -4.250000000E+01     0.000000000E+00
     7825    -9.000000000E+01    -4.375000000E+01     0.000000000E+00
     7826    -8.375000000E+01    -4.250000000E+01     0.000000000E+00
     7827    -8.125000000E+01    -4.250000000E+01     0.000000000E+00
     7828    -8.250000000E+01    -4.375000000E+01     0.000000000E+00
     7829    -8.500000000E+01    -4.375000000E+01     0.000000000E+00
     7830    -7.875000000E+01    -4.250000000E+01     0.000000000E+00
     7831    -7.625000000E+01    -4.250000000E+01     0.000000000E+00
     7832    -7.750000000E+01    -4.375000000E+01     0.000000000E+00
     7833    -8.000000000E+01    -4.375000000E+01     0.000000000E+00
     7834    -7.375000000E+01    -4.250000000E+01     0.000000000E+00
     7835    -7.125000000E+01    -4.250000000E+01     0.000000000E+00
     7836    -7.250000000E+01    -4.375000000E+01     0.000000000E+00
     7837    -7.500000000E+01    -4.375000000E+01     0.000000000E+00
     7838    -6.875000000E+01    -4.250000000E+01     0.000000000E+00
     7839    -6.625000000E+01    -4.250000000E+01     0.000000000E+00
     7840    -6.750000000E+01    -4.375000000E+01     0.000000000E+00
     7841    -7.000000000E+01    -4.375000000E+01     0.000000000E+00
     7842    -6.375000000E+01    -4.250000000E+01     0.000000000E+00
     7843    -6.125000000E+01    -4.250000000E+01     0.000000000E+00
     7844    -6.250000000E+01    -4.375000000E+01     0.000000000E+00
     7845    -6.500000000E+01    -4.375000000E+01     0.000000000E+00
     7846    -6.000000000E+01    -4.375000000E+01     0.000000000E+00
     7847    -6.000000000E+01    -4.125000000E+01     0.000000000E+00
     7848    -5.875000000E+01    -4.250000000E+01     0.000000000E+00
     7849    -5.375000000E+01    -4.250000000E+01     0.000000000E+00
     7850    -5.125000000E+01    -4.250000000E+01     0.000000000E+00
     7851    -5.250000000E+01    -4.375000000E+01     0.000000000E+00
     7852    -5.500000000E+01    -4.375000000E+01     0.000000000E+00
     7853    -5.625000000E+01    -4.250000000E+01     0.000000000E+00
     7854    -5.000000000E+01    -4.375000000E+01     0.000000000E+00
     7855    -4.875000000E+01    -4.250000000E+01     0.000000000E+00
     7856    -4.500000000E+01    -4.375000000E+01     0.000000000E+00
     7857    -4.625000000E+01    -4.250000000E+01     0.000000000E+00
     7858    -4.375000000E+01    -4.250000000E+01     0.000000000E+00
     7859    -3.875000000E+01    -4.250000000E+01     0.000000000E+00
     7860    -3.625000000E+01    -4.250000000E+01     0.000000000E+00
     7861    -3.750000000E+01    -4.375000000E+01     0.000000000E+00
     7862    -4.000000000E+01    -4.375000000E+01     0.000000000E+00
     7863    -4.125000000E+01    -4.250000000E+01     0.000000000E+00
     7864    -3.500000000E+01    -4.375000000E+01     0.000000000E+00
     7865    -3.375000000E+01    -4.250000000E+01     0.000000000E+00
     7866    -2.875000000E+01    -4.250000000E+01     0.000000000E+00
     7867    -2.625000000E+01    -4.250000000E+01     0.000000000E+00
     7868    -2.750000000E+01    -4.375000000E+01     0.000000000E+00
     7869    -3.000000000E+01    -4.375000000E+01     0.000000000E+00
     7870    -3.125000000E+01    -4.250000000E+01     0.000000000E+00
     7871    -2.375000000E+01    -4.250000000E+01     0.000000000E+00
     7872    -2.125000000E+01    -4.250000000E+01     0.000000000E+00
     7873    -2.250000000E+01    -4.375000000E+01     0.000000000E+00
     7874    -2.500000000E+01    -4.375000000E+01     0.000000000E+00
     7875    -1.875000000E+01    -4.250000000E+01     0.000000000E+00
     7876    -1.625000000E+01    -4.250000000E+01     0.000000000E+00
     7877    -1.750000000E+01    -4.375000000E+01     0.000000000E+00
     7878    -2.000000000E+01    -4.375000000E+01     0.000000000E+00
     7879    -1.375000000E+01    -4.250000000E+01     0.000000000E+00
     7880    -1.125000000E+01    -4.250000000E+01     0.000000000E+00
     7881    -1.250000000E+01    -4.375000000E+01     0.000000000E+00
     7882    -1.500000000E+01    -4.375000000E+01     0.000000000E+00
     7883    -8.750000000E+00    -4.250000000E+01     0.000000000E+00
     7884    -6.250000000E+00    -4.250000000E+01     0.000000000E+00
     7885    -7.500000000E+00    -4.375000000E+01     0.000000000E+00
     7886    -1.000000000E+01    -4.375000000E+01     0.000000000E+00
     7887    -3.750000000E+00    -4.250000000E+01     0.000000000E+00
     7888    -1.250000000E+00    -4.250000000E+01     0.000000000E+00
     7889    -2.500000000E+00    -4.375000000E+01     0.000000000E+00
     7890    -5.000000000E+00    -4.375000000E+01     0.000000000E+00
     7891     1.250000000E+00    -4.250000000E+01     0.000000000E+00
     7892     3.750000000E+00    -4.250000000E+01     0.000000000E+00
     7893     2.500000000E+00    -4.375000000E+01     0.000000000E+00
     7894    -3.127931738E-11    -4.375000000E+01     0.000000000E+00
     7895     6.250000000E+00    -4.250000000E+01     0.000000000E+00
     7896     8.750000000E+00    -4.250000000E+01     0.000000000E+00
     7897     7.500000000E+00    -4.375000000E+01     0.000000000E+00
     7898     5.000000000E+00    -4.375000000E+01     0.000000000E+00
     7899     1.000000000E+01    -4.375000000E+01     0.000000000E+00
     7900     1.125000000E+01    -4.250000000E+01     0.000000000E+00
     7901     1.625000000E+01    -4.250000000E+01     0.000000000E+00
     7902     1.500000000E+01    -4.375000000E+01     0.000000000E+00
     7903     1.375000000E+01    -4.250000000E+01     0.000000000E+00
     7904     2.125000000E+01    -4.250000000E+01     0.000000000E+00
     7905     2.375000000E+01    -4.250000000E+01     0.000000000E+00
     7906     2.250000000E+01    -4.375000000E+01     0.000000000E+00
     7907     2.000000000E+01    -4.375000000E+01     0.000000000E+00
     7908     1.875000000E+01    -4.250000000E+01     0.000000000E+00
     7909     2.500000000E+01    -4.375000000E+01     0.000000000E+00
     7910     2.625000000E+01    -4.250000000E+01     0.000000000E+00
     7911     3.125000000E+01    -4.250000000E+01     0.000000000E+00
     7912     3.375000000E+01    -4.250000000E+01     0.000000000E+00
     7913     3.250000000E+01    -4.375000000E+01     0.000000000E+00
     7914     3.000000000E+01    -4.375000000E+01     0.000000000E+00
     7915     2.875000000E+01    -4.250000000E+01     0.000000000E+00
     7916     3.500000000E+01    -4.375000000E+01     0.000000000E+00
     7917     3.625000000E+01    -4.250000000E+01     0.000000000E+00
     7918     4.125000000E+01    -4.250000000E+01     0.000000000E+00
     7919     4.375000000E+01    -4.250000000E+01     0.000000000E+00
     7920     4.250000000E+01    -4.375000000E+01     0.000000000E+00
     7921     4.000000000E+01    -4.375000000E+01     0.000000000E+00
     7922     3.875000000E+01    -4.250000000E+01     0.000000000E+00
     7923     4.500000000E+01    -4.375000000E+01     0.000000000E+00
     7924     4.625000000E+01    -4.250000000E+01     0.000000000E+00
     7925     5.125000000E+01    -4.250000000E+01     0.000000000E+00
     7926     5.375000000E+01    -4.250000000E+01     0.000000000E+00
     7927     5.250000000E+01    -4.375000000E+01     0.000000000E+00
     7928     4.875000000E+01    -4.250000000E+01     0.000000000E+00
     7929     5.000000000E+01    -4.375000000E+01     0.000000000E+00
     7930     5.625000000E+01    -4.250000000E+01     0.000000000E+00
     7931     5.875000000E+01    -4.250000000E+01     0.000000000E+00
     7932     5.750000000E+01    -4.375000000E+01     0.000000000E+00
     7933     5.500000000E+01    -4.375000000E+01     0.000000000E+00
     7934     6.125000000E+01    -4.250000000E+01     0.000000000E+00
     7935     6.000000000E+01    -4.375000000E+01     0.000000000E+00
     7936     6.625000000E+01    -4.250000000E+01     0.000000000E+00
     7937     6.500000000E+01    -4.375000000E+01     0.000000000E+00
     7938     6.375000000E+01    -4.250000000E+01     0.000000000E+00
     7939     6.875000000E+01    -4.250000000E+01     0.000000000E+00
     7940     7.125000000E+01    -4.250000000E+01     0.000000000E+00
     7941     7.000000000E+01    -4.375000000E+01     0.000000000E+00
     7942     7.375000000E+01    -4.250000000E+01     0.000000000E+00
     7943     7.500000000E+01    -4.375000000E+01     0.000000000E+00
     7944     7.625000000E+01    -4.250000000E+01     0.000000000E+00
     7945     8.125000000E+01    -4.250000000E+01     0.000000000E+00
     7946     8.375000000E+01    -4.250000000E+01     0.000000000E+00
     7947     8.250000000E+01    -4.375000000E+01     0.000000000E+00
     7948     8.000000000E+01    -4.375000000E+01     0.000000000E+00
     7949     7.875000000E+01    -4.250000000E+01     0.000000000E+00
     7950     8.625000000E+01    -4.250000000E+01     0.000000000E+00
     7951     8.750000000E+01    -4.375000000E+01     0.000000000E+00
     7952     8.750000000E+01    -4.125000000E+01     0.000000000E+00
     7953     8.500000000E+01    -4.375000000E+01     0.000000000E+00
     7954     9.250000000E+01    -4.125000000E+01     0.000000000E+00
     7955     9.250000000E+01    -3.875000000E+01     0.000000000E+00
     7956     9.375000000E+01    -4.000000000E+01     0.000000000E+00
     7957     9.250000000E+01    -3.375000000E+01     0.000000000E+00
     7958     9.250000000E+01    -3.125000000E+01     0.000000000E+00
     7959     9.375000000E+01    -3.250000000E+01     0.000000000E+00
     7960     9.250000000E+01    -3.625000000E+01     0.000000000E+00
     7961     9.375000000E+01    -3.500000000E+01     0.000000000E+00
     7962     9.250000000E+01    -2.875000000E+01     0.000000000E+00
     7963     9.250000000E+01    -2.625000000E+01     0.000000000E+00
     7964     9.375000000E+01    -2.750000000E+01     0.000000000E+00
     7965     9.375000000E+01    -3.000000000E+01     0.000000000E+00
     7966     9.250000000E+01    -2.375000000E+01     0.000000000E+00
     7967     9.250000000E+01    -2.125000000E+01     0.000000000E+00
     7968     9.375000000E+01    -2.250000000E+01     0.000000000E+00
     7969     9.375000000E+01    -2.500000000E+01     0.000000000E+00
     7970     9.250000000E+01    -1.875000000E+01     0.000000000E+00
     7971     9.250000000E+01    -1.625000000E+01     0.000000000E+00
     7972     9.375000000E+01    -1.750000000E+01     0.000000000E+00
     7973     9.375000000E+01    -2.000000000E+01     0.000000000E+00
     7974     9.250000000E+01    -1.375000000E+01     0.000000000E+00
     7975     9.250000000E+01    -1.125000000E+01     0.000000000E+00
     7976     9.375000000E+01    -1.250000000E+01     0.000000000E+00
     7977     9.375000000E+01    -1.500000000E+01     0.000000000E+00
     7978     9.375000000E+01    -1.000000000E+01     0.000000000E+00
     7979     9.250000000E+01    -8.750000000E+00     0.000000000E+00
     7980     9.250000000E+01    -3.750000000E+00     0.000000000E+00
     7981     9.250000000E+01    -1.250000000E+00     0.000000000E+00
     7982     9.375000000E+01    -2.500000000E+00     0.000000000E+00
     7983     9.375000000E+01    -5.000000000E+00     0.000000000E+00
     7984     9.250000000E+01    -6.250000000E+00     0.000000000E+00
     7985     9.250000000E+01     1.250000000E+00     0.000000000E+00
     7986     9.250000000E+01     3.750000000E+00     0.000000000E+00
     7987     9.375000000E+01     2.500000000E+00     0.000000000E+00
     7988     9.375000000E+01    -1.517883041E-14     0.000000000E+00
     7989     9.250000000E+01     6.250000000E+00     0.000000000E+00
     7990     9.250000000E+01     8.750000000E+00     0.000000000E+00
     7991     9.375000000E+01     7.500000000E+00     0.000000000E+00
     7992     9.375000000E+01     5.000000000E+00     0.000000000E+00
     7993     9.375000000E+01     1.000000000E+01     0.000000000E+00
     7994     9.250000000E+01     1.125000000E+01     0.000000000E+00
     7995     9.375000000E+01     1.500000000E+01     0.000000000E+00
     7996     9.250000000E+01     1.625000000E+01     0.000000000E+00
     7997     9.250000000E+01     1.375000000E+01     0.000000000E+00
     7998     9.250000000E+01     2.125000000E+01     0.000000000E+00
     7999     9.250000000E+01     2.375000000E+01     0.000000000E+00
     8000     9.375000000E+01     2.250000000E+01     0.000000000E+00
     8001     9.375000000E+01     2.000000000E+01     0.000000000E+00
     8002     9.250000000E+01     1.875000000E+01     0.000000000E+00
     8003     9.250000000E+01     2.625000000E+01     0.000000000E+00
     8004     9.250000000E+01     2.875000000E+01     0.000000000E+00
     8005     9.375000000E+01     2.750000000E+01     0.000000000E+00
     8006     9.375000000E+01     2.500000000E+01     0.000000000E+00
     8007     9.250000000E+01     3.125000000E+01     0.000000000E+00
     8008     9.250000000E+01     3.375000000E+01     0.000000000E+00
     8009     9.375000000E+01     3.250000000E+01     0.000000000E+00
     8010     9.375000000E+01     3.000000000E+01     0.000000000E+00
     8011     9.125000000E+01     3.000000000E+01     0.000000000E+00
     8012     9.250000000E+01     3.625000000E+01     0.000000000E+00
     8013     9.375000000E+01     3.750000000E+01     0.000000000E+00
     8014     9.375000000E+01     3.500000000E+01     0.000000000E+00
     8015     8.875000000E+01     4.250000000E+01     0.000000000E+00
     8016     8.625000000E+01     4.250000000E+01     0.000000000E+00
     8017     8.750000000E+01     4.375000000E+01     0.000000000E+00
     8018     9.125000000E+01     4.250000000E+01     0.000000000E+00
     8019     9.000000000E+01     4.375000000E+01     0.000000000E+00
     8020     8.375000000E+01     4.250000000E+01     0.000000000E+00
     8021     8.125000000E+01     4.250000000E+01     0.000000000E+00
     8022     8.250000000E+01     4.375000000E+01     0.000000000E+00
     8023     8.250000000E+01     4.125000000E+01     0.000000000E+00
     8024     8.500000000E+01     4.375000000E+01     0.000000000E+00
     8025     7.875000000E+01     4.250000000E+01     0.000000000E+00
     8026     7.625000000E+01     4.250000000E+01     0.000000000E+00
     8027     7.750000000E+01     4.375000000E+01     0.000000000E+00
     8028     8.000000000E+01     4.375000000E+01     0.000000000E+00
     8029     7.375000000E+01     4.250000000E+01     0.000000000E+00
     8030     7.125000000E+01     4.250000000E+01     0.000000000E+00
     8031     7.250000000E+01     4.375000000E+01     0.000000000E+00
     8032     7.500000000E+01     4.375000000E+01     0.000000000E+00
     8033     6.875000000E+01     4.250000000E+01     0.000000000E+00
     8034     6.625000000E+01     4.250000000E+01     0.000000000E+00
     8035     6.750000000E+01     4.375000000E+01     0.000000000E+00
     8036     7.000000000E+01     4.375000000E+01     0.000000000E+00
     8037     6.375000000E+01     4.250000000E+01     0.000000000E+00
     8038     6.250000000E+01     4.375000000E+01     0.000000000E+00
     8039     6.125000000E+01     4.250000000E+01     0.000000000E+00
     8040     6.500000000E+01     4.375000000E+01     0.000000000E+00
     8041     5.500000000E+01     4.375000000E+01     0.000000000E+00
     8042     5.375000000E+01     4.250000000E+01     0.000000000E+00
     8043     5.625000000E+01     4.250000000E+01     0.000000000E+00
     8044     4.875000000E+01     4.250000000E+01     0.000000000E+00
     8045     4.625000000E+01     4.250000000E+01     0.000000000E+00
     8046     4.750000000E+01     4.375000000E+01     0.000000000E+00
     8047     5.125000000E+01     4.250000000E+01     0.000000000E+00
     8048     5.000000000E+01     4.375000000E+01     0.000000000E+00
     8049     4.375000000E+01     4.250000000E+01     0.000000000E+00
     8050     4.125000000E+01     4.250000000E+01     0.000000000E+00
     8051     4.250000000E+01     4.375000000E+01     0.000000000E+00
     8052     4.500000000E+01     4.375000000E+01     0.000000000E+00
     8053     3.875000000E+01     4.250000000E+01     0.000000000E+00
     8054     3.625000000E+01     4.250000000E+01     0.000000000E+00
     8055     3.750000000E+01     4.375000000E+01     0.000000000E+00
     8056     3.750000000E+01     4.125000000E+01     0.000000000E+00
     8057     4.000000000E+01     4.375000000E+01     0.000000000E+00
     8058     3.375000000E+01     4.250000000E+01     0.000000000E+00
     8059     3.125000000E+01     4.250000000E+01     0.000000000E+00
     8060     3.250000000E+01     4.375000000E+01     0.000000000E+00
     8061     3.500000000E+01     4.375000000E+01     0.000000000E+00
     8062     2.875000000E+01     4.250000000E+01     0.000000000E+00
     8063     3.000000000E+01     4.375000000E+01     0.000000000E+00
     8064     2.500000000E+01     4.375000000E+01     0.000000000E+00
     8065     2.625000000E+01     4.250000000E+01     0.000000000E+00
     8066     2.375000000E+01     4.250000000E+01     0.000000000E+00
     8067     2.000000000E+01     4.125000000E+01     0.000000000E+00
     8068     2.000000000E+01     4.375000000E+01     0.000000000E+00
     8069     1.875000000E+01     4.250000000E+01     0.000000000E+00
     8070     2.125000000E+01     4.250000000E+01     0.000000000E+00
     8071     1.375000000E+01     4.250000000E+01     0.000000000E+00
     8072     1.125000000E+01     4.250000000E+01     0.000000000E+00
     8073     1.250000000E+01     4.375000000E+01     0.000000000E+00
     8074     1.500000000E+01     4.375000000E+01     0.000000000E+00
     8075     1.625000000E+01     4.250000000E+01     0.000000000E+00
     8076     1.000000000E+01     4.375000000E+01     0.000000000E+00
     8077     8.750000000E+00     4.250000000E+01     0.000000000E+00
     8078     3.750000000E+00     4.250000000E+01     0.000000000E+00
     8079     5.000000000E+00     4.375000000E+01     0.000000000E+00
     8080     6.250000000E+00     4.250000000E+01     0.000000000E+00
     8081    -1.250000000E+00     4.250000000E+01     0.000000000E+00
     8082    -3.750000000E+00     4.250000000E+01     0.000000000E+00
     8083    -2.500000000E+00     4.375000000E+01     0.000000000E+00
     8084    -6.247078050E-11     4.375000000E+01     0.000000000E+00
     8085     1.250000000E+00     4.250000000E+01     0.000000000E+00
     8086    -5.000000000E+00     4.375000000E+01     0.000000000E+00
     8087    -6.250000000E+00     4.250000000E+01     0.000000000E+00
     8088    -1.125000000E+01     4.250000000E+01     0.000000000E+00
     8089    -1.000000000E+01     4.375000000E+01     0.000000000E+00
     8090    -8.750000000E+00     4.250000000E+01     0.000000000E+00
     8091    -1.625000000E+01     4.250000000E+01     0.000000000E+00
     8092    -1.875000000E+01     4.250000000E+01     0.000000000E+00
     8093    -1.750000000E+01     4.375000000E+01     0.000000000E+00
     8094    -1.500000000E+01     4.375000000E+01     0.000000000E+00
     8095    -1.375000000E+01     4.250000000E+01     0.000000000E+00
     8096    -2.000000000E+01     4.375000000E+01     0.000000000E+00
     8097    -2.125000000E+01     4.250000000E+01     0.000000000E+00
     8098    -2.500000000E+01     4.375000000E+01     0.000000000E+00
     8099    -2.625000000E+01     4.250000000E+01     0.000000000E+00
     8100    -2.375000000E+01     4.250000000E+01     0.000000000E+00
     8101    -3.000000000E+01     4.375000000E+01     0.000000000E+00
     8102    -3.125000000E+01     4.250000000E+01     0.000000000E+00
     8103    -2.875000000E+01     4.250000000E+01     0.000000000E+00
     8104    -3.375000000E+01     4.250000000E+01     0.000000000E+00
     8105    -3.625000000E+01     4.250000000E+01     0.000000000E+00
     8106    -3.500000000E+01     4.375000000E+01     0.000000000E+00
     8107    -4.125000000E+01     4.250000000E+01     0.000000000E+00
     8108    -4.375000000E+01     4.250000000E+01     0.000000000E+00
     8109    -4.250000000E+01     4.375000000E+01     0.000000000E+00
     8110    -3.875000000E+01     4.250000000E+01     0.000000000E+00
     8111    -4.000000000E+01     4.375000000E+01     0.000000000E+00
     8112    -4.625000000E+01     4.250000000E+01     0.000000000E+00
     8113    -4.875000000E+01     4.250000000E+01     0.000000000E+00
     8114    -4.750000000E+01     4.375000000E+01     0.000000000E+00
     8115    -4.500000000E+01     4.375000000E+01     0.000000000E+00
     8116    -5.000000000E+01     4.375000000E+01     0.000000000E+00
     8117    -5.125000000E+01     4.250000000E+01     0.000000000E+00
     8118    -5.625000000E+01     4.250000000E+01     0.000000000E+00
     8119    -5.875000000E+01     4.250000000E+01     0.000000000E+00
     8120    -5.750000000E+01     4.375000000E+01     0.000000000E+00
     8121    -5.500000000E+01     4.375000000E+01     0.000000000E+00
     8122    -5.375000000E+01     4.250000000E+01     0.000000000E+00
     8123    -6.125000000E+01     4.250000000E+01     0.000000000E+00
     8124    -6.375000000E+01     4.250000000E+01     0.000000000E+00
     8125    -6.250000000E+01     4.375000000E+01     0.000000000E+00
     8126    -6.000000000E+01     4.375000000E+01     0.000000000E+00
     8127    -6.625000000E+01     4.250000000E+01     0.000000000E+00
     8128    -6.875000000E+01     4.250000000E+01     0.000000000E+00
     8129    -6.750000000E+01     4.375000000E+01     0.000000000E+00
     8130    -6.500000000E+01     4.375000000E+01     0.000000000E+00
     8131    -7.000000000E+01     4.375000000E+01     0.000000000E+00
     8132    -7.125000000E+01     4.250000000E+01     0.000000000E+00
     8133    -7.625000000E+01     4.250000000E+01     0.000000000E+00
     8134    -7.875000000E+01     4.250000000E+01     0.000000000E+00
     8135    -7.750000000E+01     4.375000000E+01     0.000000000E+00
     8136    -7.500000000E+01     4.375000000E+01     0.000000000E+00
     8137    -7.375000000E+01     4.250000000E+01     0.000000000E+00
     8138    -8.125000000E+01     4.250000000E+01     0.000000000E+00
     8139    -8.375000000E+01     4.250000000E+01     0.000000000E+00
     8140    -8.250000000E+01     4.375000000E+01     0.000000000E+00
     8141    -8.000000000E+01     4.375000000E+01     0.000000000E+00
     8142    -8.625000000E+01     4.250000000E+01     0.000000000E+00
     8143    -8.750000000E+01     4.375000000E+01     0.000000000E+00
     8144    -8.750000000E+01     4.125000000E+01     0.000000000E+00
     8145    -8.500000000E+01     4.375000000E+01     0.000000000E+00
     8146    -9.250000000E+01     4.375000000E+01     0.000000000E+00
     8147    -9.375000000E+01     4.250000000E+01     0.000000000E+00
     8148     9.250000000E+01    -4.375000000E+01     0.000000000E+00
     8149     9.375000000E+01    -4.250000000E+01     0.000000000E+00
     8150    -9.375000000E+01    -4.250000000E+01     0.000000000E+00
     8151    -9.250000000E+01    -4.375000000E+01     0.000000000E+00
     8152    -8.750000000E+01     4.625000000E+01     0.000000000E+00
     8153    -8.875000000E+01     4.500000000E+01     0.000000000E+00
     8154    -8.625000000E+01     4.500000000E+01     0.000000000E+00
     8155    -8.125000000E+01     4.500000000E+01     0.000000000E+00
     8156    -8.250000000E+01     4.625000000E+01     0.000000000E+00
     8157    -8.375000000E+01     4.500000000E+01     0.000000000E+00
     8158    -7.875000000E+01     4.500000000E+01     0.000000000E+00
     8159    -8.000000000E+01     4.625000000E+01     0.000000000E+00
     8160    -7.625000000E+01     4.500000000E+01     0.000000000E+00
     8161    -7.750000000E+01     4.625000000E+01     0.000000000E+00
     8162    -7.375000000E+01     4.500000000E+01     0.000000000E+00
     8163    -7.500000000E+01     4.625000000E+01     0.000000000E+00
     8164    -7.125000000E+01     4.500000000E+01     0.000000000E+00
     8165    -7.250000000E+01     4.625000000E+01     0.000000000E+00
     8166    -7.250000000E+01     4.375000000E+01     0.000000000E+00
     8167    -6.875000000E+01     4.500000000E+01     0.000000000E+00
     8168    -7.000000000E+01     4.625000000E+01     0.000000000E+00
     8169    -6.625000000E+01     4.500000000E+01     0.000000000E+00
     8170    -6.750000000E+01     4.625000000E+01     0.000000000E+00
     8171    -6.375000000E+01     4.500000000E+01     0.000000000E+00
     8172    -6.500000000E+01     4.625000000E+01     0.000000000E+00
     8173    -6.250000000E+01     4.625000000E+01     0.000000000E+00
     8174    -6.125000000E+01     4.500000000E+01     0.000000000E+00
     8175    -5.750000000E+01     4.625000000E+01     0.000000000E+00
     8176    -5.875000000E+01     4.500000000E+01     0.000000000E+00
     8177    -5.625000000E+01     4.500000000E+01     0.000000000E+00
     8178    -5.250000000E+01     4.625000000E+01     0.000000000E+00
     8179    -5.375000000E+01     4.500000000E+01     0.000000000E+00
     8180    -5.125000000E+01     4.500000000E+01     0.000000000E+00
     8181    -5.250000000E+01     4.375000000E+01     0.000000000E+00
     8182    -4.750000000E+01     4.625000000E+01     0.000000000E+00
     8183    -4.875000000E+01     4.500000000E+01     0.000000000E+00
     8184    -4.625000000E+01     4.500000000E+01     0.000000000E+00
     8185    -4.250000000E+01     4.625000000E+01     0.000000000E+00
     8186    -4.375000000E+01     4.500000000E+01     0.000000000E+00
     8187    -4.125000000E+01     4.500000000E+01     0.000000000E+00
     8188    -3.750000000E+01     4.625000000E+01     0.000000000E+00
     8189    -3.750000000E+01     4.375000000E+01     0.000000000E+00
     8190    -3.875000000E+01     4.500000000E+01     0.000000000E+00
     8191    -3.625000000E+01     4.500000000E+01     0.000000000E+00
     8192    -2.875000000E+01     4.500000000E+01     0.000000000E+00
     8193    -3.000000000E+01     4.625000000E+01     0.000000000E+00
     8194    -3.125000000E+01     4.500000000E+01     0.000000000E+00
     8195    -2.750000000E+01     4.625000000E+01     0.000000000E+00
     8196    -2.625000000E+01     4.500000000E+01     0.000000000E+00
     8197    -2.750000000E+01     4.375000000E+01     0.000000000E+00
     8198    -2.250000000E+01     4.625000000E+01     0.000000000E+00
     8199    -2.125000000E+01     4.500000000E+01     0.000000000E+00
     8200    -2.375000000E+01     4.500000000E+01     0.000000000E+00
     8201    -2.250000000E+01     4.375000000E+01     0.000000000E+00
     8202    -1.625000000E+01     4.500000000E+01     0.000000000E+00
     8203    -1.750000000E+01     4.625000000E+01     0.000000000E+00
     8204    -1.875000000E+01     4.500000000E+01     0.000000000E+00
     8205    -1.375000000E+01     4.500000000E+01     0.000000000E+00
     8206    -1.500000000E+01     4.625000000E+01     0.000000000E+00
     8207    -1.250000000E+01     4.625000000E+01     0.000000000E+00
     8208    -1.250000000E+01     4.375000000E+01     0.000000000E+00
     8209    -1.125000000E+01     4.500000000E+01     0.000000000E+00
     8210    -7.500000000E+00     4.625000000E+01     0.000000000E+00
     8211    -6.250000000E+00     4.500000000E+01     0.000000000E+00
     8212    -8.750000000E+00     4.500000000E+01     0.000000000E+00
     8213    -7.500000000E+00     4.375000000E+01     0.000000000E+00
     8214    -1.250000000E+00     4.500000000E+01     0.000000000E+00
     8215    -2.500000000E+00     4.625000000E+01     0.000000000E+00
     8216    -3.750000000E+00     4.500000000E+01     0.000000000E+00
     8217     1.250000000E+00     4.500000000E+01     0.000000000E+00
     8218    -1.559386301E-11     4.625000000E+01     0.000000000E+00
     8219     2.500000000E+00     4.625000000E+01     0.000000000E+00
     8220     2.500000000E+00     4.375000000E+01     0.000000000E+00
     8221     3.750000000E+00     4.500000000E+01     0.000000000E+00
     8222     7.500000000E+00     4.625000000E+01     0.000000000E+00
     8223     6.250000000E+00     4.500000000E+01     0.000000000E+00
     8224     8.750000000E+00     4.500000000E+01     0.000000000E+00
     8225     7.500000000E+00     4.375000000E+01     0.000000000E+00
     8226     1.375000000E+01     4.500000000E+01     0.000000000E+00
     8227     1.250000000E+01     4.625000000E+01     0.000000000E+00
     8228     1.125000000E+01     4.500000000E+01     0.000000000E+00
     8229     1.625000000E+01     4.500000000E+01     0.000000000E+00
     8230     1.500000000E+01     4.625000000E+01     0.000000000E+00
     8231     1.750000000E+01     4.625000000E+01     0.000000000E+00
     8232     1.875000000E+01     4.500000000E+01     0.000000000E+00
     8233     1.750000000E+01     4.375000000E+01     0.000000000E+00
     8234     2.500000000E+01     4.625000000E+01     0.000000000E+00
     8235     2.375000000E+01     4.500000000E+01     0.000000000E+00
     8236     2.625000000E+01     4.500000000E+01     0.000000000E+00
     8237     3.375000000E+01     4.500000000E+01     0.000000000E+00
     8238     3.250000000E+01     4.625000000E+01     0.000000000E+00
     8239     3.125000000E+01     4.500000000E+01     0.000000000E+00
     8240     3.625000000E+01     4.500000000E+01     0.000000000E+00
     8241     3.500000000E+01     4.625000000E+01     0.000000000E+00
     8242     3.750000000E+01     4.625000000E+01     0.000000000E+00
     8243     3.875000000E+01     4.500000000E+01     0.000000000E+00
     8244     4.250000000E+01     4.625000000E+01     0.000000000E+00
     8245     4.375000000E+01     4.500000000E+01     0.000000000E+00
     8246     4.125000000E+01     4.500000000E+01     0.000000000E+00
     8247     4.750000000E+01     4.625000000E+01     0.000000000E+00
     8248     4.625000000E+01     4.500000000E+01     0.000000000E+00
     8249     4.875000000E+01     4.500000000E+01     0.000000000E+00
     8250     5.375000000E+01     4.500000000E+01     0.000000000E+00
     8251     5.250000000E+01     4.625000000E+01     0.000000000E+00
     8252     5.250000000E+01     4.375000000E+01     0.000000000E+00
     8253     5.125000000E+01     4.500000000E+01     0.000000000E+00
     8254     5.625000000E+01     4.500000000E+01     0.000000000E+00
     8255     5.500000000E+01     4.625000000E+01     0.000000000E+00
     8256     5.875000000E+01     4.500000000E+01     0.000000000E+00
     8257     5.750000000E+01     4.625000000E+01     0.000000000E+00
     8258     5.750000000E+01     4.375000000E+01     0.000000000E+00
     8259     6.125000000E+01     4.500000000E+01     0.000000000E+00
     8260     6.000000000E+01     4.625000000E+01     0.000000000E+00
     8261     6.000000000E+01     4.375000000E+01     0.000000000E+00
     8262     6.250000000E+01     4.625000000E+01     0.000000000E+00
     8263     6.375000000E+01     4.500000000E+01     0.000000000E+00
     8264     6.750000000E+01     4.625000000E+01     0.000000000E+00
     8265     6.875000000E+01     4.500000000E+01     0.000000000E+00
     8266     6.625000000E+01     4.500000000E+01     0.000000000E+00
     8267     7.250000000E+01     4.625000000E+01     0.000000000E+00
     8268     7.375000000E+01     4.500000000E+01     0.000000000E+00
     8269     7.125000000E+01     4.500000000E+01     0.000000000E+00
     8270     7.875000000E+01     4.500000000E+01     0.000000000E+00
     8271     7.750000000E+01     4.625000000E+01     0.000000000E+00
     8272     7.625000000E+01     4.500000000E+01     0.000000000E+00
     8273     8.125000000E+01     4.500000000E+01     0.000000000E+00
     8274     8.000000000E+01     4.625000000E+01     0.000000000E+00
     8275     8.375000000E+01     4.500000000E+01     0.000000000E+00
     8276     8.250000000E+01     4.625000000E+01     0.000000000E+00
     8277     8.625000000E+01     4.500000000E+01     0.000000000E+00
     8278     8.500000000E+01     4.625000000E+01     0.000000000E+00
     8279     8.750000000E+01     4.625000000E+01     0.000000000E+00
     8280     8.875000000E+01     4.500000000E+01     0.000000000E+00
     8281    -9.375000000E+01     4.500000000E+01     0.000000000E+00
     8282    -9.250000000E+01     4.625000000E+01     0.000000000E+00
     8283    -9.125000000E+01     4.500000000E+01     0.000000000E+00
     8284     9.500000000E+01     4.125000000E+01     0.000000000E+00
     8285     9.500000000E+01     4.375000000E+01     0.000000000E+00
     8286     9.625000000E+01     4.250000000E+01     0.000000000E+00
     8287     9.375000000E+01     4.250000000E+01     0.000000000E+00
     8288     9.375000000E+01     4.500000000E+01     0.000000000E+00
     8289     9.250000000E+01     4.625000000E+01     0.000000000E+00
     8290     9.250000000E+01     4.375000000E+01     0.000000000E+00
     8291     9.125000000E+01     4.500000000E+01     0.000000000E+00
     8292     9.500000000E+01     3.875000000E+01     0.000000000E+00
     8293     9.625000000E+01     4.000000000E+01     0.000000000E+00
     8294     9.500000000E+01     3.625000000E+01     0.000000000E+00
     8295     9.625000000E+01     3.750000000E+01     0.000000000E+00
     8296     9.500000000E+01     3.375000000E+01     0.000000000E+00
     8297     9.625000000E+01     3.500000000E+01     0.000000000E+00
     8298     9.500000000E+01     3.125000000E+01     0.000000000E+00
     8299     9.625000000E+01     3.250000000E+01     0.000000000E+00
     8300     9.500000000E+01     2.875000000E+01     0.000000000E+00
     8301     9.625000000E+01     3.000000000E+01     0.000000000E+00
     8302     9.625000000E+01     2.750000000E+01     0.000000000E+00
     8303     9.500000000E+01     2.625000000E+01     0.000000000E+00
     8304     9.500000000E+01     2.125000000E+01     0.000000000E+00
     8305     9.625000000E+01     2.250000000E+01     0.000000000E+00
     8306     9.500000000E+01     2.375000000E+01     0.000000000E+00
     8307     9.500000000E+01     1.875000000E+01     0.000000000E+00
     8308     9.625000000E+01     2.000000000E+01     0.000000000E+00
     8309     9.625000000E+01     1.750000000E+01     0.000000000E+00
     8310     9.500000000E+01     1.625000000E+01     0.000000000E+00
     8311     9.375000000E+01     1.750000000E+01     0.000000000E+00
     8312     9.500000000E+01     1.125000000E+01     0.000000000E+00
     8313     9.625000000E+01     1.250000000E+01     0.000000000E+00
     8314     9.500000000E+01     1.375000000E+01     0.000000000E+00
     8315     9.375000000E+01     1.250000000E+01     0.000000000E+00
     8316     9.500000000E+01     8.750000000E+00     0.000000000E+00
     8317     9.625000000E+01     1.000000000E+01     0.000000000E+00
     8318     9.625000000E+01     7.500000000E+00     0.000000000E+00
     8319     9.500000000E+01     6.250000000E+00     0.000000000E+00
     8320     9.625000000E+01     2.500000000E+00     0.000000000E+00
     8321     9.500000000E+01     3.750000000E+00     0.000000000E+00
     8322     9.500000000E+01     1.250000000E+00     0.000000000E+00
     8323     9.625000000E+01    -2.500000000E+00     0.000000000E+00
     8324     9.500000000E+01    -1.250000000E+00     0.000000000E+00
     8325     9.500000000E+01    -3.750000000E+00     0.000000000E+00
     8326     9.625000000E+01    -7.500000000E+00     0.000000000E+00
     8327     9.500000000E+01    -8.750000000E+00     0.000000000E+00
     8328     9.500000000E+01    -6.250000000E+00     0.000000000E+00
     8329     9.375000000E+01    -7.500000000E+00     0.000000000E+00
     8330     9.625000000E+01    -1.250000000E+01     0.000000000E+00
     8331     9.500000000E+01    -1.375000000E+01     0.000000000E+00
     8332     9.500000000E+01    -1.125000000E+01     0.000000000E+00
     8333     9.625000000E+01    -1.750000000E+01     0.000000000E+00
     8334     9.500000000E+01    -1.625000000E+01     0.000000000E+00
     8335     9.500000000E+01    -1.875000000E+01     0.000000000E+00
     8336     9.500000000E+01    -2.375000000E+01     0.000000000E+00
     8337     9.625000000E+01    -2.250000000E+01     0.000000000E+00
     8338     9.500000000E+01    -2.125000000E+01     0.000000000E+00
     8339     9.500000000E+01    -2.625000000E+01     0.000000000E+00
     8340     9.625000000E+01    -2.500000000E+01     0.000000000E+00
     8341     9.625000000E+01    -2.750000000E+01     0.000000000E+00
     8342     9.500000000E+01    -2.875000000E+01     0.000000000E+00
     8343     9.625000000E+01    -3.250000000E+01     0.000000000E+00
     8344     9.500000000E+01    -3.125000000E+01     0.000000000E+00
     8345     9.500000000E+01    -3.375000000E+01     0.000000000E+00
     8346     9.125000000E+01    -4.500000000E+01     0.000000000E+00
     8347     9.375000000E+01    -4.500000000E+01     0.000000000E+00
     8348     9.250000000E+01    -4.625000000E+01     0.000000000E+00
     8349     9.500000000E+01    -4.375000000E+01     0.000000000E+00
     8350     9.625000000E+01    -4.250000000E+01     0.000000000E+00
     8351     9.500000000E+01    -4.125000000E+01     0.000000000E+00
     8352     8.875000000E+01    -4.500000000E+01     0.000000000E+00
     8353     9.000000000E+01    -4.625000000E+01     0.000000000E+00
     8354     8.625000000E+01    -4.500000000E+01     0.000000000E+00
     8355     8.750000000E+01    -4.625000000E+01     0.000000000E+00
     8356     8.375000000E+01    -4.500000000E+01     0.000000000E+00
     8357     8.500000000E+01    -4.625000000E+01     0.000000000E+00
     8358     8.250000000E+01    -4.625000000E+01     0.000000000E+00
     8359     8.125000000E+01    -4.500000000E+01     0.000000000E+00
     8360     7.750000000E+01    -4.625000000E+01     0.000000000E+00
     8361     7.625000000E+01    -4.500000000E+01     0.000000000E+00
     8362     7.875000000E+01    -4.500000000E+01     0.000000000E+00
     8363     7.750000000E+01    -4.375000000E+01     0.000000000E+00
     8364     7.250000000E+01    -4.625000000E+01     0.000000000E+00
     8365     7.250000000E+01    -4.375000000E+01     0.000000000E+00
     8366     7.375000000E+01    -4.500000000E+01     0.000000000E+00
     8367     7.125000000E+01    -4.500000000E+01     0.000000000E+00
     8368     6.750000000E+01    -4.625000000E+01     0.000000000E+00
     8369     6.750000000E+01    -4.375000000E+01     0.000000000E+00
     8370     6.625000000E+01    -4.500000000E+01     0.000000000E+00
     8371     6.875000000E+01    -4.500000000E+01     0.000000000E+00
     8372     5.750000000E+01    -4.625000000E+01     0.000000000E+00
     8373     5.625000000E+01    -4.500000000E+01     0.000000000E+00
     8374     5.875000000E+01    -4.500000000E+01     0.000000000E+00
     8375     5.250000000E+01    -4.625000000E+01     0.000000000E+00
     8376     5.125000000E+01    -4.500000000E+01     0.000000000E+00
     8377     5.375000000E+01    -4.500000000E+01     0.000000000E+00
     8378     4.625000000E+01    -4.500000000E+01     0.000000000E+00
     8379     4.750000000E+01    -4.625000000E+01     0.000000000E+00
     8380     4.750000000E+01    -4.375000000E+01     0.000000000E+00
     8381     4.875000000E+01    -4.500000000E+01     0.000000000E+00
     8382     4.375000000E+01    -4.500000000E+01     0.000000000E+00
     8383     4.500000000E+01    -4.625000000E+01     0.000000000E+00
     8384     4.125000000E+01    -4.500000000E+01     0.000000000E+00
     8385     4.250000000E+01    -4.625000000E+01     0.000000000E+00
     8386     3.875000000E+01    -4.500000000E+01     0.000000000E+00
     8387     4.000000000E+01    -4.625000000E+01     0.000000000E+00
     8388     3.750000000E+01    -4.625000000E+01     0.000000000E+00
     8389     3.625000000E+01    -4.500000000E+01     0.000000000E+00
     8390     3.750000000E+01    -4.375000000E+01     0.000000000E+00
     8391     3.125000000E+01    -4.500000000E+01     0.000000000E+00
     8392     3.250000000E+01    -4.625000000E+01     0.000000000E+00
     8393     3.375000000E+01    -4.500000000E+01     0.000000000E+00
     8394     3.000000000E+01    -4.625000000E+01     0.000000000E+00
     8395     2.875000000E+01    -4.500000000E+01     0.000000000E+00
     8396     2.375000000E+01    -4.500000000E+01     0.000000000E+00
     8397     2.500000000E+01    -4.625000000E+01     0.000000000E+00
     8398     2.625000000E+01    -4.500000000E+01     0.000000000E+00
     8399     2.250000000E+01    -4.625000000E+01     0.000000000E+00
     8400     2.125000000E+01    -4.500000000E+01     0.000000000E+00
     8401     1.750000000E+01    -4.625000000E+01     0.000000000E+00
     8402     1.875000000E+01    -4.500000000E+01     0.000000000E+00
     8403     1.750000000E+01    -4.375000000E+01     0.000000000E+00
     8404     1.625000000E+01    -4.500000000E+01     0.000000000E+00
     8405     1.250000000E+01    -4.625000000E+01     0.000000000E+00
     8406     1.125000000E+01    -4.500000000E+01     0.000000000E+00
     8407     1.375000000E+01    -4.500000000E+01     0.000000000E+00
     8408     1.250000000E+01    -4.375000000E+01     0.000000000E+00
     8409     7.500000000E+00    -4.625000000E+01     0.000000000E+00
     8410     8.750000000E+00    -4.500000000E+01     0.000000000E+00
     8411     6.250000000E+00    -4.500000000E+01     0.000000000E+00
     8412     2.500000000E+00    -4.625000000E+01     0.000000000E+00
     8413     3.750000000E+00    -4.500000000E+01     0.000000000E+00
     8414     1.250000000E+00    -4.500000000E+01     0.000000000E+00
     8415    -2.500000000E+00    -4.625000000E+01     0.000000000E+00
     8416    -3.750000000E+00    -4.500000000E+01     0.000000000E+00
     8417    -1.250000000E+00    -4.500000000E+01     0.000000000E+00
     8418    -7.500000000E+00    -4.625000000E+01     0.000000000E+00
     8419    -8.750000000E+00    -4.500000000E+01     0.000000000E+00
     8420    -6.250000000E+00    -4.500000000E+01     0.000000000E+00
     8421    -1.250000000E+01    -4.625000000E+01     0.000000000E+00
     8422    -1.375000000E+01    -4.500000000E+01     0.000000000E+00
     8423    -1.125000000E+01    -4.500000000E+01     0.000000000E+00
     8424    -1.750000000E+01    -4.625000000E+01     0.000000000E+00
     8425    -1.875000000E+01    -4.500000000E+01     0.000000000E+00
     8426    -1.625000000E+01    -4.500000000E+01     0.000000000E+00
     8427    -2.250000000E+01    -4.625000000E+01     0.000000000E+00
     8428    -2.375000000E+01    -4.500000000E+01     0.000000000E+00
     8429    -2.125000000E+01    -4.500000000E+01     0.000000000E+00
     8430    -2.875000000E+01    -4.500000000E+01     0.000000000E+00
     8431    -2.750000000E+01    -4.625000000E+01     0.000000000E+00
     8432    -2.625000000E+01    -4.500000000E+01     0.000000000E+00
     8433    -3.125000000E+01    -4.500000000E+01     0.000000000E+00
     8434    -3.000000000E+01    -4.625000000E+01     0.000000000E+00
     8435    -3.375000000E+01    -4.500000000E+01     0.000000000E+00
     8436    -3.250000000E+01    -4.625000000E+01     0.000000000E+00
     8437    -3.250000000E+01    -4.375000000E+01     0.000000000E+00
     8438    -3.625000000E+01    -4.500000000E+01     0.000000000E+00
     8439    -3.500000000E+01    -4.625000000E+01     0.000000000E+00
     8440    -3.875000000E+01    -4.500000000E+01     0.000000000E+00
     8441    -3.750000000E+01    -4.625000000E+01     0.000000000E+00
     8442    -4.125000000E+01    -4.500000000E+01     0.000000000E+00
     8443    -4.000000000E+01    -4.625000000E+01     0.000000000E+00
     8444    -4.375000000E+01    -4.500000000E+01     0.000000000E+00
     8445    -4.250000000E+01    -4.625000000E+01     0.000000000E+00
     8446    -4.250000000E+01    -4.375000000E+01     0.000000000E+00
     8447    -4.625000000E+01    -4.500000000E+01     0.000000000E+00
     8448    -4.500000000E+01    -4.625000000E+01     0.000000000E+00
     8449    -4.875000000E+01    -4.500000000E+01     0.000000000E+00
     8450    -4.750000000E+01    -4.625000000E+01     0.000000000E+00
     8451    -4.750000000E+01    -4.375000000E+01     0.000000000E+00
     8452    -5.125000000E+01    -4.500000000E+01     0.000000000E+00
     8453    -5.000000000E+01    -4.625000000E+01     0.000000000E+00
     8454    -5.250000000E+01    -4.625000000E+01     0.000000000E+00
     8455    -5.375000000E+01    -4.500000000E+01     0.000000000E+00
     8456    -5.750000000E+01    -4.625000000E+01     0.000000000E+00
     8457    -5.875000000E+01    -4.500000000E+01     0.000000000E+00
     8458    -5.625000000E+01    -4.500000000E+01     0.000000000E+00
     8459    -5.750000000E+01    -4.375000000E+01     0.000000000E+00
     8460    -6.250000000E+01    -4.625000000E+01     0.000000000E+00
     8461    -6.375000000E+01    -4.500000000E+01     0.000000000E+00
     8462    -6.125000000E+01    -4.500000000E+01     0.000000000E+00
     8463    -6.750000000E+01    -4.625000000E+01     0.000000000E+00
     8464    -6.625000000E+01    -4.500000000E+01     0.000000000E+00
     8465    -6.875000000E+01    -4.500000000E+01     0.000000000E+00
     8466    -7.250000000E+01    -4.625000000E+01     0.000000000E+00
     8467    -7.375000000E+01    -4.500000000E+01     0.000000000E+00
     8468    -7.125000000E+01    -4.500000000E+01     0.000000000E+00
     8469    -7.750000000E+01    -4.625000000E+01     0.000000000E+00
     8470    -7.625000000E+01    -4.500000000E+01     0.000000000E+00
     8471    -7.875000000E+01    -4.500000000E+01     0.000000000E+00
     8472    -8.375000000E+01    -4.500000000E+01     0.000000000E+00
     8473    -8.250000000E+01    -4.625000000E+01     0.000000000E+00
     8474    -8.125000000E+01    -4.500000000E+01     0.000000000E+00
     8475    -8.625000000E+01    -4.500000000E+01     0.000000000E+00
     8476    -8.500000000E+01    -4.625000000E+01     0.000000000E+00
     8477    -8.750000000E+01    -4.625000000E+01     0.000000000E+00
     8478    -8.875000000E+01    -4.500000000E+01     0.000000000E+00
     8479    -9.500000000E+01    -4.375000000E+01     0.000000000E+00
     8480    -9.625000000E+01    -4.250000000E+01     0.000000000E+00
     8481    -9.500000000E+01    -4.125000000E+01     0.000000000E+00
     8482    -9.375000000E+01    -4.500000000E+01     0.000000000E+00
     8483    -9.250000000E+01    -4.625000000E+01     0.000000000E+00
     8484    -9.125000000E+01    -4.500000000E+01     0.000000000E+00
     8485    -9.625000000E+01    -3.750000000E+01     0.000000000E+00
     8486    -9.500000000E+01    -3.875000000E+01     0.000000000E+00
     8487    -9.500000000E+01    -3.625000000E+01     0.000000000E+00
     8488    -9.625000000E+01    -3.250000000E+01     0.000000000E+00
     8489    -9.500000000E+01    -3.125000000E+01     0.000000000E+00
     8490    -9.375000000E+01    -3.250000000E+01     0.000000000E+00
     8491    -9.500000000E+01    -3.375000000E+01     0.000000000E+00
     8492    -9.500000000E+01    -2.625000000E+01     0.000000000E+00
     8493    -9.625000000E+01    -2.750000000E+01     0.000000000E+00
     8494    -9.500000000E+01    -2.875000000E+01     0.000000000E+00
     8495    -9.375000000E+01    -2.750000000E+01     0.000000000E+00
     8496    -9.500000000E+01    -2.375000000E+01     0.000000000E+00
     8497    -9.625000000E+01    -2.500000000E+01     0.000000000E+00
     8498    -9.625000000E+01    -2.250000000E+01     0.000000000E+00
     8499    -9.500000000E+01    -2.125000000E+01     0.000000000E+00
     8500    -9.625000000E+01    -1.750000000E+01     0.000000000E+00
     8501    -9.500000000E+01    -1.875000000E+01     0.000000000E+00
     8502    -9.500000000E+01    -1.625000000E+01     0.000000000E+00
     8503    -9.375000000E+01    -1.750000000E+01     0.000000000E+00
     8504    -9.500000000E+01    -1.125000000E+01     0.000000000E+00
     8505    -9.625000000E+01    -1.250000000E+01     0.000000000E+00
     8506    -9.500000000E+01    -1.375000000E+01     0.000000000E+00
     8507    -9.500000000E+01    -8.750000000E+00     0.000000000E+00
     8508    -9.625000000E+01    -1.000000000E+01     0.000000000E+00
     8509    -9.625000000E+01    -7.500000000E+00     0.000000000E+00
     8510    -9.500000000E+01    -6.250000000E+00     0.000000000E+00
     8511    -9.625000000E+01    -2.500000000E+00     0.000000000E+00
     8512    -9.500000000E+01    -1.250000000E+00     0.000000000E+00
     8513    -9.500000000E+01    -3.750000000E+00     0.000000000E+00
     8514    -9.375000000E+01    -2.500000000E+00     0.000000000E+00
     8515    -9.500000000E+01     3.750000000E+00     0.000000000E+00
     8516    -9.625000000E+01     2.500000000E+00     0.000000000E+00
     8517    -9.500000000E+01     1.250000000E+00     0.000000000E+00
     8518    -9.500000000E+01     6.250000000E+00     0.000000000E+00
     8519    -9.625000000E+01     5.000000000E+00     0.000000000E+00
     8520    -9.500000000E+01     8.750000000E+00     0.000000000E+00
     8521    -9.625000000E+01     7.500000000E+00     0.000000000E+00
     8522    -9.500000000E+01     1.125000000E+01     0.000000000E+00
     8523    -9.625000000E+01     1.000000000E+01     0.000000000E+00
     8524    -9.500000000E+01     1.375000000E+01     0.000000000E+00
     8525    -9.625000000E+01     1.250000000E+01     0.000000000E+00
     8526    -9.500000000E+01     1.625000000E+01     0.000000000E+00
     8527    -9.625000000E+01     1.500000000E+01     0.000000000E+00
     8528    -9.625000000E+01     1.750000000E+01     0.000000000E+00
     8529    -9.500000000E+01     1.875000000E+01     0.000000000E+00
     8530    -9.625000000E+01     2.250000000E+01     0.000000000E+00
     8531    -9.500000000E+01     2.375000000E+01     0.000000000E+00
     8532    -9.500000000E+01     2.125000000E+01     0.000000000E+00
     8533    -9.375000000E+01     2.250000000E+01     0.000000000E+00
     8534    -9.625000000E+01     2.750000000E+01     0.000000000E+00
     8535    -9.500000000E+01     2.625000000E+01     0.000000000E+00
     8536    -9.500000000E+01     2.875000000E+01     0.000000000E+00
     8537    -9.625000000E+01     3.250000000E+01     0.000000000E+00
     8538    -9.500000000E+01     3.125000000E+01     0.000000000E+00
     8539    -9.500000000E+01     3.375000000E+01     0.000000000E+00
     8540    -9.625000000E+01     3.750000000E+01     0.000000000E+00
     8541    -9.500000000E+01     3.875000000E+01     0.000000000E+00
     8542    -9.500000000E+01     3.625000000E+01     0.000000000E+00
     8543    -9.500000000E+01     4.375000000E+01     0.000000000E+00
     8544    -9.625000000E+01     4.250000000E+01     0.000000000E+00
     8545    -9.500000000E+01     4.125000000E+01     0.000000000E+00
     8546    -3.250000000E+01    -1.625000000E+01     0.000000000E+00
     8547    -3.125000000E+01    -1.750000000E+01     0.000000000E+00
     8548    -3.250000000E+01     1.625000000E+01     0.000000000E+00
     8549    -3.125000000E+01     1.750000000E+01     0.000000000E+00
     8550    -3.375000000E+01     1.750000000E+01     0.000000000E+00
     8551     3.125000000E+01     1.750000000E+01     0.000000000E+00
     8552     3.250000000E+01     1.625000000E+01     0.000000000E+00
     8553     3.250000000E+01    -1.625000000E+01     0.000000000E+00
     8554     3.125000000E+01    -1.750000000E+01     0.000000000E+00
     8555    -9.500000000E+01     4.625000000E+01     0.000000000E+00
     8556    -9.625000000E+01     4.500000000E+01     0.000000000E+00
     8557     9.500000000E+01     4.625000000E+01     0.000000000E+00
     8558     9.625000000E+01     4.500000000E+01     0.000000000E+00
     8559     9.625000000E+01    -4.500000000E+01     0.000000000E+00
     8560     9.500000000E+01    -4.625000000E+01     0.000000000E+00
     8561    -9.500000000E+01    -4.625000000E+01     0.000000000E+00
     8562    -9.625000000E+01    -4.500000000E+01     0.000000000E+00
     8563    -3.250000000E+01    -1.375000000E+01     0.000000000E+00
     8564    -3.250000000E+01    -1.125000000E+01     0.000000000E+00
     8565    -3.250000000E+01    -8.750000001E+00     0.000000000E+00
     8566    -3.250000000E+01    -6.250000001E+00     0.000000000E+00
     8567    -3.250000000E+01    -3.750000001E+00     0.000000000E+00
     8568    -3.250000000E+01    -1.250000000E+00     0.000000000E+00
     8569    -3.250000000E+01     1.250000000E+00     0.000000000E+00
     8570    -3.250000000E+01     3.750000000E+00     0.000000000E+00
     8571    -3.250000000E+01     6.250000000E+00     0.000000000E+00
     8572    -3.250000000E+01     8.750000001E+00     0.000000000E+00
     8573    -3.250000000E+01     1.125000000E+01     0.000000000E+00
     8574    -3.250000000E+01     1.375000000E+01     0.000000000E+00
     8575    -2.875000000E+01     1.750000000E+01     0.000000000E+00
     8576    -3.000000000E+01     1.875000000E+01     0.000000000E+00
     8577    -2.625000000E+01     1.750000000E+01     0.000000000E+00
     8578    -2.375000000E+01     1.750000000E+01     0.000000000E+00
     8579    -2.125000000E+01     1.750000000E+01     0.000000000E+00
     8580    -1.875000000E+01     1.750000000E+01     0.000000000E+00
     8581    -2.000000000E+01     1.875000000E+01     0.000000000E+00
     8582    -1.625000000E+01     1.750000000E+01     0.000000000E+00
     8583    -1.375000000E+01     1.750000000E+01     0.000000000E+00
     8584    -1.125000000E+01     1.750000000E+01     0.000000000E+00
     8585    -8.750000000E+00     1.750000000E+01     0.000000000E+00
     8586    -6.250000000E+00     1.750000000E+01     0.000000000E+00
     8587    -3.750000000E+00     1.750000000E+01     0.000000000E+00
     8588    -1.250000000E+00     1.750000000E+01     0.000000000E+00
     8589     1.250000000E+00     1.750000000E+01     0.000000000E+00
     8590     3.750000000E+00     1.750000000E+01     0.000000000E+00
     8591     6.250000000E+00     1.750000000E+01     0.000000000E+00
     8592     8.750000001E+00     1.750000000E+01     0.000000000E+00
     8593     1.125000000E+01     1.750000000E+01     0.000000000E+00
     8594     1.375000000E+01     1.750000000E+01     0.000000000E+00
     8595     1.625000000E+01     1.750000000E+01     0.000000000E+00
     8596     1.875000000E+01     1.750000000E+01     0.000000000E+00
     8597     2.125000000E+01     1.750000000E+01     0.000000000E+00
     8598     2.375000000E+01     1.750000000E+01     0.000000000E+00
     8599     2.625000000E+01     1.750000000E+01     0.000000000E+00
     8600     2.875000000E+01     1.750000000E+01     0.000000000E+00
     8601     3.250000000E+01     1.375000000E+01     0.000000000E+00
     8602     3.250000000E+01     1.125000000E+01     0.000000000E+00
     8603     3.250000000E+01     8.749999999E+00     0.000000000E+00
     8604     3.250000000E+01     6.249999999E+00     0.000000000E+00
     8605     3.250000000E+01     3.750000000E+00     0.000000000E+00
     8606     3.250000000E+01     1.250000000E+00     0.000000000E+00
     8607     3.250000000E+01    -1.250000000E+00     0.000000000E+00
     8608     3.250000000E+01    -3.750000000E+00     0.000000000E+00
     8609     3.250000000E+01    -6.249999999E+00     0.000000000E+00
     8610     3.250000000E+01    -8.749999999E+00     0.000000000E+00
     8611     3.250000000E+01    -1.125000000E+01     0.000000000E+00
     8612     3.250000000E+01    -1.375000000E+01     0.000000000E+00
     8613     2.875000000E+01    -1.750000000E+01     0.000000000E+00
     8614     3.000000000E+01    -1.875000000E+01     0.000000000E+00
     8615     2.625000000E+01    -1.750000000E+01     0.000000000E+00
     8616     2.125000000E+01    -1.750000000E+01     0.000000000E+00
     8617     2.375000000E+01    -1.750000000E+01     0.000000000E+00
     8618     2.250000000E+01    -1.875000000E+01     0.000000000E+00
     8619     1.875000000E+01    -1.750000000E+01     0.000000000E+00
     8620    -2.875000000E+01    -1.750000000E+01     0.000000000E+00
     8621    -2.625000000E+01    -1.750000000E+01     0.000000000E+00
     8622    -2.375000000E+01    -1.750000000E+01     0.000000000E+00
     8623    -2.500000000E+01    -1.875000000E+01     0.000000000E+00
     8624    -2.125000000E+01    -1.750000000E+01     0.000000000E+00
     8625    -1.875000000E+01    -1.750000000E+01     0.000000000E+00
     8626    -1.625000000E+01    -1.750000000E+01     0.000000000E+00
     8627    -1.375000000E+01    -1.750000000E+01     0.000000000E+00
     8628    -1.125000000E+01    -1.750000000E+01     0.000000000E+00
     8629    -8.750000000E+00    -1.750000000E+01     0.000000000E+00
     8630    -6.250000000E+00    -1.750000000E+01     0.000000000E+00
     8631    -3.750000000E+00    -1.750000000E+01     0.000000000E+00
     8632    -1.250000000E+00    -1.750000000E+01     0.000000000E+00
     8633     1.250000000E+00    -1.750000000E+01     0.000000000E+00
     8634     3.750000000E+00    -1.750000000E+01     0.000000000E+00
     8635     6.250000000E+00    -1.750000000E+01     0.000000000E+00
     8636     8.750000001E+00    -1.750000000E+01     0.000000000E+00
     8637     1.125000000E+01    -1.750000000E+01     0.000000000E+00
     8638     1.375000000E+01    -1.750000000E+01     0.000000000E+00
     8639     1.625000000E+01    -1.750000000E+01     0.000000000E+00
     8640    -9.375000000E+01     4.750000000E+01     0.000000000E+00
     8641    -9.625000000E+01     4.750000000E+01     0.000000000E+00
     8642    -9.125000000E+01     4.750000000E+01     0.000000000E+00
     8643    -8.875000000E+01     4.750000000E+01     0.000000000E+00
     8644    -9.000000000E+01     4.625000000E+01     0.000000000E+00
     8645    -8.625000000E+01     4.750000000E+01     0.000000000E+00
     8646    -8.375000000E+01     4.750000000E+01     0.000000000E+00
     8647    -8.500000000E+01     4.625000000E+01     0.000000000E+00
     8648    -8.125000000E+01     4.750000000E+01     0.000000000E+00
     8649    -7.875000000E+01     4.750000000E+01     0.000000000E+00
     8650    -7.625000000E+01     4.750000000E+01     0.000000000E+00
     8651    -7.375000000E+01     4.750000000E+01     0.000000000E+00
     8652    -7.125000000E+01     4.750000000E+01     0.000000000E+00
     8653    -6.875000000E+01     4.750000000E+01     0.000000000E+00
     8654    -6.625000000E+01     4.750000000E+01     0.000000000E+00
     8655    -6.375000000E+01     4.750000000E+01     0.000000000E+00
     8656    -6.125000000E+01     4.750000000E+01     0.000000000E+00
     8657    -5.875000000E+01     4.750000000E+01     0.000000000E+00
     8658    -6.000000000E+01     4.625000000E+01     0.000000000E+00
     8659    -5.625000000E+01     4.750000000E+01     0.000000000E+00
     8660    -5.375000000E+01     4.750000000E+01     0.000000000E+00
     8661    -5.500000000E+01     4.625000000E+01     0.000000000E+00
     8662    -5.125000000E+01     4.750000000E+01     0.000000000E+00
     8663    -4.875000000E+01     4.750000000E+01     0.000000000E+00
     8664    -5.000000000E+01     4.625000000E+01     0.000000000E+00
     8665    -4.625000000E+01     4.750000000E+01     0.000000000E+00
     8666    -4.375000000E+01     4.750000000E+01     0.000000000E+00
     8667    -4.500000000E+01     4.625000000E+01     0.000000000E+00
     8668    -4.125000000E+01     4.750000000E+01     0.000000000E+00
     8669    -3.875000000E+01     4.750000000E+01     0.000000000E+00
     8670    -4.000000000E+01     4.625000000E+01     0.000000000E+00
     8671    -3.625000000E+01     4.750000000E+01     0.000000000E+00
     8672    -3.375000000E+01     4.750000000E+01     0.000000000E+00
     8673    -3.500000000E+01     4.625000000E+01     0.000000000E+00
     8674    -3.125000000E+01     4.750000000E+01     0.000000000E+00
     8675    -3.250000000E+01     4.625000000E+01     0.000000000E+00
     8676    -2.875000000E+01     4.750000000E+01     0.000000000E+00
     8677    -2.625000000E+01     4.750000000E+01     0.000000000E+00
     8678    -2.375000000E+01     4.750000000E+01     0.000000000E+00
     8679    -2.500000000E+01     4.625000000E+01     0.000000000E+00
     8680    -2.125000000E+01     4.750000000E+01     0.000000000E+00
     8681    -1.875000000E+01     4.750000000E+01     0.000000000E+00
     8682    -2.000000000E+01     4.625000000E+01     0.000000000E+00
     8683    -1.625000000E+01     4.750000000E+01     0.000000000E+00
     8684    -1.375000000E+01     4.750000000E+01     0.000000000E+00
     8685    -1.125000000E+01     4.750000000E+01     0.000000000E+00
     8686    -8.750000000E+00     4.750000000E+01     0.000000000E+00
     8687    -1.000000000E+01     4.625000000E+01     0.000000000E+00
     8688    -6.250000000E+00     4.750000000E+01     0.000000000E+00
     8689    -3.750000000E+00     4.750000000E+01     0.000000000E+00
     8690    -5.000000000E+00     4.625000000E+01     0.000000000E+00
     8691    -1.250000000E+00     4.750000000E+01     0.000000000E+00
     8692     1.250000000E+00     4.750000000E+01     0.000000000E+00
     8693     3.750000000E+00     4.750000000E+01     0.000000000E+00
     8694     6.250000000E+00     4.750000000E+01     0.000000000E+00
     8695     5.000000000E+00     4.625000000E+01     0.000000000E+00
     8696     8.750000000E+00     4.750000000E+01     0.000000000E+00
     8697     1.125000000E+01     4.750000000E+01     0.000000000E+00
     8698     1.000000000E+01     4.625000000E+01     0.000000000E+00
     8699     1.375000000E+01     4.750000000E+01     0.000000000E+00
     8700     1.625000000E+01     4.750000000E+01     0.000000000E+00
     8701     1.875000000E+01     4.750000000E+01     0.000000000E+00
     8702     2.125000000E+01     4.750000000E+01     0.000000000E+00
     8703     2.000000000E+01     4.625000000E+01     0.000000000E+00
     8704     2.375000000E+01     4.750000000E+01     0.000000000E+00
     8705     2.250000000E+01     4.625000000E+01     0.000000000E+00
     8706     2.625000000E+01     4.750000000E+01     0.000000000E+00
     8707     2.875000000E+01     4.750000000E+01     0.000000000E+00
     8708     2.750000000E+01     4.625000000E+01     0.000000000E+00
     8709     3.125000000E+01     4.750000000E+01     0.000000000E+00
     8710     3.000000000E+01     4.625000000E+01     0.000000000E+00
     8711     3.375000000E+01     4.750000000E+01     0.000000000E+00
     8712     3.625000000E+01     4.750000000E+01     0.000000000E+00
     8713     3.875000000E+01     4.750000000E+01     0.000000000E+00
     8714     4.125000000E+01     4.750000000E+01     0.000000000E+00
     8715     4.000000000E+01     4.625000000E+01     0.000000000E+00
     8716     4.375000000E+01     4.750000000E+01     0.000000000E+00
     8717     4.625000000E+01     4.750000000E+01     0.000000000E+00
     8718     4.500000000E+01     4.625000000E+01     0.000000000E+00
     8719     4.875000000E+01     4.750000000E+01     0.000000000E+00
     8720     5.125000000E+01     4.750000000E+01     0.000000000E+00
     8721     5.000000000E+01     4.625000000E+01     0.000000000E+00
     8722     5.375000000E+01     4.750000000E+01     0.000000000E+00
     8723     5.625000000E+01     4.750000000E+01     0.000000000E+00
     8724     5.875000000E+01     4.750000000E+01     0.000000000E+00
     8725     6.125000000E+01     4.750000000E+01     0.000000000E+00
     8726     6.375000000E+01     4.750000000E+01     0.000000000E+00
     8727     6.625000000E+01     4.750000000E+01     0.000000000E+00
     8728     6.500000000E+01     4.625000000E+01     0.000000000E+00
     8729     6.875000000E+01     4.750000000E+01     0.000000000E+00
     8730     7.125000000E+01     4.750000000E+01     0.000000000E+00
     8731     7.000000000E+01     4.625000000E+01     0.000000000E+00
     8732     7.375000000E+01     4.750000000E+01     0.000000000E+00
     8733     7.625000000E+01     4.750000000E+01     0.000000000E+00
     8734     7.500000000E+01     4.625000000E+01     0.000000000E+00
     8735     7.875000000E+01     4.750000000E+01     0.000000000E+00
     8736     8.125000000E+01     4.750000000E+01     0.000000000E+00
     8737     8.375000000E+01     4.750000000E+01     0.000000000E+00
     8738     8.625000000E+01     4.750000000E+01     0.000000000E+00
     8739     8.875000000E+01     4.750000000E+01     0.000000000E+00
     8740     9.125000000E+01     4.750000000E+01     0.000000000E+00
     8741     9.000000000E+01     4.625000000E+01     0.000000000E+00
     8742     9.375000000E+01     4.750000000E+01     0.000000000E+00
     8743     9.625000000E+01     4.750000000E+01     0.000000000E+00
     8744     9.750000000E+01     4.625000000E+01     0.000000000E+00
     8745     9.750000000E+01     4.375000000E+01     0.000000000E+00
     8746     9.750000000E+01     4.125000000E+01     0.000000000E+00
     8747     9.750000000E+01     3.875000000E+01     0.000000000E+00
     8748     9.750000000E+01     3.625000000E+01     0.000000000E+00
     8749     9.750000000E+01     3.375000000E+01     0.000000000E+00
     8750     9.750000000E+01     3.125000000E+01     0.000000000E+00
     8751     9.750000000E+01     2.875000000E+01     0.000000000E+00
     8752     9.750000000E+01     2.625000000E+01     0.000000000E+00
     8753     9.750000000E+01     2.375000000E+01     0.000000000E+00
     8754     9.625000000E+01     2.500000000E+01     0.000000000E+00
     8755     9.750000000E+01     2.125000000E+01     0.000000000E+00
     8756     9.750000000E+01     1.875000000E+01     0.000000000E+00
     8757     9.750000000E+01     1.625000000E+01     0.000000000E+00
     8758     9.750000000E+01     1.375000000E+01     0.000000000E+00
     8759     9.625000000E+01     1.500000000E+01     0.000000000E+00
     8760     9.750000000E+01     1.125000000E+01     0.000000000E+00
     8761     9.750000000E+01     8.750000000E+00     0.000000000E+00
     8762     9.750000000E+01     6.250000000E+00     0.000000000E+00
     8763     9.750000000E+01     3.750000000E+00     0.000000000E+00
     8764     9.625000000E+01     5.000000000E+00     0.000000000E+00
     8765     9.750000000E+01     1.250000000E+00     0.000000000E+00
     8766     9.750000000E+01    -1.250000000E+00     0.000000000E+00
     8767     9.625000000E+01    -1.528725063E-14     0.000000000E+00
     8768     9.750000000E+01    -3.750000000E+00     0.000000000E+00
     8769     9.750000000E+01    -6.250000000E+00     0.000000000E+00
     8770     9.625000000E+01    -5.000000000E+00     0.000000000E+00
     8771     9.750000000E+01    -8.750000000E+00     0.000000000E+00
     8772     9.750000000E+01    -1.125000000E+01     0.000000000E+00
     8773     9.625000000E+01    -1.000000000E+01     0.000000000E+00
     8774     9.750000000E+01    -1.375000000E+01     0.000000000E+00
     8775     9.750000000E+01    -1.625000000E+01     0.000000000E+00
     8776     9.625000000E+01    -1.500000000E+01     0.000000000E+00
     8777     9.750000000E+01    -1.875000000E+01     0.000000000E+00
     8778     9.750000000E+01    -2.125000000E+01     0.000000000E+00
     8779     9.625000000E+01    -2.000000000E+01     0.000000000E+00
     8780     9.750000000E+01    -2.375000000E+01     0.000000000E+00
     8781     9.750000000E+01    -2.625000000E+01     0.000000000E+00
     8782     9.750000000E+01    -2.875000000E+01     0.000000000E+00
     8783     9.750000000E+01    -3.125000000E+01     0.000000000E+00
     8784     9.625000000E+01    -3.000000000E+01     0.000000000E+00
     8785     9.750000000E+01    -3.375000000E+01     0.000000000E+00
     8786     9.750000000E+01    -3.625000000E+01     0.000000000E+00
     8787     9.625000000E+01    -3.500000000E+01     0.000000000E+00
     8788     9.750000000E+01    -3.875000000E+01     0.000000000E+00
     8789     9.625000000E+01    -3.750000000E+01     0.000000000E+00
     8790     9.750000000E+01    -4.125000000E+01     0.000000000E+00
     8791     9.625000000E+01    -4.000000000E+01     0.000000000E+00
     8792     9.750000000E+01    -4.375000000E+01     0.000000000E+00
     8793     9.750000000E+01    -4.625000000E+01     0.000000000E+00
     8794     9.625000000E+01    -4.750000000E+01     0.000000000E+00
     8795     9.375000000E+01    -4.750000000E+01     0.000000000E+00
     8796     9.125000000E+01    -4.750000000E+01     0.000000000E+00
     8797     8.875000000E+01    -4.750000000E+01     0.000000000E+00
     8798     8.625000000E+01    -4.750000000E+01     0.000000000E+00
     8799     8.375000000E+01    -4.750000000E+01     0.000000000E+00
     8800     8.125000000E+01    -4.750000000E+01     0.000000000E+00
     8801     7.875000000E+01    -4.750000000E+01     0.000000000E+00
     8802     8.000000000E+01    -4.625000000E+01     0.000000000E+00
     8803     7.625000000E+01    -4.750000000E+01     0.000000000E+00
     8804     7.375000000E+01    -4.750000000E+01     0.000000000E+00
     8805     7.500000000E+01    -4.625000000E+01     0.000000000E+00
     8806     7.125000000E+01    -4.750000000E+01     0.000000000E+00
     8807     6.875000000E+01    -4.750000000E+01     0.000000000E+00
     8808     7.000000000E+01    -4.625000000E+01     0.000000000E+00
     8809     6.625000000E+01    -4.750000000E+01     0.000000000E+00
     8810     6.375000000E+01    -4.750000000E+01     0.000000000E+00
     8811     6.500000000E+01    -4.625000000E+01     0.000000000E+00
     8812     6.125000000E+01    -4.750000000E+01     0.000000000E+00
     8813     6.250000000E+01    -4.625000000E+01     0.000000000E+00
     8814     5.875000000E+01    -4.750000000E+01     0.000000000E+00
     8815     6.000000000E+01    -4.625000000E+01     0.000000000E+00
     8816     5.625000000E+01    -4.750000000E+01     0.000000000E+00
     8817     5.375000000E+01    -4.750000000E+01     0.000000000E+00
     8818     5.500000000E+01    -4.625000000E+01     0.000000000E+00
     8819     5.125000000E+01    -4.750000000E+01     0.000000000E+00
     8820     4.875000000E+01    -4.750000000E+01     0.000000000E+00
     8821     5.000000000E+01    -4.625000000E+01     0.000000000E+00
     8822     4.625000000E+01    -4.750000000E+01     0.000000000E+00
     8823     4.375000000E+01    -4.750000000E+01     0.000000000E+00
     8824     4.125000000E+01    -4.750000000E+01     0.000000000E+00
     8825     3.875000000E+01    -4.750000000E+01     0.000000000E+00
     8826     3.625000000E+01    -4.750000000E+01     0.000000000E+00
     8827     3.375000000E+01    -4.750000000E+01     0.000000000E+00
     8828     3.500000000E+01    -4.625000000E+01     0.000000000E+00
     8829     3.125000000E+01    -4.750000000E+01     0.000000000E+00
     8830     2.875000000E+01    -4.750000000E+01     0.000000000E+00
     8831     2.625000000E+01    -4.750000000E+01     0.000000000E+00
     8832     2.750000000E+01    -4.625000000E+01     0.000000000E+00
     8833     2.375000000E+01    -4.750000000E+01     0.000000000E+00
     8834     2.125000000E+01    -4.750000000E+01     0.000000000E+00
     8835     1.875000000E+01    -4.750000000E+01     0.000000000E+00
     8836     2.000000000E+01    -4.625000000E+01     0.000000000E+00
     8837     1.625000000E+01    -4.750000000E+01     0.000000000E+00
     8838     1.375000000E+01    -4.750000000E+01     0.000000000E+00
     8839     1.500000000E+01    -4.625000000E+01     0.000000000E+00
     8840     1.125000000E+01    -4.750000000E+01     0.000000000E+00
     8841     8.750000000E+00    -4.750000000E+01     0.000000000E+00
     8842     1.000000000E+01    -4.625000000E+01     0.000000000E+00
     8843     6.250000000E+00    -4.750000000E+01     0.000000000E+00
     8844     3.750000000E+00    -4.750000000E+01     0.000000000E+00
     8845     5.000000000E+00    -4.625000000E+01     0.000000000E+00
     8846     1.250000000E+00    -4.750000000E+01     0.000000000E+00
     8847    -1.250000000E+00    -4.750000000E+01     0.000000000E+00
     8848    -3.148929685E-14    -4.625000000E+01     0.000000000E+00
     8849    -3.750000000E+00    -4.750000000E+01     0.000000000E+00
     8850    -6.250000000E+00    -4.750000000E+01     0.000000000E+00
     8851    -5.000000000E+00    -4.625000000E+01     0.000000000E+00
     8852    -8.750000000E+00    -4.750000000E+01     0.000000000E+00
     8853    -1.125000000E+01    -4.750000000E+01     0.000000000E+00
     8854    -1.000000000E+01    -4.625000000E+01     0.000000000E+00
     8855    -1.375000000E+01    -4.750000000E+01     0.000000000E+00
     8856    -1.625000000E+01    -4.750000000E+01     0.000000000E+00
     8857    -1.500000000E+01    -4.625000000E+01     0.000000000E+00
     8858    -1.875000000E+01    -4.750000000E+01     0.000000000E+00
     8859    -2.125000000E+01    -4.750000000E+01     0.000000000E+00
     8860    -2.000000000E+01    -4.625000000E+01     0.000000000E+00
     8861    -2.375000000E+01    -4.750000000E+01     0.000000000E+00
     8862    -2.625000000E+01    -4.750000000E+01     0.000000000E+00
     8863    -2.500000000E+01    -4.625000000E+01     0.000000000E+00
     8864    -2.875000000E+01    -4.750000000E+01     0.000000000E+00
     8865    -3.125000000E+01    -4.750000000E+01     0.000000000E+00
     8866    -3.375000000E+01    -4.750000000E+01     0.000000000E+00
     8867    -3.625000000E+01    -4.750000000E+01     0.000000000E+00
     8868    -3.875000000E+01    -4.750000000E+01     0.000000000E+00
     8869    -4.125000000E+01    -4.750000000E+01     0.000000000E+00
     8870    -4.375000000E+01    -4.750000000E+01     0.000000000E+00
     8871    -4.625000000E+01    -4.750000000E+01     0.000000000E+00
     8872    -4.875000000E+01    -4.750000000E+01     0.000000000E+00
     8873    -5.125000000E+01    -4.750000000E+01     0.000000000E+00
     8874    -5.375000000E+01    -4.750000000E+01     0.000000000E+00
     8875    -5.625000000E+01    -4.750000000E+01     0.000000000E+00
     8876    -5.500000000E+01    -4.625000000E+01     0.000000000E+00
     8877    -5.875000000E+01    -4.750000000E+01     0.000000000E+00
     8878    -6.125000000E+01    -4.750000000E+01     0.000000000E+00
     8879    -6.000000000E+01    -4.625000000E+01     0.000000000E+00
     8880    -6.375000000E+01    -4.750000000E+01     0.000000000E+00
     8881    -6.625000000E+01    -4.750000000E+01     0.000000000E+00
     8882    -6.500000000E+01    -4.625000000E+01     0.000000000E+00
     8883    -6.875000000E+01    -4.750000000E+01     0.000000000E+00
     8884    -7.125000000E+01    -4.750000000E+01     0.000000000E+00
     8885    -7.000000000E+01    -4.625000000E+01     0.000000000E+00
     8886    -7.375000000E+01    -4.750000000E+01     0.000000000E+00
     8887    -7.625000000E+01    -4.750000000E+01     0.000000000E+00
     8888    -7.500000000E+01    -4.625000000E+01     0.000000000E+00
     8889    -7.875000000E+01    -4.750000000E+01     0.000000000E+00
     8890    -8.125000000E+01    -4.750000000E+01     0.000000000E+00
     8891    -8.000000000E+01    -4.625000000E+01     0.000000000E+00
     8892    -8.375000000E+01    -4.750000000E+01     0.000000000E+00
     8893    -8.625000000E+01    -4.750000000E+01     0.000000000E+00
     8894    -8.875000000E+01    -4.750000000E+01     0.000000000E+00
     8895    -9.125000000E+01    -4.750000000E+01     0.000000000E+00
     8896    -9.000000000E+01    -4.625000000E+01     0.000000000E+00
     8897    -9.375000000E+01    -4.750000000E+01     0.000000000E+00
     8898    -9.625000000E+01    -4.750000000E+01     0.000000000E+00
     8899    -9.750000000E+01    -4.625000000E+01     0.000000000E+00
     8900    -9.750000000E+01    -4.375000000E+01     0.000000000E+00
     8901    -9.750000000E+01    -4.125000000E+01     0.000000000E+00
     8902    -9.750000000E+01    -3.875000000E+01     0.000000000E+00
     8903    -9.625000000E+01    -4.000000000E+01     0.000000000E+00
     8904    -9.750000000E+01    -3.625000000E+01     0.000000000E+00
     8905    -9.750000000E+01    -3.375000000E+01     0.000000000E+00
     8906    -9.625000000E+01    -3.500000000E+01     0.000000000E+00
     8907    -9.750000000E+01    -3.125000000E+01     0.000000000E+00
     8908    -9.750000000E+01    -2.875000000E+01     0.000000000E+00
     8909    -9.625000000E+01    -3.000000000E+01     0.000000000E+00
     8910    -9.750000000E+01    -2.625000000E+01     0.000000000E+00
     8911    -9.750000000E+01    -2.375000000E+01     0.000000000E+00
     8912    -9.750000000E+01    -2.125000000E+01     0.000000000E+00
     8913    -9.750000000E+01    -1.875000000E+01     0.000000000E+00
     8914    -9.625000000E+01    -2.000000000E+01     0.000000000E+00
     8915    -9.750000000E+01    -1.625000000E+01     0.000000000E+00
     8916    -9.750000000E+01    -1.375000000E+01     0.000000000E+00
     8917    -9.625000000E+01    -1.500000000E+01     0.000000000E+00
     8918    -9.750000000E+01    -1.125000000E+01     0.000000000E+00
     8919    -9.750000000E+01    -8.750000000E+00     0.000000000E+00
     8920    -9.750000000E+01    -6.250000000E+00     0.000000000E+00
     8921    -9.750000000E+01    -3.750000000E+00     0.000000000E+00
     8922    -9.625000000E+01    -5.000000000E+00     0.000000000E+00
     8923    -9.750000000E+01    -1.250000000E+00     0.000000000E+00
     8924    -9.750000000E+01     1.250000000E+00     0.000000000E+00
     8925    -9.625000000E+01     1.542277590E-14     0.000000000E+00
     8926    -9.750000000E+01     3.750000000E+00     0.000000000E+00
     8927    -9.750000000E+01     6.250000000E+00     0.000000000E+00
     8928    -9.750000000E+01     8.750000000E+00     0.000000000E+00
     8929    -9.750000000E+01     1.125000000E+01     0.000000000E+00
     8930    -9.750000000E+01     1.375000000E+01     0.000000000E+00
     8931    -9.750000000E+01     1.625000000E+01     0.000000000E+00
     8932    -9.750000000E+01     1.875000000E+01     0.000000000E+00
     8933    -9.750000000E+01     2.125000000E+01     0.000000000E+00
     8934    -9.625000000E+01     2.000000000E+01     0.000000000E+00
     8935    -9.750000000E+01     2.375000000E+01     0.000000000E+00
     8936    -9.750000000E+01     2.625000000E+01     0.000000000E+00
     8937    -9.625000000E+01     2.500000000E+01     0.000000000E+00
     8938    -9.750000000E+01     2.875000000E+01     0.000000000E+00
     8939    -9.750000000E+01     3.125000000E+01     0.000000000E+00
     8940    -9.625000000E+01     3.000000000E+01     0.000000000E+00
     8941    -9.750000000E+01     3.375000000E+01     0.000000000E+00
     8942    -9.750000000E+01     3.625000000E+01     0.000000000E+00
     8943    -9.625000000E+01     3.500000000E+01     0.000000000E+00
     8944    -9.750000000E+01     3.875000000E+01     0.000000000E+00
     8945    -9.750000000E+01     4.125000000E+01     0.000000000E+00
     8946    -9.625000000E+01     4.000000000E+01     0.000000000E+00
     8947    -9.750000000E+01     4.375000000E+01     0.000000000E+00
     8948    -9.750000000E+01     4.625000000E+01     0.000000000E+00
     8949    -5.375000000E+01     2.500000003E+00     0.000000000E+00
     8950     2.125000000E+01     4.500000000E+01     0.000000000E+00
     8951     2.250000000E+01     4.375000000E+01     0.000000000E+00
     8952     5.875000000E+01     4.250000000E+01     0.000000000E+00
     8953     3.000000000E+01    -2.375000000E+01     0.000000000E+00
     8954     2.875000000E+01    -2.500000000E+01     0.000000000E+00
     8955     3.000000000E+01    -2.625000000E+01     0.000000000E+00
     8956    -6.375000000E+01    -5.000000000E+00     0.000000000E+00
     8957     2.750000000E+01     4.375000000E+01     0.000000000E+00
     8958    -6.625000000E+01    -1.000000000E+01     0.000000000E+00
     8959     5.125000000E+01     1.499999999E+01     0.000000000E+00
     8960     2.750000000E+01    -4.375000000E+01     0.000000000E+00
     8961    -3.750000000E+01     1.875000000E+01     0.000000000E+00
     8962     2.875000000E+01     4.500000000E+01     0.000000000E+00
     8963     6.625000000E+01    -5.000000000E+00     0.000000000E+00
     8964    -4.375000000E+01    -1.500000000E+01     0.000000000E+00
     8965    -4.625000000E+01    -1.500000000E+01     0.000000000E+00
     8966     3.000000000E+01    -2.125000000E+01     0.000000000E+00
     8967    -6.625000000E+01     1.750000000E+01     0.000000000E+00
     8968    -6.500000000E+01     1.625000000E+01     0.000000000E+00
     8969     4.750000000E+01     1.375000000E+01     0.000000000E+00
     8970     4.750000000E+01     1.125000000E+01     0.000000000E+00
     8971     8.750000000E+01    -3.625000000E+01     0.000000000E+00
     8972    -8.375000000E+01    -3.500000000E+01     0.000000000E+00
     8973    -3.250000000E+01    -2.375000000E+01     0.000000000E+00
     8974     5.875000000E+01    -1.750000000E+01     0.000000000E+00
     8975    -5.375000000E+01    -1.500000001E+01     0.000000000E+00
     8976    -6.125000000E+01    -5.000000000E+00     0.000000000E+00
     8977     3.250000000E+01     2.375000000E+01     0.000000000E+00
     8978     6.375000000E+01    -4.500000000E+01     0.000000000E+00
     8979    -3.875000000E+01     1.750000000E+01     0.000000000E+00
     8980    -3.625000000E+01     1.750000000E+01     0.000000000E+00
     8981    -8.500000000E+01     2.875000000E+01     0.000000000E+00
     8982     6.500000000E+01    -1.625000000E+01     0.000000000E+00
     8983     6.500000000E+01    -1.875000000E+01     0.000000000E+00
     8984     5.000000000E+01    -1.875000000E+01     0.000000000E+00
     8985    -3.250000000E+01     4.375000000E+01     0.000000000E+00
     8986    -3.375000000E+01     4.500000000E+01     0.000000000E+00
     8987     2.750000000E+01    -2.625000000E+01     0.000000000E+00
     8988    -5.125000000E+01    -1.500000001E+01     0.000000000E+00
     8989    -4.125000000E+01     1.750000000E+01     0.000000000E+00
     8990    -4.375000000E+01     1.750000000E+01     0.000000000E+00
     8991    -4.250000000E+01     1.875000000E+01     0.000000000E+00
     8992     6.250000000E+01    -4.375000000E+01     0.000000000E+00
     8993     6.125000000E+01    -4.500000000E+01     0.000000000E+00
     8994     4.625000000E+01     1.500000000E+01     0.000000000E+00
     8995     4.875000000E+01     1.499999999E+01     0.000000000E+00
     8996     6.625000000E+01    -1.000000000E+01     0.000000000E+00
     8997     4.375000000E+01     1.500000000E+01     0.000000000E+00
     8998     4.250000000E+01     1.625000000E+01     0.000000000E+00
     8999     4.125000000E+01     1.500000000E+01     0.000000000E+00
     9000     6.375000000E+01     4.820536331E-11     0.000000000E+00
     9001     6.625000000E+01     4.420330204E-11     0.000000000E+00
     9002    -6.750000000E+01     1.625000000E+01     0.000000000E+00
     9003    -6.750000000E+01     1.875000000E+01     0.000000000E+00
     9004    -4.875000000E+01    -1.500000001E+01     0.000000000E+00
     9005     2.875000000E+01    -2.750000000E+01     0.000000000E+00
     9006    -4.125000000E+01     3.000000000E+01     0.000000000E+00
     9007    -6.125000000E+01     9.316042065E-11     0.000000000E+00
     9008     3.250000000E+01     2.875000000E+01     0.000000000E+00
     9009     9.375000000E+01    -3.750000000E+01     0.000000000E+00
     9010     9.500000000E+01    -3.875000000E+01     0.000000000E+00
     9011     9.500000000E+01    -3.625000000E+01     0.000000000E+00
     9012    -4.125000000E+01     3.500000000E+01     0.000000000E+00
     9013     3.000000000E+01    -2.875000000E+01     0.000000000E+00
     9014     6.125000000E+01     9.999999998E+00     0.000000000E+00
     9015     6.375000000E+01     1.000000000E+01     0.000000000E+00
     9016     5.875000000E+01     4.999999997E+00     0.000000000E+00
     9017     5.750000000E+01     3.749999994E+00     0.000000000E+00
     9018    -4.625000000E+01     2.000000000E+01     0.000000000E+00
     9019    -4.500000000E+01     1.875000000E+01     0.000000000E+00
     9020    -4.375000000E+01     2.000000000E+01     0.000000000E+00
     9021    -4.375000000E+01     2.500000000E+01     0.000000000E+00
     9022    -3.000000000E+01     2.375000000E+01     0.000000000E+00
     9023    -3.000000000E+01     2.125000000E+01     0.000000000E+00
     9024    -6.875000000E+01     6.921980350E-11     0.000000000E+00
     9025     8.750000000E+01    -3.875000000E+01     0.000000000E+00
     9026    -3.000000000E+01     3.125000000E+01     0.000000000E+00
     9027    -3.000000000E+01     2.875000000E+01     0.000000000E+00
     9028     6.125000000E+01    -9.999999997E+00     0.000000000E+00
     9029     6.375000000E+01    -9.999999999E+00     0.000000000E+00
     9030     6.875000000E+01     3.619928792E-11     0.000000000E+00
     9031     6.375000000E+01     1.750000000E+01     0.000000000E+00
     9032     5.125000000E+01    -1.750000000E+01     0.000000000E+00
     9033     4.875000000E+01    -1.750000000E+01     0.000000000E+00
     9034     5.625000000E+01    -1.750000000E+01     0.000000000E+00
     9035     5.375000000E+01    -1.750000000E+01     0.000000000E+00
     9036     6.125000000E+01     5.020655658E-11     0.000000000E+00
     9037    -6.625000000E+01     1.500000000E+01     0.000000000E+00
     9038    -3.125000000E+01    -2.500000000E+01     0.000000000E+00
     9039     6.625000000E+01     1.000000000E+01     0.000000000E+00
     9040     3.250000000E+01     2.625000000E+01     0.000000000E+00
     9041    -1.875000000E+01     3.250000000E+01     0.000000000E+00
     9042    -1.125000000E+01     3.250000000E+01     0.000000000E+00
     9043     6.625000000E+01     5.000000000E+00     0.000000000E+00
     9044    -3.000000000E+01     2.625000000E+01     0.000000000E+00
     9045    -4.750000000E+01     1.875000000E+01     0.000000000E+00
     9046    -4.875000000E+01     1.750000000E+01     0.000000000E+00
     9047    -6.250000001E+00    -3.500000000E+01     0.000000000E+00
     9048    -4.625000000E+01     1.750000000E+01     0.000000000E+00
-1
/wb,elem,start            !  set before creation of elements
/com,*********** Elements for Body 1 'Surface Body' ***********
et,1,183
keyo,1,3,3
MAT,1 $ TYPE,1 $ REAL,1 $ SECNUM,1 $ ESYS,0    ! ELEMNODES = 8
eblock,21,COMPACT,,2912
(21i9)
        1     2890      328      316      313     3745     3705     3693     3696
        2      313      317      327     2890     3694     3708     3742     3696
        3      316      338      320      313     3707     3718     3695     3693
        4      320     2784      317      313     3720     3710     3694     3695
        5     2938      324     2993      314     3731     3733     3699     3698
        6      314      319      323     2938     3697     3715     3729     3698
        7     2993      337     2996      314     3772     3773     3700     3699
        8     2996      339      319      314     3778     3717     3697     3700
        9      328     2834      332      316     3744     3759     3706     3705
       10     2834      315      360      332     3704     3703     3757     3759
       11     2834     2976      353      315     8976     3813     3702     3704
       12      353      352      330      315     3810     3750     3701     3702
       13      330     2864      360      315     3752     3833     3703     3701
       14      332      370      338      316     3758     3775     3707     3706
       15      317      334      325      327     3709     3736     3735     3708
       16     2784      374      334      317     3868     3763     3709     3710
       17      324     2947     2901     2993     3732     9016     9017     3733
       18     2947      318      364     2901     3714     3712     3844     9016
       19     2947      345      347      318     3795     3794     3711     3714
       20      347     2900     2946      318     3800     9014     3713     3711
       21     2946      397      364      318     3927     3842     3712     3713
       22     2901      368      337     2993     3854     3771     3772     9017
       23      319      336      321      323     3716     3723     3722     3715
       24      339      371      336      319     3776     3769     3716     3717
       25      337      367      340     2996     3770     3779     3782     3773
       26      340      372      339     2996     3780     3777     3778     3782
       27      338      369      341      320     3774     3783     3719     3718
       28      341     2783     2784      320     3785     8949     3720     3719
       29      321      342      344      323     3724     3787     3728     3722
       30      336      366      322      321     3768     3726     3721     3723
       31      366      399     2987      322     3848     3932     3727     3726
       32     2987     2930      343      322     9028     3790     3725     3727
       33      322      343      342      321     3725     3786     3724     3721
       34     2938     2989      346      324     9036     3798     3730     3731
       35      323      344     2989     2938     3728     3792     9036     3729
       36      324      346      345     2947     3730     3793     3795     3732
       37      325      348      350      327     3737     3802     3741     3735
       38      334      361      326      325     3762     3740     3734     3736
       39      361      395      333      326     3834     3760     3738     3740
       40      333      329      349      326     3746     3747     3739     3738
       41      326      349      348      325     3739     3801     3737     3734
       42     2890     2992      351      328     9007     3809     3743     3745
       43      327      350     2992     2890     3741     3806     9007     3742
       44      328      351     2976     2834     3743     3808     8976     3744
       45     2930     3056      378      343     9029     3880     3789     3790
       46     2987      365      354     2930     3847     3814     3817     9028
       47      354      377     3056     2930     3816     3877     9029     3817
       48      329      383      386      349     3749     3894     3804     3747
       49      333     3042      355      329     3761     3820     3748     3746
       50      355      384      383      329     3819     3893     3749     3748
       51      352      331      358      330     3753     3755     3751     3750
       52      358      435     2864      330     3828     4024     3752     3751
       53      352     2797      357      331     3811     3826     3754     3753
       54      357      392      359      331     3824     3829     3756     3754
       55      359      393      358      331     3830     3827     3755     3756
       56      360      406      370      332     3832     3858     3758     3757
       57      395      436     3042      333     3921     4027     3761     3760
       58      374      411      361      334     3866     3835     3762     3763
       59     2900      335      362     2946     3767     3765     3838     9014
       60      362      438      397     2946     3837     3925     3927     3838
       61     2900     2994      356      335     9015     3823     3764     3767
       62      356      391      363      335     3821     3839     3766     3764
       63      363      396      362      335     3840     3836     3765     3766
       64      364      403      368     2901     3843     3853     3854     3844
       65      399      439      365     2987     3930     3846     3847     3932
       66      371      407      366      336     3859     3849     3768     3769
       67      368      402      367      337     3852     3851     3770     3771
       68      370      405      369      338     3857     3856     3774     3775
       69      372      408      371      339     3861     3860     3776     3777
       70      367      401      373      340     3850     3863     3781     3779
       71      373      409      372      340     3864     3862     3780     3781
       72     2783      412      374     2784     3962     3867     3868     8949
       73      369      404      375      341     3855     3869     3784     3783
       74      375      413     2783      341     3870     3965     3785     3784
       75      342     2958      379      344     3788     3883     3791     3787
       76      343      378     2958      342     3789     3879     3788     3786
       77     2989     2870      380      346     9000     3885     3797     3798
       78      344      379     2870     2989     3791     3882     9000     3792
       79      345     3057      381      347     3796     3889     3799     3794
       80      346      380     3057      345     3797     3886     3796     3793
       81      347      381     2994     2900     3799     3888     9015     3800
       82      348      385      388      350     3803     3899     3805     3802
       83      349      386      385      348     3804     3898     3803     3801
       84     2992      387      389      351     3905     3903     3807     3809
       85      350      388      387     2992     3805     3902     3905     3806
       86     2976     2794      390      353     8956     3910     3812     3813
       87      351      389     2794     2976     3807     3908     8956     3808
       88      353      390     2797      352     3812     3911     3811     3810
       89      365      398      376      354     3845     3872     3815     3814
       90      376     2932      377      354     3874     3876     3816     3815
       91     3042      394      382      355     3920     3890     3818     3820
       92      382     2942      384      355     3892     3897     3819     3818
       93     2994     2954      421      356     9039     3988     3822     3823
       94      421     2923      391      356     3987     3912     3821     3822
       95     2797     2863      431      357     8958     4013     3825     3826
       96      431      430      392      357     4010     3914     3824     3825
       97      393      461      435      358     3917     4022     3828     3827
       98      392      433      432      359     3915     4015     3831     3829
       99      432      434      393      359     4016     3916     3830     3831
      100     2864      449      406      360     4058     3947     3832     3833
      101      436      464      394     3042     4025     3918     3920     4027
      102      411      456      395      361     3958     3922     3834     3835
      103      396      465      438      362     3924     4031     3837     3836
      104      391     2934     3001      363     3913     9031     3841     3839
      105     3001      437      396      363     4030     3923     3840     3841
      106      397      445      403      364     3926     3941     3843     3842
      107      439      466      398      365     4033     3928     3845     3846
      108      407      451      399      366     3949     3931     3848     3849
      109      402      444      401      367     3939     3938     3850     3851
      110      403      446      402      368     3942     3940     3852     3853
      111      405      448      404      369     3945     3944     3855     3856
      112      406      450      405      370     3948     3946     3857     3858
      113      408      452      407      371     3951     3950     3859     3860
      114      409      453      408      372     3953     3952     3861     3862
      115      401      443      410      373     3937     3955     3865     3863
      116      410      455      409      373     3957     3954     3864     3865
      117      412      457      411      374     3960     3959     3866     3867
      118      413      458      412     2783     3963     3961     3962     3965
      119      404      447      414      375     3943     3966     3871     3869
      120      414      460      413      375     3968     3964     3870     3871
      121     2932      400      416      377     3936     3933     3875     3876
      122     2932     2848      440      400     8982     4037     3934     3936
      123      398     2830      415      376     3929     3970     3873     3872
      124      376      415     2848     2932     3873     3971     8982     3874
      125     3056     2868      417      378     8996     3976     3878     3880
      126      377      416     2868     3056     3875     3973     8996     3877
      127     2958     2809      418      379     8963     3978     3881     3883
      128      378      417     2809     2958     3878     3975     8963     3879
      129     2870     2997      419      380     9001     3982     3884     3885
      130      379      418     2997     2870     3881     3979     9001     3882
      131     3057     2972      420      381     9043     3985     3887     3889
      132      380      419     2972     3057     3884     3981     9043     3886
      133      381      420     2954     2994     3887     3984     9039     3888
      134     2942     3023      423      384     9037     3993     3896     3897
      135     2942     2819     2880     3023     8968     8967     9002     9037
      136      394     2877      422      382     3919     3991     3891     3890
      137      382      422     2819     2942     3891     3990     8968     3892
      138      383     3040      425      386     3895     3999     3901     3894
      139      384      423     3040      383     3896     3994     3895     3893
      140      385      424      426      388     3900     3996     3906     3899
      141      386      425      424      385     3901     3995     3900     3898
      142      387     2940      428      389     3904     4007     3907     3903
      143      388      426     2940      387     3906     4001     3904     3902
      144     2794      427      429      390     4005     4003     3909     3910
      145      389      428      427     2794     3907     4002     4005     3908
      146      390      429     2863     2797     3909     4009     8958     3911
      147     2923      441     2934      391     4040     4041     3913     3912
      148      430      442      433      392     4011     4018     3915     3914
      149      434      462      461      393     4020     4083     3917     3916
      150      435      498      449     2864     4023     4057     4058     4024
      151      464      463     2877      394     4087     4089     3919     3918
      152      456      499      436      395     4073     4026     3921     3922
      153      437     2849      465      396     4029     4093     3924     3923
      154      438      525      445      397     4032     4049     3926     3925
      155      466     2948     2830      398     4095     8974     3929     3928
      156      451      526      439      399     4062     4034     3930     3931
      157      400      546      545      416     3935     4296     3972     3933
      158      440      547      546      400     4035     4298     3935     3934
      159     3023      517      516      423     4223     4219     3992     3993
      160     2880      518      517     3023     4226     4221     4223     9002
      161      444      493      443      401     4047     4044     3937     3938
      162      446      492      444      402     4051     4046     3939     3940
      163      445      491      446      403     4048     4050     3942     3941
      164      448      489      447      404     4055     4052     3943     3944
      165      450      488      448      405     4060     4054     3945     3946
      166      449      487      450      406     4056     4059     3948     3947
      167      452      486      451      407     4064     4061     3949     3950
      168      453      485      452      408     4066     4063     3951     3952
      169      455      484      453      409     4071     4065     3953     3954
      170      443      494      454      410     4045     4068     3956     3955
      171      454      483      455      410     4067     4070     3957     3956
      172      457      476      456      411     4075     4072     3958     3959
      173      458      475      457      412     4077     4074     3960     3961
      174      460      474      458      413     4082     4076     3963     3964
      175      447      490      459      414     4053     4079     3967     3966
      176      459      473      460      414     4078     4081     3968     3967
      177     2848     3021      549      440     8983     4306     4036     4037
      178     2830      551      550      415     4312     4307     3969     3970
      179      415      550     3021     2848     3969     4309     8983     3971
      180     2868      544      543      417     4295     4291     3974     3976
      181      416      545      544     2868     3972     4293     4295     3973
      182     2809      542      541      418     4289     4285     3977     3978
      183      417      543      542     2809     3974     4288     4289     3975
      184     2997     2931      540      419     9030     4284     3980     3982
      185      418      541     2931     2997     3977     4287     9030     3979
      186     2972      539      538      420     4282     4278     3983     3985
      187      419      540      539     2972     3980     4280     4282     3981
      188     2954      537      536      421     4277     4273     3986     3988
      189      420      538      537     2954     3983     4275     4277     3984
      190     2923      535      534      441     4272     4268     4039     4040
      191      421      536      535     2923     3986     4270     4272     3987
      192     3001      530      529      437     4259     4255     4028     4030
      193      441      532      531     2934     4038     4260     4262     4041
      194     2934      531      530     3001     4262     4257     4259     9031
      195     2819      520     3048     2880     4232     4233     9003     8967
      196     2877      522      521      422     4238     4234     3989     3991
      197      422      521      520     2819     3989     4230     4232     3990
      198     3040      515     2874      425     4218     4217     3998     3999
      199      423      516      515     3040     3992     4215     4218     3994
      200      424      514      513      426     3997     4210     4000     3996
      201      425     2874      514      424     3998     4214     3997     3995
      202     2940     2920      512      428     9024     4209     4006     4007
      203      426      513     2920     2940     4000     4212     9024     4001
      204      427      511      510      429     4004     4204     4008     4003
      205      428      512      511      427     4006     4206     4004     4002
      206     2863      509     2983      431     4202     4203     4014     4013
      207      429      510      509     2863     4008     4200     4202     4009
      208      430      508      507      442     4012     4196     4043     4011
      209      431     2983      508      430     4014     4199     4012     4010
      210      432      503      502      434     4017     4185     4021     4016
      211      442      505      504      433     4042     4189     4019     4018
      212      433      504      503      432     4019     4187     4017     4015
      213      502      501      462      434     4183     4085     4020     4021
      214      461     2833      498      435     4084     4176     4023     4022
      215      463      523      522     2877     4088     4236     4238     4089
      216      499      557      464      436     4177     4091     4025     4026
      217      529      528     2849      437     4252     4254     4029     4028
      218      465      555      525      438     4092     4244     4032     4031
      219     2948      552      551     2830     4315     4310     4312     8974
      220      526      554      466      439     4246     4094     4033     4034
      221      549      548      547      440     4302     4300     4035     4036
      222      534      533      532      441     4265     4263     4038     4039
      223     3048      519      518     2880     4229     4224     4226     9003
      224      507      506      505      442     4193     4191     4042     4043
      225      493      562      494      443     4162     4165     4045     4044
      226      492      564      493      444     4161     4163     4047     4046
      227      525      678      491      445     4245     4159     4048     4049
      228      491      563      492      446     4158     4160     4051     4050
      229      489      566      490      447     4154     4157     4053     4052
      230      488      568      489      448     4153     4155     4055     4054
      231      498      682      487      449     4175     4151     4056     4057
      232      487      567      488      450     4150     4152     4060     4059
      233      486      675      526      451     4149     4247     4062     4061
      234      485      569      486      452     4146     4148     4064     4063
      235      484      570      485      453     4144     4147     4066     4065
      236      494      561      495      454     4164     4166     4069     4068
      237      495      572      483      454     4167     4143     4067     4069
      238      483      571      484      455     4142     4145     4071     4070
      239      476      679      499      456     4122     4178     4073     4072
      240      475      584      476      457     4119     4121     4075     4074
      241      474      585      475      458     4117     4120     4077     4076
      242      490      565     3015      459     4156     4345     4080     4079
      243     3015      587      473      459     4395     4116     4078     4080
      244      473      586      474      460     4115     4118     4082     4081
      245      501      500      558      462     4179     4180     4086     4085
      246      462      558     2833      461     4086     4328     4084     4083
      247      463     2918      524      523     4090     4243     4239     4088
      248      464      557     2918      463     4091     4326     4090     4087
      249      528      527      556     2849     4248     4249     4324     4254
      250     2849      556      555      465     4324     4321     4092     4093
      251     2948     2937      553      552     9034     4318     4313     4315
      252      466      554     2937     2948     4094     4320     9034     4095
      253      467      592      591      497     4098     4406     4173     4097
      254      497     2546     2545      467     4174     8635     4099     4097
      255     2545     2544      468      467     8634     4102     4096     4099
      256      468      593      592      467     4101     4408     4098     4096
      257     2544     2543      469      468     8633     4105     4100     4102
      258      469      594      593      468     4104     4410     4101     4100
      259     2543     2542      470      469     8632     4108     4103     4105
      260      470      595      594      469     4107     4412     4104     4103
      261     2542     2541      471      470     8631     4111     4106     4108
      262      471      596      595      470     4110     4414     4107     4106
      263     2541     2540      472      471     8630     4114     4109     4111
      264      472      597      596      471     4113     4416     4110     4109
      265     2540     2539      589      472     8629     4402     4112     4114
      266      589      598      597      472     4400     4418     4113     4112
      267      587      800      586      473     4394     4391     4115     4116
      268      586      801      585      474     4392     4389     4117     4118
      269      585      802      584      475     4390     4387     4119     4120
      270      584      836      679      476     4388     4607     4122     4121
      271      477      577      576      496     4125     4369     4170     4124
      272      496     2498     2499      477     4171     8586     4126     4124
      273     2499     2500      478      477     8587     4129     4123     4126
      274      478      578      577      477     4128     4371     4125     4123
      275     2500     2501      479      478     8588     4132     4127     4129
      276      479      579      578      478     4131     4373     4128     4127
      277     2501     2502      480      479     8589     4134     4130     4132
      278      480     2935      579      479     4135     4376     4131     4130
      279     2502     2503      481      480     8590     4138     4133     4134
      280      481      580     2935      480     4137     4379     4135     4133
      281     2503     2504      482      481     8591     4141     4136     4138
      282      482      581      580      481     4140     4377     4137     4136
      283     2504     2505      574      482     8592     4365     4139     4141
      284      574      582      581      482     4363     4380     4140     4139
      285      572      820      571      483     4359     4356     4142     4143
      286      571      821      570      484     4357     4354     4144     4145
      287      570      822      569      485     4355     4352     4146     4147
      288      569      840      675      486     4353     4599     4149     4148
      289      682      835      567      487     4612     4349     4150     4151
      290      567      823      568      488     4348     4350     4153     4152
      291      568      824      566      489     4351     4346     4154     4155
      292      566      825      565      490     4347     4343     4156     4157
      293     3015      588      799      587     4399     4397     4393     4395
      294      565      826      588     3015     4344     4398     4399     4345
      295      678      839      563      491     4604     4339     4158     4159
      296      563     3068      564      492     4340     4342     4161     4160
      297      564      828      562      493     4341     4337     4162     4163
      298      562      829      561      494     4338     4335     4164     4165
      299      495      573      819      572     4168     4361     4358     4167
      300      561      830      573      495     4336     4362     4168     4166
      301      496      560     2497     2498     4169     4334     8585     4171
      302      576      575      560      496     4366     4332     4169     4170
      303      497      559     2547     2546     4172     4331     8636     4174
      304      591      590      559      497     4403     4329     4172     4173
      305     2833     2858      682      498     8975     4613     4175     4176
      306      679      685      557      499     4606     4325     4177     4178
      307      500      681      683      558     4182     4610     4327     4180
      308      500      637      636      681     4181     4507     4509     4182
      309      501      638      637      500     4184     4511     4181     4179
      310      502      639      638      501     4186     4513     4184     4183
      311      503      640      639      502     4188     4515     4186     4185
      312      504      641      640      503     4190     4517     4188     4187
      313      505      642      641      504     4192     4519     4190     4189
      314      506      643      642      505     4194     4521     4192     4191
      315      506      645      644      643     4195     4525     4523     4194
      316      507      646      645      506     4197     4528     4195     4193
      317      508      647      646      507     4198     4530     4197     4196
      318     2983      648      647      508     4536     4532     4198     4199
      319      509      649      648     2983     4201     4534     4536     4203
      320      510      650      649      509     4205     4537     4201     4200
      321      511      651      650      510     4207     4539     4205     4204
      322      512      652      651      511     4208     4541     4207     4206
      323     2920      653      652      512     4547     4543     4208     4209
      324      513      654      653     2920     4211     4545     4547     4212
      325      514      655      654      513     4213     4548     4211     4210
      326     2874      656      655      514     4554     4550     4213     4214
      327      515      657      656     2874     4216     4552     4554     4217
      328      516      658      657      515     4220     4555     4216     4215
      329      517      659      658      516     4222     4557     4220     4219
      330      518      660      659      517     4225     4559     4222     4221
      331      519      661      660      518     4227     4561     4225     4224
      332      519      663      662      661     4228     4565     4563     4227
      333     3048      664      663      519     4572     4568     4228     4229
      334      520      665      664     3048     4231     4570     4572     4233
      335      521      666      665      520     4235     4573     4231     4230
      336      522      667      666      521     4237     4575     4235     4234
      337      523      668      667      522     4240     4577     4237     4236
      338      524      669      668      523     4241     4579     4240     4239
      339      524      680      670      669     4242     4584     4581     4241
      340     2918      684      680      524     4617     4608     4242     4243
      341      555     2799      678      525     4322     4605     4245     4244
      342      675      687      554      526     4598     4319     4246     4247
      343      527      677      686      556     4251     4602     4323     4249
      344      527      601      600      677     4250     4425     4427     4251
      345      528      602      601      527     4253     4429     4250     4248
      346      529      603      602      528     4256     4431     4253     4252
      347      530      604      603      529     4258     4433     4256     4255
      348      531      605      604      530     4261     4435     4258     4257
      349      532      606      605      531     4264     4437     4261     4260
      350      533      607      606      532     4266     4439     4264     4263
      351      533      609      608      607     4267     4443     4441     4266
      352      534      610      609      533     4269     4446     4267     4265
      353      535      611      610      534     4271     4448     4269     4268
      354      536      612      611      535     4274     4450     4271     4270
      355      537      613      612      536     4276     4452     4274     4273
      356      538      614      613      537     4279     4454     4276     4275
      357      539      615      614      538     4281     4456     4279     4278
      358      540      616      615      539     4283     4458     4281     4280
      359     2931      617      616      540     4464     4460     4283     4284
      360      541      618      617     2931     4286     4462     4464     4287
      361      542     3054      618      541     4290     4466     4286     4285
      362      543      619     3054      542     4292     4469     4290     4288
      363      544      620      619      543     4294     4467     4292     4291
      364      545      621      620      544     4297     4470     4294     4293
      365      546      622      621      545     4299     4472     4297     4296
      366      547      623      622      546     4301     4474     4299     4298
      367      548      624      623      547     4303     4476     4301     4300
      368      548      626      625      624     4304     4480     4478     4303
      369      549      627      626      548     4305     4483     4304     4302
      370     3021      628      627      549     4489     4485     4305     4306
      371      550      629      628     3021     4308     4487     4489     4309
      372      551      630      629      550     4311     4490     4308     4307
      373      552      631      630      551     4314     4492     4311     4310
      374      553      632      631      552     4316     4494     4314     4313
      375      553      676      633      632     4317     4499     4496     4316
      376     2937     3047      676      553     9035     4601     4317     4318
      377      554      687     3047     2937     4319     4623     9035     4320
      378      556      686     2799      555     4323     4621     4322     4321
      379      557      685      684     2918     4325     4616     4617     4326
      380      558      683     2858     2833     4327     4615     8975     4328
      381      590      673      689      559     4404     4592     4330     4329
      382      559      689     2548     2547     4330     4627     8637     4331
      383      575      674      688      560     4367     4595     4333     4332
      384      560      688     2496     2497     4333     4625     8584     4334
      385      829      848      830      561     4931     4933     4336     4335
      386      828      850      829      562     4930     4932     4338     4337
      387      839     2823     3068      563     4952     8970     4340     4339
      388     3068      849      828      564     4975     4929     4341     4342
      389      825      852      826      565     4922     4924     4344     4343
      390      824      854      825      566     4921     4923     4347     4346
      391      835     1022      823      567     4944     4919     4348     4349
      392      823      853      824      568     4918     4920     4351     4350
      393      822     1017      840      569     4917     4955     4353     4352
      394      821      855      822      570     4914     4916     4355     4354
      395      820      856      821      571     4912     4915     4357     4356
      396      819      857      820      572     4910     4913     4359     4358
      397      830     1014      818      573     4934     4909     4360     4362
      398      818      859      819      573     4908     4911     4361     4360
      399      574      803      583      582     4364     4384     4382     4363
      400     2505     2506      803      574     8593     4874     4364     4365
      401      575      807      806      674     4368     4882     4596     4367
      402      576      808      807      575     4370     4884     4368     4366
      403      577      809      808      576     4372     4886     4370     4369
      404      578      810      809      577     4374     4888     4372     4371
      405      579      811      810      578     4375     4890     4374     4373
      406     2935      812      811      579     4896     4892     4375     4376
      407      580      813      812     2935     4378     4894     4896     4379
      408      581      814      813      580     4381     4897     4378     4377
      409      582      815      814      581     4383     4899     4381     4380
      410      583      816      815      582     4386     4901     4383     4382
      411      583      804      817      816     4385     4875     4903     4386
      412      803      861      804      583     4873     4876     4385     4384
      413      802     1020      836      584     4872     4947     4388     4387
      414      801      863      802      585     4869     4871     4390     4389
      415      800      864      801      586     4867     4870     4392     4391
      416      799      865      800      587     4865     4868     4394     4393
      417      826     1016      798      588     4925     4864     4396     4398
      418      798      867      799      588     4863     4866     4397     4396
      419      589      782      599      598     4401     4422     4420     4400
      420     2539     2538      782      589     8628     4827     4401     4402
      421      590      786      785      673     4405     4835     4593     4404
      422      591      787      786      590     4407     4837     4405     4403
      423      592      788      787      591     4409     4839     4407     4406
      424      593      789      788      592     4411     4841     4409     4408
      425      594      790      789      593     4413     4843     4411     4410
      426      595      791      790      594     4415     4845     4413     4412
      427      596      792      791      595     4417     4847     4415     4414
      428      597      793      792      596     4419     4849     4417     4416
      429      598      794      793      597     4421     4851     4419     4418
      430      599      795      794      598     4424     4853     4421     4420
      431      599      783      796      795     4423     4828     4855     4424
      432      782      905      783      599     4826     4829     4423     4422
      433      600      635      838      677     4426     4506     4603     4427
      434      600      740      739      635     4428     4736     4505     4426
      435      601      741      740      600     4430     4738     4428     4425
      436      602      742      741      601     4432     4740     4430     4429
      437      603      743      742      602     4434     4742     4432     4431
      438      604      744      743      603     4436     4744     4434     4433
      439      605      745      744      604     4438     4746     4436     4435
      440      606      746      745      605     4440     4748     4438     4437
      441      607      747      746      606     4442     4750     4440     4439
      442      608      748      747      607     4444     4752     4442     4441
      443      608      750      749      748     4445     4756     4754     4444
      444      609      751      750      608     4447     4759     4445     4443
      445      610      752      751      609     4449     4761     4447     4446
      446      611      753      752      610     4451     4763     4449     4448
      447      612      754      753      611     4453     4765     4451     4450
      448      613      755      754      612     4455     4767     4453     4452
      449      614      756      755      613     4457     4769     4455     4454
      450      615      757      756      614     4459     4771     4457     4456
      451      616      758      757      615     4461     4773     4459     4458
      452      617      759      758      616     4463     4775     4461     4460
      453      618      760      759      617     4465     4777     4463     4462
      454     3054      761      760      618     4783     4779     4465     4466
      455      619      762      761     3054     4468     4781     4783     4469
      456      620      763      762      619     4471     4784     4468     4467
      457      621      764      763      620     4473     4786     4471     4470
      458      622      765      764      621     4475     4788     4473     4472
      459      623      766      765      622     4477     4790     4475     4474
      460      624      767      766      623     4479     4792     4477     4476
      461      625      768      767      624     4481     4794     4479     4478
      462      625      770      769      768     4482     4798     4796     4481
      463      626      771      770      625     4484     4801     4482     4480
      464      627      772      771      626     4486     4803     4484     4483
      465      628      773      772      627     4488     4805     4486     4485
      466      629      774      773      628     4491     4807     4488     4487
      467      630      775      774      629     4493     4809     4491     4490
      468      631      776      775      630     4495     4811     4493     4492
      469      632      777      776      631     4497     4813     4495     4494
      470      633      778      777      632     4500     4815     4497     4496
      471      676     2850      634      633     4600     4503     4498     4499
      472      634      779      778      633     4502     4817     4500     4498
      473     2850     1018      736      634     5352     4729     4501     4503
      474      736      780      779      634     4727     4819     4502     4501
      475      635      735     1019      838     4504     4726     4951     4506
      476      739      738      735      635     4734     4724     4504     4505
      477      636      672      834      681     4508     4590     4611     4509
      478      636      694      693      672     4510     4638     4589     4508
      479      637      695      694      636     4512     4640     4510     4507
      480      638      696      695      637     4514     4642     4512     4511
      481      639      697      696      638     4516     4644     4514     4513
      482      640      698      697      639     4518     4646     4516     4515
      483      641      699      698      640     4520     4648     4518     4517
      484      642      700      699      641     4522     4650     4520     4519
      485      643      701      700      642     4524     4652     4522     4521
      486      644      702      701      643     4526     4654     4524     4523
      487      644      704      703      702     4527     4658     4656     4526
      488      645      705      704      644     4529     4661     4527     4525
      489      646      706      705      645     4531     4663     4529     4528
      490      647      707      706      646     4533     4665     4531     4530
      491      648      708      707      647     4535     4667     4533     4532
      492      649      709      708      648     4538     4669     4535     4534
      493      650      710      709      649     4540     4671     4538     4537
      494      651      711      710      650     4542     4673     4540     4539
      495      652      712      711      651     4544     4675     4542     4541
      496      653      713      712      652     4546     4677     4544     4543
      497      654      714      713      653     4549     4679     4546     4545
      498      655      715      714      654     4551     4681     4549     4548
      499      656      716      715      655     4553     4683     4551     4550
      500      657      717      716      656     4556     4685     4553     4552
      501      658      718      717      657     4558     4687     4556     4555
      502      659      719      718      658     4560     4689     4558     4557
      503      660      720      719      659     4562     4691     4560     4559
      504      661      721      720      660     4564     4693     4562     4561
      505      662      722      721      661     4566     4695     4564     4563
      506      662      724      723      722     4567     4699     4697     4566
      507      663      725      724      662     4569     4702     4567     4565
      508      664      726      725      663     4571     4704     4569     4568
      509      665      727      726      664     4574     4706     4571     4570
      510      666      728      727      665     4576     4708     4574     4573
      511      667      729      728      666     4578     4710     4576     4575
      512      668      730      729      667     4580     4712     4578     4577
      513      669      731      730      668     4582     4714     4580     4579
      514      670      732      731      669     4585     4716     4582     4581
      515      680      837      671      670     4609     4588     4583     4584
      516      671      733      732      670     4587     4718     4585     4583
      517      837     3000      690      671     4948     4630     4586     4588
      518      690      734      733      671     4628     4720     4587     4586
      519      672     2817     1021      834     4591     5360     4943     4590
      520      693      692     2817      672     4635     4637     4591     4589
      521      785      784      833      673     4831     4833     4594     4593
      522      833      845      689      673     4940     4626     4592     4594
      523      806      805      832      674     4878     4880     4597     4596
      524      832      846      688      674     4938     4624     4595     4597
      525      840      841      687      675     4954     4622     4598     4599
      526     3047     2936     2850      676     9032     8984     4600     4601
      527      838      842      686      677     4950     4620     4602     4603
      528     2799     2995      839      678     8959     4953     4604     4605
      529      836      843      685      679     4946     4619     4606     4607
      530      684     3002      837      680     4618     4949     4609     4608
      531      834      844      683      681     4942     4614     4610     4611
      532     2858     2881      835      682     8988     4945     4612     4613
      533      683      844     2881     2858     4614     4963     8988     4615
      534      685      843     3002      684     4619     4961     4618     4616
      535      686      842     2995     2799     4620     4959     8959     4621
      536      687      841     2936     3047     4622     4957     9032     4623
      537      688      846     2495     2496     4624     4967     8583     4625
      538      689      845     2549     2548     4626     4965     8638     4627
      539      692      691     1012     2817     4631     4634     5340     4637
      540     1012     1228     1021     2817     5339     5359     5360     5340
      541      690      963     3058      734     4629     5227     4723     4628
      542     3000     2902      963      690     9018     5226     4629     4630
      543      691     1011     1031     1012     4633     5336     5338     4634
      544      691      965      964     1011     4632     5228     5230     4633
      545      692      966      965      691     4636     5232     4632     4631
      546      693      967      966      692     4639     5234     4636     4635
      547      694      968      967      693     4641     5236     4639     4638
      548      695     3026      968      694     4643     5239     4641     4640
      549      696      969     3026      695     4645     5242     4643     4642
      550      697      970      969      696     4647     5240     4645     4644
      551      698      971      970      697     4649     5243     4647     4646
      552      699      972      971      698     4651     5245     4649     4648
      553      700      973      972      699     4653     5247     4651     4650
      554      701      974      973      700     4655     5249     4653     4652
      555      702      975      974      701     4657     5251     4655     4654
      556      703      976      975      702     4659     5253     4657     4656
      557      703      978      977      976     4660     5257     5255     4659
      558      704     2793      978      703     4662     5261     4660     4658
      559      705      979     2793      704     4664     5264     4662     4661
      560      706      980      979      705     4666     5262     4664     4663
      561      707      981      980      706     4668     5265     4666     4665
      562      708      982      981      707     4670     5267     4668     4667
      563      709      983      982      708     4672     5269     4670     4669
      564      710     2982      983      709     4674     5272     4672     4671
      565      711      984     2982      710     4676     5275     4674     4673
      566      712      985      984      711     4678     5273     4676     4675
      567      713     2851      985      712     4680     5277     4678     4677
      568      714      986     2851      713     4682     5280     4680     4679
      569      715      987      986      714     4684     5278     4682     4681
      570      716      988      987      715     4686     5281     4684     4683
      571      717      989      988      716     4688     5283     4686     4685
      572      718      990      989      717     4690     5285     4688     4687
      573      719      991      990      718     4692     5287     4690     4689
      574      720      992      991      719     4694     5289     4692     4691
      575      721     2861      992      720     4696     5292     4694     4693
      576      722      993     2861      721     4698     5295     4696     4695
      577      723      994      993      722     4700     5293     4698     4697
      578      723      996      995      994     4701     5298     5296     4700
      579      724      997      996      723     4703     5301     4701     4699
      580      725      998      997      724     4705     5303     4703     4702
      581      726      999      998      725     4707     5305     4705     4704
      582      727     1000      999      726     4709     5307     4707     4706
      583      728     3036     1000      727     4711     5310     4709     4708
      584      729     1001     3036      728     4713     5313     4711     4710
      585      730     1002     1001      729     4715     5311     4713     4712
      586      731     1003     1002      730     4717     5314     4715     4714
      587      732     1004     1003      731     4719     5316     4717     4716
      588      733     1005     1004      732     4721     5318     4719     4718
      589      734     1006     1005      733     4722     5320     4721     4720
      590     3058     1007     1006      734     5326     5322     4722     4723
      591     3058     2903     1008     1007     9021     5328     5324     5326
      592      963     1035     2903     3058     5225     5390     9021     5227
      593      738      737      962      735     4730     4733     4725     4724
      594      962     1235     1019      735     5224     5355     4726     4725
      595      736      907      781      780     4728     4823     4821     4727
      596     1018     1238      907      736     5351     5107     4728     4729
      597      737      961     1037      962     4732     5221     5223     4733
      598      737      910      909      961     4731     5111     5113     4732
      599      738      911      910      737     4735     5115     4731     4730
      600      739      912      911      738     4737     5117     4735     4734
      601      740      913      912      739     4739     5119     4737     4736
      602      741      914      913      740     4741     5121     4739     4738
      603      742      915      914      741     4743     5123     4741     4740
      604      743      916      915      742     4745     5125     4743     4742
      605      744      917      916      743     4747     5127     4745     4744
      606      745      918      917      744     4749     5129     4747     4746
      607      746      919      918      745     4751     5131     4749     4748
      608      747      920      919      746     4753     5133     4751     4750
      609      748      921      920      747     4755     5135     4753     4752
      610      749      922      921      748     4757     5137     4755     4754
      611      749      923     2835      922     4758     5143     5140     4757
      612      750      924      923      749     4760     5141     4758     4756
      613      751      925      924      750     4762     5144     4760     4759
      614      752      926      925      751     4764     5146     4762     4761
      615      753      927      926      752     4766     5148     4764     4763
      616      754      928      927      753     4768     5150     4766     4765
      617      755      929      928      754     4770     5152     4768     4767
      618      756      930      929      755     4772     5154     4770     4769
      619      757      931      930      756     4774     5156     4772     4771
      620      758      932      931      757     4776     5158     4774     4773
      621      759      933      932      758     4778     5160     4776     4775
      622      760      934      933      759     4780     5162     4778     4777
      623      761      935      934      760     4782     5164     4780     4779
      624      762      936      935      761     4785     5166     4782     4781
      625      763      937      936      762     4787     5168     4785     4784
      626      764      938      937      763     4789     5170     4787     4786
      627      765      939      938      764     4791     5172     4789     4788
      628      766      940      939      765     4793     5174     4791     4790
      629      767      941      940      766     4795     5176     4793     4792
      630      768      942      941      767     4797     5178     4795     4794
      631      769      943      942      768     4799     5180     4797     4796
      632      769      945      944      943     4800     5184     5182     4799
      633      770      946      945      769     4802     5187     4800     4798
      634      771      947      946      770     4804     5189     4802     4801
      635      772      948      947      771     4806     5191     4804     4803
      636      773      949      948      772     4808     5193     4806     4805
      637      774      950      949      773     4810     5195     4808     4807
      638      775      951      950      774     4812     5197     4810     4809
      639      776      952      951      775     4814     5199     4812     4811
      640      777      953      952      776     4816     5201     4814     4813
      641      778      954      953      777     4818     5203     4816     4815
      642      779      955      954      778     4820     5205     4818     4817
      643      780      956      955      779     4822     5207     4820     4819
      644      781      957      956      780     4825     5209     4822     4821
      645      781      908      958      957     4824     5108     5211     4825
      646      907     1041      908      781     5106     5109     4824     4823
      647     2538     2537      905      782     8627     5103     4826     4827
      648      783      906      797      796     4830     4861     4857     4828
      649      905     1043      906      783     5102     5104     4830     4829
      650      784      831     1013      833     4832     4937     4941     4833
      651      784     2955      888      831     4834     5066     4936     4832
      652      785      889     2955      784     4836     5069     4834     4831
      653      786      890      889      785     4838     5067     4836     4835
      654      787      891      890      786     4840     5070     4838     4837
      655      788      892      891      787     4842     5072     4840     4839
      656      789      893      892      788     4844     5074     4842     4841
      657      790      894      893      789     4846     5076     4844     4843
      658      791      895      894      790     4848     5078     4846     4845
      659      792      896      895      791     4850     5080     4848     4847
      660      793      897      896      792     4852     5082     4850     4849
      661      794      898      897      793     4854     5084     4852     4851
      662      795      899      898      794     4856     5086     4854     4853
      663      796      900      899      795     4858     5088     4856     4855
      664      797      901      900      796     4859     5090     4858     4857
      665      906     1044      904      797     5105     5100     4860     4861
      666      904      902      901      797     5095     5092     4859     4860
      667      798      866     1203      867     4862     5014     5016     4863
      668     1016     1027      866      798     5347     5013     4862     4864
      669      867     1204      865      799     5017     5011     4865     4866
      670      865     1205      864      800     5012     5009     4867     4868
      671      864     1206      863      801     5010     5007     4869     4870
      672      863     1230     1020      802     5008     5357     4872     4871
      673     2506     2507      861      803     8594     5003     4873     4874
      674      804      862     2884      817     4877     5006     4906     4875
      675      861     1207      862      804     5002     5004     4877     4876
      676      805      827     1015      832     4879     4928     4939     4880
      677      805      869      868      827     4881     5018     4927     4879
      678      806      870      869      805     4883     5021     4881     4878
      679      807      871      870      806     4885     5023     4883     4882
      680      808      872      871      807     4887     5025     4885     4884
      681      809      873      872      808     4889     5027     4887     4886
      682      810      874      873      809     4891     5029     4889     4888
      683      811      875      874      810     4893     5031     4891     4890
      684      812      876      875      811     4895     5033     4893     4892
      685      813      877      876      812     4898     5035     4895     4894
      686      814      878      877      813     4900     5037     4898     4897
      687      815      879      878      814     4902     5039     4900     4899
      688      816      880      879      815     4904     5041     4902     4901
      689      817      881      880      816     4905     5043     4904     4903
      690     2884      882      881      817     5049     5045     4905     4906
      691      862     1208      860     2884     5005     4999     5001     5006
      692      860      883      882     2884     4998     5047     5049     5001
      693      818      858     1211      859     4907     4994     4996     4908
      694     1014     1029      858      818     5343     4993     4907     4909
      695      859     1212      857      819     4997     4991     4910     4911
      696      857     1213      856      820     4992     4989     4912     4913
      697      856     1214      855      821     4990     4987     4914     4915
      698      855     1237     1017      822     4988     5350     4917     4916
      699     1022     1229      853      823     5361     4984     4918     4919
      700      853     1215      854      824     4983     4985     4921     4920
      701      854     1216      852      825     4986     4981     4922     4923
      702      852     1222     1016      826     4982     5348     4925     4924
      703      827      851     1223     1015     4926     4979     5346     4928
      704      868     2919      851      827     5020     4980     4926     4927
      705     2823     1236      849     3068     5827     4974     4975     8970
      706      849     1219      850      828     4973     4976     4930     4929
      707      850     2962      848      829     4977     4972     4931     4932
      708      848     1224     1014      830     4971     5344     4934     4933
      709      831      847     1225     1013     4935     4970     5342     4937
      710      888      887      847      831     5063     4968     4935     4936
      711     1015     1028      846      832     5345     4966     4938     4939
      712     1013     1030      845      833     5341     4964     4940     4941
      713     1021     1023      844      834     5358     4962     4942     4943
      714     2881     3067     1022      835     9004     5362     4944     4945
      715     1020     1024      843      836     5356     4960     4946     4947
      716     3002     3066     3000      837     9046     9045     4948     4949
      717     1019     1025      842      838     5354     4958     4950     4951
      718     2995     2867     2823      839     8995     8969     4952     4953
      719     1017     1026      841      840     5349     4956     4954     4955
      720     2936     3059     1018     2850     9033     5353     5352     8984
      721      841     1026     3059     2936     4956     5370     9033     4957
      722      842     1025     2867     2995     4958     5368     8995     4959
      723      843     1024     3066     3002     4960     5366     9046     4961
      724      844     1023     3067     2881     4962     5364     9004     4963
      725      845     1030     2550     2549     4964     5378     8639     4965
      726      846     1028     2494     2495     4966     5373     8582     4967
      727      887      886     1221      847     5059     5062     4969     4968
      728     1221     1455     1225      847     5791     5799     4970     4969
      729     2962     1456     1224      848     6291     5797     4971     4972
      730     1236     1463     1219      849     5826     5787     4973     4974
      731     1219     1255     2962      850     5786     5873     4977     4976
      732     2919      885     1218      851     5058     5057     4978     4980
      733     1218     1457     1223      851     5785     5794     4979     4978
      734     1216     1458     1222      852     5781     5793     4982     4981
      735     1229     1470     1215      853     5808     5779     4983     4984
      736     1215     1257     1216      854     5778     5780     4986     4985
      737     1214     1460     1237      855     5777     5830     4988     4987
      738     1213     1258     1214      856     5774     5776     4990     4989
      739     1212     1260     1213      857     5773     5775     4992     4991
      740     1029     2519     2520      858     5376     8606     4995     4993
      741     2520     2521     1211      858     8607     5771     4994     4995
      742     1211     1259     1212      859     5770     5772     4997     4996
      743      860     1209      884      883     5000     5053     5050     4998
      744     1208     1263     1209      860     5765     5767     5000     4999
      745     2507     2508     1207      861     8595     5763     5002     5003
      746     1207     1262     1208      862     5762     5764     5005     5004
      747     1206     1468     1230      863     5761     5811     5008     5007
      748     1205     1264     1206      864     5758     5760     5010     5009
      749     1204     1266     1205      865     5757     5759     5012     5011
      750     1027     2481     2482      866     5372     8568     5015     5013
      751     2482     2483     1203      866     8569     5755     5014     5015
      752     1203     1265     1204      867     5754     5756     5017     5016
      753     2919     1088     1087      885     5511     5508     5055     5058
      754      868     1089     1088     2919     5019     5510     5511     5020
      755      869     1090     1089      868     5022     5513     5019     5018
      756      870     1091     1090      869     5024     5515     5022     5021
      757      871     1092     1091      870     5026     5517     5024     5023
      758      872     1093     1092      871     5028     5519     5026     5025
      759      873     1094     1093      872     5030     5521     5028     5027
      760      874     1095     1094      873     5032     5523     5030     5029
      761      875     1096     1095      874     5034     5525     5032     5031
      762      876     1097     1096      875     5036     5527     5034     5033
      763      877     1098     1097      876     5038     5529     5036     5035
      764      878     1099     1098      877     5040     5531     5038     5037
      765      879     1100     1099      878     5042     5533     5040     5039
      766      880     1101     1100      879     5044     5535     5042     5041
      767      881     1102     1101      880     5046     5537     5044     5043
      768      882     1103     1102      881     5048     5539     5046     5045
      769      883     1104     1103      882     5051     5541     5048     5047
      770      884     1105     1104      883     5052     5543     5051     5050
      771     1209     1261     1210      884     5766     5768     5054     5053
      772     1210     1106     1105      884     5547     5545     5052     5054
      773      885     1217     1256     1218     5056     5782     5784     5057
      774     1087     1086     1217      885     5504     5505     5056     5055
      775      886     1220     1254     1221     5061     5788     5790     5062
      776      886     1167     1166     1220     5060     5673     5674     5061
      777      887     1168     1167      886     5064     5677     5060     5059
      778      888     1169     1168      887     5065     5679     5064     5063
      779     2955     1170     1169      888     5685     5681     5065     5066
      780      889     1171     1170     2955     5068     5683     5685     5069
      781      890     1172     1171      889     5071     5686     5068     5067
      782      891     1173     1172      890     5073     5688     5071     5070
      783      892     1174     1173      891     5075     5690     5073     5072
      784      893     3019     1174      892     5077     5693     5075     5074
      785      894     1175     3019      893     5079     5696     5077     5076
      786      895     1176     1175      894     5081     5694     5079     5078
      787      896     1177     1176      895     5083     5697     5081     5080
      788      897     2951     1177      896     5085     5700     5083     5082
      789      898     1178     2951      897     5087     5703     5085     5084
      790      899     1179     1178      898     5089     5701     5087     5086
      791      900     1180     1179      899     5091     5704     5089     5088
      792      901     1181     1180      900     5093     5706     5091     5090
      793      902     1182     1181      901     5096     5708     5093     5092
      794      904     1045      903      902     5101     5097     5094     5095
      795      903     1183     1182      902     5099     5710     5096     5094
      796      903     1046     1184     1183     5098     5415     5712     5099
      797     1045     1444     1046      903     5413     5416     5098     5097
      798     1044     1446     1045      904     5412     5414     5101     5100
      799     2537     2536     1043      905     8626     5410     5102     5103
      800     1043     1445     1044      906     5409     5411     5105     5104
      801     1238     1461     1041      907     5832     5406     5106     5107
      802      908     1042      959      958     5110     5216     5213     5108
      803     1041     1447     1042      908     5405     5407     5110     5109
      804      909      960     1039      961     5112     5219     5222     5113
      805      909     1109     1108      960     5114     5553     5220     5112
      806      910     1110     1109      909     5116     5555     5114     5111
      807      911     1111     1110      910     5118     5557     5116     5115
      808      912     1112     1111      911     5120     5559     5118     5117
      809      913     1113     1112      912     5122     5561     5120     5119
      810      914     1114     1113      913     5124     5563     5122     5121
      811      915     1115     1114      914     5126     5565     5124     5123
      812      916     1116     1115      915     5128     5567     5126     5125
      813      917     1117     1116      916     5130     5569     5128     5127
      814      918     1118     1117      917     5132     5571     5130     5129
      815      919     1119     1118      918     5134     5573     5132     5131
      816      920     1120     1119      919     5136     5575     5134     5133
      817      921     1121     1120      920     5138     5577     5136     5135
      818      922     1122     1121      921     5139     5579     5138     5137
      819     2835     1123     1122      922     5585     5581     5139     5140
      820     2835     1125     1124     1123     5591     5586     5583     5585
      821      923     1126     1125     2835     5142     5589     5591     5143
      822      924     1127     1126      923     5145     5592     5142     5141
      823      925     1128     1127      924     5147     5594     5145     5144
      824      926     1129     1128      925     5149     5596     5147     5146
      825      927     1130     1129      926     5151     5598     5149     5148
      826      928     1131     1130      927     5153     5600     5151     5150
      827      929     1132     1131      928     5155     5602     5153     5152
      828      930     1133     1132      929     5157     5604     5155     5154
      829      931     1134     1133      930     5159     5606     5157     5156
      830      932     1135     1134      931     5161     5608     5159     5158
      831      933     1136     1135      932     5163     5610     5161     5160
      832      934     1137     1136      933     5165     5612     5163     5162
      833      935     1138     1137      934     5167     5614     5165     5164
      834      936     1139     1138      935     5169     5616     5167     5166
      835      937     1140     1139      936     5171     5618     5169     5168
      836      938     1141     1140      937     5173     5620     5171     5170
      837      939     1142     1141      938     5175     5622     5173     5172
      838      940     1143     1142      939     5177     5624     5175     5174
      839      941     1144     1143      940     5179     5626     5177     5176
      840      942     1145     1144      941     5181     5628     5179     5178
      841      943     1146     1145      942     5183     5630     5181     5180
      842      944     1147     1146      943     5185     5632     5183     5182
      843      944     1149     1148     1147     5186     5636     5634     5185
      844      945     1150     1149      944     5188     5639     5186     5184
      845      946     1151     1150      945     5190     5641     5188     5187
      846      947     1152     1151      946     5192     5643     5190     5189
      847      948     1153     1152      947     5194     5645     5192     5191
      848      949     1154     1153      948     5196     5647     5194     5193
      849      950     1155     1154      949     5198     5649     5196     5195
      850      951     1156     1155      950     5200     5651     5198     5197
      851      952     1157     1156      951     5202     5653     5200     5199
      852      953     1158     1157      952     5204     5655     5202     5201
      853      954     1159     1158      953     5206     5657     5204     5203
      854      955     1160     1159      954     5208     5659     5206     5205
      855      956     1161     1160      955     5210     5661     5208     5207
      856      957     1162     1161      956     5212     5663     5210     5209
      857      958     1163     1162      957     5214     5665     5212     5211
      858      959     1164     1163      958     5217     5667     5214     5213
      859     1042     1448     1040      959     5408     5403     5215     5216
      860     1040     1165     1164      959     5402     5669     5217     5215
      861      960     1038     1449     1039     5218     5398     5400     5219
      862     1108     1107     1038      960     5550     5397     5218     5220
      863     1039     1450     1037      961     5401     5395     5221     5222
      864     1037     1462     1235      962     5396     5825     5224     5223
      865     2902     3043     1035      963     9020     5391     5225     5226
      866     2903     1036     1009     1008     5394     5331     5327     5328
      867     1035     1451     1036     2903     5389     5392     5394     5390
      868      964     1010     1033     1011     5229     5334     5337     5230
      869      964     1187     1186     1010     5231     5719     5335     5229
      870      965     1188     1187      964     5233     5721     5231     5228
      871      966     1189     1188      965     5235     5723     5233     5232
      872      967     1190     1189      966     5237     5725     5235     5234
      873      968     1191     1190      967     5238     5727     5237     5236
      874     3026     1192     1191      968     5733     5729     5238     5239
      875      969     1193     1192     3026     5241     5731     5733     5242
      876      970     1194     1193      969     5244     5734     5241     5240
      877      971     1195     1194      970     5246     5736     5244     5243
      878      972     1196     1195      971     5248     5738     5246     5245
      879      973     1197     1196      972     5250     5740     5248     5247
      880      974     1198     1197      973     5252     5742     5250     5249
      881      975     1199     1198      974     5254     5744     5252     5251
      882      976     1200     1199      975     5256     5746     5254     5253
      883      977     1201     1200      976     5259     5748     5256     5255
      884      977     1047     1202     1201     5258     5419     5750     5259
      885      978     1048     1047      977     5260     5418     5258     5257
      886     2793     1049     1048      978     5425     5421     5260     5261
      887      979     1050     1049     2793     5263     5423     5425     5264
      888      980     1051     1050      979     5266     5426     5263     5262
      889      981     1052     1051      980     5268     5428     5266     5265
      890      982     1053     1052      981     5270     5430     5268     5267
      891      983     1054     1053      982     5271     5432     5270     5269
      892     2982     1055     1054      983     5438     5434     5271     5272
      893      984     1056     1055     2982     5274     5436     5438     5275
      894      985     1057     1056      984     5276     5439     5274     5273
      895     2851     1058     1057      985     5445     5441     5276     5277
      896      986     1059     1058     2851     5279     5443     5445     5280
      897      987     1060     1059      986     5282     5446     5279     5278
      898      988     1061     1060      987     5284     5448     5282     5281
      899      989     1062     1061      988     5286     5450     5284     5283
      900      990     1063     1062      989     5288     5452     5286     5285
      901      991     1064     1063      990     5290     5454     5288     5287
      902      992     1065     1064      991     5291     5456     5290     5289
      903     2861     1066     1065      992     5462     5458     5291     5292
      904      993     1067     1066     2861     5294     5460     5462     5295
      905      994     1068     1067      993     5297     5463     5294     5293
      906      995     1069     1068      994     5299     5465     5297     5296
      907      995     1071     1070     1069     5300     5469     5467     5299
      908      996     1072     1071      995     5302     5472     5300     5298
      909      997     1073     1072      996     5304     5474     5302     5301
      910      998     1074     1073      997     5306     5476     5304     5303
      911      999     1075     1074      998     5308     5478     5306     5305
      912     1000     1076     1075      999     5309     5480     5308     5307
      913     3036     1077     1076     1000     5486     5482     5309     5310
      914     1001     1078     1077     3036     5312     5484     5486     5313
      915     1002     1079     1078     1001     5315     5487     5312     5311
      916     1003     1080     1079     1002     5317     5489     5315     5314
      917     1004     1081     1080     1003     5319     5491     5317     5316
      918     1005     1082     1081     1004     5321     5493     5319     5318
      919     1006     1083     1082     1005     5323     5495     5321     5320
      920     1007     1084     1083     1006     5325     5497     5323     5322
      921     1008     2917     1084     1007     5329     5500     5325     5324
      922     1009     2888     2917     1008     5332     9006     5329     5327
      923     1036     1452     1034     1009     5393     5387     5330     5331
      924     1034     1085     2888     1009     5386     5503     5332     5330
      925     1010     1032     1453     1033     5333     5382     5384     5334
      926     1186     1185     1032     1010     5716     5381     5333     5335
      927     1033     1454     1031     1011     5385     5379     5336     5337
      928     1031     1469     1228     1012     5380     5807     5339     5338
      929     1225     1251     1030     1013     5798     5377     5341     5342
      930     1224     1252     1029     1014     5796     5375     5343     5344
      931     1223     2950     1028     1015     5795     5374     5345     5346
      932     1222     1253     1027     1016     5792     5371     5347     5348
      933     1237     1243     1026     1017     5829     5369     5349     5350
      934     3059     1242     1238     1018     5844     5831     5351     5353
      935     1235     1244     1025     1019     5824     5367     5354     5355
      936     2867     2885     1236     2823     8994     5828     5827     8969
      937     1230     1247     1024     1020     5810     5365     5356     5357
      938     3066     3020     2902     3000     9048     9019     9018     9045
      939     1228     1248     1023     1021     5806     5363     5358     5359
      940     3067     2813     1229     1022     8965     5809     5361     5362
      941     1023     1248     2813     3067     5363     5857     8965     5364
      942     1024     1247     3020     3066     5365     5855     9048     5366
      943     1025     1244     2885     2867     5367     5846     8994     5368
      944     1026     1243     1242     3059     5369     5842     5844     5370
      945     1027     1253     2480     2481     5371     5868     8567     5372
      946     1028     2950     2493     2494     5374     8581     8580     5373
      947     1029     1252     2518     2519     5375     5866     8605     5376
      948     1030     1251     2530     2550     5377     5863     8619     5378
      949     1454     1678     1469     1031     6286     6317     5380     5379
      950     1185     1227     1472     1032     5717     5805     5383     5381
      951     1472     1677     1453     1032     6323     6284     5382     5383
      952     1453     1485     1454     1033     6283     6285     5385     5384
      953     1034     1466     1231     1085     5388     5814     5501     5386
      954     1452     1682     1466     1034     6282     6311     5388     5387
      955     3043     1681     1451     1035     6764     6280     5389     5391
      956     1451     1486     1452     1036     6279     6281     5393     5392
      957     1450     1686     1462     1037     6278     6302     5396     5395
      958     1107     1234     1465     1038     5551     5822     5399     5397
      959     1465     1685     1449     1038     6308     6276     5398     5399
      960     1449     1487     1450     1039     6275     6277     5401     5400
      961     1040     1459     1239     1165     5404     5835     5671     5402
      962     1448     1690     1459     1040     6274     6297     5404     5403
      963     1461     1689     1447     1041     6301     6272     5405     5406
      964     1447     1488     1448     1042     6271     6273     5408     5407
      965     2536     2535     1445     1043     8625     6268     5409     5410
      966     1445     1489     1446     1044     6267     6269     5412     5411
      967     1446     1490     1444     1045     6270     6265     5413     5414
      968     1046     1471     1226     1184     5417     5802     5714     5415
      969     1444     1676     1471     1046     6266     6321     5417     5416
      970     1047     1268     1267     1202     5420     5896     5752     5419
      971     1048     1269     1268     1047     5422     5899     5420     5418
      972     1049     1270     1269     1048     5424     5901     5422     5421
      973     1050     1271     1270     1049     5427     5903     5424     5423
      974     1051     1272     1271     1050     5429     5905     5427     5426
      975     1052     1273     1272     1051     5431     5907     5429     5428
      976     1053     1274     1273     1052     5433     5909     5431     5430
      977     1054     1275     1274     1053     5435     5911     5433     5432
      978     1055     1276     1275     1054     5437     5913     5435     5434
      979     1056     1277     1276     1055     5440     5915     5437     5436
      980     1057     1278     1277     1056     5442     5917     5440     5439
      981     1058     1279     1278     1057     5444     5919     5442     5441
      982     1059     1280     1279     1058     5447     5921     5444     5443
      983     1060     1281     1280     1059     5449     5923     5447     5446
      984     1061     1282     1281     1060     5451     5925     5449     5448
      985     1062     1283     1282     1061     5453     5927     5451     5450
      986     1063     1284     1283     1062     5455     5929     5453     5452
      987     1064     1285     1284     1063     5457     5931     5455     5454
      988     1065     1286     1285     1064     5459     5933     5457     5456
      989     1066     1287     1286     1065     5461     5935     5459     5458
      990     1067     1288     1287     1066     5464     5937     5461     5460
      991     1068     1289     1288     1067     5466     5939     5464     5463
      992     1069     1290     1289     1068     5468     5941     5466     5465
      993     1070     1291     1290     1069     5470     5943     5468     5467
      994     1070     1293     1292     1291     5471     5947     5945     5470
      995     1071     1294     1293     1070     5473     5950     5471     5469
      996     1072     1295     1294     1071     5475     5952     5473     5472
      997     1073     1296     1295     1072     5477     5954     5475     5474
      998     1074     1297     1296     1073     5479     5956     5477     5476
      999     1075     1298     1297     1074     5481     5958     5479     5478
     1000     1076     1299     1298     1075     5483     5960     5481     5480
     1001     1077     1300     1299     1076     5485     5962     5483     5482
     1002     1078     1301     1300     1077     5488     5964     5485     5484
     1003     1079     1302     1301     1078     5490     5966     5488     5487
     1004     1080     1303     1302     1079     5492     5968     5490     5489
     1005     1081     1304     1303     1080     5494     5970     5492     5491
     1006     1082     1305     1304     1081     5496     5972     5494     5493
     1007     1083     1306     1305     1082     5498     5974     5496     5495
     1008     1084     1307     1306     1083     5499     5976     5498     5497
     1009     2917     1308     1307     1084     5981     5978     5499     5500
     1010     2888     1309     1308     2917     5984     5980     5981     9006
     1011     1085     1310     1309     2888     5502     5983     5984     5503
     1012     1231     1311     1310     1085     5813     5986     5502     5501
     1013     1231     1246     1312     1311     5812     5851     5988     5813
     1014     1246     2928     2964     1312     5853     9026     5991     5851
     1015     2928     1232     1313     2964     5817     5815     5994     9026
     1016     1086     1232     1467     1217     5506     5816     5783     5505
     1017     1086     1314     1313     1232     5507     5992     5815     5506
     1018     1087     1315     1314     1086     5509     5995     5507     5504
     1019     1088     3064     1315     1087     5512     5998     5509     5508
     1020     1089     2959     3064     1088     5514     9041     5512     5510
     1021     1090     1316     2959     1089     5516     6000     5514     5513
     1022     1091     3051     1316     1090     5518     6001     5516     5515
     1023     1092     2960     3051     1091     5520     9042     5518     5517
     1024     1093     1317     2960     1092     5522     6004     5520     5519
     1025     1094     1318     1317     1093     5524     6002     5522     5521
     1026     1095     1319     1318     1094     5526     6005     5524     5523
     1027     1096     1320     1319     1095     5528     6007     5526     5525
     1028     1097     1321     1320     1096     5530     6009     5528     5527
     1029     1098     1322     1321     1097     5532     6011     5530     5529
     1030     1099     1323     1322     1098     5534     6013     5532     5531
     1031     1100     1324     1323     1099     5536     6015     5534     5533
     1032     1101     1325     1324     1100     5538     6017     5536     5535
     1033     1102     1326     1325     1101     5540     6019     5538     5537
     1034     1103     1327     1326     1102     5542     6021     5540     5539
     1035     1104     1328     1327     1103     5544     6023     5542     5541
     1036     1105     1329     1328     1104     5546     6025     5544     5543
     1037     1106     1330     1329     1105     5549     6027     5546     5545
     1038     1210     1464     1233     1106     5769     5820     5548     5547
     1039     1233     1331     1330     1106     5819     6029     5549     5548
     1040     1233     1245     1332     1331     5818     5848     6031     5819
     1041     1245     2892     1333     1332     5850     6037     6033     5848
     1042     2892     1234     1334     1333     5823     5821     6035     6037
     1043     1107     1335     1334     1234     5552     6038     5821     5551
     1044     1108     1336     1335     1107     5554     6040     5552     5550
     1045     1109     1337     1336     1108     5556     6042     5554     5553
     1046     1110     1338     1337     1109     5558     6044     5556     5555
     1047     1111     1339     1338     1110     5560     6046     5558     5557
     1048     1112     1340     1339     1111     5562     6048     5560     5559
     1049     1113     1341     1340     1112     5564     6050     5562     5561
     1050     1114     1342     1341     1113     5566     6052     5564     5563
     1051     1115     1343     1342     1114     5568     6054     5566     5565
     1052     1116     1344     1343     1115     5570     6056     5568     5567
     1053     1117     1345     1344     1116     5572     6058     5570     5569
     1054     1118     1346     1345     1117     5574     6060     5572     5571
     1055     1119     1347     1346     1118     5576     6062     5574     5573
     1056     1120     1348     1347     1119     5578     6064     5576     5575
     1057     1121     1349     1348     1120     5580     6066     5578     5577
     1058     1122     1350     1349     1121     5582     6068     5580     5579
     1059     1123     1351     1350     1122     5584     6070     5582     5581
     1060     1124     1352     1351     1123     5587     6072     5584     5583
     1061     1124     1354     1353     1352     5588     6076     6074     5587
     1062     1125     1355     1354     1124     5590     6079     5588     5586
     1063     1126     1356     1355     1125     5593     6081     5590     5589
     1064     1127     1357     1356     1126     5595     6083     5593     5592
     1065     1128     1358     1357     1127     5597     6085     5595     5594
     1066     1129     1359     1358     1128     5599     6087     5597     5596
     1067     1130     1360     1359     1129     5601     6089     5599     5598
     1068     1131     1361     1360     1130     5603     6091     5601     5600
     1069     1132     1362     1361     1131     5605     6093     5603     5602
     1070     1133     1363     1362     1132     5607     6095     5605     5604
     1071     1134     1364     1363     1133     5609     6097     5607     5606
     1072     1135     1365     1364     1134     5611     6099     5609     5608
     1073     1136     1366     1365     1135     5613     6101     5611     5610
     1074     1137     1367     1366     1136     5615     6103     5613     5612
     1075     1138     1368     1367     1137     5617     6105     5615     5614
     1076     1139     1369     1368     1138     5619     6107     5617     5616
     1077     1140     1370     1369     1139     5621     6109     5619     5618
     1078     1141     1371     1370     1140     5623     6111     5621     5620
     1079     1142     1372     1371     1141     5625     6113     5623     5622
     1080     1143     1373     1372     1142     5627     6115     5625     5624
     1081     1144     1374     1373     1143     5629     6117     5627     5626
     1082     1145     1375     1374     1144     5631     6119     5629     5628
     1083     1146     1376     1375     1145     5633     6121     5631     5630
     1084     1147     1377     1376     1146     5635     6123     5633     5632
     1085     1148     1378     1377     1147     5637     6125     5635     5634
     1086     1148     1380     1379     1378     5638     6129     6127     5637
     1087     1149     1381     1380     1148     5640     6132     5638     5636
     1088     1150     1382     1381     1149     5642     6134     5640     5639
     1089     1151     1383     1382     1150     5644     6136     5642     5641
     1090     1152     1384     1383     1151     5646     6138     5644     5643
     1091     1153     1385     1384     1152     5648     6140     5646     5645
     1092     1154     1386     1385     1153     5650     6142     5648     5647
     1093     1155     1387     1386     1154     5652     6144     5650     5649
     1094     1156     1388     1387     1155     5654     6146     5652     5651
     1095     1157     1389     1388     1156     5656     6148     5654     5653
     1096     1158     1390     1389     1157     5658     6150     5656     5655
     1097     1159     1391     1390     1158     5660     6152     5658     5657
     1098     1160     1392     1391     1159     5662     6154     5660     5659
     1099     1161     1393     1392     1160     5664     6156     5662     5661
     1100     1162     1394     1393     1161     5666     6158     5664     5663
     1101     1163     1395     1394     1162     5668     6160     5666     5665
     1102     1164     1396     1395     1163     5670     6162     5668     5667
     1103     1165     1397     1396     1164     5672     6164     5670     5669
     1104     1239     1398     1397     1165     5834     6166     5672     5671
     1105     1239     1241     1399     1398     5833     5839     6168     5834
     1106     1241     3046     1400     1399     5841     6174     6170     5839
     1107     3046     1240     1401     1400     5838     5836     6172     6174
     1108     1166     1240     2883     1220     5675     5837     5789     5674
     1109     1166     1402     1401     1240     5676     6175     5836     5675
     1110     1167     1403     1402     1166     5678     6177     5676     5673
     1111     1168     1404     1403     1167     5680     6179     5678     5677
     1112     1169     1405     1404     1168     5682     6181     5680     5679
     1113     1170     1406     1405     1169     5684     6183     5682     5681
     1114     1171     1407     1406     1170     5687     6185     5684     5683
     1115     1172     1408     1407     1171     5689     6187     5687     5686
     1116     1173     1409     1408     1172     5691     6189     5689     5688
     1117     1174     1410     1409     1173     5692     6191     5691     5690
     1118     3019     1411     1410     1174     6197     6193     5692     5693
     1119     1175     1412     1411     3019     5695     6195     6197     5696
     1120     1176     1413     1412     1175     5698     6198     5695     5694
     1121     1177     1414     1413     1176     5699     6200     5698     5697
     1122     2951     1415     1414     1177     6205     6202     5699     5700
     1123     1178     1416     1415     2951     5702     6204     6205     5703
     1124     1179     1417     1416     1178     5705     6207     5702     5701
     1125     1180     1418     1417     1179     5707     6209     5705     5704
     1126     1181     1419     1418     1180     5709     6211     5707     5706
     1127     1182     2838     1419     1181     5711     6214     5709     5708
     1128     1183     1420     2838     1182     5713     6217     5711     5710
     1129     1184     1421     1420     1183     5715     6215     5713     5712
     1130     1226     1422     1421     1184     5801     6218     5715     5714
     1131     1226     1250     1423     1422     5800     5861     6220     5801
     1132     1250     1249     1424     1423     5858     5859     6222     5861
     1133     1249     1227     1425     1424     5803     5804     6224     5859
     1134     1185     1426     1425     1227     5718     6226     5804     5717
     1135     1186     1427     1426     1185     5720     6228     5718     5716
     1136     1187     1428     1427     1186     5722     6230     5720     5719
     1137     1188     3012     1428     1187     5724     6233     5722     5721
     1138     1189     1429     3012     1188     5726     6236     5724     5723
     1139     1190     1430     1429     1189     5728     6234     5726     5725
     1140     1191     1431     1430     1190     5730     6237     5728     5727
     1141     1192     1432     1431     1191     5732     6239     5730     5729
     1142     1193     1433     1432     1192     5735     6241     5732     5731
     1143     1194     1434     1433     1193     5737     6243     5735     5734
     1144     1195     1435     1434     1194     5739     6245     5737     5736
     1145     1196     1436     1435     1195     5741     6247     5739     5738
     1146     1197     1437     1436     1196     5743     6249     5741     5740
     1147     1198     1438     1437     1197     5745     6251     5743     5742
     1148     1199     1439     1438     1198     5747     6253     5745     5744
     1149     1200     1440     1439     1199     5749     6255     5747     5746
     1150     1201     1441     1440     1200     5751     6257     5749     5748
     1151     1202     1442     1441     1201     5753     6259     5751     5750
     1152     1267     1443     1442     1202     5897     6261     5753     5752
     1153     2483     2484     1265     1203     8570     5893     5754     5755
     1154     1265     1666     1266     1204     5892     5894     5757     5756
     1155     1266     1667     1264     1205     5895     5890     5758     5759
     1156     1264     1680     1468     1206     5891     6315     5761     5760
     1157     2508     2509     1262     1207     8596     5887     5762     5763
     1158     1262     1668     1263     1208     5886     5888     5765     5764
     1159     1263     1669     1261     1209     5889     5884     5766     5767
     1160     1261     1684     1464     1210     5885     6307     5769     5768
     1161     2521     2522     1259     1211     8608     5881     5770     5771
     1162     1259     1670     1260     1212     5880     5882     5773     5772
     1163     1260     1671     1258     1213     5883     5878     5774     5775
     1164     1258     1688     1460     1214     5879     6299     5777     5776
     1165     1470     1679     1257     1215     6318     5877     5778     5779
     1166     1257     1672     1458     1216     5876     6295     5781     5780
     1167     1467     1683     1256     1217     6312     5875     5782     5783
     1168     1256     1673     1457     1218     5874     6293     5785     5784
     1169     1463     1687     1255     1219     6304     5872     5786     5787
     1170     1255     1674     1456     2962     5871     6290     6291     5873
     1171     2883     2855     1254     1220     8987     5870     5788     5789
     1172     1254     1675     1455     1221     5869     6287     5791     5790
     1173     1458     1482     1253     1222     6294     5867     5792     5793
     1174     1457     1483     2950     1223     6292     6344     5795     5794
     1175     1456     1484     1252     1224     6289     5865     5796     5797
     1176     1455     3017     1251     1225     6288     5864     5798     5799
     1177     1471     1474     1250     1226     6320     5862     5800     5802
     1178     1249     1473     1472     1227     5860     6322     5805     5803
     1179     1469     1475     1248     1228     6316     5856     5806     5807
     1180     2813     2829     1470     1229     8964     6319     5808     5809
     1181     1468     1476     1247     1230     6314     5854     5810     5811
     1182     3020     2862     3043     2902     8990     8991     9020     9019
     1183     1466     1477     1246     1231     6310     5852     5812     5814
     1184     2928     3045     1467     1232     9027     6313     5816     5817
     1185     1464     1478     1245     1233     6306     5849     5818     5820
     1186     2892     3032     1465     1234     9008     6309     5822     5823
     1187     1462     2971     1244     1235     6303     5847     5824     5825
     1188     2885     2869     1463     1236     8997     6305     5826     5828
     1189     1460     1480     1243     1237     6298     5845     5829     5830
     1190     1242     1479     1461     1238     5843     6300     5832     5831
     1191     1459     1481     1241     1239     6296     5840     5833     5835
     1192     3046     2899     2883     1240     9013     9005     5837     5838
     1193     1241     1481     2899     3046     5840     6339     9013     5841
     1194     1243     1480     1479     1242     5845     6335     5843     5842
     1195     1244     2971     2869     2885     5847     8998     8997     5846
     1196     1245     1478     3032     2892     5849     6334     9008     5850
     1197     1246     1477     3045     2928     5852     6332     9027     5853
     1198     1247     1476     2862     3020     5854     6330     8990     5855
     1199     1248     1475     2829     2813     5856     6328     8964     5857
     1200     1250     1474     1473     1249     5862     6324     5860     5858
     1201     1251     3017     2529     2530     5864     8618     8616     5863
     1202     1252     1484     2517     2518     5865     6346     8604     5866
     1203     2950     1483     2492     2493     6344     6343     8579     8581
     1204     1253     1482     2479     2480     5867     6341     8566     5868
     1205     2855     1898     1675     1254     7230     6751     5869     5870
     1206     1687     1902     1674     1255     6775     6749     5871     5872
     1207     1683     1906     1673     1256     6767     6747     5874     5875
     1208     1679     1909     1672     1257     6759     6745     5876     5877
     1209     1671     1899     1688     1258     6743     6778     5879     5878
     1210     2522     2523     1670     1259     8609     6741     5880     5881
     1211     1670     1704     1671     1260     6740     6742     5883     5882
     1212     1669     1903     1684     1261     6739     6770     5885     5884
     1213     2509     2510     1668     1262     8597     6737     5886     5887
     1214     1668     1705     1669     1263     6736     6738     5889     5888
     1215     1667     1907     1680     1264     6735     6761     5891     5890
     1216     2484     2485     1666     1265     8571     6733     5892     5893
     1217     1666     1706     1667     1266     6732     6734     5895     5894
     1218     1267     1492     1491     1443     5898     6359     6263     5897
     1219     1268     2904     1492     1267     5900     6363     5898     5896
     1220     1269     1493     2904     1268     5902     6366     5900     5899
     1221     1270     1494     1493     1269     5904     6364     5902     5901
     1222     1271     1495     1494     1270     5906     6367     5904     5903
     1223     1272     1496     1495     1271     5908     6369     5906     5905
     1224     1273     1497     1496     1272     5910     6371     5908     5907
     1225     1274     1498     1497     1273     5912     6373     5910     5909
     1226     1275     1499     1498     1274     5914     6375     5912     5911
     1227     1276     1500     1499     1275     5916     6377     5914     5913
     1228     1277     1501     1500     1276     5918     6379     5916     5915
     1229     1278     1502     1501     1277     5920     6381     5918     5917
     1230     1279     3060     1502     1278     5922     6384     5920     5919
     1231     1280     1503     3060     1279     5924     6387     5922     5921
     1232     1281     1504     1503     1280     5926     6385     5924     5923
     1233     1282     1505     1504     1281     5928     6388     5926     5925
     1234     1283     1506     1505     1282     5930     6390     5928     5927
     1235     1284     1507     1506     1283     5932     6392     5930     5929
     1236     1285     1508     1507     1284     5934     6394     5932     5931
     1237     1286     2988     1508     1285     5936     6397     5934     5933
     1238     1287     1509     2988     1286     5938     6400     5936     5935
     1239     1288     1510     1509     1287     5940     6398     5938     5937
     1240     1289     1511     1510     1288     5942     6401     5940     5939
     1241     1290     2846     1511     1289     5944     6404     5942     5941
     1242     1291     3065     2846     1290     5946     8981     5944     5943
     1243     1292     1512     3065     1291     5948     6407     5946     5945
     1244     1292     1514     1513     1512     5949     6408     6405     5948
     1245     1293     1515     1514     1292     5951     6411     5949     5947
     1246     1294     1516     1515     1293     5953     6413     5951     5950
     1247     1295     1517     1516     1294     5955     6415     5953     5952
     1248     1296     1518     1517     1295     5957     6417     5955     5954
     1249     1297     1519     1518     1296     5959     6419     5957     5956
     1250     1298     1520     1519     1297     5961     6421     5959     5958
     1251     1299     1521     1520     1298     5963     6423     5961     5960
     1252     1300     1522     1521     1299     5965     6425     5963     5962
     1253     1301     2889     1522     1300     5967     6428     5965     5964
     1254     1302     1523     2889     1301     5969     6431     5967     5966
     1255     1303     1524     1523     1302     5971     6429     5969     5968
     1256     1304     1525     1524     1303     5973     6432     5971     5970
     1257     1305     1526     1525     1304     5975     6434     5973     5972
     1258     1306     1527     1526     1305     5977     6436     5975     5974
     1259     1307     1528     1527     1306     5979     6438     5977     5976
     1260     1308     2952     1528     1307     5982     6441     5979     5978
     1261     1309     2898     2952     1308     5985     9012     5982     5980
     1262     1310     1529     2898     1309     5987     6444     5985     5983
     1263     1311     1530     1529     1310     5989     6442     5987     5986
     1264     1312     1531     1530     1311     5990     6445     5989     5988
     1265     2964     1532     1531     1312     6451     6447     5990     5991
     1266     1313     1533     1532     2964     5993     6449     6451     5994
     1267     1314     1534     1533     1313     5996     6452     5993     5992
     1268     1315     1535     1534     1314     5997     6454     5996     5995
     1269     3064     1536     1535     1315     6460     6456     5997     5998
     1270     2959     1537     1536     3064     6463     6458     6460     9041
     1271     1316     1538     1537     2959     5999     6461     6463     6000
     1272     3051     1539     1538     1316     6468     6464     5999     6001
     1273     2960     1540     1539     3051     6471     6466     6468     9042
     1274     1317     1541     1540     2960     6003     6469     6471     6004
     1275     1318     1542     1541     1317     6006     6472     6003     6002
     1276     1319     1543     1542     1318     6008     6474     6006     6005
     1277     1320     1544     1543     1319     6010     6476     6008     6007
     1278     1321     1545     1544     1320     6012     6478     6010     6009
     1279     1322     1546     1545     1321     6014     6480     6012     6011
     1280     1323     1547     1546     1322     6016     6482     6014     6013
     1281     1324     1548     1547     1323     6018     6484     6016     6015
     1282     1325     1549     1548     1324     6020     6486     6018     6017
     1283     1326     1550     1549     1325     6022     6488     6020     6019
     1284     1327     1551     1550     1326     6024     6490     6022     6021
     1285     1328     1552     1551     1327     6026     6492     6024     6023
     1286     1329     1553     1552     1328     6028     6494     6026     6025
     1287     1330     1554     1553     1329     6030     6496     6028     6027
     1288     1331     1555     1554     1330     6032     6498     6030     6029
     1289     1332     1556     1555     1331     6034     6500     6032     6031
     1290     1333     1557     1556     1332     6036     6502     6034     6033
     1291     1334     1558     1557     1333     6039     6504     6036     6035
     1292     1335     1559     1558     1334     6041     6506     6039     6038
     1293     1336     3027     1559     1335     6043     6509     6041     6040
     1294     1337     1560     3027     1336     6045     6512     6043     6042
     1295     1338     1561     1560     1337     6047     6510     6045     6044
     1296     1339     1562     1561     1338     6049     6513     6047     6046
     1297     1340     2953     1562     1339     6051     6516     6049     6048
     1298     1341     1563     2953     1340     6053     6519     6051     6050
     1299     1342     1564     1563     1341     6055     6517     6053     6052
     1300     1343     1565     1564     1342     6057     6520     6055     6054
     1301     1344     1566     1565     1343     6059     6522     6057     6056
     1302     1345     1567     1566     1344     6061     6524     6059     6058
     1303     1346     1568     1567     1345     6063     6526     6061     6060
     1304     1347     1569     1568     1346     6065     6528     6063     6062
     1305     1348     1570     1569     1347     6067     6530     6065     6064
     1306     1349     1571     1570     1348     6069     6532     6067     6066
     1307     1350     1572     1571     1349     6071     6534     6069     6068
     1308     1351     1573     1572     1350     6073     6536     6071     6070
     1309     1352     1574     1573     1351     6075     6538     6073     6072
     1310     1353     1575     1574     1352     6077     6540     6075     6074
     1311     1353     1577     1576     1575     6078     6544     6542     6077
     1312     1354     1578     1577     1353     6080     6547     6078     6076
     1313     1355     1579     1578     1354     6082     6549     6080     6079
     1314     1356     1580     1579     1355     6084     6551     6082     6081
     1315     1357     1581     1580     1356     6086     6553     6084     6083
     1316     1358     1582     1581     1357     6088     6555     6086     6085
     1317     1359     1583     1582     1358     6090     6557     6088     6087
     1318     1360     1584     1583     1359     6092     6559     6090     6089
     1319     1361     1585     1584     1360     6094     6561     6092     6091
     1320     1362     1586     1585     1361     6096     6563     6094     6093
     1321     1363     1587     1586     1362     6098     6565     6096     6095
     1322     1364     1588     1587     1363     6100     6567     6098     6097
     1323     1365     1589     1588     1364     6102     6569     6100     6099
     1324     1366     1590     1589     1365     6104     6571     6102     6101
     1325     1367     1591     1590     1366     6106     6573     6104     6103
     1326     1368     1592     1591     1367     6108     6575     6106     6105
     1327     1369     1593     1592     1368     6110     6577     6108     6107
     1328     1370     1594     1593     1369     6112     6579     6110     6109
     1329     1371     1595     1594     1370     6114     6581     6112     6111
     1330     1372     1596     1595     1371     6116     6583     6114     6113
     1331     1373     1597     1596     1372     6118     6585     6116     6115
     1332     1374     2912     1597     1373     6120     6587     6118     6117
     1333     1375     1598     2912     1374     6122     6591     6120     6119
     1334     1376     2909     1598     1375     6124     6590     6122     6121
     1335     1377     1599     2909     1376     6126     6594     6124     6123
     1336     1378     1600     1599     1377     6128     6592     6126     6125
     1337     1379     1601     1600     1378     6130     6595     6128     6127
     1338     1379     1603     1602     1601     6131     6599     6597     6130
     1339     1380     1604     1603     1379     6133     6602     6131     6129
     1340     1381     1605     1604     1380     6135     6604     6133     6132
     1341     1382     1606     1605     1381     6137     6606     6135     6134
     1342     1383     1607     1606     1382     6139     6608     6137     6136
     1343     1384     1608     1607     1383     6141     6610     6139     6138
     1344     1385     1609     1608     1384     6143     6612     6141     6140
     1345     1386     1610     1609     1385     6145     6614     6143     6142
     1346     1387     1611     1610     1386     6147     6616     6145     6144
     1347     1388     1612     1611     1387     6149     6618     6147     6146
     1348     1389     1613     1612     1388     6151     6620     6149     6148
     1349     1390     1614     1613     1389     6153     6622     6151     6150
     1350     1391     1615     1614     1390     6155     6624     6153     6152
     1351     1392     1616     1615     1391     6157     6626     6155     6154
     1352     1393     1617     1616     1392     6159     6628     6157     6156
     1353     1394     1618     1617     1393     6161     6630     6159     6158
     1354     1395     1619     1618     1394     6163     6632     6161     6160
     1355     1396     1620     1619     1395     6165     6634     6163     6162
     1356     1397     1621     1620     1396     6167     6636     6165     6164
     1357     1398     1622     1621     1397     6169     6638     6167     6166
     1358     1399     1623     1622     1398     6171     6640     6169     6168
     1359     1400     1624     1623     1399     6173     6642     6171     6170
     1360     1401     1625     1624     1400     6176     6644     6173     6172
     1361     1402     1626     1625     1401     6178     6646     6176     6175
     1362     1403     1627     1626     1402     6180     6648     6178     6177
     1363     1404     1628     1627     1403     6182     6650     6180     6179
     1364     1405     1629     1628     1404     6184     6652     6182     6181
     1365     1406     1630     1629     1405     6186     6654     6184     6183
     1366     1407     1631     1630     1406     6188     6656     6186     6185
     1367     1408     1632     1631     1407     6190     6658     6188     6187
     1368     1409     1633     1632     1408     6192     6660     6190     6189
     1369     1410     1634     1633     1409     6194     6662     6192     6191
     1370     1411     1635     1634     1410     6196     6664     6194     6193
     1371     1412     1636     1635     1411     6199     6666     6196     6195
     1372     1413     1637     1636     1412     6201     6668     6199     6198
     1373     1414     3016     1637     1413     6203     6671     6201     6200
     1374     1415     3018     3016     1414     6206     9047     6203     6202
     1375     1416     1638     3018     1415     6208     6674     6206     6204
     1376     1417     1639     1638     1416     6210     6672     6208     6207
     1377     1418     1640     1639     1417     6212     6675     6210     6209
     1378     1419     1641     1640     1418     6213     6677     6212     6211
     1379     2838     1642     1641     1419     6683     6679     6213     6214
     1380     1420     1643     1642     2838     6216     6681     6683     6217
     1381     1421     1644     1643     1420     6219     6684     6216     6215
     1382     1422     1645     1644     1421     6221     6686     6219     6218
     1383     1423     1646     1645     1422     6223     6688     6221     6220
     1384     1424     1647     1646     1423     6225     6690     6223     6222
     1385     1425     1648     1647     1424     6227     6692     6225     6224
     1386     1426     1649     1648     1425     6229     6694     6227     6226
     1387     1427     1650     1649     1426     6231     6696     6229     6228
     1388     1428     1651     1650     1427     6232     6698     6231     6230
     1389     3012     1652     1651     1428     6704     6700     6232     6233
     1390     1429     1653     1652     3012     6235     6702     6704     6236
     1391     1430     1654     1653     1429     6238     6705     6235     6234
     1392     1431     1655     1654     1430     6240     6707     6238     6237
     1393     1432     1656     1655     1431     6242     6709     6240     6239
     1394     1433     1657     1656     1432     6244     6711     6242     6241
     1395     1434     1658     1657     1433     6246     6713     6244     6243
     1396     1435     1659     1658     1434     6248     6715     6246     6245
     1397     1436     1660     1659     1435     6250     6717     6248     6247
     1398     1437     1661     1660     1436     6252     6719     6250     6249
     1399     1438     2965     1661     1437     6254     6722     6252     6251
     1400     1439     1662     2965     1438     6256     6725     6254     6253
     1401     1440     1663     1662     1439     6258     6723     6256     6255
     1402     1441     1664     1663     1440     6260     6726     6258     6257
     1403     1442     1665     1664     1441     6262     6728     6260     6259
     1404     1443     2825     1665     1442     6264     6731     6262     6261
     1405     1491     3011     2825     1443     6361     8972     6264     6263
     1406     1490     1910     1676     1444     6357     6752     6266     6265
     1407     2535     2534     1489     1445     8624     6355     6267     6268
     1408     1489     2894     1490     1446     6356     6358     6270     6269
     1409     1689     1900     1488     1447     6780     6354     6271     6272
     1410     1488     1897     1690     1448     6353     6782     6274     6273
     1411     1685     1904     1487     1449     6771     6352     6275     6276
     1412     1487     1901     1686     1450     6351     6774     6278     6277
     1413     1681     2805     1486     1451     6762     6350     6279     6280
     1414     1486     1905     1682     1452     6349     6766     6282     6281
     1415     1677     1911     1485     1453     6754     6348     6283     6284
     1416     1485     1908     1678     1454     6347     6757     6286     6285
     1417     1675     1700     3017     1455     6750     6803     6288     6287
     1418     1674     1701     1484     1456     6748     6345     6289     6290
     1419     1673     1702     1483     1457     6746     6342     6292     6293
     1420     1672     1703     1482     1458     6744     6340     6294     6295
     1421     1690     1691     1481     1459     6781     6338     6296     6297
     1422     2899     2791     2855     2883     8955     8954     8987     9005
     1423     1688     1693     1480     1460     6777     6337     6298     6299
     1424     1479     1692     1689     1461     6336     6779     6301     6300
     1425     1686     1694     2971     1462     6773     6789     6303     6302
     1426     2869     3003     1687     1463     8999     6776     6304     6305
     1427     1684     1695     1478     1464     6769     6333     6306     6307
     1428     3032     2957     1685     1465     9040     6772     6308     6309
     1429     1682     1696     1477     1466     6765     6331     6310     6311
     1430     3045     2974     1683     1467     9044     6768     6312     6313
     1431     1680     1697     1476     1468     6760     6329     6314     6315
     1432     2862     2879     1681     3043     8989     6763     6764     8991
     1433     1678     1699     1475     1469     6756     6327     6316     6317
     1434     2829     1698     1679     1470     6799     6758     6318     6319
     1435     1676     3033     1474     1471     6753     6326     6320     6321
     1436     1473     2945     1677     1472     6325     6755     6323     6322
     1437     1474     3033     2945     1473     6326     9038     6325     6324
     1438     1475     1699     1698     2829     6327     6797     6799     6328
     1439     1476     1697     2879     2862     6329     6796     8989     6330
     1440     1477     1696     2974     3045     6331     6794     9044     6332
     1441     1478     1695     2957     3032     6333     6792     9040     6334
     1442     2971     1694     3003     2869     6789     6790     8999     8998
     1443     1480     1693     1692     1479     6337     6785     6336     6335
     1444     1481     1691     2791     2899     6338     6784     8955     6339
     1445     1482     1703     2478     2479     6340     6809     8565     6341
     1446     1483     1702     2491     2492     6342     6807     8578     6343
     1447     1484     1701     2516     2517     6345     6805     8603     6346
     1448     3017     1700     2847     2529     6803     6802     8617     8618
     1449     1911     1926     1908     1485     7255     7250     6347     6348
     1450     2805     2130     1905     1486     7716     7244     6349     6350
     1451     1904     2132     1901     1487     7241     7236     6351     6352
     1452     1900     2134     1897     1488     7233     7227     6353     6354
     1453     2534     2533     2894     1489     8622     8623     6356     6355
     1454     2894     1927     1910     1490     7289     7254     6357     6358
     1455     1491     1708     1707     3011     6360     6816     6819     6361
     1456     1492     1709     1708     1491     6362     6820     6360     6359
     1457     2904     1710     1709     1492     6826     6822     6362     6363
     1458     1493     1711     1710     2904     6365     6824     6826     6366
     1459     1494     1712     1711     1493     6368     6827     6365     6364
     1460     1495     1713     1712     1494     6370     6829     6368     6367
     1461     1496     1714     1713     1495     6372     6831     6370     6369
     1462     1497     1715     1714     1496     6374     6833     6372     6371
     1463     1498     1716     1715     1497     6376     6835     6374     6373
     1464     1499     1717     1716     1498     6378     6837     6376     6375
     1465     1500     1718     1717     1499     6380     6839     6378     6377
     1466     1501     1719     1718     1500     6382     6841     6380     6379
     1467     1502     1720     1719     1501     6383     6843     6382     6381
     1468     3060     1721     1720     1502     6849     6845     6383     6384
     1469     1503     1722     1721     3060     6386     6847     6849     6387
     1470     1504     1723     1722     1503     6389     6850     6386     6385
     1471     1505     1724     1723     1504     6391     6852     6389     6388
     1472     1506     3004     1724     1505     6393     6855     6391     6390
     1473     1507     1725     3004     1506     6395     6858     6393     6392
     1474     1508     1726     1725     1507     6396     6856     6395     6394
     1475     2988     1727     1726     1508     6863     6859     6396     6397
     1476     1509     1728     1727     2988     6399     6861     6863     6400
     1477     1510     1729     1728     1509     6402     6864     6399     6398
     1478     1511     1730     1729     1510     6403     6866     6402     6401
     1479     2846     1731     1730     1511     6872     6868     6403     6404
     1480     3065     1732     1731     2846     6875     6870     6872     8981
     1481     1512     1733     1732     3065     6406     6873     6875     6407
     1482     1513     1734     1733     1512     6409     6876     6406     6405
     1483     1513     1736     1735     1734     6410     6880     6878     6409
     1484     1514     1737     1736     1513     6412     6883     6410     6408
     1485     1515     1738     1737     1514     6414     6885     6412     6411
     1486     1516     1739     1738     1515     6416     6887     6414     6413
     1487     1517     1740     1739     1516     6418     6889     6416     6415
     1488     1518     1741     1740     1517     6420     6891     6418     6417
     1489     1519     1742     1741     1518     6422     6893     6420     6419
     1490     1520     1743     1742     1519     6424     6895     6422     6421
     1491     1521     1744     1743     1520     6426     6897     6424     6423
     1492     1522     1745     1744     1521     6427     6899     6426     6425
     1493     2889     1746     1745     1522     6905     6901     6427     6428
     1494     1523     1747     1746     2889     6430     6903     6905     6431
     1495     1524     1748     1747     1523     6433     6906     6430     6429
     1496     1525     1749     1748     1524     6435     6908     6433     6432
     1497     1526     3024     1749     1525     6437     6911     6435     6434
     1498     1527     1750     3024     1526     6439     6914     6437     6436
     1499     1528     1751     1750     1527     6440     6912     6439     6438
     1500     2952     1752     1751     1528     6919     6915     6440     6441
     1501     2898     1753     1752     2952     6922     6917     6919     9012
     1502     1529     1754     1753     2898     6443     6920     6922     6444
     1503     1530     1755     1754     1529     6446     6923     6443     6442
     1504     1531     1756     1755     1530     6448     6925     6446     6445
     1505     1532     1757     1756     1531     6450     6927     6448     6447
     1506     1533     1758     1757     1532     6453     6929     6450     6449
     1507     1534     1759     1758     1533     6455     6931     6453     6452
     1508     1535     1760     1759     1534     6457     6933     6455     6454
     1509     1536     1761     1760     1535     6459     6935     6457     6456
     1510     1537     1762     1761     1536     6462     6937     6459     6458
     1511     1538     1763     1762     1537     6465     6939     6462     6461
     1512     1539     1764     1763     1538     6467     6941     6465     6464
     1513     1540     1765     1764     1539     6470     6943     6467     6466
     1514     1541     1766     1765     1540     6473     6945     6470     6469
     1515     1542     1767     1766     1541     6475     6947     6473     6472
     1516     1543     1768     1767     1542     6477     6949     6475     6474
     1517     1544     1769     1768     1543     6479     6951     6477     6476
     1518     1545     1770     1769     1544     6481     6953     6479     6478
     1519     1546     1771     1770     1545     6483     6955     6481     6480
     1520     1547     1772     1771     1546     6485     6957     6483     6482
     1521     1548     1773     1772     1547     6487     6959     6485     6484
     1522     1549     1774     1773     1548     6489     6961     6487     6486
     1523     1550     1775     1774     1549     6491     6963     6489     6488
     1524     1551     1776     1775     1550     6493     6965     6491     6490
     1525     1552     1777     1776     1551     6495     6967     6493     6492
     1526     1553     1778     1777     1552     6497     6969     6495     6494
     1527     1554     1779     1778     1553     6499     6971     6497     6496
     1528     1555     1780     1779     1554     6501     6973     6499     6498
     1529     1556     1781     1780     1555     6503     6975     6501     6500
     1530     1557     1782     1781     1556     6505     6977     6503     6502
     1531     1558     1783     1782     1557     6507     6979     6505     6504
     1532     1559     1784     1783     1558     6508     6981     6507     6506
     1533     3027     1785     1784     1559     6987     6983     6508     6509
     1534     1560     1786     1785     3027     6511     6985     6987     6512
     1535     1561     1787     1786     1560     6514     6988     6511     6510
     1536     1562     1788     1787     1561     6515     6990     6514     6513
     1537     2953     1789     1788     1562     6996     6992     6515     6516
     1538     1563     1790     1789     2953     6518     6994     6996     6519
     1539     1564     1791     1790     1563     6521     6997     6518     6517
     1540     1565     1792     1791     1564     6523     6999     6521     6520
     1541     1566     1793     1792     1565     6525     7001     6523     6522
     1542     1567     1794     1793     1566     6527     7003     6525     6524
     1543     1568     2966     1794     1567     6529     7006     6527     6526
     1544     1569     1795     2966     1568     6531     7009     6529     6528
     1545     1570     1796     1795     1569     6533     7007     6531     6530
     1546     1571     1797     1796     1570     6535     7010     6533     6532
     1547     1572     1798     1797     1571     6537     7012     6535     6534
     1548     1573     1799     1798     1572     6539     7014     6537     6536
     1549     1574     1800     1799     1573     6541     7016     6539     6538
     1550     1575     1801     1800     1574     6543     7018     6541     6540
     1551     1576     1802     1801     1575     6545     7020     6543     6542
     1552     1576     1804     1803     1802     6546     7024     7022     6545
     1553     1577     1805     1804     1576     6548     7027     6546     6544
     1554     1578     1806     1805     1577     6550     7029     6548     6547
     1555     1579     1807     1806     1578     6552     7031     6550     6549
     1556     1580     1808     1807     1579     6554     7033     6552     6551
     1557     1581     1809     1808     1580     6556     7035     6554     6553
     1558     1582     1810     1809     1581     6558     7037     6556     6555
     1559     1583     1811     1810     1582     6560     7039     6558     6557
     1560     1584     1812     1811     1583     6562     7041     6560     6559
     1561     1585     1813     1812     1584     6564     7043     6562     6561
     1562     1586     1814     1813     1585     6566     7045     6564     6563
     1563     1587     1815     1814     1586     6568     7047     6566     6565
     1564     1588     1816     1815     1587     6570     7049     6568     6567
     1565     1589     1817     1816     1588     6572     7051     6570     6569
     1566     1590     1818     1817     1589     6574     7053     6572     6571
     1567     1591     1819     1818     1590     6576     7055     6574     6573
     1568     1592     1820     1819     1591     6578     7057     6576     6575
     1569     1593     1821     1820     1592     6580     7059     6578     6577
     1570     1594     1822     1821     1593     6582     7061     6580     6579
     1571     1595     1823     1822     1594     6584     7063     6582     6581
     1572     1596     1824     1823     1595     6586     7065     6584     6583
     1573     1597     3022     1824     1596     6588     7068     6586     6585
     1574     2912     1825     3022     1597     7071     7072     6588     6587
     1575     1598     1826     1825     2912     6589     7069     7071     6591
     1576     2909     1827     1826     1598     7077     7073     6589     6590
     1577     1599     1828     1827     2909     6593     7075     7077     6594
     1578     1600     1829     1828     1599     6596     7078     6593     6592
     1579     1601     1830     1829     1600     6598     7080     6596     6595
     1580     1602     2824     1830     1601     6601     7083     6598     6597
     1581     1602     1831     2985     2824     6600     7086     8971     6601
     1582     1603     1832     1831     1602     6603     7084     6600     6599
     1583     1604     1833     1832     1603     6605     7087     6603     6602
     1584     1605     1834     1833     1604     6607     7089     6605     6604
     1585     1606     1835     1834     1605     6609     7091     6607     6606
     1586     1607     1836     1835     1606     6611     7093     6609     6608
     1587     1608     1837     1836     1607     6613     7095     6611     6610
     1588     1609     1838     1837     1608     6615     7097     6613     6612
     1589     1610     1839     1838     1609     6617     7099     6615     6614
     1590     1611     3037     1839     1610     6619     7102     6617     6616
     1591     1612     1840     3037     1611     6621     7105     6619     6618
     1592     1613     1841     1840     1612     6623     7103     6621     6620
     1593     1614     1842     1841     1613     6625     7106     6623     6622
     1594     1615     1843     1842     1614     6627     7108     6625     6624
     1595     1616     1844     1843     1615     6629     7110     6627     6626
     1596     1617     3063     1844     1616     6631     7113     6629     6628
     1597     1618     1845     3063     1617     6633     7116     6631     6630
     1598     1619     1846     1845     1618     6635     7114     6633     6632
     1599     1620     2916     1846     1619     6637     7118     6635     6634
     1600     1621     1847     2916     1620     6639     7121     6637     6636
     1601     1622     1848     1847     1621     6641     7119     6639     6638
     1602     1623     1849     1848     1622     6643     7122     6641     6640
     1603     1624     1850     1849     1623     6645     7124     6643     6642
     1604     1625     1851     1850     1624     6647     7126     6645     6644
     1605     1626     1852     1851     1625     6649     7128     6647     6646
     1606     1627     1853     1852     1626     6651     7130     6649     6648
     1607     1628     1854     1853     1627     6653     7132     6651     6650
     1608     1629     1855     1854     1628     6655     7134     6653     6652
     1609     1630     1856     1855     1629     6657     7136     6655     6654
     1610     1631     1857     1856     1630     6659     7138     6657     6656
     1611     1632     1858     1857     1631     6661     7140     6659     6658
     1612     1633     1859     1858     1632     6663     7142     6661     6660
     1613     1634     1860     1859     1633     6665     7144     6663     6662
     1614     1635     1861     1860     1634     6667     7146     6665     6664
     1615     1636     1862     1861     1635     6669     7148     6667     6666
     1616     1637     1863     1862     1636     6670     7150     6669     6668
     1617     3016     1864     1863     1637     7156     7152     6670     6671
     1618     3018     1865     1864     3016     7159     7154     7156     9047
     1619     1638     1866     1865     3018     6673     7157     7159     6674
     1620     1639     1867     1866     1638     6676     7160     6673     6672
     1621     1640     1868     1867     1639     6678     7162     6676     6675
     1622     1641     1869     1868     1640     6680     7164     6678     6677
     1623     1642     1870     1869     1641     6682     7166     6680     6679
     1624     1643     3006     1870     1642     6685     7169     6682     6681
     1625     1644     1871     3006     1643     6687     7172     6685     6684
     1626     1645     1872     1871     1644     6689     7170     6687     6686
     1627     1646     1873     1872     1645     6691     7173     6689     6688
     1628     1647     1874     1873     1646     6693     7175     6691     6690
     1629     1648     1875     1874     1647     6695     7177     6693     6692
     1630     1649     1876     1875     1648     6697     7179     6695     6694
     1631     1650     1877     1876     1649     6699     7181     6697     6696
     1632     1651     1878     1877     1650     6701     7183     6699     6698
     1633     1652     1879     1878     1651     6703     7185     6701     6700
     1634     1653     1880     1879     1652     6706     7187     6703     6702
     1635     1654     1881     1880     1653     6708     7189     6706     6705
     1636     1655     1882     1881     1654     6710     7191     6708     6707
     1637     1656     1883     1882     1655     6712     7193     6710     6709
     1638     1657     1884     1883     1656     6714     7195     6712     6711
     1639     1658     1885     1884     1657     6716     7197     6714     6713
     1640     1659     1886     1885     1658     6718     7199     6716     6715
     1641     1660     1887     1886     1659     6720     7201     6718     6717
     1642     1661     1888     1887     1660     6721     7203     6720     6719
     1643     2965     1889     1888     1661     7209     7205     6721     6722
     1644     1662     1890     1889     2965     6724     7207     7209     6725
     1645     1663     1891     1890     1662     6727     7210     6724     6723
     1646     1664     1892     1891     1663     6729     7212     6727     6726
     1647     1665     1893     1892     1664     6730     7214     6729     6728
     1648     2825     1894     1893     1665     7220     7216     6730     6731
     1649     3011     1895     1894     2825     7223     7218     7220     8972
     1650     1707     1896     1895     3011     6817     7221     7223     6819
     1651     2485     2486     1706     1666     8572     6815     6732     6733
     1652     1706     2129     1907     1667     6814     7248     6735     6734
     1653     2510     2511     1705     1668     8598     6813     6736     6737
     1654     1705     2131     1903     1669     6812     7240     6739     6738
     1655     2523     2524     1704     1670     8610     6811     6740     6741
     1656     1704     2133     1899     1671     6810     7232     6743     6742
     1657     1909     1922     1703     1672     7252     6808     6744     6745
     1658     1906     1923     1702     1673     7245     6806     6746     6747
     1659     1902     1924     1701     1674     7238     6804     6748     6749
     1660     1898     1925     1700     1675     7228     6801     6750     6751
     1661     1910     1912     3033     1676     7253     7259     6753     6752
     1662     2945     2828     1911     1677     8973     7256     6754     6755
     1663     1908     1914     1699     1678     7249     6800     6756     6757
     1664     1698     1913     1909     1679     6798     7251     6759     6758
     1665     1907     1915     1697     1680     7247     6795     6760     6761
     1666     2879     2843     2805     1681     8979     8961     6762     6763
     1667     1905     1916     1696     1682     7243     6793     6765     6766
     1668     2974     2905     1906     1683     9022     7246     6767     6768
     1669     1903     1917     1695     1684     7239     6791     6769     6770
     1670     2957     2836     1904     1685     8977     7242     6771     6772
     1671     1901     1919     1694     1686     7235     6788     6773     6774
     1672     3003     1918     1902     1687     7271     7237     6775     6776
     1673     1899     1920     1693     1688     7231     6787     6777     6778
     1674     1692     3062     1900     1689     6786     7234     6780     6779
     1675     1897     1921     1691     1690     7226     6783     6781     6782
     1676     2791     2826     1898     2855     8953     7229     7230     8954
     1677     1691     1921     2826     2791     6783     7276     8953     6784
     1678     1693     1920     3062     1692     6787     7274     6786     6785
     1679     1694     1919     1918     3003     6788     7269     7271     6790
     1680     1695     1917     2836     2957     6791     7268     8977     6792
     1681     1696     1916     2905     2974     6793     7266     9022     6794
     1682     1697     1915     2843     2879     6795     7264     8979     6796
     1683     1699     1914     1913     1698     6800     7260     6798     6797
     1684     3033     1912     2828     2945     7259     7258     8973     9038
     1685     1700     1925     2528     2847     6801     7283     8615     6802
     1686     1701     1924     2515     2516     6804     7282     8602     6805
     1687     1702     1923     2490     2491     6806     7279     8577     6807
     1688     1703     1922     2477     2478     6808     7278     8564     6809
     1689     2524     2526     2133     1704     8611     7723     6810     6811
     1690     2511     2513     2131     1705     8599     7719     6812     6813
     1691     2486     2488     2129     1706     8573     7714     6814     6815
     1692     1707     1929     1928     1896     6818     7290     7224     6817
     1693     1708     1930     1929     1707     6821     7293     6818     6816
     1694     1709     1931     1930     1708     6823     7295     6821     6820
     1695     1710     1932     1931     1709     6825     7297     6823     6822
     1696     1711     1933     1932     1710     6828     7299     6825     6824
     1697     1712     1934     1933     1711     6830     7301     6828     6827
     1698     1713     1935     1934     1712     6832     7303     6830     6829
     1699     1714     1936     1935     1713     6834     7305     6832     6831
     1700     1715     1937     1936     1714     6836     7307     6834     6833
     1701     1716     1938     1937     1715     6838     7309     6836     6835
     1702     1717     1939     1938     1716     6840     7311     6838     6837
     1703     1718     1940     1939     1717     6842     7313     6840     6839
     1704     1719     1941     1940     1718     6844     7315     6842     6841
     1705     1720     1942     1941     1719     6846     7317     6844     6843
     1706     1721     1943     1942     1720     6848     7319     6846     6845
     1707     1722     1944     1943     1721     6851     7321     6848     6847
     1708     1723     1945     1944     1722     6853     7323     6851     6850
     1709     1724     1946     1945     1723     6854     7325     6853     6852
     1710     3004     1947     1946     1724     7331     7327     6854     6855
     1711     1725     1948     1947     3004     6857     7329     7331     6858
     1712     1726     1949     1948     1725     6860     7332     6857     6856
     1713     1727     1950     1949     1726     6862     7334     6860     6859
     1714     1728     1951     1950     1727     6865     7336     6862     6861
     1715     1729     1952     1951     1728     6867     7338     6865     6864
     1716     1730     1953     1952     1729     6869     7340     6867     6866
     1717     1731     1954     1953     1730     6871     7342     6869     6868
     1718     1732     1955     1954     1731     6874     7344     6871     6870
     1719     1733     1956     1955     1732     6877     7346     6874     6873
     1720     1734     1957     1956     1733     6879     7348     6877     6876
     1721     1735     1958     1957     1734     6881     7350     6879     6878
     1722     1735     3061     1959     1958     6882     7356     7352     6881
     1723     1736     1960     3061     1735     6884     7359     6882     6880
     1724     1737     1961     1960     1736     6886     7357     6884     6883
     1725     1738     1962     1961     1737     6888     7360     6886     6885
     1726     1739     1963     1962     1738     6890     7362     6888     6887
     1727     1740     1964     1963     1739     6892     7364     6890     6889
     1728     1741     1965     1964     1740     6894     7366     6892     6891
     1729     1742     1966     1965     1741     6896     7368     6894     6893
     1730     1743     1967     1966     1742     6898     7370     6896     6895
     1731     1744     1968     1967     1743     6900     7372     6898     6897
     1732     1745     1969     1968     1744     6902     7374     6900     6899
     1733     1746     1970     1969     1745     6904     7376     6902     6901
     1734     1747     1971     1970     1746     6907     7378     6904     6903
     1735     1748     1972     1971     1747     6909     7380     6907     6906
     1736     1749     1973     1972     1748     6910     7382     6909     6908
     1737     3024     1974     1973     1749     7388     7384     6910     6911
     1738     1750     1975     1974     3024     6913     7386     7388     6914
     1739     1751     1976     1975     1750     6916     7389     6913     6912
     1740     1752     1977     1976     1751     6918     7391     6916     6915
     1741     1753     1978     1977     1752     6921     7393     6918     6917
     1742     1754     1979     1978     1753     6924     7395     6921     6920
     1743     1755     1980     1979     1754     6926     7397     6924     6923
     1744     1756     1981     1980     1755     6928     7399     6926     6925
     1745     1757     1982     1981     1756     6930     7401     6928     6927
     1746     1758     1983     1982     1757     6932     7403     6930     6929
     1747     1759     1984     1983     1758     6934     7405     6932     6931
     1748     1760     1985     1984     1759     6936     7407     6934     6933
     1749     1761     1986     1985     1760     6938     7409     6936     6935
     1750     1762     1987     1986     1761     6940     7411     6938     6937
     1751     1763     1988     1987     1762     6942     7413     6940     6939
     1752     1764     1989     1988     1763     6944     7415     6942     6941
     1753     1765     1990     1989     1764     6946     7417     6944     6943
     1754     1766     1991     1990     1765     6948     7419     6946     6945
     1755     1767     1992     1991     1766     6950     7421     6948     6947
     1756     1768     1993     1992     1767     6952     7423     6950     6949
     1757     1769     1994     1993     1768     6954     7425     6952     6951
     1758     1770     1995     1994     1769     6956     7427     6954     6953
     1759     1771     1996     1995     1770     6958     7429     6956     6955
     1760     1772     1997     1996     1771     6960     7431     6958     6957
     1761     1773     1998     1997     1772     6962     7433     6960     6959
     1762     1774     1999     1998     1773     6964     7435     6962     6961
     1763     1775     2000     1999     1774     6966     7437     6964     6963
     1764     1776     2001     2000     1775     6968     7439     6966     6965
     1765     1777     2803     2001     1776     6970     7441     6968     6967
     1766     1778     2002     2803     1777     6972     7444     6970     6969
     1767     1779     2003     2002     1778     6974     7443     6972     6971
     1768     1780     2004     2003     1779     6976     7446     6974     6973
     1769     1781     2005     2004     1780     6978     7448     6976     6975
     1770     1782     2006     2005     1781     6980     7450     6978     6977
     1771     1783     2007     2006     1782     6982     7452     6980     6979
     1772     1784     2790     2007     1783     6984     7455     6982     6981
     1773     1785     2008     2790     1784     6986     7458     6984     6983
     1774     1786     2009     2008     1785     6989     7456     6986     6985
     1775     1787     2010     2009     1786     6991     7459     6989     6988
     1776     1788     2011     2010     1787     6993     7461     6991     6990
     1777     1789     2012     2011     1788     6995     7463     6993     6992
     1778     1790     2013     2012     1789     6998     7465     6995     6994
     1779     1791     2014     2013     1790     7000     7467     6998     6997
     1780     1792     2015     2014     1791     7002     7469     7000     6999
     1781     1793     2016     2015     1792     7004     7471     7002     7001
     1782     1794     2017     2016     1793     7005     7473     7004     7003
     1783     2966     2018     2017     1794     7479     7475     7005     7006
     1784     1795     2019     2018     2966     7008     7477     7479     7009
     1785     1796     2020     2019     1795     7011     7480     7008     7007
     1786     1797     2021     2020     1796     7013     7482     7011     7010
     1787     1798     2022     2021     1797     7015     7484     7013     7012
     1788     1799     2023     2022     1798     7017     7486     7015     7014
     1789     1800     2024     2023     1799     7019     7488     7017     7016
     1790     1801     3055     2024     1800     7021     7491     7019     7018
     1791     1802     2025     3055     1801     7023     7494     7021     7020
     1792     1803     2026     2025     1802     7025     7492     7023     7022
     1793     1803     2028     2027     2026     7026     7497     7495     7025
     1794     1804     2029     2028     1803     7028     7500     7026     7024
     1795     1805     2030     2029     1804     7030     7502     7028     7027
     1796     1806     3013     2030     1805     7032     7505     7030     7029
     1797     1807     2031     3013     1806     7034     7508     7032     7031
     1798     1808     2032     2031     1807     7036     7506     7034     7033
     1799     1809     2033     2032     1808     7038     7509     7036     7035
     1800     1810     2034     2033     1809     7040     7511     7038     7037
     1801     1811     2035     2034     1810     7042     7513     7040     7039
     1802     1812     2036     2035     1811     7044     7515     7042     7041
     1803     1813     2037     2036     1812     7046     7517     7044     7043
     1804     1814     2038     2037     1813     7048     7519     7046     7045
     1805     1815     2039     2038     1814     7050     7521     7048     7047
     1806     1816     2040     2039     1815     7052     7523     7050     7049
     1807     1817     2041     2040     1816     7054     7525     7052     7051
     1808     1818     2042     2041     1817     7056     7527     7054     7053
     1809     1819     2043     2042     1818     7058     7529     7056     7055
     1810     1820     2044     2043     1819     7060     7531     7058     7057
     1811     1821     2045     2044     1820     7062     7533     7060     7059
     1812     1822     2046     2045     1821     7064     7535     7062     7061
     1813     1823     2047     2046     1822     7066     7537     7064     7063
     1814     1824     2048     2047     1823     7067     7539     7066     7065
     1815     3022     2049     2048     1824     7545     7541     7067     7068
     1816     1825     2050     2049     3022     7070     7543     7545     7072
     1817     1826     2051     2050     1825     7074     7546     7070     7069
     1818     1827     2052     2051     1826     7076     7548     7074     7073
     1819     1828     2053     2052     1827     7079     7550     7076     7075
     1820     1829     2054     2053     1828     7081     7552     7079     7078
     1821     1830     2055     2054     1829     7082     7554     7081     7080
     1822     2824     2056     2055     1830     7560     7556     7082     7083
     1823     2985     2057     2056     2824     7563     7558     7560     8971
     1824     2985     2924     2058     2057     9025     7566     7561     7563
     1825     1831     2059     2924     2985     7085     7569     9025     7086
     1826     1832     2060     2059     1831     7088     7567     7085     7084
     1827     1833     2061     2060     1832     7090     7570     7088     7087
     1828     1834     2062     2061     1833     7092     7572     7090     7089
     1829     1835     2063     2062     1834     7094     7574     7092     7091
     1830     1836     2064     2063     1835     7096     7576     7094     7093
     1831     1837     2065     2064     1836     7098     7578     7096     7095
     1832     1838     2066     2065     1837     7100     7580     7098     7097
     1833     1839     2067     2066     1838     7101     7582     7100     7099
     1834     3037     2068     2067     1839     7588     7584     7101     7102
     1835     1840     2069     2068     3037     7104     7586     7588     7105
     1836     1841     2070     2069     1840     7107     7589     7104     7103
     1837     1842     2071     2070     1841     7109     7591     7107     7106
     1838     1843     2072     2071     1842     7111     7593     7109     7108
     1839     1844     2073     2072     1843     7112     7595     7111     7110
     1840     3063     2074     2073     1844     7601     7597     7112     7113
     1841     1845     2075     2074     3063     7115     7599     7601     7116
     1842     1846     2076     2075     1845     7117     7602     7115     7114
     1843     2916     2077     2076     1846     7608     7604     7117     7118
     1844     1847     2078     2077     2916     7120     7606     7608     7121
     1845     1848     2079     2078     1847     7123     7609     7120     7119
     1846     1849     2080     2079     1848     7125     7611     7123     7122
     1847     1850     2081     2080     1849     7127     7613     7125     7124
     1848     1851     2082     2081     1850     7129     7615     7127     7126
     1849     1852     2083     2082     1851     7131     7617     7129     7128
     1850     1853     2084     2083     1852     7133     7619     7131     7130
     1851     1854     2085     2084     1853     7135     7621     7133     7132
     1852     1855     2086     2085     1854     7137     7623     7135     7134
     1853     1856     2087     2086     1855     7139     7625     7137     7136
     1854     1857     2088     2087     1856     7141     7627     7139     7138
     1855     1858     2089     2088     1857     7143     7629     7141     7140
     1856     1859     2090     2089     1858     7145     7631     7143     7142
     1857     1860     2091     2090     1859     7147     7633     7145     7144
     1858     1861     2092     2091     1860     7149     7635     7147     7146
     1859     1862     2093     2092     1861     7151     7637     7149     7148
     1860     1863     2094     2093     1862     7153     7639     7151     7150
     1861     1864     2095     2094     1863     7155     7641     7153     7152
     1862     1865     2096     2095     1864     7158     7643     7155     7154
     1863     1866     2097     2096     1865     7161     7645     7158     7157
     1864     1867     2098     2097     1866     7163     7647     7161     7160
     1865     1868     2099     2098     1867     7165     7649     7163     7162
     1866     1869     2100     2099     1868     7167     7651     7165     7164
     1867     1870     2101     2100     1869     7168     7653     7167     7166
     1868     3006     2102     2101     1870     7659     7655     7168     7169
     1869     1871     2103     2102     3006     7171     7657     7659     7172
     1870     1872     2104     2103     1871     7174     7660     7171     7170
     1871     1873     2105     2104     1872     7176     7662     7174     7173
     1872     1874     2106     2105     1873     7178     7664     7176     7175
     1873     1875     2107     2106     1874     7180     7666     7178     7177
     1874     1876     2108     2107     1875     7182     7668     7180     7179
     1875     1877     2109     2108     1876     7184     7670     7182     7181
     1876     1878     2110     2109     1877     7186     7672     7184     7183
     1877     1879     2111     2110     1878     7188     7674     7186     7185
     1878     1880     2112     2111     1879     7190     7676     7188     7187
     1879     1881     2113     2112     1880     7192     7678     7190     7189
     1880     1882     2114     2113     1881     7194     7680     7192     7191
     1881     1883     2115     2114     1882     7196     7682     7194     7193
     1882     1884     2116     2115     1883     7198     7684     7196     7195
     1883     1885     2926     2116     1884     7200     7686     7198     7197
     1884     1886     2117     2926     1885     7202     7690     7200     7199
     1885     1887     2118     2117     1886     7204     7688     7202     7201
     1886     1888     2119     2118     1887     7206     7691     7204     7203
     1887     1889     2120     2119     1888     7208     7693     7206     7205
     1888     1890     2121     2120     1889     7211     7695     7208     7207
     1889     1891     2122     2121     1890     7213     7697     7211     7210
     1890     1892     2123     2122     1891     7215     7699     7213     7212
     1891     1893     2124     2123     1892     7217     7701     7215     7214
     1892     1894     2125     2124     1893     7219     7703     7217     7216
     1893     1895     2126     2125     1894     7222     7705     7219     7218
     1894     1896     2127     2126     1895     7225     7707     7222     7221
     1895     1928     2128     2127     1896     7291     7709     7225     7224
     1896     2533     2532     1927     2894     8621     7288     7289     8623
     1897     2134     2135     1921     1897     7724     7275     7226     7227
     1898     2826     2814     1925     1898     8966     7284     7228     7229
     1899     2133     2137     1920     1899     7722     7273     7231     7232
     1900     3062     2136     2134     1900     7730     7725     7233     7234
     1901     2132     2139     1919     1901     7720     7272     7235     7236
     1902     1918     2138     1924     1902     7270     7281     7238     7237
     1903     2131     2141     1917     1903     7718     7267     7239     7240
     1904     2836     2140     2132     1904     7737     7721     7241     7242
     1905     2130     2142     1916     1905     7715     7265     7243     7244
     1906     2905     3038     1923     1906     9023     7280     7245     7246
     1907     2129     2143     1915     1907     7713     7263     7247     7248
     1908     2843     3039     2130     2805     8980     7717     7716     8961
     1909     1926     2145     1914     1908     7285     7262     7249     7250
     1910     1913     2144     1922     1909     7261     7277     7252     7251
     1911     1927     2147     1912     1910     7287     7257     7253     7254
     1912     2828     2146     1926     1911     7748     7286     7255     7256
     1913     1912     2147     2146     2828     7257     7746     7748     7258
     1914     1914     2145     2144     1913     7262     7743     7261     7260
     1915     1915     2143     3039     2843     7263     7742     8980     7264
     1916     1916     2142     3038     2905     7265     7740     9023     7266
     1917     1917     2141     2140     2836     7267     7735     7737     7268
     1918     1919     2139     2138     1918     7272     7732     7270     7269
     1919     1920     2137     2136     3062     7273     7728     7730     7274
     1920     1921     2135     2814     2826     7275     7727     8966     7276
     1921     1922     2144     2476     2477     7277     7744     8563     7278
     1922     1923     3038     2489     2490     7280     8576     8575     7279
     1923     1924     2138     2514     2515     7281     7733     8601     7282
     1924     1925     2814     2527     2528     7284     8614     8613     7283
     1925     2146     2468     2145     1926     7747     7745     7285     7286
     1926     2532     2531     2147     1927     8620     7749     7287     7288
     1927     1928     2174     2178     2128     7292     7809     7711     7291
     1928     1929     2175     2174     1928     7294     7808     7292     7290
     1929     1930     2968     2175     1929     7296     7811     7294     7293
     1930     1931     2173     2968     1930     7298     7807     7296     7295
     1931     1932     2906     2173     1931     7300     7806     7298     7297
     1932     1933     2172     2906     1932     7302     7804     7300     7299
     1933     1934     2170     2172     1933     7304     7799     7302     7301
     1934     1935     2171     2170     1934     7306     7798     7304     7303
     1935     1936     3035     2171     1935     7308     7802     7306     7305
     1936     1937     2169     3035     1936     7310     7797     7308     7307
     1937     1938     2167     2169     1937     7312     7793     7310     7309
     1938     1939     2168     2167     1938     7314     7792     7312     7311
     1939     1940     2165     2168     1939     7316     7788     7314     7313
     1940     1941     2166     2165     1940     7318     7787     7316     7315
     1941     1942     3053     2166     1941     7320     7791     7318     7317
     1942     1943     2164     3053     1942     7322     7786     7320     7319
     1943     1944     2162     2164     1943     7324     7782     7322     7321
     1944     1945     2163     2162     1944     7326     7781     7324     7323
     1945     1946     2160     2163     1945     7328     7778     7326     7325
     1946     1947     2161     2160     1946     7330     7777     7328     7327
     1947     1948     2158     2161     1947     7333     7774     7330     7329
     1948     1949     2159     2158     1948     7335     7773     7333     7332
     1949     1950     2156     2159     1949     7337     7769     7335     7334
     1950     1951     2157     2156     1950     7339     7768     7337     7336
     1951     1952     3044     2157     1951     7341     7772     7339     7338
     1952     1953     2155     3044     1952     7343     7767     7341     7340
     1953     1954     2153     2155     1953     7345     7763     7343     7342
     1954     1955     2154     2153     1954     7347     7762     7345     7344
     1955     1956     2151     2154     1955     7349     7759     7347     7346
     1956     1957     2152     2151     1956     7351     7758     7349     7348
     1957     1958     2149     2152     1957     7353     7754     7351     7350
     1958     1959     2150     2149     1958     7355     7753     7353     7352
     1959     1959     2148     2322     2150     7354     7751     7756     7355
     1960     3061     2320     2148     1959     8144     7750     7354     7356
     1961     1960     2321     2320     3061     7358     8142     8144     7359
     1962     1961     2318     2321     1960     7361     8139     7358     7357
     1963     1962     2319     2318     1961     7363     8138     7361     7360
     1964     1963     2316     2319     1962     7365     8134     7363     7362
     1965     1964     2317     2316     1963     7367     8133     7365     7364
     1966     1965     2886     2317     1964     7369     8137     7367     7366
     1967     1966     2315     2886     1965     7371     8132     7369     7368
     1968     1967     2313     2315     1966     7373     8128     7371     7370
     1969     1968     2314     2313     1967     7375     8127     7373     7372
     1970     1969     2311     2314     1968     7377     8124     7375     7374
     1971     1970     2312     2311     1969     7379     8123     7377     7376
     1972     1971     2309     2312     1970     7381     8119     7379     7378
     1973     1972     2310     2309     1971     7383     8118     7381     7380
     1974     1973     2990     2310     1972     7385     8122     7383     7382
     1975     1974     2308     2990     1973     7387     8117     7385     7384
     1976     1975     2306     2308     1974     7390     8113     7387     7386
     1977     1976     2307     2306     1975     7392     8112     7390     7389
     1978     1977     2304     2307     1976     7394     8108     7392     7391
     1979     1978     2305     2304     1977     7396     8107     7394     7393
     1980     1979     2927     2305     1978     7398     8110     7396     7395
     1981     1980     2303     2927     1979     7400     8105     7398     7397
     1982     1981     2921     2303     1980     7402     8104     7400     7399
     1983     1982     2302     2921     1981     7404     8102     7402     7401
     1984     1983     2956     2302     1982     7406     8103     7404     7403
     1985     1984     2301     2956     1983     7408     8099     7406     7405
     1986     1985     2980     2301     1984     7410     8100     7408     7407
     1987     1986     2300     2980     1985     7412     8097     7410     7409
     1988     1987     2298     2300     1986     7414     8092     7412     7411
     1989     1988     2299     2298     1987     7416     8091     7414     7413
     1990     1989     2816     2299     1988     7418     8095     7416     7415
     1991     1990     2297     2816     1989     7420     8088     7418     7417
     1992     1991     2979     2297     1990     7422     8090     7420     7419
     1993     1992     2296     2979     1991     7424     8087     7422     7421
     1994     1993     2294     2296     1992     7426     8082     7424     7423
     1995     1994     2295     2294     1993     7428     8081     7426     7425
     1996     1995     2800     2295     1994     7430     8085     7428     7427
     1997     1996     2293     2800     1995     7432     8078     7430     7429
     1998     1997     3050     2293     1996     7434     8080     7432     7431
     1999     1998     2292     3050     1997     7436     8077     7434     7433
     2000     1999     2290     2292     1998     7438     8072     7436     7435
     2001     2000     2291     2290     1999     7440     8071     7438     7437
     2002     2001     2967     2291     2000     7442     8075     7440     7439
     2003     2803     2289     2967     2001     8067     8069     7442     7441
     2004     2002     3049     2289     2803     7445     8070     8067     7444
     2005     2003     2288     3049     2002     7447     8066     7445     7443
     2006     2004     2795     2288     2003     7449     8065     7447     7446
     2007     2005     2287     2795     2004     7451     8062     7449     7448
     2008     2006     2285     2287     2005     7453     8059     7451     7450
     2009     2007     2286     2285     2006     7454     8058     7453     7452
     2010     2790     2283     2286     2007     8056     8054     7454     7455
     2011     2008     2284     2283     2790     7457     8053     8056     7458
     2012     2009     2281     2284     2008     7460     8050     7457     7456
     2013     2010     2282     2281     2009     7462     8049     7460     7459
     2014     2011     2279     2282     2010     7464     8045     7462     7461
     2015     2012     2280     2279     2011     7466     8044     7464     7463
     2016     2013     2821     2280     2012     7468     8047     7466     7465
     2017     2014     2278     2821     2013     7470     8042     7468     7467
     2018     2015     2831     2278     2014     7472     8043     7470     7469
     2019     2016     2788     2831     2015     7474     8952     7472     7471
     2020     2017     2276     2788     2016     7476     8039     7474     7473
     2021     2018     2277     2276     2017     7478     8037     7476     7475
     2022     2019     2274     2277     2018     7481     8034     7478     7477
     2023     2020     2275     2274     2019     7483     8033     7481     7480
     2024     2021     2272     2275     2020     7485     8030     7483     7482
     2025     2022     2273     2272     2021     7487     8029     7485     7484
     2026     2023     2270     2273     2022     7489     8026     7487     7486
     2027     2024     2271     2270     2023     7490     8025     7489     7488
     2028     3055     2268     2271     2024     8023     8021     7490     7491
     2029     2025     2269     2268     3055     7493     8020     8023     7494
     2030     2026     2266     2269     2025     7496     8016     7493     7492
     2031     2027     2267     2266     2026     7499     8015     7496     7495
     2032     2027     2176     2895     2267     7498     7815     8018     7499
     2033     2028     2264     2176     2027     7501     7813     7498     7497
     2034     2029     2265     2264     2028     7503     8012     7501     7500
     2035     2030     2262     2265     2029     7504     8008     7503     7502
     2036     3013     2263     2262     2030     8011     8007     7504     7505
     2037     2031     2260     2263     3013     7507     8004     8011     7508
     2038     2032     2261     2260     2031     7510     8003     7507     7506
     2039     2033     2258     2261     2032     7512     7999     7510     7509
     2040     2034     2259     2258     2033     7514     7998     7512     7511
     2041     2035     2970     2259     2034     7516     8002     7514     7513
     2042     2036     2257     2970     2035     7518     7996     7516     7515
     2043     2037     3010     2257     2036     7520     7997     7518     7517
     2044     2038     2256     3010     2037     7522     7994     7520     7519
     2045     2039     2254     2256     2038     7524     7990     7522     7521
     2046     2040     2255     2254     2039     7526     7989     7524     7523
     2047     2041     2252     2255     2040     7528     7986     7526     7525
     2048     2042     2253     2252     2041     7530     7985     7528     7527
     2049     2043     2250     2253     2042     7532     7981     7530     7529
     2050     2044     2251     2250     2043     7534     7980     7532     7531
     2051     2045     3028     2251     2044     7536     7984     7534     7533
     2052     2046     2249     3028     2045     7538     7979     7536     7535
     2053     2047     2247     2249     2046     7540     7975     7538     7537
     2054     2048     2248     2247     2047     7542     7974     7540     7539
     2055     2049     2245     2248     2048     7544     7971     7542     7541
     2056     2050     2246     2245     2049     7547     7970     7544     7543
     2057     2051     2243     2246     2050     7549     7967     7547     7546
     2058     2052     2244     2243     2051     7551     7966     7549     7548
     2059     2053     2241     2244     2052     7553     7963     7551     7550
     2060     2054     2242     2241     2053     7555     7962     7553     7552
     2061     2055     2239     2242     2054     7557     7958     7555     7554
     2062     2056     2240     2239     2055     7559     7957     7557     7556
     2063     2057     2943     2240     2056     7562     7960     7559     7558
     2064     2058     2238     2943     2057     7565     7955     7562     7561
     2065     2058     2177     2323     2238     7564     7817     7954     7565
     2066     2924     2236     2177     2058     7952     7816     7564     7566
     2067     2059     2237     2236     2924     7568     7950     7952     7569
     2068     2060     2234     2237     2059     7571     7946     7568     7567
     2069     2061     2235     2234     2060     7573     7945     7571     7570
     2070     2062     3052     2235     2061     7575     7949     7573     7572
     2071     2063     2233     3052     2062     7577     7944     7575     7574
     2072     2064     2854     2233     2063     7579     7942     7577     7576
     2073     2065     2232     2854     2064     7581     7940     7579     7578
     2074     2066     2820     2232     2065     7583     7939     7581     7580
     2075     2067     2231     2820     2066     7585     7936     7583     7582
     2076     2068     2944     2231     2067     7587     7938     7585     7584
     2077     2069     2230     2944     2068     7590     7934     7587     7586
     2078     2070     2228     2230     2069     7592     7931     7590     7589
     2079     2071     2229     2228     2070     7594     7930     7592     7591
     2080     2072     2226     2229     2071     7596     7926     7594     7593
     2081     2073     2227     2226     2072     7598     7925     7596     7595
     2082     2074     2882     2227     2073     7600     7928     7598     7597
     2083     2075     2225     2882     2074     7603     7924     7600     7599
     2084     2076     2223     2225     2075     7605     7919     7603     7602
     2085     2077     2224     2223     2076     7607     7918     7605     7604
     2086     2078     2963     2224     2077     7610     7922     7607     7606
     2087     2079     2222     2963     2078     7612     7917     7610     7609
     2088     2080     2220     2222     2079     7614     7912     7612     7611
     2089     2081     2221     2220     2080     7616     7911     7614     7613
     2090     2082     2802     2221     2081     7618     7915     7616     7615
     2091     2083     2219     2802     2082     7620     7910     7618     7617
     2092     2084     2217     2219     2083     7622     7905     7620     7619
     2093     2085     2218     2217     2084     7624     7904     7622     7621
     2094     2086     2832     2218     2085     7626     7908     7624     7623
     2095     2087     2216     2832     2086     7628     7901     7626     7625
     2096     2088     2977     2216     2087     7630     7903     7628     7627
     2097     2089     2215     2977     2088     7632     7900     7630     7629
     2098     2090     2213     2215     2089     7634     7896     7632     7631
     2099     2091     2214     2213     2090     7636     7895     7634     7633
     2100     2092     2211     2214     2091     7638     7892     7636     7635
     2101     2093     2212     2211     2092     7640     7891     7638     7637
     2102     2094     2209     2212     2093     7642     7888     7640     7639
     2103     2095     2210     2209     2094     7644     7887     7642     7641
     2104     2096     2207     2210     2095     7646     7884     7644     7643
     2105     2097     2208     2207     2096     7648     7883     7646     7645
     2106     2098     2205     2208     2097     7650     7880     7648     7647
     2107     2099     2206     2205     2098     7652     7879     7650     7649
     2108     2100     2203     2206     2099     7654     7876     7652     7651
     2109     2101     2204     2203     2100     7656     7875     7654     7653
     2110     2102     2201     2204     2101     7658     7872     7656     7655
     2111     2103     2202     2201     2102     7661     7871     7658     7657
     2112     2104     2199     2202     2103     7663     7867     7661     7660
     2113     2105     2200     2199     2104     7665     7866     7663     7662
     2114     2106     3005     2200     2105     7667     7870     7665     7664
     2115     2107     2198     3005     2106     7669     7865     7667     7666
     2116     2108     2196     2198     2107     7671     7860     7669     7668
     2117     2109     2197     2196     2108     7673     7859     7671     7670
     2118     2110     2939     2197     2109     7675     7863     7673     7672
     2119     2111     2195     2939     2110     7677     7858     7675     7674
     2120     2112     2860     2195     2111     7679     7857     7677     7676
     2121     2113     2194     2860     2112     7681     7855     7679     7678
     2122     2114     2192     2194     2113     7683     7850     7681     7680
     2123     2115     2193     2192     2114     7685     7849     7683     7682
     2124     2116     3025     2193     2115     7687     7853     7685     7684
     2125     2926     2191     3025     2116     7847     7848     7687     7686
     2126     2117     2189     2191     2926     7689     7843     7847     7690
     2127     2118     2190     2189     2117     7692     7842     7689     7688
     2128     2119     2187     2190     2118     7694     7839     7692     7691
     2129     2120     2188     2187     2119     7696     7838     7694     7693
     2130     2121     2185     2188     2120     7698     7835     7696     7695
     2131     2122     2186     2185     2121     7700     7834     7698     7697
     2132     2123     2183     2186     2122     7702     7831     7700     7699
     2133     2124     2184     2183     2123     7704     7830     7702     7701
     2134     2125     2181     2184     2124     7706     7827     7704     7703
     2135     2126     2182     2181     2125     7708     7826     7706     7705
     2136     2127     2179     2182     2126     7710     7822     7708     7707
     2137     2128     2180     2179     2127     7712     7821     7710     7709
     2138     2178     2324     2180     2128     7819     7824     7712     7711
     2139     2488     2487     2143     2129     8574     7741     7713     7714
     2140     3039     2469     2142     2130     8550     7739     7715     7717
     2141     2513     2512     2141     2131     8600     7738     7718     7719
     2142     2140     2470     2139     2132     7736     7734     7720     7721
     2143     2526     2525     2137     2133     8612     7731     7722     7723
     2144     2136     2471     2135     2134     7729     7726     7724     7725
     2145     2135     2471     2527     2814     7726     8554     8614     7727
     2146     2137     2525     2471     2136     7731     8553     7729     7728
     2147     2139     2470     2514     2138     7734     8552     7733     7732
     2148     2141     2512     2470     2140     7738     8551     7736     7735
     2149     2142     2469     2489     3038     7739     8549     8576     7740
     2150     2143     2487     2469     3039     7741     8548     8550     7742
     2151     2145     2468     2476     2144     7745     8546     7744     7743
     2152     2147     2531     2468     2146     7749     8547     7747     7746
     2153     2320     2325     2911     2148     8143     8153     7752     7750
     2154     2148     2911     2372     2322     7752     8283     8146     7751
     2155     2149     2466     2910     2152     7755     8542     7761     7754
     2156     2322     2467     2808     2150     8147     8545     7757     7756
     2157     2150     2808     2466     2149     7757     8541     7755     7753
     2158     2151     2465     2859     2154     7760     8538     7765     7759
     2159     2152     2910     2465     2151     7761     8539     7760     7758
     2160     2153     2464     2856     2155     7764     8535     7766     7763
     2161     2154     2859     2464     2153     7765     8536     7764     7762
     2162     3044     2463     2913     2157     8533     8532     7771     7772
     2163     2155     2856     2463     3044     7766     8531     8533     7767
     2164     2156     2462     2461     2159     7770     8526     7776     7769
     2165     2157     2913     2462     2156     7771     8529     7770     7768
     2166     2158     2460     2459     2161     7775     8522     7780     7774
     2167     2159     2461     2460     2158     7776     8524     7775     7773
     2168     2160     2458     2457     2163     7779     8518     7784     7778
     2169     2161     2459     2458     2160     7780     8520     7779     7777
     2170     2162     2456     2908     2164     7783     8517     7785     7782
     2171     2163     2457     2456     2162     7784     8515     7783     7781
     2172     3053     2455     2986     2166     8514     8513     7790     7791
     2173     2164     2908     2455     3053     7785     8512     8514     7786
     2174     2165     2454     2453     2168     7789     8507     7795     7788
     2175     2166     2986     2454     2165     7790     8510     7789     7787
     2176     2167     2452     2839     2169     7794     8506     7796     7793
     2177     2168     2453     2452     2167     7795     8504     7794     7792
     2178     3035     2451     2822     2171     8503     8501     7801     7802
     2179     2169     2839     2451     3035     7796     8502     8503     7797
     2180     2170     2450     2449     2172     7800     8496     7803     7799
     2181     2171     2822     2450     2170     7801     8499     7800     7798
     2182     2906     2448     2810     2173     8495     8494     7805     7806
     2183     2172     2449     2448     2906     7803     8492     8495     7804
     2184     2968     2447     2991     2175     8490     8491     7812     7811
     2185     2173     2810     2447     2968     7805     8489     8490     7807
     2186     2174     2446     2798     2178     7810     8486     7820     7809
     2187     2175     2991     2446     2174     7812     8487     7810     7808
     2188     2264     2376     2375     2176     8013     8292     7814     7813
     2189     2176     2375     2373     2895     7814     8284     8287     7815
     2190     2236     2399     2398     2177     7951     8352     7818     7816
     2191     2177     2398     2396     2323     7818     8346     8148     7817
     2192     2178     2798     2444     2324     7820     8481     8150     7819
     2193     2179     2443     2442     2182     7823     8475     7829     7822
     2194     2324     2445     2907     2180     8151     8484     7825     7824
     2195     2180     2907     2443     2179     7825     8478     7823     7821
     2196     2181     2441     2975     2184     7828     8474     7833     7827
     2197     2182     2442     2441     2181     7829     8472     7828     7826
     2198     2183     2440     2792     2186     7832     8470     7837     7831
     2199     2184     2975     2440     2183     7833     8471     7832     7830
     2200     2185     2439     3008     2188     7836     8468     7841     7835
     2201     2186     2792     2439     2185     7837     8467     7836     7834
     2202     2187     2438     2818     2190     7840     8464     7845     7839
     2203     2188     3008     2438     2187     7841     8465     7840     7838
     2204     2189     2437     2897     2191     7844     8462     7846     7843
     2205     2190     2818     2437     2189     7845     8461     7844     7842
     2206     3025     2436     2929     2193     8459     8458     7852     7853
     2207     2191     2897     2436     3025     7846     8457     8459     7848
     2208     2192     2435     2434     2194     7851     8452     7854     7850
     2209     2193     2929     2435     2192     7852     8455     7851     7849
     2210     2860     2433     2432     2195     8451     8447     7856     7857
     2211     2194     2434     2433     2860     7854     8449     8451     7855
     2212     2939     2431     2430     2197     8446     8442     7862     7863
     2213     2195     2432     2431     2939     7856     8444     8446     7858
     2214     2196     2429     2428     2198     7861     8438     7864     7860
     2215     2197     2430     2429     2196     7862     8440     7861     7859
     2216     3005     2427     2426     2200     8437     8433     7869     7870
     2217     2198     2428     2427     3005     7864     8435     8437     7865
     2218     2199     2425     2786     2202     7868     8432     7874     7867
     2219     2200     2426     2425     2199     7869     8430     7868     7866
     2220     2201     2424     2807     2204     7873     8429     7878     7872
     2221     2202     2786     2424     2201     7874     8428     7873     7871
     2222     2203     2423     2827     2206     7877     8426     7882     7876
     2223     2204     2807     2423     2203     7878     8425     7877     7875
     2224     2205     2422     2844     2208     7881     8423     7886     7880
     2225     2206     2827     2422     2205     7882     8422     7881     7879
     2226     2207     2421     3029     2210     7885     8420     7890     7884
     2227     2208     2844     2421     2207     7886     8419     7885     7883
     2228     2209     2420     3030     2212     7889     8417     7894     7888
     2229     2210     3029     2420     2209     7890     8416     7889     7887
     2230     2211     2419     3007     2214     7893     8413     7898     7892
     2231     2212     3030     2419     2211     7894     8414     7893     7891
     2232     2213     2418     2875     2215     7897     8410     7899     7896
     2233     2214     3007     2418     2213     7898     8411     7897     7895
     2234     2977     2417     2941     2216     8408     8407     7902     7903
     2235     2215     2875     2417     2977     7899     8406     8408     7900
     2236     2832     2416     2789     2218     8403     8402     7907     7908
     2237     2216     2941     2416     2832     7902     8404     8403     7901
     2238     2217     2415     2414     2219     7906     8396     7909     7905
     2239     2218     2789     2415     2217     7907     8400     7906     7904
     2240     2802     2801     2413     2221     8960     8395     7914     7915
     2241     2219     2414     2801     2802     7909     8398     8960     7910
     2242     2220     2412     2857     2222     7913     8393     7916     7912
     2243     2221     2413     2412     2220     7914     8391     7913     7911
     2244     2963     2411     2410     2224     8390     8386     7921     7922
     2245     2222     2857     2411     2963     7916     8389     8390     7917
     2246     2223     2409     2408     2225     7920     8382     7923     7919
     2247     2224     2410     2409     2223     7921     8384     7920     7918
     2248     2882     2407     2973     2227     8380     8381     7929     7928
     2249     2225     2408     2407     2882     7923     8378     8380     7924
     2250     2226     2406     2978     2229     7927     8377     7933     7926
     2251     2227     2973     2406     2226     7929     8376     7927     7925
     2252     2228     2405     2998     2230     7932     8374     7935     7931
     2253     2229     2978     2405     2228     7933     8373     7932     7930
     2254     2944     2865     2837     2231     8992     8978     7937     7938
     2255     2230     2998     2865     2944     7935     8993     8992     7934
     2256     2820     2404     2893     2232     8369     8371     7941     7939
     2257     2231     2837     2404     2820     7937     8370     8369     7936
     2258     2854     2403     2872     2233     8365     8366     7943     7942
     2259     2232     2893     2403     2854     7941     8367     8365     7940
     2260     3052     2402     2915     2235     8363     8362     7948     7949
     2261     2233     2872     2402     3052     7943     8361     8363     7944
     2262     2234     2401     2400     2237     7947     8356     7953     7946
     2263     2235     2915     2401     2234     7948     8359     7947     7945
     2264     2237     2400     2399     2236     7953     8354     7951     7950
     2265     2943     2896     3009     2240     9009     9011     7961     7960
     2266     2323     2397     2984     2238     8149     8351     7956     7954
     2267     2238     2984     2896     2943     7956     9010     9009     7955
     2268     2239     2395     2804     2242     7959     8344     7965     7958
     2269     2240     3009     2395     2239     7961     8345     7959     7957
     2270     2241     2394     2393     2244     7964     8339     7969     7963
     2271     2242     2804     2394     2241     7965     8342     7964     7962
     2272     2243     2392     2878     2246     7968     8338     7973     7967
     2273     2244     2393     2392     2243     7969     8336     7968     7966
     2274     2245     2391     2812     2248     7972     8334     7977     7971
     2275     2246     2878     2391     2245     7973     8335     7972     7970
     2276     2247     2390     2873     2249     7976     8332     7978     7975
     2277     2248     2812     2390     2247     7977     8331     7976     7974
     2278     3028     2389     2933     2251     8329     8328     7983     7984
     2279     2249     2873     2389     3028     7978     8327     8329     7979
     2280     2250     2388     2842     2253     7982     8324     7988     7981
     2281     2251     2933     2388     2250     7983     8325     7982     7980
     2282     2252     2387     2811     2255     7987     8321     7992     7986
     2283     2253     2842     2387     2252     7988     8322     7987     7985
     2284     2254     2386     2385     2256     7991     8316     7993     7990
     2285     2255     2811     2386     2254     7992     8319     7991     7989
     2286     3010     2384     2925     2257     8315     8314     7995     7997
     2287     2256     2385     2384     3010     7993     8312     8315     7994
     2288     2970     2383     2382     2259     8311     8307     8001     8002
     2289     2257     2925     2383     2970     7995     8310     8311     7996
     2290     2258     2381     2796     2261     8000     8306     8006     7999
     2291     2259     2382     2381     2258     8001     8304     8000     7998
     2292     2260     2380     2379     2263     8005     8300     8010     8004
     2293     2261     2796     2380     2260     8006     8303     8005     8003
     2294     2262     2378     2377     2265     8009     8296     8014     8008
     2295     2263     2379     2378     2262     8010     8298     8009     8007
     2296     2265     2377     2376     2264     8014     8294     8013     8012
     2297     2266     2371     2370     2269     8017     8277     8024     8016
     2298     2895     2374     2981     2267     8290     8291     8019     8018
     2299     2267     2981     2371     2266     8019     8280     8017     8015
     2300     2268     2369     2368     2271     8022     8273     8028     8021
     2301     2269     2370     2369     2268     8024     8275     8022     8020
     2302     2270     2367     2845     2273     8027     8272     8032     8026
     2303     2271     2368     2367     2270     8028     8270     8027     8025
     2304     2272     2366     2876     2275     8031     8269     8036     8030
     2305     2273     2845     2366     2272     8032     8268     8031     8029
     2306     2274     2365     3041     2277     8035     8266     8040     8034
     2307     2275     2876     2365     2274     8036     8265     8035     8033
     2308     2276     2364     2363     2788     8038     8259     8261     8039
     2309     2277     3041     2364     2276     8040     8263     8038     8037
     2310     2831     2362     2361     2278     8258     8254     8041     8043
     2311     2788     2363     2362     2831     8261     8256     8258     8952
     2312     2821     2360     2969     2280     8252     8253     8048     8047
     2313     2278     2361     2360     2821     8041     8250     8252     8042
     2314     2279     2359     2840     2282     8046     8248     8052     8045
     2315     2280     2969     2359     2279     8048     8249     8046     8044
     2316     2281     2358     3034     2284     8051     8246     8057     8050
     2317     2282     2840     2358     2281     8052     8245     8051     8049
     2318     2283     2357     2356     2286     8055     8240     8061     8054
     2319     2284     3034     2357     2283     8057     8243     8055     8053
     2320     2285     2355     2806     2287     8060     8239     8063     8059
     2321     2286     2356     2355     2285     8061     8237     8060     8058
     2322     2795     2815     2354     2288     8957     8236     8064     8065
     2323     2287     2806     2815     2795     8063     8962     8957     8062
     2324     3049     2787     2871     2289     8951     8950     8068     8070
     2325     2288     2354     2787     3049     8064     8235     8951     8066
     2326     2967     2353     2352     2291     8233     8229     8074     8075
     2327     2289     2871     2353     2967     8068     8232     8233     8069
     2328     2290     2351     2961     2292     8073     8228     8076     8072
     2329     2291     2352     2351     2290     8074     8226     8073     8071
     2330     3050     2350     2949     2293     8225     8223     8079     8080
     2331     2292     2961     2350     3050     8076     8224     8225     8077
     2332     2800     2349     2348     2295     8220     8217     8084     8085
     2333     2293     2949     2349     2800     8079     8221     8220     8078
     2334     2294     2347     2841     2296     8083     8216     8086     8082
     2335     2295     2348     2347     2294     8084     8214     8083     8081
     2336     2979     2346     2853     2297     8213     8212     8089     8090
     2337     2296     2841     2346     2979     8086     8211     8213     8087
     2338     2816     2345     2344     2299     8208     8205     8094     8095
     2339     2297     2853     2345     2816     8089     8209     8208     8088
     2340     2298     2343     2887     2300     8093     8204     8096     8092
     2341     2299     2344     2343     2298     8094     8202     8093     8091
     2342     2980     2342     2922     2301     8201     8200     8098     8100
     2343     2300     2887     2342     2980     8096     8199     8201     8097
     2344     2956     2341     2340     2302     8197     8192     8101     8103
     2345     2301     2922     2341     2956     8098     8196     8197     8099
     2346     2921     2852     3014     2303     8985     8986     8106     8104
     2347     2302     2340     2852     2921     8101     8194     8985     8102
     2348     2927     2339     2999     2305     8189     8190     8111     8110
     2349     2303     3014     2339     2927     8106     8191     8189     8105
     2350     2304     2338     2914     2307     8109     8186     8115     8108
     2351     2305     2999     2338     2304     8111     8187     8109     8107
     2352     2306     2337     2891     2308     8114     8183     8116     8113
     2353     2307     2914     2337     2306     8115     8184     8114     8112
     2354     2990     2336     2866     2310     8181     8179     8121     8122
     2355     2308     2891     2336     2990     8116     8180     8181     8117
     2356     2309     2335     2785     2312     8120     8176     8126     8119
     2357     2310     2866     2335     2309     8121     8177     8120     8118
     2358     2311     2334     2333     2314     8125     8171     8130     8124
     2359     2312     2785     2334     2311     8126     8174     8125     8123
     2360     2313     2332     2331     2315     8129     8167     8131     8128
     2361     2314     2333     2332     2313     8130     8169     8129     8127
     2362     2886     2330     2329     2317     8166     8162     8136     8137
     2363     2315     2331     2330     2886     8131     8164     8166     8132
     2364     2316     2328     2327     2319     8135     8158     8141     8134
     2365     2317     2329     2328     2316     8136     8160     8135     8133
     2366     2318     2326     3031     2321     8140     8157     8145     8139
     2367     2319     2327     2326     2318     8141     8155     8140     8138
     2368     2321     3031     2325     2320     8145     8154     8143     8142
     2369     2372     2472     2467     2322     8281     8543     8147     8146
     2370     2373     2473     2374     2895     8285     8288     8290     8287
     2371     2396     2474     2397     2323     8347     8349     8149     8148
     2372     2444     2475     2445     2324     8479     8482     8151     8150
     2373     2911     2553     2552     2372     8644     8642     8282     8283
     2374     3031     2555     2554     2325     8647     8645     8152     8154
     2375     2325     2554     2553     2911     8152     8643     8644     8153
     2376     2327     2557     2556     2326     8159     8648     8156     8155
     2377     2326     2556     2555     3031     8156     8646     8647     8157
     2378     2329     2559     2558     2328     8163     8650     8161     8160
     2379     2328     2558     2557     2327     8161     8649     8159     8158
     2380     2331     2561     2560     2330     8168     8652     8165     8164
     2381     2330     2560     2559     2329     8165     8651     8163     8162
     2382     2333     2563     2562     2332     8172     8654     8170     8169
     2383     2332     2562     2561     2331     8170     8653     8168     8167
     2384     2785     2565     2564     2334     8658     8656     8173     8174
     2385     2334     2564     2563     2333     8173     8655     8172     8171
     2386     2866     2567     2566     2335     8661     8659     8175     8177
     2387     2335     2566     2565     2785     8175     8657     8658     8176
     2388     2891     2569     2568     2336     8664     8662     8178     8180
     2389     2336     2568     2567     2866     8178     8660     8661     8179
     2390     2914     2571     2570     2337     8667     8665     8182     8184
     2391     2337     2570     2569     2891     8182     8663     8664     8183
     2392     2999     2573     2572     2338     8670     8668     8185     8187
     2393     2338     2572     2571     2914     8185     8666     8667     8186
     2394     3014     2575     2574     2339     8673     8671     8188     8191
     2395     2339     2574     2573     2999     8188     8669     8670     8190
     2396     2340     2577     2576     2852     8193     8674     8675     8194
     2397     2852     2576     2575     3014     8675     8672     8673     8986
     2398     2922     2579     2578     2341     8679     8677     8195     8196
     2399     2341     2578     2577     2340     8195     8676     8193     8192
     2400     2887     2581     2580     2342     8682     8680     8198     8199
     2401     2342     2580     2579     2922     8198     8678     8679     8200
     2402     2344     2583     2582     2343     8206     8683     8203     8202
     2403     2343     2582     2581     2887     8203     8681     8682     8204
     2404     2853     2585     2584     2345     8687     8685     8207     8209
     2405     2345     2584     2583     2344     8207     8684     8206     8205
     2406     2841     2587     2586     2346     8690     8688     8210     8211
     2407     2346     2586     2585     2853     8210     8686     8687     8212
     2408     2348     2589     2588     2347     8218     8691     8215     8214
     2409     2347     2588     2587     2841     8215     8689     8690     8216
     2410     2949     2591     2590     2349     8695     8693     8219     8221
     2411     2349     2590     2589     2348     8219     8692     8218     8217
     2412     2961     2593     2592     2350     8698     8696     8222     8224
     2413     2350     2592     2591     2949     8222     8694     8695     8223
     2414     2352     2595     2594     2351     8230     8699     8227     8226
     2415     2351     2594     2593     2961     8227     8697     8698     8228
     2416     2871     2597     2596     2353     8703     8701     8231     8232
     2417     2353     2596     2595     2352     8231     8700     8230     8229
     2418     2354     2599     2598     2787     8234     8704     8705     8235
     2419     2787     2598     2597     2871     8705     8702     8703     8950
     2420     2806     2601     2600     2815     8710     8707     8708     8962
     2421     2815     2600     2599     2354     8708     8706     8234     8236
     2422     2356     2603     2602     2355     8241     8711     8238     8237
     2423     2355     2602     2601     2806     8238     8709     8710     8239
     2424     3034     2605     2604     2357     8715     8713     8242     8243
     2425     2357     2604     2603     2356     8242     8712     8241     8240
     2426     2840     2607     2606     2358     8718     8716     8244     8245
     2427     2358     2606     2605     3034     8244     8714     8715     8246
     2428     2969     2609     2608     2359     8721     8719     8247     8249
     2429     2359     2608     2607     2840     8247     8717     8718     8248
     2430     2361     2611     2610     2360     8255     8722     8251     8250
     2431     2360     2610     2609     2969     8251     8720     8721     8253
     2432     2363     2613     2612     2362     8260     8724     8257     8256
     2433     2362     2612     2611     2361     8257     8723     8255     8254
     2434     3041     2615     2614     2364     8728     8726     8262     8263
     2435     2364     2614     2613     2363     8262     8725     8260     8259
     2436     2876     2617     2616     2365     8731     8729     8264     8265
     2437     2365     2616     2615     3041     8264     8727     8728     8266
     2438     2845     2619     2618     2366     8734     8732     8267     8268
     2439     2366     2618     2617     2876     8267     8730     8731     8269
     2440     2368     2621     2620     2367     8274     8735     8271     8270
     2441     2367     2620     2619     2845     8271     8733     8734     8272
     2442     2370     2623     2622     2369     8278     8737     8276     8275
     2443     2369     2622     2621     2368     8276     8736     8274     8273
     2444     2981     2625     2624     2371     8741     8739     8279     8280
     2445     2371     2624     2623     2370     8279     8738     8278     8277
     2446     2372     2552     2551     2472     8282     8640     8555     8281
     2447     2375     2631     2630     2373     8293     8746     8286     8284
     2448     2373     2630     2629     2473     8286     8745     8558     8285
     2449     2473     2627     2626     2374     8557     8742     8289     8288
     2450     2374     2626     2625     2981     8289     8740     8741     8291
     2451     2377     2633     2632     2376     8297     8748     8295     8294
     2452     2376     2632     2631     2375     8295     8747     8293     8292
     2453     2379     2635     2634     2378     8301     8750     8299     8298
     2454     2378     2634     2633     2377     8299     8749     8297     8296
     2455     2796     2637     2636     2380     8754     8752     8302     8303
     2456     2380     2636     2635     2379     8302     8751     8301     8300
     2457     2382     2639     2638     2381     8308     8755     8305     8304
     2458     2381     2638     2637     2796     8305     8753     8754     8306
     2459     2925     2641     2640     2383     8759     8757     8309     8310
     2460     2383     2640     2639     2382     8309     8756     8308     8307
     2461     2385     2643     2642     2384     8317     8760     8313     8312
     2462     2384     2642     2641     2925     8313     8758     8759     8314
     2463     2811     2645     2644     2386     8764     8762     8318     8319
     2464     2386     2644     2643     2385     8318     8761     8317     8316
     2465     2842     2647     2646     2387     8767     8765     8320     8322
     2466     2387     2646     2645     2811     8320     8763     8764     8321
     2467     2933     2649     2648     2388     8770     8768     8323     8325
     2468     2388     2648     2647     2842     8323     8766     8767     8324
     2469     2873     2651     2650     2389     8773     8771     8326     8327
     2470     2389     2650     2649     2933     8326     8769     8770     8328
     2471     2812     2653     2652     2390     8776     8774     8330     8331
     2472     2390     2652     2651     2873     8330     8772     8773     8332
     2473     2878     2655     2654     2391     8779     8777     8333     8335
     2474     2391     2654     2653     2812     8333     8775     8776     8334
     2475     2393     2657     2656     2392     8340     8780     8337     8336
     2476     2392     2656     2655     2878     8337     8778     8779     8338
     2477     2804     2659     2658     2394     8784     8782     8341     8342
     2478     2394     2658     2657     2393     8341     8781     8340     8339
     2479     3009     2661     2660     2395     8787     8785     8343     8345
     2480     2395     2660     2659     2804     8343     8783     8784     8344
     2481     2984     2663     2662     2896     8791     8788     8789     9010
     2482     2896     2662     2661     3009     8789     8786     8787     9011
     2483     2398     2669     2668     2396     8353     8796     8348     8346
     2484     2396     2668     2667     2474     8348     8795     8560     8347
     2485     2474     2665     2664     2397     8559     8792     8350     8349
     2486     2397     2664     2663     2984     8350     8790     8791     8351
     2487     2400     2671     2670     2399     8357     8798     8355     8354
     2488     2399     2670     2669     2398     8355     8797     8353     8352
     2489     2915     2673     2672     2401     8802     8800     8358     8359
     2490     2401     2672     2671     2400     8358     8799     8357     8356
     2491     2872     2675     2674     2402     8805     8803     8360     8361
     2492     2402     2674     2673     2915     8360     8801     8802     8362
     2493     2893     2677     2676     2403     8808     8806     8364     8367
     2494     2403     2676     2675     2872     8364     8804     8805     8366
     2495     2837     2679     2678     2404     8811     8809     8368     8370
     2496     2404     2678     2677     2893     8368     8807     8808     8371
     2497     2998     2681     2680     2865     8815     8812     8813     8993
     2498     2865     2680     2679     2837     8813     8810     8811     8978
     2499     2978     2683     2682     2405     8818     8816     8372     8373
     2500     2405     2682     2681     2998     8372     8814     8815     8374
     2501     2973     2685     2684     2406     8821     8819     8375     8376
     2502     2406     2684     2683     2978     8375     8817     8818     8377
     2503     2408     2687     2686     2407     8383     8822     8379     8378
     2504     2407     2686     2685     2973     8379     8820     8821     8381
     2505     2410     2689     2688     2409     8387     8824     8385     8384
     2506     2409     2688     2687     2408     8385     8823     8383     8382
     2507     2857     2691     2690     2411     8828     8826     8388     8389
     2508     2411     2690     2689     2410     8388     8825     8387     8386
     2509     2413     2693     2692     2412     8394     8829     8392     8391
     2510     2412     2692     2691     2857     8392     8827     8828     8393
     2511     2414     2695     2694     2801     8397     8831     8832     8398
     2512     2801     2694     2693     2413     8832     8830     8394     8395
     2513     2789     2697     2696     2415     8836     8834     8399     8400
     2514     2415     2696     2695     2414     8399     8833     8397     8396
     2515     2941     2699     2698     2416     8839     8837     8401     8404
     2516     2416     2698     2697     2789     8401     8835     8836     8402
     2517     2875     2701     2700     2417     8842     8840     8405     8406
     2518     2417     2700     2699     2941     8405     8838     8839     8407
     2519     3007     2703     2702     2418     8845     8843     8409     8411
     2520     2418     2702     2701     2875     8409     8841     8842     8410
     2521     3030     2705     2704     2419     8848     8846     8412     8414
     2522     2419     2704     2703     3007     8412     8844     8845     8413
     2523     3029     2707     2706     2420     8851     8849     8415     8416
     2524     2420     2706     2705     3030     8415     8847     8848     8417
     2525     2844     2709     2708     2421     8854     8852     8418     8419
     2526     2421     2708     2707     3029     8418     8850     8851     8420
     2527     2827     2711     2710     2422     8857     8855     8421     8422
     2528     2422     2710     2709     2844     8421     8853     8854     8423
     2529     2807     2713     2712     2423     8860     8858     8424     8425
     2530     2423     2712     2711     2827     8424     8856     8857     8426
     2531     2786     2715     2714     2424     8863     8861     8427     8428
     2532     2424     2714     2713     2807     8427     8859     8860     8429
     2533     2426     2717     2716     2425     8434     8864     8431     8430
     2534     2425     2716     2715     2786     8431     8862     8863     8432
     2535     2428     2719     2718     2427     8439     8866     8436     8435
     2536     2427     2718     2717     2426     8436     8865     8434     8433
     2537     2430     2721     2720     2429     8443     8868     8441     8440
     2538     2429     2720     2719     2428     8441     8867     8439     8438
     2539     2432     2723     2722     2431     8448     8870     8445     8444
     2540     2431     2722     2721     2430     8445     8869     8443     8442
     2541     2434     2725     2724     2433     8453     8872     8450     8449
     2542     2433     2724     2723     2432     8450     8871     8448     8447
     2543     2929     2727     2726     2435     8876     8874     8454     8455
     2544     2435     2726     2725     2434     8454     8873     8453     8452
     2545     2897     2729     2728     2436     8879     8877     8456     8457
     2546     2436     2728     2727     2929     8456     8875     8876     8458
     2547     2818     2731     2730     2437     8882     8880     8460     8461
     2548     2437     2730     2729     2897     8460     8878     8879     8462
     2549     3008     2733     2732     2438     8885     8883     8463     8465
     2550     2438     2732     2731     2818     8463     8881     8882     8464
     2551     2792     2735     2734     2439     8888     8886     8466     8467
     2552     2439     2734     2733     3008     8466     8884     8885     8468
     2553     2975     2737     2736     2440     8891     8889     8469     8471
     2554     2440     2736     2735     2792     8469     8887     8888     8470
     2555     2442     2739     2738     2441     8476     8892     8473     8472
     2556     2441     2738     2737     2975     8473     8890     8891     8474
     2557     2907     2741     2740     2443     8896     8894     8477     8478
     2558     2443     2740     2739     2442     8477     8893     8476     8475
     2559     2798     2747     2746     2444     8903     8901     8480     8481
     2560     2444     2746     2745     2475     8480     8900     8562     8479
     2561     2475     2743     2742     2445     8561     8897     8483     8482
     2562     2445     2742     2741     2907     8483     8895     8896     8484
     2563     2991     2749     2748     2446     8906     8904     8485     8487
     2564     2446     2748     2747     2798     8485     8902     8903     8486
     2565     2810     2751     2750     2447     8909     8907     8488     8489
     2566     2447     2750     2749     2991     8488     8905     8906     8491
     2567     2449     2753     2752     2448     8497     8910     8493     8492
     2568     2448     2752     2751     2810     8493     8908     8909     8494
     2569     2822     2755     2754     2450     8914     8912     8498     8499
     2570     2450     2754     2753     2449     8498     8911     8497     8496
     2571     2839     2757     2756     2451     8917     8915     8500     8502
     2572     2451     2756     2755     2822     8500     8913     8914     8501
     2573     2453     2759     2758     2452     8508     8918     8505     8504
     2574     2452     2758     2757     2839     8505     8916     8917     8506
     2575     2986     2761     2760     2454     8922     8920     8509     8510
     2576     2454     2760     2759     2453     8509     8919     8508     8507
     2577     2908     2763     2762     2455     8925     8923     8511     8512
     2578     2455     2762     2761     2986     8511     8921     8922     8513
     2579     2457     2765     2764     2456     8519     8926     8516     8515
     2580     2456     2764     2763     2908     8516     8924     8925     8517
     2581     2459     2767     2766     2458     8523     8928     8521     8520
     2582     2458     2766     2765     2457     8521     8927     8519     8518
     2583     2461     2769     2768     2460     8527     8930     8525     8524
     2584     2460     2768     2767     2459     8525     8929     8523     8522
     2585     2913     2771     2770     2462     8934     8932     8528     8529
     2586     2462     2770     2769     2461     8528     8931     8527     8526
     2587     2856     2773     2772     2463     8937     8935     8530     8531
     2588     2463     2772     2771     2913     8530     8933     8934     8532
     2589     2859     2775     2774     2464     8940     8938     8534     8536
     2590     2464     2774     2773     2856     8534     8936     8937     8535
     2591     2910     2777     2776     2465     8943     8941     8537     8539
     2592     2465     2776     2775     2859     8537     8939     8940     8538
     2593     2808     2779     2778     2466     8946     8944     8540     8541
     2594     2466     2778     2777     2910     8540     8942     8943     8542
     2595     2472     2781     2780     2467     8556     8947     8544     8543
     2596     2467     2780     2779     2808     8544     8945     8946     8545
     2597     2531      278     2476     2468     3626     3625     8546     8547
     2598     2487      242     2489     2469     3551     3552     8549     8548
     2599     2512      241     2514     2470     3547     3548     8552     8551
     2600     2525      266     2527     2471     3600     3601     8554     8553
     2601     2551     2782     2781     2472     8641     8948     8556     8555
     2602     2629     2628     2627     2473     8744     8743     8557     8558
     2603     2667     2666     2665     2474     8794     8793     8559     8560
     2604     2745     2744     2743     2475     8899     8898     8561     8562
     2605     2476      278      312     2477     3625     3624     3692     8563
     2606     2477      312      311     2478     3692     3690     3691     8564
     2607     2478      311      310     2479     3691     3688     3689     8565
     2608     2479      310      309     2480     3689     3686     3687     8566
     2609     2480      309      308     2481     3687     3684     3685     8567
     2610     2481      308      307     2482     3685     3682     3683     8568
     2611     2482      307      306     2483     3683     3680     3681     8569
     2612     2483      306      305     2484     3681     3678     3679     8570
     2613     2484      305      304     2485     3679     3676     3677     8571
     2614     2485      304      303     2486     3677     3674     3675     8572
     2615     2486      303      302     2488     3675     3672     3673     8573
     2616     2488      302      242     2487     3673     3550     3551     8574
     2617     2489      242      265     2490     3552     3549     3597     8575
     2618     2490      265      264     2491     3597     3595     3596     8577
     2619     2491      264      263     2492     3596     3593     3594     8578
     2620     2492      263      262     2493     3594     3591     3592     8579
     2621     2493      262      261     2494     3592     3589     3590     8580
     2622     2494      261      260     2495     3590     3587     3588     8582
     2623     2495      260      259     2496     3588     3585     3586     8583
     2624     2496      259      258     2497     3586     3583     3584     8584
     2625     2497      258      257     2498     3584     3581     3582     8585
     2626     2498      257      256     2499     3582     3579     3580     8586
     2627     2499      256      255     2500     3580     3577     3578     8587
     2628     2500      255      254     2501     3578     3575     3576     8588
     2629     2501      254      253     2502     3576     3573     3574     8589
     2630     2502      253      252     2503     3574     3571     3572     8590
     2631     2503      252      251     2504     3572     3569     3570     8591
     2632     2504      251      250     2505     3570     3567     3568     8592
     2633     2505      250      249     2506     3568     3565     3566     8593
     2634     2506      249      248     2507     3566     3563     3564     8594
     2635     2507      248      247     2508     3564     3561     3562     8595
     2636     2508      247      246     2509     3562     3559     3560     8596
     2637     2509      246      245     2510     3560     3557     3558     8597
     2638     2510      245      244     2511     3558     3555     3556     8598
     2639     2511      244      243     2513     3556     3553     3554     8599
     2640     2513      243      241     2512     3554     3545     3547     8600
     2641     2514      241      277     2515     3548     3546     3622     8601
     2642     2515      277      276     2516     3622     3620     3621     8602
     2643     2516      276      275     2517     3621     3618     3619     8603
     2644     2517      275      274     2518     3619     3616     3617     8604
     2645     2518      274      273     2519     3617     3614     3615     8605
     2646     2519      273      272     2520     3615     3612     3613     8606
     2647     2520      272      271     2521     3613     3610     3611     8607
     2648     2521      271      270     2522     3611     3608     3609     8608
     2649     2522      270      269     2523     3609     3606     3607     8609
     2650     2523      269      268     2524     3607     3604     3605     8610
     2651     2524      268      267     2526     3605     3602     3603     8611
     2652     2526      267      266     2525     3603     3598     3600     8612
     2653     2527      266      301     2528     3601     3599     3671     8613
     2654     2528      301      300     2847     3671     3669     3670     8615
     2655     2847      300      299     2529     3670     3667     3668     8617
     2656     2529      299      298     2530     3668     3665     3666     8616
     2657     2530      298      297     2550     3666     3663     3664     8619
     2658     2532      279      278     2531     3628     3623     3626     8620
     2659     2533      280      279     2532     3630     3627     3628     8621
     2660     2534      281      280     2533     3632     3629     3630     8622
     2661     2535      282      281     2534     3634     3631     3632     8624
     2662     2536      283      282     2535     3636     3633     3634     8625
     2663     2537      284      283     2536     3638     3635     3636     8626
     2664     2538      285      284     2537     3640     3637     3638     8627
     2665     2539      286      285     2538     3642     3639     3640     8628
     2666     2540      287      286     2539     3644     3641     3642     8629
     2667     2541      288      287     2540     3646     3643     3644     8630
     2668     2542      289      288     2541     3648     3645     3646     8631
     2669     2543      290      289     2542     3650     3647     3648     8632
     2670     2544      291      290     2543     3652     3649     3650     8633
     2671     2545      292      291     2544     3654     3651     3652     8634
     2672     2546      293      292     2545     3656     3653     3654     8635
     2673     2547      294      293     2546     3658     3655     3656     8636
     2674     2548      295      294     2547     3660     3657     3658     8637
     2675     2549      296      295     2548     3662     3659     3660     8638
     2676     2550      297      296     2549     3664     3661     3662     8639
     2677     2551      163      162     2782     3391     3388     3389     8641
     2678     2552      164      163     2551     3393     3390     3391     8640
     2679     2553      165      164     2552     3395     3392     3393     8642
     2680     2554      166      165     2553     3397     3394     3395     8643
     2681     2555      167      166     2554     3399     3396     3397     8645
     2682     2556      168      167     2555     3401     3398     3399     8646
     2683     2557      169      168     2556     3403     3400     3401     8648
     2684     2558      170      169     2557     3405     3402     3403     8649
     2685     2559      171      170     2558     3407     3404     3405     8650
     2686     2560      172      171     2559     3409     3406     3407     8651
     2687     2561      173      172     2560     3411     3408     3409     8652
     2688     2562      174      173     2561     3413     3410     3411     8653
     2689     2563      175      174     2562     3415     3412     3413     8654
     2690     2564      176      175     2563     3417     3414     3415     8655
     2691     2565      177      176     2564     3419     3416     3417     8656
     2692     2566      178      177     2565     3421     3418     3419     8657
     2693     2567      179      178     2566     3423     3420     3421     8659
     2694     2568      180      179     2567     3425     3422     3423     8660
     2695     2569      181      180     2568     3427     3424     3425     8662
     2696     2570      182      181     2569     3429     3426     3427     8663
     2697     2571      183      182     2570     3431     3428     3429     8665
     2698     2572      184      183     2571     3433     3430     3431     8666
     2699     2573      185      184     2572     3435     3432     3433     8668
     2700     2574      186      185     2573     3437     3434     3435     8669
     2701     2575      187      186     2574     3439     3436     3437     8671
     2702     2576      188      187     2575     3441     3438     3439     8672
     2703     2577      189      188     2576     3443     3440     3441     8674
     2704     2578      190      189     2577     3445     3442     3443     8676
     2705     2579      191      190     2578     3447     3444     3445     8677
     2706     2580      192      191     2579     3449     3446     3447     8678
     2707     2581      193      192     2580     3451     3448     3449     8680
     2708     2582      194      193     2581     3453     3450     3451     8681
     2709     2583      195      194     2582     3455     3452     3453     8683
     2710     2584      196      195     2583     3457     3454     3455     8684
     2711     2585      197      196     2584     3459     3456     3457     8685
     2712     2586      198      197     2585     3461     3458     3459     8686
     2713     2587      199      198     2586     3463     3460     3461     8688
     2714     2588      200      199     2587     3465     3462     3463     8689
     2715     2589      201      200     2588     3467     3464     3465     8691
     2716     2590      202      201     2589     3469     3466     3467     8692
     2717     2591      203      202     2590     3471     3468     3469     8693
     2718     2592      204      203     2591     3473     3470     3471     8694
     2719     2593      205      204     2592     3475     3472     3473     8696
     2720     2594      206      205     2593     3477     3474     3475     8697
     2721     2595      207      206     2594     3479     3476     3477     8699
     2722     2596      208      207     2595     3481     3478     3479     8700
     2723     2597      209      208     2596     3483     3480     3481     8701
     2724     2598      210      209     2597     3485     3482     3483     8702
     2725     2599      211      210     2598     3487     3484     3485     8704
     2726     2600      212      211     2599     3489     3486     3487     8706
     2727     2601      213      212     2600     3491     3488     3489     8707
     2728     2602      214      213     2601     3493     3490     3491     8709
     2729     2603      215      214     2602     3495     3492     3493     8711
     2730     2604      216      215     2603     3497     3494     3495     8712
     2731     2605      217      216     2604     3499     3496     3497     8713
     2732     2606      218      217     2605     3501     3498     3499     8714
     2733     2607      219      218     2606     3503     3500     3501     8716
     2734     2608      220      219     2607     3505     3502     3503     8717
     2735     2609      221      220     2608     3507     3504     3505     8719
     2736     2610      222      221     2609     3509     3506     3507     8720
     2737     2611      223      222     2610     3511     3508     3509     8722
     2738     2612      224      223     2611     3513     3510     3511     8723
     2739     2613      225      224     2612     3515     3512     3513     8724
     2740     2614      226      225     2613     3517     3514     3515     8725
     2741     2615      227      226     2614     3519     3516     3517     8726
     2742     2616      228      227     2615     3521     3518     3519     8727
     2743     2617      229      228     2616     3523     3520     3521     8729
     2744     2618      230      229     2617     3525     3522     3523     8730
     2745     2619      231      230     2618     3527     3524     3525     8732
     2746     2620      232      231     2619     3529     3526     3527     8733
     2747     2621      233      232     2620     3531     3528     3529     8735
     2748     2622      234      233     2621     3533     3530     3531     8736
     2749     2623      235      234     2622     3535     3532     3533     8737
     2750     2624      236      235     2623     3537     3534     3535     8738
     2751     2625      237      236     2624     3539     3536     3537     8739
     2752     2626      238      237     2625     3541     3538     3539     8740
     2753     2627      239      238     2626     3543     3540     3541     8742
     2754     2628      240      239     2627     3544     3542     3543     8743
     2755     2628      123      122      240     3312     3309     3310     3544
     2756     2629      124      123     2628     3314     3311     3312     8744
     2757     2630      125      124     2629     3316     3313     3314     8745
     2758     2631      126      125     2630     3318     3315     3316     8746
     2759     2632      127      126     2631     3320     3317     3318     8747
     2760     2633      128      127     2632     3322     3319     3320     8748
     2761     2634      129      128     2633     3324     3321     3322     8749
     2762     2635      130      129     2634     3326     3323     3324     8750
     2763     2636      131      130     2635     3328     3325     3326     8751
     2764     2637      132      131     2636     3330     3327     3328     8752
     2765     2638      133      132     2637     3332     3329     3330     8753
     2766     2639      134      133     2638     3334     3331     3332     8755
     2767     2640      135      134     2639     3336     3333     3334     8756
     2768     2641      136      135     2640     3338     3335     3336     8757
     2769     2642      137      136     2641     3340     3337     3338     8758
     2770     2643      138      137     2642     3342     3339     3340     8760
     2771     2644      139      138     2643     3344     3341     3342     8761
     2772     2645      140      139     2644     3346     3343     3344     8762
     2773     2646      141      140     2645     3348     3345     3346     8763
     2774     2647      142      141     2646     3350     3347     3348     8765
     2775     2648      143      142     2647     3352     3349     3350     8766
     2776     2649      144      143     2648     3354     3351     3352     8768
     2777     2650      145      144     2649     3356     3353     3354     8769
     2778     2651      146      145     2650     3358     3355     3356     8771
     2779     2652      147      146     2651     3360     3357     3358     8772
     2780     2653      148      147     2652     3362     3359     3360     8774
     2781     2654      149      148     2653     3364     3361     3362     8775
     2782     2655      150      149     2654     3366     3363     3364     8777
     2783     2656      151      150     2655     3368     3365     3366     8778
     2784     2657      152      151     2656     3370     3367     3368     8780
     2785     2658      153      152     2657     3372     3369     3370     8781
     2786     2659      154      153     2658     3374     3371     3372     8782
     2787     2660      155      154     2659     3376     3373     3374     8783
     2788     2661      156      155     2660     3378     3375     3376     8785
     2789     2662      157      156     2661     3380     3377     3378     8786
     2790     2663      158      157     2662     3382     3379     3380     8788
     2791     2664      159      158     2663     3384     3381     3382     8790
     2792     2665      160      159     2664     3386     3383     3384     8792
     2793     2666      161      160     2665     3387     3385     3386     8793
     2794     2666       43       42      161     3153     3150     3151     3387
     2795     2667       44       43     2666     3155     3152     3153     8794
     2796     2668       45       44     2667     3157     3154     3155     8795
     2797     2669       46       45     2668     3159     3156     3157     8796
     2798     2670       47       46     2669     3161     3158     3159     8797
     2799     2671       48       47     2670     3163     3160     3161     8798
     2800     2672       49       48     2671     3165     3162     3163     8799
     2801     2673       50       49     2672     3167     3164     3165     8800
     2802     2674       51       50     2673     3169     3166     3167     8801
     2803     2675       52       51     2674     3171     3168     3169     8803
     2804     2676       53       52     2675     3173     3170     3171     8804
     2805     2677       54       53     2676     3175     3172     3173     8806
     2806     2678       55       54     2677     3177     3174     3175     8807
     2807     2679       56       55     2678     3179     3176     3177     8809
     2808     2680       57       56     2679     3181     3178     3179     8810
     2809     2681       58       57     2680     3183     3180     3181     8812
     2810     2682       59       58     2681     3185     3182     3183     8814
     2811     2683       60       59     2682     3187     3184     3185     8816
     2812     2684       61       60     2683     3189     3186     3187     8817
     2813     2685       62       61     2684     3191     3188     3189     8819
     2814     2686       63       62     2685     3193     3190     3191     8820
     2815     2687       64       63     2686     3195     3192     3193     8822
     2816     2688       65       64     2687     3197     3194     3195     8823
     2817     2689       66       65     2688     3199     3196     3197     8824
     2818     2690       67       66     2689     3201     3198     3199     8825
     2819     2691       68       67     2690     3203     3200     3201     8826
     2820     2692       69       68     2691     3205     3202     3203     8827
     2821     2693       70       69     2692     3207     3204     3205     8829
     2822     2694       71       70     2693     3209     3206     3207     8830
     2823     2695       72       71     2694     3211     3208     3209     8831
     2824     2696       73       72     2695     3213     3210     3211     8833
     2825     2697       74       73     2696     3215     3212     3213     8834
     2826     2698       75       74     2697     3217     3214     3215     8835
     2827     2699       76       75     2698     3219     3216     3217     8837
     2828     2700       77       76     2699     3221     3218     3219     8838
     2829     2701       78       77     2700     3223     3220     3221     8840
     2830     2702       79       78     2701     3225     3222     3223     8841
     2831     2703       80       79     2702     3227     3224     3225     8843
     2832     2704       81       80     2703     3229     3226     3227     8844
     2833     2705       82       81     2704     3231     3228     3229     8846
     2834     2706       83       82     2705     3233     3230     3231     8847
     2835     2707       84       83     2706     3235     3232     3233     8849
     2836     2708       85       84     2707     3237     3234     3235     8850
     2837     2709       86       85     2708     3239     3236     3237     8852
     2838     2710       87       86     2709     3241     3238     3239     8853
     2839     2711       88       87     2710     3243     3240     3241     8855
     2840     2712       89       88     2711     3245     3242     3243     8856
     2841     2713       90       89     2712     3247     3244     3245     8858
     2842     2714       91       90     2713     3249     3246     3247     8859
     2843     2715       92       91     2714     3251     3248     3249     8861
     2844     2716       93       92     2715     3253     3250     3251     8862
     2845     2717       94       93     2716     3255     3252     3253     8864
     2846     2718       95       94     2717     3257     3254     3255     8865
     2847     2719       96       95     2718     3259     3256     3257     8866
     2848     2720       97       96     2719     3261     3258     3259     8867
     2849     2721       98       97     2720     3263     3260     3261     8868
     2850     2722       99       98     2721     3265     3262     3263     8869
     2851     2723      100       99     2722     3267     3264     3265     8870
     2852     2724      101      100     2723     3269     3266     3267     8871
     2853     2725      102      101     2724     3271     3268     3269     8872
     2854     2726      103      102     2725     3273     3270     3271     8873
     2855     2727      104      103     2726     3275     3272     3273     8874
     2856     2728      105      104     2727     3277     3274     3275     8875
     2857     2729      106      105     2728     3279     3276     3277     8877
     2858     2730      107      106     2729     3281     3278     3279     8878
     2859     2731      108      107     2730     3283     3280     3281     8880
     2860     2732      109      108     2731     3285     3282     3283     8881
     2861     2733      110      109     2732     3287     3284     3285     8883
     2862     2734      111      110     2733     3289     3286     3287     8884
     2863     2735      112      111     2734     3291     3288     3289     8886
     2864     2736      113      112     2735     3293     3290     3291     8887
     2865     2737      114      113     2736     3295     3292     3293     8889
     2866     2738      115      114     2737     3297     3294     3295     8890
     2867     2739      116      115     2738     3299     3296     3297     8892
     2868     2740      117      116     2739     3301     3298     3299     8893
     2869     2741      118      117     2740     3303     3300     3301     8894
     2870     2742      119      118     2741     3305     3302     3303     8895
     2871     2743      120      119     2742     3307     3304     3305     8897
     2872     2744      121      120     2743     3308     3306     3307     8898
     2873     2744        3        1      121     3074     3069     3070     3308
     2874     2745        4        3     2744     3076     3073     3074     8899
     2875     2746        5        4     2745     3078     3075     3076     8900
     2876     2747        6        5     2746     3080     3077     3078     8901
     2877     2748        7        6     2747     3082     3079     3080     8902
     2878     2749        8        7     2748     3084     3081     3082     8904
     2879     2750        9        8     2749     3086     3083     3084     8905
     2880     2751       10        9     2750     3088     3085     3086     8907
     2881     2752       11       10     2751     3090     3087     3088     8908
     2882     2753       12       11     2752     3092     3089     3090     8910
     2883     2754       13       12     2753     3094     3091     3092     8911
     2884     2755       14       13     2754     3096     3093     3094     8912
     2885     2756       15       14     2755     3098     3095     3096     8913
     2886     2757       16       15     2756     3100     3097     3098     8915
     2887     2758       17       16     2757     3102     3099     3100     8916
     2888     2759       18       17     2758     3104     3101     3102     8918
     2889     2760       19       18     2759     3106     3103     3104     8919
     2890     2761       20       19     2760     3108     3105     3106     8920
     2891     2762       21       20     2761     3110     3107     3108     8921
     2892     2763       22       21     2762     3112     3109     3110     8923
     2893     2764       23       22     2763     3114     3111     3112     8924
     2894     2765       24       23     2764     3116     3113     3114     8926
     2895     2766       25       24     2765     3118     3115     3116     8927
     2896     2767       26       25     2766     3120     3117     3118     8928
     2897     2768       27       26     2767     3122     3119     3120     8929
     2898     2769       28       27     2768     3124     3121     3122     8930
     2899     2770       29       28     2769     3126     3123     3124     8931
     2900     2771       30       29     2770     3128     3125     3126     8932
     2901     2772       31       30     2771     3130     3127     3128     8933
     2902     2773       32       31     2772     3132     3129     3130     8935
     2903     2774       33       32     2773     3134     3131     3132     8936
     2904     2775       34       33     2774     3136     3133     3134     8938
     2905     2776       35       34     2775     3138     3135     3136     8939
     2906     2777       36       35     2776     3140     3137     3138     8941
     2907     2778       37       36     2777     3142     3139     3140     8942
     2908     2779       38       37     2778     3144     3141     3142     8944
     2909     2780       39       38     2779     3146     3143     3144     8945
     2910     2781       40       39     2780     3148     3145     3146     8947
     2911     2782       41       40     2781     3149     3147     3148     8948
     2912      162        2       41     2782     3072     3071     3149     3389
-1
secnum,1    ! reset the section ID to default
! Material Id = {6C6FDBE2-C9D6-43A2-9419-5F409CBB94B7}
/wb,elem,end               !  done creating elements
toffst,273.15,      ! Temperature offset from absolute zero
/com,*********** Set Reference Temperature ***********
tref,22.
/wb,mat,start              !  starting to send materials
/com,*********** Send Materials ***********
Temperature = 'TEMP' ! Temperature
MP,DENS,1,7.85e-09,	! tonne mm^-3
MP,ALPX,1,1.2e-05,	! C^-1
MP,C,1,434000000,	! mm^2 s^-2 C^-1
MP,KXX,1,60.5,	! tonne mm s^-3 C^-1
MP,RSVX,1,0.00017,	! ohm mm
MP,EX,1,200000,	! tonne s^-2 mm^-1
MP,NUXY,1,0.3,
MP,MURX,1,10000,
MP,UVID,1,3f9ab3a9-9e3e-481b-828e-a3e8bedabc69
MP,UMID,1,59002a79-71c2-428e-906b-55d7dbee100e

/wb,mat,end                !  done sending materials
/com,*********** Send Sheet Properties ***********
r,1,5.

!************************* Model Summary ********************
! Surface Body,	Structural Steel,	matid,	1
!************************* End Model Summary ********************
! get the diagonal of the bounding box. Needed later for other things
*get,_xmin,node,,mnloc,x
*get,_ymin,node,,mnloc,y
*get,_zmin,node,,mnloc,z
*get,_xmax,node,,mxloc,x
*get,_ymax,node,,mxloc,y
*get,_zmax,node,,mxloc,z
_ASMDIAG=(_xmax-_xmin)*(_xmax-_xmin)+(_ymax-_ymin)*(_ymax-_ymin)+(_zmax-_zmin)*(_zmax-_zmin)
_ASMDIAG=SQRT(_ASMDIAG)
/wb,contact,start          !  starting to send contact
/wb,contact,end            !  done creating contacts
/golist
/wb,load,start             !  starting to send loads
/com,*********** Fixed Supports ***********
CMBLOCK,_FIXEDSU,NODE,       42
(8i10)
         1       -41      3069      3071      3073      3075      3077      3079
      3081      3083      3085      3087      3089      3091      3093      3095
      3097      3099      3101      3103      3105      3107      3109      3111
      3113      3115      3117      3119      3121      3123      3125      3127
      3129      3131      3133      3135      3137      3139      3141      3143
      3145      3147
cmsel,s,_FIXEDSU
d,all,all
nsel,all
/com,*********** Define Pressure Vector Using Surface Effect Elements ***********
local,12,0,0.,0.,0.,0.,0.,0.
csys,0
et,2,153
keyop,2,3,10        ! get plane stress option and thickness from underlying element
MAT,2 $ TYPE,2 $ REAL,2 $ SECNUM,2 $ ESYS,12    ! ELEMNODES = 3
eblock,21,COMPACT,,40
(21i9)
     2913      122      123     3309
     2914      123      124     3311
     2915      124      125     3313
     2916      125      126     3315
     2917      126      127     3317
     2918      127      128     3319
     2919      128      129     3321
     2920      129      130     3323
     2921      130      131     3325
     2922      131      132     3327
     2923      132      133     3329
     2924      133      134     3331
     2925      134      135     3333
     2926      135      136     3335
     2927      136      137     3337
     2928      137      138     3339
     2929      138      139     3341
     2930      139      140     3343
     2931      140      141     3345
     2932      141      142     3347
     2933      142      143     3349
     2934      143      144     3351
     2935      144      145     3353
     2936      145      146     3355
     2937      146      147     3357
     2938      147      148     3359
     2939      148      149     3361
     2940      149      150     3363
     2941      150      151     3365
     2942      151      152     3367
     2943      152      153     3369
     2944      153      154     3371
     2945      154      155     3373
     2946      155      156     3375
     2947      156      157     3377
     2948      157      158     3379
     2949      158      159     3381
     2950      159      160     3383
     2951      160      161     3385
     2952      161       42     3151
-1
secnum,1    ! reset the section ID to default
esel,s,type,,2
keyop,2,2,1         ! Apply load in local coordinate system
keyop,2,7,0         ! Use deformed area for application of load
keyop,2,11,2        ! Use real and not project area
esel,all
/gst,on,on
fini
*get,_numnode,node,0,count
*get,_numelem,elem,0,count
*get, _MAXELEMNUM, elem, 0, NUM, MAX
*get, _MAXNODENUM, node, 0, NUM, MAX
*get, _MAXELEMTYPE, etyp, 0, NUM, MAX
*get, _MAXREALCONST, rcon, 0, NUM, MAX
/go
/wb,load,end               !  done creating loads
/com,--- Number of total nodes = %_numnode%
/com,--- Number of contact elements = 40
/com,--- Number of spring elements = 0
/com,--- Number of bearing elements = 0
/com,--- Number of solid elements = 2912
/com,--- Number of condensed parts = 0
/com,--- Number of total elements = %_numelem%
*get,_wallbsol,active,,time,wall
/com,****************************************************************************
/com,*************************    SOLUTION       ********************************
/com,****************************************************************************
/solu
antype,0                   ! static analysis
_thickRatio=  0     ! Ratio of thick parts in the model
eqsl,sparse,,,,,1
cntr,print,1               ! print out contact info and also make no initial contact an error
cncheck,dmp		!	Enable program controlled contact splitting for distributed memory parallel run
dmpoption,emat,no             ! Don't combine emat file for DANSYS
dmpoption,esav,no             ! Don't combine esav file for DANSYS
nldiag,cont,iter           ! print out contact info each equilibrium iteration
rescontrol,,none                 ! Do not keep any restart files
/com,****************************************************
/com,******************* SOLVE FOR LS 1 OF 1 ****************
esel,s,type,,2
nsle
sfe,all,1,pres,1,100.
sfe,all,2,pres,1,0.
nsel,all
esel,all
/nopr
/gopr
nsub,1,1,1
time,1.
outres,erase
outres,all,none
outres,nsol,all,
outres,rsol,all
outres,eangl,all
outres,etmp,all
outres,veng,all
outres,strs,all,
outres,epel,all,
outres,eppl,all,
outres,cont,all,
! *********** WB SOLVE COMMAND ***********
! check interactive state
*get,ANSINTER_,active,,int
*if,ANSINTER_,ne,0,then
/eof
*endif
solve
/com *************** Write FE CONNECTORS ********* 
CEWRITE,file,ce,,INTE
/com,****************************************************
/com,*************** FINISHED SOLVE FOR LS 1 *************
fini
*get,_wallasol,active,,time,wall
/nopr
*get,_numnode,node,0,count
*get,_numelem,elem,0,count
*get, _MAXELEMNUM, elem, 0, NUM, MAX
*get, _MAXNODENUM, node, 0, NUM, MAX,,,INTERNAL
*get, _MAXELEMTYPE, etyp, 0, NUM, MAX
*get, _MAXREALCONST, rcon, 0, NUM, MAX
*get,_NSOLTHREADS,active,0,ntfs
*get,_NSOLPROCESSES,active,0,npfs
/gopr
/post1
xmlo,ENCODING,ISO-8859-1
xmlo,parm
/xml,parm,xml
fini
/gopr
*get,_walldone,active,,time,wall
_preptime=(_wallbsol-_wallstrt)*3600
_solvtime=(_wallasol-_wallbsol)*3600
_posttime=(_walldone-_wallasol)*3600
_totaltim=(_walldone-_wallstrt)*3600
*get,_dlbratio,active,0,solu,dlbr
*get,_combtime,active,0,solu,comb
*get,_ssmode,active,0,solu,ssmm
*get,_ndofs,active,0,solu,ndof
*get,_sol_end_time,active,0,set,time
*if,_sol_end_time,eq,1.000000,then
/fclean				!clean distributed files
*endif
/com,--- Total number of nodes = %_numnode%
/com,--- Total number of elements = %_numelem%
/com,--- Element load balance ratio = %_dlbratio%
/com,--- Time to combine distributed files = %_combtime%
/com,--- Sparse memory mode = %_ssmode%
/com,--- Number of DOF = %_ndofs%
/wb,file,end               ! done with WB generated input
