/batch
/config,noeldb,1     ! force off writing results to database
*get,_wallstrt,active,,time,wall
! ANSYS input file written by Workbench version 2026 R1
! File used for geometry attach: C:\Users\MK\AppData\Local\Temp\WB_MK_20228_2\wbnew_files\dp0\Geom\DM\Geom.agdb
/title,wbnew--Static Structural (B5)
! ****** Begin Custom Load Command Snippet ******
/COM, ACT Extensions:
/COM,     LSDYNA, 2026.1
/COM,     5f463412-bd3e-484b-87e7-cbc0a665e474, wbex
/COM,     ANSYSMotion, 2026.1
/COM,     20180725-3f81-49eb-9f31-41364844c769, wbex
! ****** End   Custom Load Command Snippet ******
*DIM,_wb_ProjectScratch_dir,string,248
_wb_ProjectScratch_dir(1) = 'C:\Users\MK\AppData\Local\Temp\WB_MK_20228_2\_ProjectScratch\Scr6556\'
*DIM,_wb_SolverFiles_dir,string,248
_wb_SolverFiles_dir(1) = 'C:\Users\MK\AppData\Local\Temp\WB_MK_20228_2\wbnew_files\dp0\SYS\MECH\'
*DIM,_wb_userfiles_dir,string,248
_wb_userfiles_dir(1) = 'C:\Users\MK\AppData\Local\Temp\WB_MK_20228_2\wbnew_files\user_files\'
/com,--- Data in consistent NMM units. See Solving Units in the help system for more information.
/units,MPA
/nopr
/wb,file,start              !  signify a WB generated input file
/prep7
! Turn off shape checking because checks already performed inside WB mesher.
! See help system for more information.
SHPP,OFF,,NOWARN
/nolist
etcon,set             ! allow ANSYS to choose best KEYOP's for 180x elements, resets any applicable keyopt to MAPDL defaults
/com,*********** Send User Defined Coordinate System(s) ***********
csys,0
/com,*********** Nodes for the whole assembly ***********
nblock,3,,3641
(1i9,3e20.9e3)
        1     2.099989679E+02    -3.719891960E-04     7.272727273E+00
        2     2.099989679E+02    -3.719891960E-04     1.454545455E+01
        3     2.099989679E+02    -3.719891960E-04     2.181818182E+01
        4     2.099989679E+02    -3.719891960E-04     2.909090909E+01
        5     2.099989679E+02    -3.719891960E-04     3.636363636E+01
        6     2.099989679E+02    -3.719891960E-04     4.363636364E+01
        7     2.099989679E+02    -3.719891960E-04     5.090909091E+01
        8     2.099989679E+02    -3.719891960E-04     5.818181818E+01
        9     2.099989679E+02    -3.719891960E-04     6.545454545E+01
       10     2.099989679E+02    -3.719891960E-04     7.272727273E+01
       11     2.131203884E+02    -3.121662765E+00     7.272727273E+00
       12     2.131203884E+02    -3.121662765E+00     1.454545455E+01
       13     2.131203884E+02    -3.121662765E+00     2.181818182E+01
       14     2.131203884E+02    -3.121662765E+00     2.909090909E+01
       15     2.131203884E+02    -3.121662765E+00     3.636363636E+01
       16     2.131203884E+02    -3.121662765E+00     4.363636364E+01
       17     2.131203884E+02    -3.121662765E+00     5.090909091E+01
       18     2.131203884E+02    -3.121662765E+00     5.818181818E+01
       19     2.131203884E+02    -3.121662765E+00     6.545454545E+01
       20     2.131203884E+02    -3.121662765E+00     7.272727273E+01
       21     2.099991354E+02    -5.414529889E+00     7.272727273E+00
       22     2.099991354E+02    -5.414529889E+00     1.454545455E+01
       23     2.099991354E+02    -5.414529889E+00     2.181818182E+01
       24     2.099991354E+02    -5.414529889E+00     2.909090909E+01
       25     2.099991354E+02    -5.414529889E+00     3.636363636E+01
       26     2.099991354E+02    -5.414529889E+00     4.363636364E+01
       27     2.099991354E+02    -5.414529889E+00     5.090909091E+01
       28     2.099991354E+02    -5.414529889E+00     5.818181818E+01
       29     2.099991354E+02    -5.414529889E+00     6.545454545E+01
       30     2.099991354E+02    -5.414529889E+00     7.272727273E+01
       31     2.068776514E+02    -3.121688531E+00     7.272727273E+00
       32     2.068776514E+02    -3.121688531E+00     1.454545455E+01
       33     2.068776514E+02    -3.121688531E+00     2.181818182E+01
       34     2.068776514E+02    -3.121688531E+00     2.909090909E+01
       35     2.068776514E+02    -3.121688531E+00     3.636363636E+01
       36     2.068776514E+02    -3.121688531E+00     4.363636364E+01
       37     2.068776514E+02    -3.121688531E+00     5.090909091E+01
       38     2.068776514E+02    -3.121688531E+00     5.818181818E+01
       39     2.068776514E+02    -3.121688531E+00     6.545454545E+01
       40     2.068776514E+02    -3.121688531E+00     7.272727273E+01
       41     2.045848576E+02    -3.234771696E-04     7.272727273E+00
       42     2.045848576E+02    -3.234771696E-04     1.454545455E+01
       43     2.045848576E+02    -3.234771696E-04     2.181818182E+01
       44     2.045848576E+02    -3.234771696E-04     2.909090909E+01
       45     2.045848576E+02    -3.234771696E-04     3.636363636E+01
       46     2.045848576E+02    -3.234771696E-04     4.363636364E+01
       47     2.045848576E+02    -3.234771696E-04     5.090909091E+01
       48     2.045848576E+02    -3.234771696E-04     5.818181818E+01
       49     2.045848576E+02    -3.234771696E-04     6.545454545E+01
       50     2.045848576E+02    -3.234771696E-04     7.272727273E+01
       51     2.068776215E+02     3.120950407E+00     7.272727273E+00
       52     2.068776215E+02     3.120950407E+00     1.454545455E+01
       53     2.068776215E+02     3.120950407E+00     2.181818182E+01
       54     2.068776215E+02     3.120950407E+00     2.909090909E+01
       55     2.068776215E+02     3.120950407E+00     3.636363636E+01
       56     2.068776215E+02     3.120950407E+00     4.363636364E+01
       57     2.068776215E+02     3.120950407E+00     5.090909091E+01
       58     2.068776215E+02     3.120950407E+00     5.818181818E+01
       59     2.068776215E+02     3.120950407E+00     6.545454545E+01
       60     2.068776215E+02     3.120950407E+00     7.272727273E+01
       61     2.099990445E+02     5.413874845E+00     7.272727273E+00
       62     2.099990445E+02     5.413874845E+00     1.454545455E+01
       63     2.099990445E+02     5.413874845E+00     2.181818182E+01
       64     2.099990445E+02     5.413874845E+00     2.909090909E+01
       65     2.099990445E+02     5.413874845E+00     3.636363636E+01
       66     2.099990445E+02     5.413874845E+00     4.363636364E+01
       67     2.099990445E+02     5.413874845E+00     5.090909091E+01
       68     2.099990445E+02     5.413874845E+00     5.818181818E+01
       69     2.099990445E+02     5.413874845E+00     6.545454545E+01
       70     2.099990445E+02     5.413874845E+00     7.272727273E+01
       71     2.131202102E+02     3.120912933E+00     7.272727273E+00
       72     2.131202102E+02     3.120912933E+00     1.454545455E+01
       73     2.131202102E+02     3.120912933E+00     2.181818182E+01
       74     2.131202102E+02     3.120912933E+00     2.909090909E+01
       75     2.131202102E+02     3.120912933E+00     3.636363636E+01
       76     2.131202102E+02     3.120912933E+00     4.363636364E+01
       77     2.131202102E+02     3.120912933E+00     5.090909091E+01
       78     2.131202102E+02     3.120912933E+00     5.818181818E+01
       79     2.131202102E+02     3.120912933E+00     6.545454545E+01
       80     2.131202102E+02     3.120912933E+00     7.272727273E+01
       81     2.154130753E+02    -4.291724911E-04     7.272727273E+00
       82     2.154130753E+02    -4.291724911E-04     1.454545455E+01
       83     2.154130753E+02    -4.291724911E-04     2.181818182E+01
       84     2.154130753E+02    -4.291724911E-04     2.909090909E+01
       85     2.154130753E+02    -4.291724911E-04     3.636363636E+01
       86     2.154130753E+02    -4.291724911E-04     4.363636364E+01
       87     2.154130753E+02    -4.291724911E-04     5.090909091E+01
       88     2.154130753E+02    -4.291724911E-04     5.818181818E+01
       89     2.154130753E+02    -4.291724911E-04     6.545454545E+01
       90     2.154130753E+02    -4.291724911E-04     7.272727273E+01
       91     2.154130753E+02    -4.291724911E-04     1.799239715E-15
       92     2.131202102E+02     3.120912933E+00     1.522894963E-15
       93     2.099990445E+02     5.413874845E+00     8.422945162E-16
       94     2.068776215E+02     3.120950407E+00    -5.521359778E-16
       95     2.045848576E+02    -3.234771696E-04    -1.800043964E-15
       96     2.068776514E+02    -3.121688531E+00    -1.523726484E-15
       97     2.099991354E+02    -5.414529889E+00    -8.430014444E-16
       98     2.131203884E+02    -3.121662765E+00     5.513636213E-16
       99     2.099989679E+02    -3.719891960E-04    -4.009693552E-19
      100     2.099989679E+02    -3.719891960E-04     8.000000000E+01
      101     2.131203884E+02    -3.121662765E+00     8.000000000E+01
      102     2.099991354E+02    -5.414529889E+00     8.000000000E+01
      103     2.068776514E+02    -3.121688531E+00     8.000000000E+01
      104     2.045848576E+02    -3.234771696E-04     8.000000000E+01
      105     2.068776215E+02     3.120950407E+00     8.000000000E+01
      106     2.099990445E+02     5.413874845E+00     8.000000000E+01
      107     2.131202102E+02     3.120912933E+00     8.000000000E+01
      108     2.154130753E+02    -4.291724911E-04     8.000000000E+01
      109     2.170710678E+02    -7.071067812E+00     8.000000000E+01
      110     2.100000000E+02    -1.000000000E+01     8.000000000E+01
      111     2.029289322E+02    -7.071067812E+00     8.000000000E+01
      112     2.000000000E+02     9.107298249E-15     8.000000000E+01
      113     2.029289322E+02     7.071067812E+00     8.000000000E+01
      114     2.100000000E+02     1.000000000E+01     8.000000000E+01
      115     2.200000000E+02     0.000000000E+00     8.000000000E+01
      116     2.170710678E+02     7.071067812E+00     8.000000000E+01
      117     2.170710678E+02    -7.071067812E+00     7.272727273E+00
      118     2.100000000E+02    -1.000000000E+01     7.272727273E+00
      119     2.029289322E+02    -7.071067812E+00     7.272727273E+00
      120     2.000000000E+02     2.679750056E-14     7.272727273E+00
      121     2.029289322E+02     7.071067812E+00     7.272727273E+00
      122     2.100000000E+02     1.000000000E+01     7.272727273E+00
      123     2.170710678E+02     7.071067812E+00     7.272727273E+00
      124     2.170710678E+02    -7.071067812E+00     1.454545455E+01
      125     2.100000000E+02    -1.000000000E+01     1.454545455E+01
      126     2.029289322E+02    -7.071067812E+00     1.454545455E+01
      127     2.000000000E+02     2.502848033E-14     1.454545455E+01
      128     2.029289322E+02     7.071067812E+00     1.454545455E+01
      129     2.100000000E+02     1.000000000E+01     1.454545455E+01
      130     2.170710678E+02     7.071067812E+00     1.454545455E+01
      131     2.170710678E+02    -7.071067812E+00     2.181818182E+01
      132     2.100000000E+02    -1.000000000E+01     2.181818182E+01
      133     2.029289322E+02    -7.071067812E+00     2.181818182E+01
      134     2.000000000E+02     2.325946010E-14     2.181818182E+01
      135     2.029289322E+02     7.071067812E+00     2.181818182E+01
      136     2.100000000E+02     1.000000000E+01     2.181818182E+01
      137     2.170710678E+02     7.071067812E+00     2.181818182E+01
      138     2.170710678E+02    -7.071067812E+00     2.909090909E+01
      139     2.100000000E+02    -1.000000000E+01     2.909090909E+01
      140     2.029289322E+02    -7.071067812E+00     2.909090909E+01
      141     2.000000000E+02     2.149043986E-14     2.909090909E+01
      142     2.029289322E+02     7.071067812E+00     2.909090909E+01
      143     2.100000000E+02     1.000000000E+01     2.909090909E+01
      144     2.170710678E+02     7.071067812E+00     2.909090909E+01
      145     2.170710678E+02    -7.071067812E+00     3.636363636E+01
      146     2.100000000E+02    -1.000000000E+01     3.636363636E+01
      147     2.029289322E+02    -7.071067812E+00     3.636363636E+01
      148     2.000000000E+02     1.972141963E-14     3.636363636E+01
      149     2.029289322E+02     7.071067812E+00     3.636363636E+01
      150     2.100000000E+02     1.000000000E+01     3.636363636E+01
      151     2.170710678E+02     7.071067812E+00     3.636363636E+01
      152     2.170710678E+02    -7.071067812E+00     4.363636364E+01
      153     2.100000000E+02    -1.000000000E+01     4.363636364E+01
      154     2.029289322E+02    -7.071067812E+00     4.363636364E+01
      155     2.000000000E+02     1.795239940E-14     4.363636364E+01
      156     2.029289322E+02     7.071067812E+00     4.363636364E+01
      157     2.100000000E+02     1.000000000E+01     4.363636364E+01
      158     2.170710678E+02     7.071067812E+00     4.363636364E+01
      159     2.170710678E+02    -7.071067812E+00     5.090909091E+01
      160     2.100000000E+02    -1.000000000E+01     5.090909091E+01
      161     2.029289322E+02    -7.071067812E+00     5.090909091E+01
      162     2.000000000E+02     1.618337917E-14     5.090909091E+01
      163     2.029289322E+02     7.071067812E+00     5.090909091E+01
      164     2.100000000E+02     1.000000000E+01     5.090909091E+01
      165     2.170710678E+02     7.071067812E+00     5.090909091E+01
      166     2.170710678E+02    -7.071067812E+00     5.818181818E+01
      167     2.100000000E+02    -1.000000000E+01     5.818181818E+01
      168     2.029289322E+02    -7.071067812E+00     5.818181818E+01
      169     2.000000000E+02     1.441435894E-14     5.818181818E+01
      170     2.029289322E+02     7.071067812E+00     5.818181818E+01
      171     2.100000000E+02     1.000000000E+01     5.818181818E+01
      172     2.170710678E+02     7.071067812E+00     5.818181818E+01
      173     2.170710678E+02    -7.071067812E+00     6.545454545E+01
      174     2.100000000E+02    -1.000000000E+01     6.545454545E+01
      175     2.029289322E+02    -7.071067812E+00     6.545454545E+01
      176     2.000000000E+02     1.264533871E-14     6.545454545E+01
      177     2.029289322E+02     7.071067812E+00     6.545454545E+01
      178     2.100000000E+02     1.000000000E+01     6.545454545E+01
      179     2.170710678E+02     7.071067812E+00     6.545454545E+01
      180     2.170710678E+02    -7.071067812E+00     7.272727273E+01
      181     2.100000000E+02    -1.000000000E+01     7.272727273E+01
      182     2.029289322E+02    -7.071067812E+00     7.272727273E+01
      183     2.000000000E+02     1.087631848E-14     7.272727273E+01
      184     2.029289322E+02     7.071067812E+00     7.272727273E+01
      185     2.100000000E+02     1.000000000E+01     7.272727273E+01
      186     2.170710678E+02     7.071067812E+00     7.272727273E+01
      187     2.170710678E+02    -7.071067812E+00    -9.997696229E-12
      188     2.200000000E+02     0.000000000E+00     0.000000000E+00
      189     2.200000000E+02     1.254387429E-14     7.272727273E+00
      190     2.200000000E+02     1.141195154E-14     1.454545455E+01
      191     2.200000000E+02     1.028002879E-14     2.181818182E+01
      192     2.200000000E+02     9.148106042E-15     2.909090909E+01
      193     2.200000000E+02     8.016183293E-15     3.636363636E+01
      194     2.200000000E+02     6.884260544E-15     4.363636364E+01
      195     2.200000000E+02     5.752337795E-15     5.090909091E+01
      196     2.200000000E+02     4.620415046E-15     5.818181818E+01
      197     2.200000000E+02     3.488492297E-15     6.545454545E+01
      198     2.200000000E+02     2.356569548E-15     7.272727273E+01
      199     2.100000000E+02    -1.000000000E+01    -1.000050251E-11
      200     2.029289322E+02    -7.071067812E+00    -1.000239708E-11
      201     2.000000000E+02     2.856652079E-14    -1.000227012E-11
      202     2.029289322E+02     7.071067812E+00    -1.000019600E-11
      203     2.100000000E+02     1.000000000E+01    -9.997389722E-12
      204     2.170710678E+02     7.071067812E+00    -9.995495156E-12
      205     2.099989679E+02    -3.719891960E-04     1.090909091E+01
      206     2.115596782E+02    -1.561017377E+00     7.272727273E+00
      207     2.084383097E+02    -1.561030260E+00     7.272727273E+00
      208     2.084382947E+02     1.560289209E+00     7.272727273E+00
      209     2.115595890E+02     1.560270472E+00     7.272727273E+00
      210     2.099989679E+02    -3.719891960E-04     3.636363636E+00
      211     2.099989679E+02    -3.719891960E-04     1.818181818E+01
      212     2.115596782E+02    -1.561017377E+00     1.454545455E+01
      213     2.084383097E+02    -1.561030260E+00     1.454545455E+01
      214     2.084382947E+02     1.560289209E+00     1.454545455E+01
      215     2.115595890E+02     1.560270472E+00     1.454545455E+01
      216     2.099989679E+02    -3.719891960E-04     2.545454545E+01
      217     2.115596782E+02    -1.561017377E+00     2.181818182E+01
      218     2.084383097E+02    -1.561030260E+00     2.181818182E+01
      219     2.084382947E+02     1.560289209E+00     2.181818182E+01
      220     2.115595890E+02     1.560270472E+00     2.181818182E+01
      221     2.099989679E+02    -3.719891960E-04     3.272727273E+01
      222     2.115596782E+02    -1.561017377E+00     2.909090909E+01
      223     2.084383097E+02    -1.561030260E+00     2.909090909E+01
      224     2.084382947E+02     1.560289209E+00     2.909090909E+01
      225     2.115595890E+02     1.560270472E+00     2.909090909E+01
      226     2.099989679E+02    -3.719891960E-04     4.000000000E+01
      227     2.115596782E+02    -1.561017377E+00     3.636363636E+01
      228     2.084383097E+02    -1.561030260E+00     3.636363636E+01
      229     2.084382947E+02     1.560289209E+00     3.636363636E+01
      230     2.115595890E+02     1.560270472E+00     3.636363636E+01
      231     2.099989679E+02    -3.719891960E-04     4.727272727E+01
      232     2.115596782E+02    -1.561017377E+00     4.363636364E+01
      233     2.084383097E+02    -1.561030260E+00     4.363636364E+01
      234     2.084382947E+02     1.560289209E+00     4.363636364E+01
      235     2.115595890E+02     1.560270472E+00     4.363636364E+01
      236     2.099989679E+02    -3.719891960E-04     5.454545455E+01
      237     2.115596782E+02    -1.561017377E+00     5.090909091E+01
      238     2.084383097E+02    -1.561030260E+00     5.090909091E+01
      239     2.084382947E+02     1.560289209E+00     5.090909091E+01
      240     2.115595890E+02     1.560270472E+00     5.090909091E+01
      241     2.099989679E+02    -3.719891960E-04     6.181818182E+01
      242     2.115596782E+02    -1.561017377E+00     5.818181818E+01
      243     2.084383097E+02    -1.561030260E+00     5.818181818E+01
      244     2.084382947E+02     1.560289209E+00     5.818181818E+01
      245     2.115595890E+02     1.560270472E+00     5.818181818E+01
      246     2.099989679E+02    -3.719891960E-04     6.909090909E+01
      247     2.115596782E+02    -1.561017377E+00     6.545454545E+01
      248     2.084383097E+02    -1.561030260E+00     6.545454545E+01
      249     2.084382947E+02     1.560289209E+00     6.545454545E+01
      250     2.115595890E+02     1.560270472E+00     6.545454545E+01
      251     2.115596782E+02    -1.561017377E+00     7.272727273E+01
      252     2.084383097E+02    -1.561030260E+00     7.272727273E+01
      253     2.084382947E+02     1.560289209E+00     7.272727273E+01
      254     2.115595890E+02     1.560270472E+00     7.272727273E+01
      255     2.099989679E+02    -3.719891960E-04     7.636363636E+01
      256     2.131203884E+02    -3.121662765E+00     1.090909091E+01
      257     2.115597619E+02    -4.268096327E+00     7.272727273E+00
      258     2.142667319E+02    -1.561045969E+00     7.272727273E+00
      259     2.131203884E+02    -3.121662765E+00     3.636363636E+00
      260     2.150957281E+02    -5.096365289E+00     7.272727273E+00
      261     2.131203884E+02    -3.121662765E+00     1.818181818E+01
      262     2.115597619E+02    -4.268096327E+00     1.454545455E+01
      263     2.142667319E+02    -1.561045969E+00     1.454545455E+01
      264     2.150957281E+02    -5.096365289E+00     1.454545455E+01
      265     2.131203884E+02    -3.121662765E+00     2.545454545E+01
      266     2.115597619E+02    -4.268096327E+00     2.181818182E+01
      267     2.142667319E+02    -1.561045969E+00     2.181818182E+01
      268     2.150957281E+02    -5.096365289E+00     2.181818182E+01
      269     2.131203884E+02    -3.121662765E+00     3.272727273E+01
      270     2.115597619E+02    -4.268096327E+00     2.909090909E+01
      271     2.142667319E+02    -1.561045969E+00     2.909090909E+01
      272     2.150957281E+02    -5.096365289E+00     2.909090909E+01
      273     2.131203884E+02    -3.121662765E+00     4.000000000E+01
      274     2.115597619E+02    -4.268096327E+00     3.636363636E+01
      275     2.142667319E+02    -1.561045969E+00     3.636363636E+01
      276     2.150957281E+02    -5.096365289E+00     3.636363636E+01
      277     2.131203884E+02    -3.121662765E+00     4.727272727E+01
      278     2.115597619E+02    -4.268096327E+00     4.363636364E+01
      279     2.142667319E+02    -1.561045969E+00     4.363636364E+01
      280     2.150957281E+02    -5.096365289E+00     4.363636364E+01
      281     2.131203884E+02    -3.121662765E+00     5.454545455E+01
      282     2.115597619E+02    -4.268096327E+00     5.090909091E+01
      283     2.142667319E+02    -1.561045969E+00     5.090909091E+01
      284     2.150957281E+02    -5.096365289E+00     5.090909091E+01
      285     2.131203884E+02    -3.121662765E+00     6.181818182E+01
      286     2.115597619E+02    -4.268096327E+00     5.818181818E+01
      287     2.142667319E+02    -1.561045969E+00     5.818181818E+01
      288     2.150957281E+02    -5.096365289E+00     5.818181818E+01
      289     2.131203884E+02    -3.121662765E+00     6.909090909E+01
      290     2.115597619E+02    -4.268096327E+00     6.545454545E+01
      291     2.142667319E+02    -1.561045969E+00     6.545454545E+01
      292     2.150957281E+02    -5.096365289E+00     6.545454545E+01
      293     2.115597619E+02    -4.268096327E+00     7.272727273E+01
      294     2.142667319E+02    -1.561045969E+00     7.272727273E+01
      295     2.131203884E+02    -3.121662765E+00     7.636363636E+01
      296     2.150957281E+02    -5.096365289E+00     7.272727273E+01
      297     2.099991354E+02    -5.414529889E+00     1.090909091E+01
      298     2.084383934E+02    -4.268109210E+00     7.272727273E+00
      299     2.099991354E+02    -5.414529889E+00     3.636363636E+00
      300     2.099995677E+02    -7.707264944E+00     7.272727273E+00
      301     2.099991354E+02    -5.414529889E+00     1.818181818E+01
      302     2.084383934E+02    -4.268109210E+00     1.454545455E+01
      303     2.099995677E+02    -7.707264944E+00     1.454545455E+01
      304     2.099991354E+02    -5.414529889E+00     2.545454545E+01
      305     2.084383934E+02    -4.268109210E+00     2.181818182E+01
      306     2.099995677E+02    -7.707264944E+00     2.181818182E+01
      307     2.099991354E+02    -5.414529889E+00     3.272727273E+01
      308     2.084383934E+02    -4.268109210E+00     2.909090909E+01
      309     2.099995677E+02    -7.707264944E+00     2.909090909E+01
      310     2.099991354E+02    -5.414529889E+00     4.000000000E+01
      311     2.084383934E+02    -4.268109210E+00     3.636363636E+01
      312     2.099995677E+02    -7.707264944E+00     3.636363636E+01
      313     2.099991354E+02    -5.414529889E+00     4.727272727E+01
      314     2.084383934E+02    -4.268109210E+00     4.363636364E+01
      315     2.099995677E+02    -7.707264944E+00     4.363636364E+01
      316     2.099991354E+02    -5.414529889E+00     5.454545455E+01
      317     2.084383934E+02    -4.268109210E+00     5.090909091E+01
      318     2.099995677E+02    -7.707264944E+00     5.090909091E+01
      319     2.099991354E+02    -5.414529889E+00     6.181818182E+01
      320     2.084383934E+02    -4.268109210E+00     5.818181818E+01
      321     2.099995677E+02    -7.707264944E+00     5.818181818E+01
      322     2.099991354E+02    -5.414529889E+00     6.909090909E+01
      323     2.084383934E+02    -4.268109210E+00     6.545454545E+01
      324     2.099995677E+02    -7.707264944E+00     6.545454545E+01
      325     2.084383934E+02    -4.268109210E+00     7.272727273E+01
      326     2.099991354E+02    -5.414529889E+00     7.636363636E+01
      327     2.099995677E+02    -7.707264944E+00     7.272727273E+01
      328     2.068776514E+02    -3.121688531E+00     1.090909091E+01
      329     2.057312545E+02    -1.561006004E+00     7.272727273E+00
      330     2.068776514E+02    -3.121688531E+00     3.636363636E+00
      331     2.049032918E+02    -5.096378172E+00     7.272727273E+00
      332     2.068776514E+02    -3.121688531E+00     1.818181818E+01
      333     2.057312545E+02    -1.561006004E+00     1.454545455E+01
      334     2.049032918E+02    -5.096378172E+00     1.454545455E+01
      335     2.068776514E+02    -3.121688531E+00     2.545454545E+01
      336     2.057312545E+02    -1.561006004E+00     2.181818182E+01
      337     2.049032918E+02    -5.096378172E+00     2.181818182E+01
      338     2.068776514E+02    -3.121688531E+00     3.272727273E+01
      339     2.057312545E+02    -1.561006004E+00     2.909090909E+01
      340     2.049032918E+02    -5.096378172E+00     2.909090909E+01
      341     2.068776514E+02    -3.121688531E+00     4.000000000E+01
      342     2.057312545E+02    -1.561006004E+00     3.636363636E+01
      343     2.049032918E+02    -5.096378172E+00     3.636363636E+01
      344     2.068776514E+02    -3.121688531E+00     4.727272727E+01
      345     2.057312545E+02    -1.561006004E+00     4.363636364E+01
      346     2.049032918E+02    -5.096378172E+00     4.363636364E+01
      347     2.068776514E+02    -3.121688531E+00     5.454545455E+01
      348     2.057312545E+02    -1.561006004E+00     5.090909091E+01
      349     2.049032918E+02    -5.096378172E+00     5.090909091E+01
      350     2.068776514E+02    -3.121688531E+00     6.181818182E+01
      351     2.057312545E+02    -1.561006004E+00     5.818181818E+01
      352     2.049032918E+02    -5.096378172E+00     5.818181818E+01
      353     2.068776514E+02    -3.121688531E+00     6.909090909E+01
      354     2.057312545E+02    -1.561006004E+00     6.545454545E+01
      355     2.049032918E+02    -5.096378172E+00     6.545454545E+01
      356     2.057312545E+02    -1.561006004E+00     7.272727273E+01
      357     2.068776514E+02    -3.121688531E+00     7.636363636E+01
      358     2.049032918E+02    -5.096378172E+00     7.272727273E+01
      359     2.045848576E+02    -3.234771696E-04     1.090909091E+01
      360     2.057312396E+02     1.560313465E+00     7.272727273E+00
      361     2.045848576E+02    -3.234771696E-04     3.636363636E+00
      362     2.022924288E+02    -1.617385848E-04     7.272727273E+00
      363     2.045848576E+02    -3.234771696E-04     1.818181818E+01
      364     2.057312396E+02     1.560313465E+00     1.454545455E+01
      365     2.022924288E+02    -1.617385848E-04     1.454545455E+01
      366     2.045848576E+02    -3.234771696E-04     2.545454545E+01
      367     2.057312396E+02     1.560313465E+00     2.181818182E+01
      368     2.022924288E+02    -1.617385848E-04     2.181818182E+01
      369     2.045848576E+02    -3.234771696E-04     3.272727273E+01
      370     2.057312396E+02     1.560313465E+00     2.909090909E+01
      371     2.022924288E+02    -1.617385848E-04     2.909090909E+01
      372     2.045848576E+02    -3.234771696E-04     4.000000000E+01
      373     2.057312396E+02     1.560313465E+00     3.636363636E+01
      374     2.022924288E+02    -1.617385848E-04     3.636363636E+01
      375     2.045848576E+02    -3.234771696E-04     4.727272727E+01
      376     2.057312396E+02     1.560313465E+00     4.363636364E+01
      377     2.022924288E+02    -1.617385848E-04     4.363636364E+01
      378     2.045848576E+02    -3.234771696E-04     5.454545455E+01
      379     2.057312396E+02     1.560313465E+00     5.090909091E+01
      380     2.022924288E+02    -1.617385848E-04     5.090909091E+01
      381     2.045848576E+02    -3.234771696E-04     6.181818182E+01
      382     2.057312396E+02     1.560313465E+00     5.818181818E+01
      383     2.022924288E+02    -1.617385848E-04     5.818181818E+01
      384     2.045848576E+02    -3.234771696E-04     6.909090909E+01
      385     2.057312396E+02     1.560313465E+00     6.545454545E+01
      386     2.022924288E+02    -1.617385848E-04     6.545454545E+01
      387     2.057312396E+02     1.560313465E+00     7.272727273E+01
      388     2.045848576E+02    -3.234771696E-04     7.636363636E+01
      389     2.022924288E+02    -1.617385848E-04     7.272727273E+01
      390     2.068776215E+02     3.120950407E+00     1.090909091E+01
      391     2.084383330E+02     4.267412626E+00     7.272727273E+00
      392     2.068776215E+02     3.120950407E+00     3.636363636E+00
      393     2.049032769E+02     5.096009109E+00     7.272727273E+00
      394     2.068776215E+02     3.120950407E+00     1.818181818E+01
      395     2.084383330E+02     4.267412626E+00     1.454545455E+01
      396     2.049032769E+02     5.096009109E+00     1.454545455E+01
      397     2.068776215E+02     3.120950407E+00     2.545454545E+01
      398     2.084383330E+02     4.267412626E+00     2.181818182E+01
      399     2.049032769E+02     5.096009109E+00     2.181818182E+01
      400     2.068776215E+02     3.120950407E+00     3.272727273E+01
      401     2.084383330E+02     4.267412626E+00     2.909090909E+01
      402     2.049032769E+02     5.096009109E+00     2.909090909E+01
      403     2.068776215E+02     3.120950407E+00     4.000000000E+01
      404     2.084383330E+02     4.267412626E+00     3.636363636E+01
      405     2.049032769E+02     5.096009109E+00     3.636363636E+01
      406     2.068776215E+02     3.120950407E+00     4.727272727E+01
      407     2.084383330E+02     4.267412626E+00     4.363636364E+01
      408     2.049032769E+02     5.096009109E+00     4.363636364E+01
      409     2.068776215E+02     3.120950407E+00     5.454545455E+01
      410     2.084383330E+02     4.267412626E+00     5.090909091E+01
      411     2.049032769E+02     5.096009109E+00     5.090909091E+01
      412     2.068776215E+02     3.120950407E+00     6.181818182E+01
      413     2.084383330E+02     4.267412626E+00     5.818181818E+01
      414     2.049032769E+02     5.096009109E+00     5.818181818E+01
      415     2.068776215E+02     3.120950407E+00     6.909090909E+01
      416     2.084383330E+02     4.267412626E+00     6.545454545E+01
      417     2.049032769E+02     5.096009109E+00     6.545454545E+01
      418     2.084383330E+02     4.267412626E+00     7.272727273E+01
      419     2.068776215E+02     3.120950407E+00     7.636363636E+01
      420     2.049032769E+02     5.096009109E+00     7.272727273E+01
      421     2.099990445E+02     5.413874845E+00     1.090909091E+01
      422     2.115596273E+02     4.267393889E+00     7.272727273E+00
      423     2.099990445E+02     5.413874845E+00     3.636363636E+00
      424     2.099995223E+02     7.706937423E+00     7.272727273E+00
      425     2.099990445E+02     5.413874845E+00     1.818181818E+01
      426     2.115596273E+02     4.267393889E+00     1.454545455E+01
      427     2.099995223E+02     7.706937423E+00     1.454545455E+01
      428     2.099990445E+02     5.413874845E+00     2.545454545E+01
      429     2.115596273E+02     4.267393889E+00     2.181818182E+01
      430     2.099995223E+02     7.706937423E+00     2.181818182E+01
      431     2.099990445E+02     5.413874845E+00     3.272727273E+01
      432     2.115596273E+02     4.267393889E+00     2.909090909E+01
      433     2.099995223E+02     7.706937423E+00     2.909090909E+01
      434     2.099990445E+02     5.413874845E+00     4.000000000E+01
      435     2.115596273E+02     4.267393889E+00     3.636363636E+01
      436     2.099995223E+02     7.706937423E+00     3.636363636E+01
      437     2.099990445E+02     5.413874845E+00     4.727272727E+01
      438     2.115596273E+02     4.267393889E+00     4.363636364E+01
      439     2.099995223E+02     7.706937423E+00     4.363636364E+01
      440     2.099990445E+02     5.413874845E+00     5.454545455E+01
      441     2.115596273E+02     4.267393889E+00     5.090909091E+01
      442     2.099995223E+02     7.706937423E+00     5.090909091E+01
      443     2.099990445E+02     5.413874845E+00     6.181818182E+01
      444     2.115596273E+02     4.267393889E+00     5.818181818E+01
      445     2.099995223E+02     7.706937423E+00     5.818181818E+01
      446     2.099990445E+02     5.413874845E+00     6.909090909E+01
      447     2.115596273E+02     4.267393889E+00     6.545454545E+01
      448     2.099995223E+02     7.706937423E+00     6.545454545E+01
      449     2.115596273E+02     4.267393889E+00     7.272727273E+01
      450     2.099990445E+02     5.413874845E+00     7.636363636E+01
      451     2.099995223E+02     7.706937423E+00     7.272727273E+01
      452     2.131202102E+02     3.120912933E+00     1.090909091E+01
      453     2.142666427E+02     1.560241880E+00     7.272727273E+00
      454     2.131202102E+02     3.120912933E+00     3.636363636E+00
      455     2.150956390E+02     5.095990372E+00     7.272727273E+00
      456     2.131202102E+02     3.120912933E+00     1.818181818E+01
      457     2.142666427E+02     1.560241880E+00     1.454545455E+01
      458     2.150956390E+02     5.095990372E+00     1.454545455E+01
      459     2.131202102E+02     3.120912933E+00     2.545454545E+01
      460     2.142666427E+02     1.560241880E+00     2.181818182E+01
      461     2.150956390E+02     5.095990372E+00     2.181818182E+01
      462     2.131202102E+02     3.120912933E+00     3.272727273E+01
      463     2.142666427E+02     1.560241880E+00     2.909090909E+01
      464     2.150956390E+02     5.095990372E+00     2.909090909E+01
      465     2.131202102E+02     3.120912933E+00     4.000000000E+01
      466     2.142666427E+02     1.560241880E+00     3.636363636E+01
      467     2.150956390E+02     5.095990372E+00     3.636363636E+01
      468     2.131202102E+02     3.120912933E+00     4.727272727E+01
      469     2.142666427E+02     1.560241880E+00     4.363636364E+01
      470     2.150956390E+02     5.095990372E+00     4.363636364E+01
      471     2.131202102E+02     3.120912933E+00     5.454545455E+01
      472     2.142666427E+02     1.560241880E+00     5.090909091E+01
      473     2.150956390E+02     5.095990372E+00     5.090909091E+01
      474     2.131202102E+02     3.120912933E+00     6.181818182E+01
      475     2.142666427E+02     1.560241880E+00     5.818181818E+01
      476     2.150956390E+02     5.095990372E+00     5.818181818E+01
      477     2.131202102E+02     3.120912933E+00     6.909090909E+01
      478     2.142666427E+02     1.560241880E+00     6.545454545E+01
      479     2.150956390E+02     5.095990372E+00     6.545454545E+01
      480     2.142666427E+02     1.560241880E+00     7.272727273E+01
      481     2.131202102E+02     3.120912933E+00     7.636363636E+01
      482     2.150956390E+02     5.095990372E+00     7.272727273E+01
      483     2.154130753E+02    -4.291724911E-04     1.090909091E+01
      484     2.154130753E+02    -4.291724911E-04     3.636363636E+00
      485     2.177065377E+02    -2.145862455E-04     7.272727273E+00
      486     2.154130753E+02    -4.291724911E-04     1.818181818E+01
      487     2.177065377E+02    -2.145862455E-04     1.454545455E+01
      488     2.154130753E+02    -4.291724911E-04     2.545454545E+01
      489     2.177065377E+02    -2.145862455E-04     2.181818182E+01
      490     2.154130753E+02    -4.291724911E-04     3.272727273E+01
      491     2.177065377E+02    -2.145862456E-04     2.909090909E+01
      492     2.154130753E+02    -4.291724911E-04     4.000000000E+01
      493     2.177065377E+02    -2.145862456E-04     3.636363636E+01
      494     2.154130753E+02    -4.291724911E-04     4.727272727E+01
      495     2.177065377E+02    -2.145862456E-04     4.363636364E+01
      496     2.154130753E+02    -4.291724911E-04     5.454545455E+01
      497     2.177065377E+02    -2.145862456E-04     5.090909091E+01
      498     2.154130753E+02    -4.291724911E-04     6.181818182E+01
      499     2.177065377E+02    -2.145862456E-04     5.818181818E+01
      500     2.154130753E+02    -4.291724911E-04     6.909090909E+01
      501     2.177065377E+02    -2.145862456E-04     6.545454545E+01
      502     2.154130753E+02    -4.291724911E-04     7.636363636E+01
      503     2.177065377E+02    -2.145862456E-04     7.272727273E+01
      504     2.142666427E+02     1.560241880E+00     1.661067339E-15
      505     2.142667319E+02    -1.561045969E+00     1.175301668E-15
      506     2.177065377E+02    -2.145862455E-04     2.561620113E-15
      507     2.115596273E+02     4.267393889E+00     1.182594740E-15
      508     2.115595890E+02     1.560270472E+00     7.612469969E-16
      509     2.150956390E+02     5.095990372E+00     2.486927430E-15
      510     2.084383330E+02     4.267412626E+00     1.450792692E-16
      511     2.099995223E+02     7.706937423E+00     1.199344148E-15
      512     2.057312396E+02     1.560313465E+00    -1.176089971E-15
      513     2.084382947E+02     1.560289209E+00    -2.762684736E-16
      514     2.049032769E+02     5.096009109E+00    -9.010113418E-16
      515     2.057312545E+02    -1.561006004E+00    -1.661885224E-15
      516     2.022924288E+02    -1.617385848E-04    -2.562022237E-15
      517     2.084383934E+02    -4.268109210E+00    -1.183363964E-15
      518     2.084383097E+02    -1.561030260E+00    -7.620637267E-16
      519     2.049032918E+02    -5.096378172E+00    -2.487343191E-15
      520     2.115597619E+02    -4.268096327E+00    -1.458189116E-16
      521     2.099995677E+02    -7.707264944E+00    -1.199697612E-15
      522     2.115596782E+02    -1.561017377E+00     2.754813260E-16
      523     2.150957281E+02    -5.096365289E+00     9.006251636E-16
      524     2.115596782E+02    -1.561017377E+00     8.000000000E+01
      525     2.084383097E+02    -1.561030260E+00     8.000000000E+01
      526     2.084382947E+02     1.560289209E+00     8.000000000E+01
      527     2.115595890E+02     1.560270472E+00     8.000000000E+01
      528     2.115597619E+02    -4.268096327E+00     8.000000000E+01
      529     2.142667319E+02    -1.561045969E+00     8.000000000E+01
      530     2.150957281E+02    -5.096365289E+00     8.000000000E+01
      531     2.084383934E+02    -4.268109210E+00     8.000000000E+01
      532     2.099995677E+02    -7.707264944E+00     8.000000000E+01
      533     2.057312545E+02    -1.561006004E+00     8.000000000E+01
      534     2.049032918E+02    -5.096378172E+00     8.000000000E+01
      535     2.057312396E+02     1.560313465E+00     8.000000000E+01
      536     2.022924288E+02    -1.617385848E-04     8.000000000E+01
      537     2.084383330E+02     4.267412626E+00     8.000000000E+01
      538     2.049032769E+02     5.096009109E+00     8.000000000E+01
      539     2.115596273E+02     4.267393889E+00     8.000000000E+01
      540     2.099995223E+02     7.706937423E+00     8.000000000E+01
      541     2.142666427E+02     1.560241880E+00     8.000000000E+01
      542     2.150956390E+02     5.095990372E+00     8.000000000E+01
      543     2.177065377E+02    -2.145862456E-04     8.000000000E+01
      544     2.138268343E+02    -9.238795325E+00     8.000000000E+01
      545     2.192387953E+02    -3.826834324E+00     8.000000000E+01
      546     2.170710678E+02    -7.071067812E+00     7.636363636E+01
      547     2.061731657E+02    -9.238795325E+00     8.000000000E+01
      548     2.100000000E+02    -1.000000000E+01     7.636363636E+01
      549     2.007612047E+02    -3.826834324E+00     8.000000000E+01
      550     2.029289322E+02    -7.071067812E+00     7.636363636E+01
      551     2.007612047E+02     3.826834324E+00     8.000000000E+01
      552     2.000000000E+02     9.991808364E-15     7.636363636E+01
      553     2.061731657E+02     9.238795325E+00     8.000000000E+01
      554     2.029289322E+02     7.071067812E+00     7.636363636E+01
      555     2.138268343E+02     9.238795325E+00     8.000000000E+01
      556     2.100000000E+02     1.000000000E+01     7.636363636E+01
      557     2.192387953E+02     3.826834324E+00     8.000000000E+01
      558     2.200000000E+02     1.178284774E-15     7.636363636E+01
      559     2.170710678E+02     7.071067812E+00     7.636363636E+01
      560     2.138268343E+02    -9.238795325E+00     7.272727273E+00
      561     2.170710678E+02    -7.071067812E+00     1.090909091E+01
      562     2.170710678E+02    -7.071067812E+00     3.636363636E+00
      563     2.192387953E+02    -3.826834324E+00     7.272727273E+00
      564     2.061731657E+02    -9.238795325E+00     7.272727273E+00
      565     2.100000000E+02    -1.000000000E+01     1.090909091E+01
      566     2.100000000E+02    -1.000000000E+01     3.636363636E+00
      567     2.007612047E+02    -3.826834324E+00     7.272727273E+00
      568     2.029289322E+02    -7.071067812E+00     1.090909091E+01
      569     2.029289322E+02    -7.071067812E+00     3.636363636E+00
      570     2.007612047E+02     3.826834324E+00     7.272727273E+00
      571     2.000000000E+02     2.591299044E-14     1.090909091E+01
      572     2.000000000E+02     2.768201067E-14     3.636363636E+00
      573     2.061731657E+02     9.238795325E+00     7.272727273E+00
      574     2.029289322E+02     7.071067812E+00     1.090909091E+01
      575     2.029289322E+02     7.071067812E+00     3.636363636E+00
      576     2.138268343E+02     9.238795325E+00     7.272727273E+00
      577     2.100000000E+02     1.000000000E+01     1.090909091E+01
      578     2.100000000E+02     1.000000000E+01     3.636363636E+00
      579     2.170710678E+02     7.071067812E+00     1.090909091E+01
      580     2.192387953E+02     3.826834324E+00     7.272727273E+00
      581     2.170710678E+02     7.071067812E+00     3.636363636E+00
      582     2.138268343E+02    -9.238795325E+00     1.454545455E+01
      583     2.170710678E+02    -7.071067812E+00     1.818181818E+01
      584     2.192387953E+02    -3.826834324E+00     1.454545455E+01
      585     2.061731657E+02    -9.238795325E+00     1.454545455E+01
      586     2.100000000E+02    -1.000000000E+01     1.818181818E+01
      587     2.007612047E+02    -3.826834324E+00     1.454545455E+01
      588     2.029289322E+02    -7.071067812E+00     1.818181818E+01
      589     2.007612047E+02     3.826834324E+00     1.454545455E+01
      590     2.000000000E+02     2.414397021E-14     1.818181818E+01
      591     2.061731657E+02     9.238795325E+00     1.454545455E+01
      592     2.029289322E+02     7.071067812E+00     1.818181818E+01
      593     2.138268343E+02     9.238795325E+00     1.454545455E+01
      594     2.100000000E+02     1.000000000E+01     1.818181818E+01
      595     2.170710678E+02     7.071067812E+00     1.818181818E+01
      596     2.192387953E+02     3.826834324E+00     1.454545455E+01
      597     2.138268343E+02    -9.238795325E+00     2.181818182E+01
      598     2.170710678E+02    -7.071067812E+00     2.545454545E+01
      599     2.192387953E+02    -3.826834324E+00     2.181818182E+01
      600     2.061731657E+02    -9.238795325E+00     2.181818182E+01
      601     2.100000000E+02    -1.000000000E+01     2.545454545E+01
      602     2.007612047E+02    -3.826834324E+00     2.181818182E+01
      603     2.029289322E+02    -7.071067812E+00     2.545454545E+01
      604     2.007612047E+02     3.826834324E+00     2.181818182E+01
      605     2.000000000E+02     2.237494998E-14     2.545454545E+01
      606     2.061731657E+02     9.238795325E+00     2.181818182E+01
      607     2.029289322E+02     7.071067812E+00     2.545454545E+01
      608     2.138268343E+02     9.238795325E+00     2.181818182E+01
      609     2.100000000E+02     1.000000000E+01     2.545454545E+01
      610     2.170710678E+02     7.071067812E+00     2.545454545E+01
      611     2.192387953E+02     3.826834324E+00     2.181818182E+01
      612     2.138268343E+02    -9.238795325E+00     2.909090909E+01
      613     2.170710678E+02    -7.071067812E+00     3.272727273E+01
      614     2.192387953E+02    -3.826834324E+00     2.909090909E+01
      615     2.061731657E+02    -9.238795325E+00     2.909090909E+01
      616     2.100000000E+02    -1.000000000E+01     3.272727273E+01
      617     2.007612047E+02    -3.826834324E+00     2.909090909E+01
      618     2.029289322E+02    -7.071067812E+00     3.272727273E+01
      619     2.007612047E+02     3.826834324E+00     2.909090909E+01
      620     2.000000000E+02     2.060592975E-14     3.272727273E+01
      621     2.061731657E+02     9.238795325E+00     2.909090909E+01
      622     2.029289322E+02     7.071067812E+00     3.272727273E+01
      623     2.138268343E+02     9.238795325E+00     2.909090909E+01
      624     2.100000000E+02     1.000000000E+01     3.272727273E+01
      625     2.170710678E+02     7.071067812E+00     3.272727273E+01
      626     2.192387953E+02     3.826834324E+00     2.909090909E+01
      627     2.138268343E+02    -9.238795325E+00     3.636363636E+01
      628     2.170710678E+02    -7.071067812E+00     4.000000000E+01
      629     2.192387953E+02    -3.826834324E+00     3.636363636E+01
      630     2.061731657E+02    -9.238795325E+00     3.636363636E+01
      631     2.100000000E+02    -1.000000000E+01     4.000000000E+01
      632     2.007612047E+02    -3.826834324E+00     3.636363636E+01
      633     2.029289322E+02    -7.071067812E+00     4.000000000E+01
      634     2.007612047E+02     3.826834324E+00     3.636363636E+01
      635     2.000000000E+02     1.883690952E-14     4.000000000E+01
      636     2.061731657E+02     9.238795325E+00     3.636363636E+01
      637     2.029289322E+02     7.071067812E+00     4.000000000E+01
      638     2.138268343E+02     9.238795325E+00     3.636363636E+01
      639     2.100000000E+02     1.000000000E+01     4.000000000E+01
      640     2.170710678E+02     7.071067812E+00     4.000000000E+01
      641     2.192387953E+02     3.826834324E+00     3.636363636E+01
      642     2.138268343E+02    -9.238795325E+00     4.363636364E+01
      643     2.170710678E+02    -7.071067812E+00     4.727272727E+01
      644     2.192387953E+02    -3.826834324E+00     4.363636364E+01
      645     2.061731657E+02    -9.238795325E+00     4.363636364E+01
      646     2.100000000E+02    -1.000000000E+01     4.727272727E+01
      647     2.007612047E+02    -3.826834324E+00     4.363636364E+01
      648     2.029289322E+02    -7.071067812E+00     4.727272727E+01
      649     2.007612047E+02     3.826834324E+00     4.363636364E+01
      650     2.000000000E+02     1.706788929E-14     4.727272727E+01
      651     2.061731657E+02     9.238795325E+00     4.363636364E+01
      652     2.029289322E+02     7.071067812E+00     4.727272727E+01
      653     2.138268343E+02     9.238795325E+00     4.363636364E+01
      654     2.100000000E+02     1.000000000E+01     4.727272727E+01
      655     2.170710678E+02     7.071067812E+00     4.727272727E+01
      656     2.192387953E+02     3.826834324E+00     4.363636364E+01
      657     2.138268343E+02    -9.238795325E+00     5.090909091E+01
      658     2.170710678E+02    -7.071067812E+00     5.454545455E+01
      659     2.192387953E+02    -3.826834324E+00     5.090909091E+01
      660     2.061731657E+02    -9.238795325E+00     5.090909091E+01
      661     2.100000000E+02    -1.000000000E+01     5.454545455E+01
      662     2.007612047E+02    -3.826834324E+00     5.090909091E+01
      663     2.029289322E+02    -7.071067812E+00     5.454545455E+01
      664     2.007612047E+02     3.826834324E+00     5.090909091E+01
      665     2.000000000E+02     1.529886906E-14     5.454545455E+01
      666     2.061731657E+02     9.238795325E+00     5.090909091E+01
      667     2.029289322E+02     7.071067812E+00     5.454545455E+01
      668     2.138268343E+02     9.238795325E+00     5.090909091E+01
      669     2.100000000E+02     1.000000000E+01     5.454545455E+01
      670     2.170710678E+02     7.071067812E+00     5.454545455E+01
      671     2.192387953E+02     3.826834324E+00     5.090909091E+01
      672     2.138268343E+02    -9.238795325E+00     5.818181818E+01
      673     2.170710678E+02    -7.071067812E+00     6.181818182E+01
      674     2.192387953E+02    -3.826834324E+00     5.818181818E+01
      675     2.061731657E+02    -9.238795325E+00     5.818181818E+01
      676     2.100000000E+02    -1.000000000E+01     6.181818182E+01
      677     2.007612047E+02    -3.826834324E+00     5.818181818E+01
      678     2.029289322E+02    -7.071067812E+00     6.181818182E+01
      679     2.007612047E+02     3.826834324E+00     5.818181818E+01
      680     2.000000000E+02     1.352984883E-14     6.181818182E+01
      681     2.061731657E+02     9.238795325E+00     5.818181818E+01
      682     2.029289322E+02     7.071067812E+00     6.181818182E+01
      683     2.138268343E+02     9.238795325E+00     5.818181818E+01
      684     2.100000000E+02     1.000000000E+01     6.181818182E+01
      685     2.170710678E+02     7.071067812E+00     6.181818182E+01
      686     2.192387953E+02     3.826834324E+00     5.818181818E+01
      687     2.138268343E+02    -9.238795325E+00     6.545454545E+01
      688     2.170710678E+02    -7.071067812E+00     6.909090909E+01
      689     2.192387953E+02    -3.826834324E+00     6.545454545E+01
      690     2.061731657E+02    -9.238795325E+00     6.545454545E+01
      691     2.100000000E+02    -1.000000000E+01     6.909090909E+01
      692     2.007612047E+02    -3.826834324E+00     6.545454545E+01
      693     2.029289322E+02    -7.071067812E+00     6.909090909E+01
      694     2.007612047E+02     3.826834324E+00     6.545454545E+01
      695     2.000000000E+02     1.176082860E-14     6.909090909E+01
      696     2.061731657E+02     9.238795325E+00     6.545454545E+01
      697     2.029289322E+02     7.071067812E+00     6.909090909E+01
      698     2.138268343E+02     9.238795325E+00     6.545454545E+01
      699     2.100000000E+02     1.000000000E+01     6.909090909E+01
      700     2.170710678E+02     7.071067812E+00     6.909090909E+01
      701     2.192387953E+02     3.826834324E+00     6.545454545E+01
      702     2.138268343E+02    -9.238795325E+00     7.272727273E+01
      703     2.192387953E+02    -3.826834324E+00     7.272727273E+01
      704     2.061731657E+02    -9.238795325E+00     7.272727273E+01
      705     2.007612047E+02    -3.826834324E+00     7.272727273E+01
      706     2.007612047E+02     3.826834324E+00     7.272727273E+01
      707     2.061731657E+02     9.238795325E+00     7.272727273E+01
      708     2.138268343E+02     9.238795325E+00     7.272727273E+01
      709     2.192387953E+02     3.826834324E+00     7.272727273E+01
      710     2.192387953E+02    -3.826834324E+00    -9.996470746E-12
      711     2.138268343E+02    -9.238795325E+00    -9.999111996E-12
      712     2.200000000E+02     6.271937144E-15     3.636363636E+00
      713     2.192387953E+02     3.826834324E+00    -9.995279533E-12
      714     2.200000000E+02     1.197791291E-14     1.090909091E+01
      715     2.200000000E+02     1.084599016E-14     1.818181818E+01
      716     2.200000000E+02     9.714067416E-15     2.545454545E+01
      717     2.200000000E+02     8.582144667E-15     3.272727273E+01
      718     2.200000000E+02     7.450221918E-15     4.000000000E+01
      719     2.200000000E+02     6.318299169E-15     4.727272727E+01
      720     2.200000000E+02     5.186376420E-15     5.454545455E+01
      721     2.200000000E+02     4.054453671E-15     6.181818182E+01
      722     2.200000000E+02     2.922530923E-15     6.909090909E+01
      723     2.061731657E+02    -9.238795325E+00    -1.000165608E-11
      724     2.007612047E+02    -3.826834324E+00    -1.000261270E-11
      725     2.007612047E+02     3.826834324E+00    -1.000142149E-11
      726     2.061731657E+02     9.238795325E+00    -9.998780235E-12
      727     2.138268343E+02     9.238795325E+00    -9.996236155E-12
      728     1.850000000E+02     2.500000000E+01     3.000000000E+01
      729     1.850000000E+02     2.500000000E+01     5.000000000E+01
      730     1.850000000E+02    -2.500000000E+01     3.000000000E+01
      731     1.850000000E+02    -1.250000000E+01     3.000000000E+01
      732     1.850000000E+02    -6.938893904E-15     3.000000000E+01
      733     1.850000000E+02     1.250000000E+01     3.000000000E+01
      734     1.850000000E+02    -2.500000000E+01     5.000000000E+01
      735     1.850000000E+02    -1.250000000E+01     5.000000000E+01
      736     1.850000000E+02    -6.938893904E-15     5.000000000E+01
      737     1.850000000E+02     1.250000000E+01     5.000000000E+01
      738     2.200000000E+02    -0.000000000E+00     5.000000000E+01
      739     2.150000000E+02    -8.660254038E+00     5.000000000E+01
      740     2.050000000E+02    -8.660254038E+00     5.000000000E+01
      741     2.000000000E+02    -6.938893904E-15     5.000000000E+01
      742     2.050000000E+02     8.660254038E+00     5.000000000E+01
      743     2.150000000E+02     8.660254038E+00     5.000000000E+01
      744     2.700000000E+02     2.500000000E+01     5.000000000E+01
      745     1.991666667E+02     2.500000000E+01     5.000000000E+01
      746     2.133333333E+02     2.500000000E+01     5.000000000E+01
      747     2.275000000E+02     2.500000000E+01     5.000000000E+01
      748     2.416666667E+02     2.500000000E+01     5.000000000E+01
      749     2.558333333E+02     2.500000000E+01     5.000000000E+01
      750     2.700000000E+02    -2.500000000E+01     5.000000000E+01
      751     1.991666667E+02    -2.500000000E+01     5.000000000E+01
      752     2.133333333E+02    -2.500000000E+01     5.000000000E+01
      753     2.275000000E+02    -2.500000000E+01     5.000000000E+01
      754     2.416666667E+02    -2.500000000E+01     5.000000000E+01
      755     2.558333333E+02    -2.500000000E+01     5.000000000E+01
      756     2.700000000E+02    -8.333333333E+00     5.000000000E+01
      757     2.700000000E+02     8.333333333E+00     5.000000000E+01
      758     2.850000000E+02     2.500000000E+01     3.500000000E+01
      759     2.806066017E+02     2.500000000E+01     4.560660172E+01
      760     2.850000000E+02    -2.500000000E+01     3.500000000E+01
      761     2.806066017E+02    -2.500000000E+01     4.560660172E+01
      762     2.850000000E+02    -8.333333333E+00     3.500000000E+01
      763     2.850000000E+02     8.333333333E+00     3.500000000E+01
      764     2.850000000E+02     2.500000000E+01     0.000000000E+00
      765     2.850000000E+02     2.500000000E+01     1.750000000E+01
      766     2.850000000E+02    -2.500000000E+01     0.000000000E+00
      767     2.850000000E+02    -2.500000000E+01     1.750000000E+01
      768     2.850000000E+02    -8.333333333E+00     0.000000000E+00
      769     2.850000000E+02     8.333333333E+00     0.000000000E+00
      770     2.650000000E+02     2.500000000E+01     0.000000000E+00
      771     2.650000000E+02    -2.500000000E+01     0.000000000E+00
      772     2.650000000E+02    -8.333333333E+00     0.000000000E+00
      773     2.650000000E+02     8.333333333E+00     0.000000000E+00
      774     2.650000000E+02     2.500000000E+01     1.500000000E+01
      775     2.650000000E+02    -2.500000000E+01     1.500000000E+01
      776     2.650000000E+02    -8.333333333E+00     1.500000000E+01
      777     2.650000000E+02     8.333333333E+00     1.500000000E+01
      778     2.500000000E+02     2.500000000E+01     3.000000000E+01
      779     2.606066017E+02     2.500000000E+01     2.560660172E+01
      780     2.500000000E+02    -2.500000000E+01     3.000000000E+01
      781     2.606066017E+02    -2.500000000E+01     2.560660172E+01
      782     2.500000000E+02    -8.333333333E+00     3.000000000E+01
      783     2.500000000E+02     8.333333333E+00     3.000000000E+01
      784     2.000000000E+02    -0.000000000E+00     3.000000000E+01
      785     2.050000000E+02    -8.660254038E+00     3.000000000E+01
      786     2.150000000E+02    -8.660254038E+00     3.000000000E+01
      787     2.200000000E+02    -6.938893904E-15     3.000000000E+01
      788     2.150000000E+02     8.660254038E+00     3.000000000E+01
      789     2.050000000E+02     8.660254038E+00     3.000000000E+01
      790     2.370000000E+02     2.500000000E+01     3.000000000E+01
      791     2.240000000E+02     2.500000000E+01     3.000000000E+01
      792     2.110000000E+02     2.500000000E+01     3.000000000E+01
      793     1.980000000E+02     2.500000000E+01     3.000000000E+01
      794     2.370000000E+02    -2.500000000E+01     3.000000000E+01
      795     2.240000000E+02    -2.500000000E+01     3.000000000E+01
      796     2.110000000E+02    -2.500000000E+01     3.000000000E+01
      797     1.980000000E+02    -2.500000000E+01     3.000000000E+01
      798     2.606066017E+02    -6.938893904E-15     2.560660172E+01
      799     2.806066017E+02    -6.938893904E-15     4.560660172E+01
      800     2.186602540E+02     5.000000000E+00     4.000000000E+01
      801     2.186602540E+02    -5.000000000E+00     4.000000000E+01
      802     2.013397460E+02     5.000000000E+00     4.000000000E+01
      803     2.100000000E+02    -1.000000000E+01     4.000000000E+01
      804     2.100000000E+02     1.000000000E+01     4.000000000E+01
      805     2.013397460E+02    -5.000000000E+00     4.046095933E+01
      806     2.714368761E+02     2.500000000E+01     3.680217203E+01
      807     2.060982821E+02     2.500000000E+01     3.999999998E+01
      808     2.190682034E+02     2.500000000E+01     3.999999999E+01
      809     2.734346957E+02     2.500000000E+01     2.591808843E+01
      810     2.324776048E+02     2.500000000E+01     3.999999997E+01
      811     1.962240634E+02     2.500000000E+01     3.999999995E+01
      812     2.459918271E+02     2.500000000E+01     3.978029005E+01
      813     2.589733575E+02     2.500000000E+01     3.868174034E+01
      814     2.714368761E+02    -2.500000000E+01     3.680217203E+01
      815     2.060982821E+02    -2.500000000E+01     3.999999998E+01
      816     2.190682034E+02    -2.500000000E+01     3.999999999E+01
      817     2.734346957E+02    -2.500000000E+01     2.591808843E+01
      818     2.324776048E+02    -2.500000000E+01     3.999999997E+01
      819     1.962240634E+02    -2.500000000E+01     3.999999995E+01
      820     2.459918271E+02    -2.500000000E+01     3.978029005E+01
      821     2.589733575E+02    -2.500000000E+01     3.868174034E+01
      822     2.351337458E+02     1.343856003E+00     3.000000000E+01
      823     2.269232738E+02    -1.265790927E+01     3.000000000E+01
      824     2.298885484E+02     1.490082137E+01     3.000000000E+01
      825     1.949916975E+02    -1.248232113E+01     3.000000000E+01
      826     1.950202664E+02     1.245427740E+01     3.000000000E+01
      827     2.175084401E+02    -1.740540088E+01     3.000000000E+01
      828     2.185864267E+02     1.626097936E+01     3.000000000E+01
      829     2.398207306E+02    -1.388356596E+01     3.000000000E+01
      830     2.404150409E+02     1.487470861E+01     3.000000000E+01
      831     2.069418828E+02    -1.621599391E+01     3.000000000E+01
      832     2.071418650E+02     1.601968777E+01     3.000000000E+01
      833     2.237567076E+02     8.185605540E+00     3.000000000E+01
      834     2.416171555E+02     5.907339942E+00     5.000000000E+01
      835     2.287951771E+02    -1.244657482E+01     5.000000000E+01
      836     2.453012848E+02    -9.812617412E+00     5.000000000E+01
      837     2.279551301E+02     8.088988929E+00     5.000000000E+01
      838     2.564288847E+02     2.069469328E+00     5.000000000E+01
      839     2.331143797E+02    -1.321755920E+00     5.000000000E+01
      840     2.184852363E+02    -1.746931502E+01     5.000000000E+01
      841     2.211390355E+02     1.651013186E+01     5.000000000E+01
      842     1.952806197E+02    -1.248571433E+01     5.000000000E+01
      843     1.953408312E+02     1.246614221E+01     5.000000000E+01
      844     2.347783269E+02     1.608300961E+01     5.000000000E+01
      845     2.077976709E+02    -1.623974624E+01     5.000000000E+01
      846     2.082191518E+02     1.610274145E+01     5.000000000E+01
      847     2.600169206E+02     1.627803525E+01     5.000000000E+01
      848     2.483902146E+02     1.505630902E+01     5.000000000E+01
      849     2.595644824E+02    -1.312328676E+01     5.000000000E+01
      850     2.750000000E+02     1.333333359E+01     0.000000000E+00
      851     2.750000000E+02    -1.333333307E+01     0.000000000E+00
      852     2.750000002E+02     1.303851596E-06     0.000000000E+00
      853     2.850000000E+02     1.303851596E-06     1.749999993E+01
      854     2.850000000E+02    -1.249999935E+01     1.749999993E+01
      855     2.850000000E+02     1.250000102E+01     1.749999993E+01
      856     1.850000000E+02     4.445753257E+00     3.999999991E+01
      857     1.850000000E+02    -1.249999981E+01     3.999999978E+01
      858     1.850000000E+02     1.430209750E+01     3.999999989E+01
      859     2.015693644E+02    -1.503941049E+01     3.968532103E+01
      860     1.925444854E+02    -5.812925524E+00     3.909837594E+01
      861     1.919516629E+02     6.057375478E+00     3.990860086E+01
      862     1.918006136E+02    -1.710323237E+01     3.755391889E+01
      863     2.121279557E+02    -1.864936172E+01     3.889311627E+01
      864     2.216326350E+02    -1.363495910E+01     3.840772222E+01
      865     1.915933835E+02     1.863411497E+01     3.539941994E+01
      866     1.989213175E+02     1.530713966E+01     3.996187209E+01
      867     1.912346923E+02     1.898814337E+01     4.383621066E+01
      868     2.281125410E+02    -1.315309125E-01     3.894672348E+01
      869     2.145955534E+02     1.775870582E+01     4.061836214E+01
      870     2.494627103E+02    -1.582816387E+01     4.046312222E+01
      871     2.408355169E+02    -3.635072798E+00     3.811713790E+01
      872     2.257954421E+02     1.470566349E+01     4.213690570E+01
      873     2.622533665E+02    -1.407124512E+01     3.684027335E+01
      874     2.391517782E+02     1.267677615E+01     3.972850323E+01
      875     2.549453400E+02     1.113460453E+01     3.908417568E+01
      876     2.735516634E+02    -1.618535751E+01     3.697936675E+01
      877     2.722062792E+02    -8.095376221E-15     3.384280296E+01
      878     2.676996874E+02     1.715210273E+01     3.976871074E+01
      879     2.693501333E+02    -1.295205042E+01     2.400955759E+01
      880     2.727761120E+02     1.527777812E+01     2.916666664E+01
      881     2.749218510E+02    -1.291908803E+01     8.724095253E+00
      882     2.715655964E+02     2.474578167E+00     7.289479295E+00
      883     2.751049439E+02     1.508194980E+01     1.153087950E+01
      884     2.366207184E+02    -1.536882104E+01     3.964958480E+01
      885     2.570777333E+02    -2.953250970E+00     4.009782092E+01
      886     2.187612544E+02     1.390754028E+01     3.599498547E+01
      887     2.764132248E+02     1.429572046E+01     3.845017421E+01
      888     1.850000000E+02     2.500000000E+01     4.000000000E+01
      889     1.850000000E+02     1.875000000E+01     3.000000000E+01
      890     1.915000000E+02     2.500000000E+01     3.000000000E+01
      891     1.906120317E+02     2.500000000E+01     3.499999998E+01
      892     1.900101332E+02     1.872713870E+01     3.000000000E+01
      893     1.850000000E+02     1.965104875E+01     3.499999994E+01
      894     1.882966917E+02     2.181705748E+01     3.269970997E+01
      895     1.881173462E+02     2.199407169E+01     3.691810533E+01
      896     1.850000000E+02     1.875000000E+01     5.000000000E+01
      897     1.920833333E+02     2.500000000E+01     5.000000000E+01
      898     1.906120317E+02     2.500000000E+01     4.499999998E+01
      899     1.901704156E+02     1.873307111E+01     5.000000000E+01
      900     1.850000000E+02     1.965104875E+01     4.499999994E+01
      901     1.881173462E+02     2.199407169E+01     4.691810533E+01
      902     1.850000000E+02    -1.875000000E+01     3.000000000E+01
      903     1.850000000E+02    -2.500000000E+01     4.000000000E+01
      904     1.915000000E+02    -2.500000000E+01     3.000000000E+01
      905     1.906120317E+02    -2.500000000E+01     3.499999998E+01
      906     1.899958488E+02    -1.874116057E+01     3.000000000E+01
      907     1.850000000E+02    -1.874999991E+01     3.499999989E+01
      908     1.884003068E+02    -2.105161619E+01     3.377695944E+01
      909     1.850000000E+02    -6.250000000E+00     3.000000000E+01
      910     1.899958488E+02    -1.249116057E+01     3.000000000E+01
      911     1.850000000E+02    -1.249999991E+01     3.499999989E+01
      912     1.887722427E+02    -9.156462762E+00     3.454918797E+01
      913     1.884003068E+02    -1.480161619E+01     3.377695944E+01
      914     1.850000000E+02     6.250000000E+00     3.000000000E+01
      915     1.925000000E+02    -3.469446952E-15     3.000000000E+01
      916     1.899958488E+02    -6.241160567E+00     3.000000000E+01
      917     1.900101332E+02     6.227138700E+00     3.000000000E+01
      918     1.850000000E+02     2.222876629E+00     3.499999995E+01
      919     1.850000000E+02    -6.249999907E+00     3.499999989E+01
      920     1.887722427E+02    -2.906462762E+00     3.454918797E+01
      921     1.884758315E+02     3.028687739E+00     3.495430043E+01
      922     1.900101332E+02     1.247713870E+01     3.000000000E+01
      923     1.850000000E+02     8.472876629E+00     3.499999995E+01
      924     1.850000000E+02     1.340104875E+01     3.499999994E+01
      925     1.884758315E+02     9.278687739E+00     3.495430043E+01
      926     1.882966917E+02     1.556705748E+01     3.269970997E+01
      927     1.850000000E+02    -1.875000000E+01     5.000000000E+01
      928     1.920833333E+02    -2.500000000E+01     5.000000000E+01
      929     1.906120317E+02    -2.500000000E+01     4.499999998E+01
      930     1.901403098E+02    -1.874285716E+01     5.000000000E+01
      931     1.850000000E+02    -1.874999991E+01     4.499999989E+01
      932     1.884003068E+02    -2.105161619E+01     4.377695944E+01
      933     1.850000000E+02    -6.250000000E+00     5.000000000E+01
      934     1.901403098E+02    -1.249285716E+01     5.000000000E+01
      935     1.850000000E+02    -1.249999991E+01     4.499999989E+01
      936     1.850000000E+02     6.250000000E+00     5.000000000E+01
      937     1.925000000E+02    -6.938893904E-15     5.000000000E+01
      938     1.901403098E+02    -6.242857163E+00     5.000000000E+01
      939     1.901704156E+02     6.233071106E+00     5.000000000E+01
      940     1.850000000E+02     2.222876629E+00     4.499999995E+01
      941     1.850000000E+02    -6.249999907E+00     4.499999989E+01
      942     1.887722427E+02    -2.906462762E+00     4.454918797E+01
      943     1.884758315E+02     3.028687739E+00     4.495430043E+01
      944     1.901704156E+02     1.248307111E+01     5.000000000E+01
      945     1.850000000E+02     8.472876629E+00     4.499999995E+01
      946     1.850000000E+02     1.340104875E+01     4.499999994E+01
      947     1.884758315E+02     9.278687739E+00     4.495430043E+01
      948     1.881173462E+02     1.574407169E+01     4.691810533E+01
      949     2.186602540E+02    -5.000000000E+00     5.000000000E+01
      950     2.186602540E+02     5.000000000E+00     5.000000000E+01
      951     2.200000000E+02    -3.469446952E-15     4.000000000E+01
      952     2.196592583E+02     2.588190451E+00     4.500000000E+01
      953     2.196592583E+02    -2.588190451E+00     4.500000000E+01
      954     2.243975885E+02    -6.223287411E+00     5.000000000E+01
      955     2.239775650E+02     4.044494465E+00     5.000000000E+01
      956     2.265571899E+02    -6.608779602E-01     5.000000000E+01
      957     2.240562705E+02    -6.576545625E-02     4.447336174E+01
      958     2.100000000E+02    -1.000000000E+01     5.000000000E+01
      959     2.150000000E+02    -8.660254038E+00     4.000000000E+01
      960     2.170710678E+02    -7.071067812E+00     4.500000000E+01
      961     2.125881905E+02    -9.659258263E+00     4.500000000E+01
      962     2.218975885E+02    -1.055341443E+01     5.000000000E+01
      963     2.167426181E+02    -1.306478453E+01     5.000000000E+01
      964     2.113988355E+02    -1.245000014E+01     5.000000000E+01
      965     2.183163175E+02    -1.114760657E+01     4.420386111E+01
      966     2.013397460E+02    -5.000000000E+00     5.000000000E+01
      967     2.050000000E+02    -8.660254038E+00     4.000000000E+01
      968     2.074118095E+02    -9.659258263E+00     4.500000000E+01
      969     2.029289322E+02    -7.071067812E+00     4.523047966E+01
      970     2.001403098E+02    -1.057298418E+01     5.000000000E+01
      971     2.063988355E+02    -1.245000014E+01     5.000000000E+01
      972     2.032846822E+02    -1.184983226E+01     4.484266052E+01
      973     2.013397460E+02     5.000000000E+00     5.000000000E+01
      974     2.000000000E+02    -3.469446952E-15     4.000000000E+01
      975     2.003407417E+02     2.588190451E+00     4.500000000E+01
      976     2.003407417E+02    -2.588190451E+00     4.523047966E+01
      977     1.976403098E+02    -6.242857163E+00     5.000000000E+01
      978     1.976704156E+02     6.233071106E+00     5.000000000E+01
      979     1.962722427E+02    -2.906462762E+00     4.454918797E+01
      980     1.959758315E+02     3.028687739E+00     4.495430043E+01
      981     2.100000000E+02     1.000000000E+01     5.000000000E+01
      982     2.050000000E+02     8.660254038E+00     4.000000000E+01
      983     2.029289322E+02     7.071067812E+00     4.500000000E+01
      984     2.074118095E+02     9.659258263E+00     4.500000000E+01
      985     2.001704156E+02     1.056319813E+01     5.000000000E+01
      986     2.066095759E+02     1.238149774E+01     5.000000000E+01
      987     2.019606588E+02     1.198369685E+01     4.498093604E+01
      988     2.150000000E+02     8.660254038E+00     4.000000000E+01
      989     2.170710678E+02     7.071067812E+00     4.500000000E+01
      990     2.125881905E+02     9.659258263E+00     4.500000000E+01
      991     2.214775650E+02     8.374621483E+00     5.000000000E+01
      992     2.180695177E+02     1.258519295E+01     5.000000000E+01
      993     2.116095759E+02     1.238149774E+01     5.000000000E+01
      994     2.147977767E+02     1.320947993E+01     4.530918107E+01
      995     2.203977211E+02     1.168295877E+01     4.606845285E+01
      996     2.168806272E+02     1.128389716E+01     4.299749273E+01
      997     2.629166667E+02     2.500000000E+01     5.000000000E+01
      998     2.700000000E+02     1.666666667E+01     5.000000000E+01
      999     2.757402515E+02     2.500000000E+01     4.885819299E+01
     1000     2.707184380E+02     2.500000000E+01     4.340108602E+01
     1001     2.644866787E+02     2.500000000E+01     4.434087017E+01
     1002     2.650084603E+02     2.063901763E+01     5.000000000E+01
     1003     2.688498437E+02     2.107605136E+01     4.488435537E+01
     1004     2.062500000E+02     2.500000000E+01     5.000000000E+01
     1005     2.026324744E+02     2.500000000E+01     4.499999999E+01
     1006     1.976953650E+02     2.500000000E+01     4.499999998E+01
     1007     1.972537489E+02     1.873307111E+01     5.000000000E+01
     1008     2.036929092E+02     2.055137073E+01     5.000000000E+01
     1009     1.990439921E+02     2.015356983E+01     4.498093604E+01
     1010     1.952006795E+02     2.199407169E+01     4.691810533E+01
     1011     2.204166667E+02     2.500000000E+01     5.000000000E+01
     1012     2.097158077E+02     2.500000000E+01     4.499999999E+01
     1013     2.162007684E+02     2.500000000E+01     4.500000000E+01
     1014     2.172361844E+02     2.075506593E+01     5.000000000E+01
     1015     2.107762426E+02     2.055137073E+01     5.000000000E+01
     1016     2.139644433E+02     2.137935291E+01     4.530918107E+01
     1017     2.345833333E+02     2.500000000E+01     5.000000000E+01
     1018     2.232841017E+02     2.500000000E+01     4.500000000E+01
     1019     2.299888024E+02     2.500000000E+01     4.499999999E+01
     1020     2.243195177E+02     2.075506593E+01     5.000000000E+01
     1021     2.311391635E+02     2.054150480E+01     5.000000000E+01
     1022     2.266477211E+02     1.985283175E+01     4.606845285E+01
     1023     2.487500000E+02     2.500000000E+01     5.000000000E+01
     1024     2.370721358E+02     2.500000000E+01     4.499999999E+01
     1025     2.438292469E+02     2.500000000E+01     4.489014503E+01
     1026     2.382224968E+02     2.054150480E+01     5.000000000E+01
     1027     2.450284406E+02     2.002815451E+01     5.000000000E+01
     1028     2.404092225E+02     1.883838808E+01     4.486425162E+01
     1029     2.509125802E+02     2.500000000E+01     4.489014503E+01
     1030     2.574033454E+02     2.500000000E+01     4.434087017E+01
     1031     2.579251270E+02     2.063901763E+01     5.000000000E+01
     1032     2.521117740E+02     2.002815451E+01     5.000000000E+01
     1033     2.553893366E+02     1.806730227E+01     4.454208784E+01
     1034     2.629166667E+02    -2.500000000E+01     5.000000000E+01
     1035     2.700000000E+02    -1.666666667E+01     5.000000000E+01
     1036     2.757402515E+02    -2.500000000E+01     4.885819299E+01
     1037     2.707184380E+02    -2.500000000E+01     4.340108602E+01
     1038     2.644866787E+02    -2.500000000E+01     4.434087017E+01
     1039     2.647822412E+02    -1.906164338E+01     5.000000000E+01
     1040     2.661266833E+02    -1.953562256E+01     4.342013668E+01
     1041     2.717758317E+02    -2.059267875E+01     4.348968338E+01
     1042     2.062500000E+02    -2.500000000E+01     5.000000000E+01
     1043     2.026324744E+02    -2.500000000E+01     4.499999999E+01
     1044     1.976953650E+02    -2.500000000E+01     4.499999998E+01
     1045     1.972236432E+02    -1.874285716E+01     5.000000000E+01
     1046     2.034821688E+02    -2.061987312E+01     5.000000000E+01
     1047     2.003680155E+02    -2.001970524E+01     4.484266052E+01
     1048     2.204166667E+02    -2.500000000E+01     5.000000000E+01
     1049     2.097158077E+02    -2.500000000E+01     4.499999999E+01
     1050     2.162007684E+02    -2.500000000E+01     4.500000000E+01
     1051     2.159092848E+02    -2.123465751E+01     5.000000000E+01
     1052     2.105655021E+02    -2.061987312E+01     5.000000000E+01
     1053     2.127306445E+02    -2.182468086E+01     4.444655814E+01
     1054     2.345833333E+02    -2.500000000E+01     5.000000000E+01
     1055     2.232841017E+02    -2.500000000E+01     4.500000000E+01
     1056     2.299888024E+02    -2.500000000E+01     4.499999999E+01
     1057     2.281475885E+02    -1.872328741E+01     5.000000000E+01
     1058     2.229926181E+02    -2.123465751E+01     5.000000000E+01
     1059     2.487500000E+02    -2.500000000E+01     5.000000000E+01
     1060     2.370721358E+02    -2.500000000E+01     4.499999999E+01
     1061     2.438292469E+02    -2.500000000E+01     4.489014503E+01
     1062     2.352309219E+02    -1.872328741E+01     5.000000000E+01
     1063     2.434839757E+02    -1.740630871E+01     5.000000000E+01
     1064     2.455646885E+02    -2.041408193E+01     4.523156111E+01
     1065     2.391436925E+02    -2.018441052E+01     4.482479240E+01
     1066     2.509125802E+02    -2.500000000E+01     4.489014503E+01
     1067     2.574033454E+02    -2.500000000E+01     4.434087017E+01
     1068     2.505673091E+02    -1.740630871E+01     5.000000000E+01
     1069     2.576989079E+02    -1.906164338E+01     5.000000000E+01
     1070     2.526480218E+02    -2.041408193E+01     4.523156111E+01
     1071     2.700000000E+02    -6.938893904E-15     5.000000000E+01
     1072     2.757402515E+02    -1.666666667E+01     4.885819299E+01
     1073     2.757402515E+02    -4.166666667E+00     4.885819299E+01
     1074     2.632144423E+02    -3.131932003E+00     5.000000000E+01
     1075     2.647822412E+02    -1.072831005E+01     5.000000000E+01
     1076     2.661266833E+02    -1.120228922E+01     4.342013668E+01
     1077     2.717758317E+02    -1.225934542E+01     4.348968338E+01
     1078     2.711031396E+02    -4.166666667E+00     4.192140148E+01
     1079     2.635388667E+02    -5.643292151E+00     4.504891046E+01
     1080     2.757402515E+02     1.666666667E+01     4.885819299E+01
     1081     2.757402515E+02     4.166666667E+00     4.885819299E+01
     1082     2.632144423E+02     5.201401330E+00     5.000000000E+01
     1083     2.650084603E+02     1.230568429E+01     5.000000000E+01
     1084     2.624726700E+02     9.733968933E+00     4.454208784E+01
     1085     2.711031396E+02     4.166666667E+00     4.192140148E+01
     1086     2.688498437E+02     1.274271803E+01     4.488435537E+01
     1087     2.635388667E+02     2.690041182E+00     4.504891046E+01
     1088     2.732066124E+02     1.131452690E+01     4.422508710E+01
     1089     2.838581930E+02     2.500000000E+01     4.074025149E+01
     1090     2.850000000E+02     1.666666667E+01     3.500000000E+01
     1091     2.850000000E+02     2.500000000E+01     2.625000000E+01
     1092     2.782184380E+02     2.500000000E+01     3.590108602E+01
     1093     2.792173478E+02     2.500000000E+01     3.045904421E+01
     1094     2.850000000E+02     1.875000051E+01     2.624999996E+01
     1095     2.788880560E+02     2.013888906E+01     3.208333332E+01
     1096     2.807066124E+02     1.964786023E+01     3.672508710E+01
     1097     2.838581930E+02     1.666666667E+01     4.074025149E+01
     1098     2.806066017E+02     1.250000000E+01     4.560660172E+01
     1099     2.760217389E+02     2.500000000E+01     4.120438688E+01
     1100     2.741531446E+02     2.107605136E+01     4.268765623E+01
     1101     2.785099133E+02     1.964786023E+01     4.202838796E+01
     1102     2.838581930E+02    -2.500000000E+01     4.074025149E+01
     1103     2.850000000E+02    -1.666666667E+01     3.500000000E+01
     1104     2.850000000E+02    -2.500000000E+01     2.625000000E+01
     1105     2.782184380E+02    -2.500000000E+01     3.590108602E+01
     1106     2.792173478E+02    -2.500000000E+01     3.045904421E+01
     1107     2.850000000E+02    -1.874999967E+01     2.624999996E+01
     1108     2.792758317E+02    -2.059267875E+01     3.598968338E+01
     1109     2.771750666E+02    -1.897602521E+01     2.950477880E+01
     1110     2.838581930E+02    -1.666666667E+01     4.074025149E+01
     1111     2.806066017E+02    -1.250000000E+01     4.560660172E+01
     1112     2.760217389E+02    -2.500000000E+01     4.120438688E+01
     1113     2.770791325E+02    -2.059267875E+01     4.129298423E+01
     1114     2.850000000E+02    -6.938893904E-15     3.500000000E+01
     1115     2.838581930E+02    -4.166666667E+00     4.074025149E+01
     1116     2.850000000E+02    -4.166666015E+00     2.624999996E+01
     1117     2.850000000E+02    -1.041666634E+01     2.624999996E+01
     1118     2.792758317E+02    -1.225934542E+01     3.598968338E+01
     1119     2.786031396E+02    -4.166666667E+00     3.442140148E+01
     1120     2.771750666E+02    -1.064269187E+01     2.950477880E+01
     1121     2.838581930E+02     4.166666667E+00     4.074025149E+01
     1122     2.850000000E+02     4.166667319E+00     2.624999996E+01
     1123     2.850000000E+02     1.041666718E+01     2.624999996E+01
     1124     2.786031396E+02     4.166666667E+00     3.442140148E+01
     1125     2.788880560E+02     1.180555573E+01     3.208333332E+01
     1126     2.807066124E+02     1.131452690E+01     3.672508710E+01
     1127     2.850000000E+02     2.500000000E+01     8.750000000E+00
     1128     2.850000000E+02     1.666666667E+01     0.000000000E+00
     1129     2.750000000E+02     2.500000000E+01     0.000000000E+00
     1130     2.750000000E+02     2.500000000E+01     7.500000000E+00
     1131     2.800000000E+02     1.916666680E+01     0.000000000E+00
     1132     2.850000000E+02     1.875000051E+01     8.749999963E+00
     1133     2.800524720E+02     2.004097490E+01     5.765439752E+00
     1134     2.750000000E+02     2.500000000E+01     1.625000000E+01
     1135     2.792173478E+02     2.500000000E+01     2.170904421E+01
     1136     2.850000000E+02     1.875000051E+01     1.749999996E+01
     1137     2.800524720E+02     2.004097490E+01     1.451543975E+01
     1138     2.850000000E+02    -2.500000000E+01     8.750000000E+00
     1139     2.850000000E+02    -1.666666667E+01     0.000000000E+00
     1140     2.750000000E+02    -2.500000000E+01     0.000000000E+00
     1141     2.750000000E+02    -2.500000000E+01     7.500000000E+00
     1142     2.800000000E+02    -1.916666654E+01     0.000000000E+00
     1143     2.850000000E+02    -1.874999967E+01     8.749999963E+00
     1144     2.799609255E+02    -1.895954402E+01     4.362047627E+00
     1145     2.750000000E+02    -2.500000000E+01     1.625000000E+01
     1146     2.792173478E+02    -2.500000000E+01     2.170904421E+01
     1147     2.850000000E+02    -1.874999967E+01     1.749999996E+01
     1148     2.771750666E+02    -1.897602521E+01     2.075477880E+01
     1149     2.799609255E+02    -1.895954402E+01     1.311204763E+01
     1150     2.850000000E+02    -6.938893904E-15     0.000000000E+00
     1151     2.800000000E+02    -1.083333320E+01     0.000000000E+00
     1152     2.800000001E+02    -4.166666015E+00     0.000000000E+00
     1153     2.850000000E+02    -4.166666015E+00     8.749999963E+00
     1154     2.850000000E+02    -1.041666634E+01     8.749999963E+00
     1155     2.799609255E+02    -1.062621068E+01     4.362047627E+00
     1156     2.800000000E+02     1.083333346E+01     0.000000000E+00
     1157     2.800000001E+02     4.166667319E+00     0.000000000E+00
     1158     2.850000000E+02     4.166667319E+00     8.749999963E+00
     1159     2.850000000E+02     1.041666718E+01     8.749999963E+00
     1160     2.782827982E+02     5.403955750E+00     3.644739647E+00
     1161     2.800524720E+02     1.170764157E+01     5.765439752E+00
     1162     2.650000000E+02     1.666666667E+01     0.000000000E+00
     1163     2.650000000E+02     2.500000000E+01     7.500000000E+00
     1164     2.700000000E+02     1.916666680E+01     0.000000000E+00
     1165     2.700524720E+02     2.004097490E+01     5.765439752E+00
     1166     2.650000000E+02    -1.666666667E+01     0.000000000E+00
     1167     2.650000000E+02    -2.500000000E+01     7.500000000E+00
     1168     2.700000000E+02    -1.916666654E+01     0.000000000E+00
     1169     2.699609255E+02    -1.895954402E+01     4.362047627E+00
     1170     2.650000000E+02    -6.938893904E-15     0.000000000E+00
     1171     2.650000000E+02    -1.666666667E+01     7.500000000E+00
     1172     2.650000000E+02    -8.333333333E+00     7.500000000E+00
     1173     2.650000000E+02    -6.938893904E-15     7.500000000E+00
     1174     2.700000000E+02    -1.083333320E+01     0.000000000E+00
     1175     2.700000001E+02    -4.166666015E+00     0.000000000E+00
     1176     2.699609255E+02    -1.062621068E+01     4.362047627E+00
     1177     2.682827982E+02    -2.929377583E+00     3.644739647E+00
     1178     2.650000000E+02     1.666666667E+01     7.500000000E+00
     1179     2.650000000E+02     8.333333333E+00     7.500000000E+00
     1180     2.700000000E+02     1.083333346E+01     0.000000000E+00
     1181     2.700000001E+02     4.166667319E+00     0.000000000E+00
     1182     2.682827982E+02     5.403955750E+00     3.644739647E+00
     1183     2.700524720E+02     1.170764157E+01     5.765439752E+00
     1184     2.650000000E+02     1.666666667E+01     1.500000000E+01
     1185     2.638581930E+02     2.500000000E+01     2.074025149E+01
     1186     2.692173478E+02     2.500000000E+01     2.045904421E+01
     1187     2.688880560E+02     2.013888906E+01     2.208333332E+01
     1188     2.700524720E+02     2.004097490E+01     1.326543975E+01
     1189     2.650000000E+02    -1.666666667E+01     1.500000000E+01
     1190     2.638581930E+02    -2.500000000E+01     2.074025149E+01
     1191     2.692173478E+02    -2.500000000E+01     2.045904421E+01
     1192     2.671750666E+02    -1.897602521E+01     1.950477880E+01
     1193     2.699609255E+02    -1.895954402E+01     1.186204763E+01
     1194     2.650000000E+02    -6.938893904E-15     1.500000000E+01
     1195     2.638581930E+02    -1.666666667E+01     2.074025149E+01
     1196     2.638581930E+02    -4.166666667E+00     2.074025149E+01
     1197     2.750000000E+02    -4.166666015E+00     1.624999996E+01
     1198     2.686031396E+02    -4.166666667E+00     2.442140148E+01
     1199     2.671750666E+02    -1.064269187E+01     1.950477880E+01
     1200     2.699609255E+02    -1.062621068E+01     1.186204763E+01
     1201     2.682827982E+02    -2.929377583E+00     1.114473965E+01
     1202     2.638581930E+02     1.666666667E+01     2.074025149E+01
     1203     2.638581930E+02     4.166666667E+00     2.074025149E+01
     1204     2.750000000E+02     4.166667319E+00     1.624999996E+01
     1205     2.686031396E+02     4.166666667E+00     2.442140148E+01
     1206     2.688880560E+02     1.180555573E+01     2.208333332E+01
     1207     2.682827982E+02     5.403955750E+00     1.114473965E+01
     1208     2.700524720E+02     1.170764157E+01     1.326543975E+01
     1209     2.557402515E+02     2.500000000E+01     2.885819299E+01
     1210     2.500000000E+02     1.666666667E+01     3.000000000E+01
     1211     2.435000000E+02     2.500000000E+01     3.000000000E+01
     1212     2.479959135E+02     2.500000000E+01     3.489014503E+01
     1213     2.544866787E+02     2.500000000E+01     3.434087017E+01
     1214     2.452075205E+02     1.993735431E+01     3.000000000E+01
     1215     2.445758891E+02     1.883838808E+01     3.486425162E+01
     1216     2.524726700E+02     1.806730227E+01     3.454208784E+01
     1217     2.557402515E+02     1.666666667E+01     2.885819299E+01
     1218     2.606066017E+02     1.250000000E+01     2.560660172E+01
     1219     2.660217389E+02     2.500000000E+01     3.120438688E+01
     1220     2.670206487E+02     2.500000000E+01     2.576234507E+01
     1221     2.597899796E+02     2.500000000E+01     3.214417103E+01
     1222     2.577759708E+02     1.806730227E+01     3.234538870E+01
     1223     2.641531446E+02     2.107605136E+01     3.268765623E+01
     1224     2.666913568E+02     2.013888906E+01     2.738663418E+01
     1225     2.557402515E+02    -2.500000000E+01     2.885819299E+01
     1226     2.500000000E+02    -1.666666667E+01     3.000000000E+01
     1227     2.435000000E+02    -2.500000000E+01     3.000000000E+01
     1228     2.479959135E+02    -2.500000000E+01     3.489014503E+01
     1229     2.544866787E+02    -2.500000000E+01     3.434087017E+01
     1230     2.449103653E+02    -1.944178298E+01     3.000000000E+01
     1231     2.497313552E+02    -2.041408193E+01     3.523156111E+01
     1232     2.561266833E+02    -1.953562256E+01     3.342013668E+01
     1233     2.557402515E+02    -1.666666667E+01     2.885819299E+01
     1234     2.606066017E+02    -1.250000000E+01     2.560660172E+01
     1235     2.660217389E+02    -2.500000000E+01     3.120438688E+01
     1236     2.670206487E+02    -2.500000000E+01     2.576234507E+01
     1237     2.597899796E+02    -2.500000000E+01     3.214417103E+01
     1238     2.614299841E+02    -1.953562256E+01     3.122343754E+01
     1239     2.670791325E+02    -2.059267875E+01     3.129298423E+01
     1240     2.649783675E+02    -1.897602521E+01     2.480807966E+01
     1241     2.500000000E+02    -6.938893904E-15     3.000000000E+01
     1242     2.557402515E+02    -4.166666667E+00     2.885819299E+01
     1243     2.425668729E+02    -3.494738665E+00     3.000000000E+01
     1244     2.449103653E+02    -1.110844965E+01     3.000000000E+01
     1245     2.497313552E+02    -1.208074860E+01     3.523156111E+01
     1246     2.454177584E+02    -5.984203066E+00     3.405856895E+01
     1247     2.561266833E+02    -1.120228922E+01     3.342013668E+01
     1248     2.535388667E+02    -5.643292151E+00     3.504891046E+01
     1249     2.557402515E+02     4.166666667E+00     2.885819299E+01
     1250     2.425668729E+02     4.838594668E+00     3.000000000E+01
     1251     2.452075205E+02     1.160402097E+01     3.000000000E+01
     1252     2.454177584E+02     2.349130267E+00     3.405856895E+01
     1253     2.445758891E+02     1.050505474E+01     3.486425162E+01
     1254     2.524726700E+02     9.733968933E+00     3.454208784E+01
     1255     2.535388667E+02     2.690041182E+00     3.504891046E+01
     1256     2.013397460E+02    -5.000000000E+00     3.000000000E+01
     1257     2.013397460E+02     5.000000000E+00     3.000000000E+01
     1258     2.003407417E+02     2.588190451E+00     3.500000000E+01
     1259     2.003407417E+02    -2.588190451E+00     3.523047966E+01
     1260     1.974958488E+02    -6.241160567E+00     3.000000000E+01
     1261     1.975101332E+02     6.227138700E+00     3.000000000E+01
     1262     1.962722427E+02    -2.906462762E+00     3.454918797E+01
     1263     1.959758315E+02     3.028687739E+00     3.495430043E+01
     1264     2.100000000E+02    -1.000000000E+01     3.000000000E+01
     1265     2.074118095E+02    -9.659258263E+00     3.500000000E+01
     1266     2.029289322E+02    -7.071067812E+00     3.523047966E+01
     1267     1.999958488E+02    -1.057128759E+01     3.000000000E+01
     1268     2.059709414E+02    -1.243812397E+01     3.000000000E+01
     1269     2.032846822E+02    -1.184983226E+01     3.484266052E+01
     1270     2.186602540E+02    -5.000000000E+00     3.000000000E+01
     1271     2.170710678E+02    -7.071067812E+00     3.500000000E+01
     1272     2.125881905E+02    -9.659258263E+00     3.500000000E+01
     1273     2.209616369E+02    -1.065908165E+01     3.000000000E+01
     1274     2.162542201E+02    -1.303282746E+01     3.000000000E+01
     1275     2.109709414E+02    -1.243812397E+01     3.000000000E+01
     1276     2.135639779E+02    -1.365480788E+01     3.444655814E+01
     1277     2.183163175E+02    -1.114760657E+01     3.420386111E+01
     1278     2.186602540E+02     5.000000000E+00     3.000000000E+01
     1279     2.196592583E+02     2.588190451E+00     3.500000000E+01
     1280     2.196592583E+02    -2.588190451E+00     3.500000000E+01
     1281     2.275668729E+02     6.719280015E-01     3.000000000E+01
     1282     2.234616369E+02    -6.328954634E+00     3.000000000E+01
     1283     2.218783538E+02     4.092802770E+00     3.000000000E+01
     1284     2.208163175E+02    -6.817479552E+00     3.420386111E+01
     1285     2.240562705E+02    -6.576545625E-02     3.447336174E+01
     1286     2.100000000E+02     1.000000000E+01     3.000000000E+01
     1287     2.170710678E+02     7.071067812E+00     3.500000000E+01
     1288     2.125881905E+02     9.659258263E+00     3.500000000E+01
     1289     2.167932133E+02     1.246061670E+01     3.000000000E+01
     1290     2.110709325E+02     1.233997090E+01     3.000000000E+01
     1291     2.193783538E+02     8.422929789E+00     3.000000000E+01
     1292     2.168806272E+02     1.128389716E+01     3.299749273E+01
     1293     2.029289322E+02     7.071067812E+00     3.500000000E+01
     1294     2.074118095E+02     9.659258263E+00     3.500000000E+01
     1295     2.000101332E+02     1.055726572E+01     3.000000000E+01
     1296     2.060709325E+02     1.233997090E+01     3.000000000E+01
     1297     2.019606588E+02     1.198369685E+01     3.498093604E+01
     1298     2.305000000E+02     2.500000000E+01     3.000000000E+01
     1299     2.347388024E+02     2.500000000E+01     3.499999999E+01
     1300     2.414959135E+02     2.500000000E+01     3.489014503E+01
     1301     2.334442742E+02     1.995041068E+01     3.000000000E+01
     1302     2.387075205E+02     1.993735431E+01     3.000000000E+01
     1303     2.380758891E+02     1.883838808E+01     3.486425162E+01
     1304     2.175000000E+02     2.500000000E+01     3.000000000E+01
     1305     2.215341017E+02     2.500000000E+01     3.500000000E+01
     1306     2.282388024E+02     2.500000000E+01     3.499999999E+01
     1307     2.269442742E+02     1.995041068E+01     3.000000000E+01
     1308     2.212932133E+02     2.063048968E+01     3.000000000E+01
     1309     2.248977211E+02     1.985283175E+01     3.606845285E+01
     1310     2.213806272E+02     1.945377014E+01     3.299749273E+01
     1311     2.045000000E+02     2.500000000E+01     3.000000000E+01
     1312     2.085491411E+02     2.500000000E+01     3.499999999E+01
     1313     2.150341017E+02     2.500000000E+01     3.500000000E+01
     1314     2.147932133E+02     2.063048968E+01     3.000000000E+01
     1315     2.090709325E+02     2.050984388E+01     3.000000000E+01
     1316     2.127977767E+02     2.137935291E+01     3.530918107E+01
     1317     2.020491411E+02     2.500000000E+01     3.499999999E+01
     1318     1.971120317E+02     2.500000000E+01     3.499999998E+01
     1319     1.965101332E+02     1.872713870E+01     3.000000000E+01
     1320     2.025709325E+02     2.050984388E+01     3.000000000E+01
     1321     1.947966917E+02     2.181705748E+01     3.269970997E+01
     1322     1.984606588E+02     2.015356983E+01     3.498093604E+01
     1323     2.305000000E+02    -2.500000000E+01     3.000000000E+01
     1324     2.347388024E+02    -2.500000000E+01     3.499999999E+01
     1325     2.414959135E+02    -2.500000000E+01     3.489014503E+01
     1326     2.319616369E+02    -1.882895463E+01     3.000000000E+01
     1327     2.384103653E+02    -1.944178298E+01     3.000000000E+01
     1328     2.368103592E+02    -2.018441052E+01     3.482479240E+01
     1329     2.175000000E+02    -2.500000000E+01     3.000000000E+01
     1330     2.215341017E+02    -2.500000000E+01     3.500000000E+01
     1331     2.282388024E+02    -2.500000000E+01     3.499999999E+01
     1332     2.254616369E+02    -1.882895463E+01     3.000000000E+01
     1333     2.207542201E+02    -2.120270044E+01     3.000000000E+01
     1334     2.228163175E+02    -1.931747955E+01     3.420386111E+01
     1335     2.045000000E+02    -2.500000000E+01     3.000000000E+01
     1336     2.085491411E+02    -2.500000000E+01     3.499999999E+01
     1337     2.150341017E+02    -2.500000000E+01     3.500000000E+01
     1338     2.142542201E+02    -2.120270044E+01     3.000000000E+01
     1339     2.089709414E+02    -2.060799695E+01     3.000000000E+01
     1340     2.115639779E+02    -2.182468086E+01     3.444655814E+01
     1341     2.020491411E+02    -2.500000000E+01     3.499999999E+01
     1342     1.971120317E+02    -2.500000000E+01     3.499999998E+01
     1343     1.964958488E+02    -1.874116057E+01     3.000000000E+01
     1344     2.024709414E+02    -2.060799695E+01     3.000000000E+01
     1345     1.997846822E+02    -2.001970524E+01     3.484266052E+01
     1346     1.949003068E+02    -2.105161619E+01     3.377695944E+01
     1347     2.614299841E+02    -7.035622558E+00     3.122343754E+01
     1348     2.577759708E+02     5.567302267E+00     3.234538870E+01
     1349     2.664064405E+02    -7.517135063E-15     2.972470234E+01
     1350     2.649783675E+02    -6.476025208E+00     2.480807966E+01
     1351     2.666913568E+02     7.638889060E+00     2.738663418E+01
     1352     2.588421675E+02    -1.476625485E+00     3.285221132E+01
     1353     2.770791325E+02    -8.092678755E+00     4.129298423E+01
     1354     2.764064405E+02    -7.517135063E-15     3.972470234E+01
     1355     2.785099133E+02     7.147860229E+00     4.202838796E+01
     1356     2.212084808E+02     6.592802770E+00     3.500000000E+01
     1357     2.233076920E+02     6.544494465E+00     4.500000000E+01
     1358     2.233863975E+02     2.434234544E+00     3.947336174E+01
     1359     2.222278481E+02     9.852831747E+00     4.106845285E+01
     1360     2.187107542E+02     9.453770141E+00     3.799749273E+01
     1361     2.237277156E+02    -8.723287411E+00     4.500000000E+01
     1362     2.201464445E+02    -9.317479552E+00     3.920386111E+01
     1363     2.233863975E+02    -2.565765456E+00     3.947336174E+01
     1364     1.981800062E+02     8.727138700E+00     3.500000000E+01
     1365     1.983402886E+02     8.733071106E+00     4.500000000E+01
     1366     1.966457044E+02     5.528687739E+00     3.995430043E+01
     1367     2.001305318E+02     1.015356983E+01     3.998093604E+01
     1368     2.084709414E+02    -1.310799695E+01     3.500000000E+01
     1369     2.142426181E+02    -1.373465751E+01     4.500000000E+01
     1370     2.088988355E+02    -1.311987312E+01     4.500000000E+01
     1371     2.057846822E+02    -1.251970524E+01     3.984266052E+01
     1372     2.110639779E+02    -1.432468086E+01     3.944655814E+01
     1373     2.158163175E+02    -1.181747955E+01     3.920386111E+01
     1374     2.080491411E+02     1.750000000E+01     3.999999999E+01
     1375     2.085709325E+02     1.300984388E+01     3.500000000E+01
     1376     2.091095759E+02     1.305137073E+01     4.500000000E+01
     1377     2.044606588E+02     1.265356983E+01     3.998093604E+01
     1378     2.122977767E+02     1.387935291E+01     4.030918107E+01
     1379     2.143806272E+02     1.195377014E+01     3.799749273E+01
     1380     1.981657218E+02    -8.741160567E+00     3.523047966E+01
     1381     1.983101828E+02    -8.742857163E+00     4.523047966E+01
     1382     2.014545552E+02    -1.001970524E+01     4.007314018E+01
     1383     1.969421157E+02    -5.406462762E+00     3.977966763E+01
     1384     2.724357859E+02     2.500000000E+01     3.136013023E+01
     1385     2.652051168E+02     2.500000000E+01     3.774195619E+01
     1386     2.695682818E+02     2.107605136E+01     3.828544139E+01
     1387     2.721064940E+02     2.013888906E+01     3.298441934E+01
     1388     2.739250505E+02     1.964786023E+01     3.762617312E+01
     1389     2.125832427E+02     2.500000000E+01     3.999999999E+01
     1390     2.011611727E+02     2.500000000E+01     3.999999997E+01
     1391     2.066200736E+02     2.050984388E+01     3.499999999E+01
     1392     2.071587170E+02     2.055137073E+01     4.499999999E+01
     1393     2.025097998E+02     2.015356983E+01     3.998093603E+01
     1394     2.103469177E+02     2.137935291E+01     4.030918106E+01
     1395     2.257729041E+02     2.500000000E+01     3.999999998E+01
     1396     2.188273150E+02     2.063048968E+01     3.500000000E+01
     1397     2.201036194E+02     2.075506593E+01     4.500000000E+01
     1398     2.168318784E+02     2.137935291E+01     4.030918107E+01
     1399     2.224318228E+02     1.985283175E+01     4.106845284E+01
     1400     2.189147289E+02     1.945377014E+01     3.799749273E+01
     1401     2.792173478E+02     1.875000051E+01     2.170904418E+01
     1402     2.731054038E+02     2.013888906E+01     2.754237754E+01
     1403     2.742698198E+02     2.004097490E+01     1.872448397E+01
     1404     2.392347159E+02     2.500000000E+01     3.989014501E+01
     1405     2.311830766E+02     1.995041068E+01     3.499999999E+01
     1406     2.336279659E+02     2.054150480E+01     4.499999999E+01
     1407     2.291365235E+02     1.985283175E+01     4.106845283E+01
     1408     2.358146915E+02     1.883838808E+01     3.986425160E+01
     1409     1.939087234E+02     2.181705748E+01     3.769970994E+01
     1410     1.975726905E+02     2.015356983E+01     3.998093602E+01
     1411     1.937293779E+02     2.199407169E+01     4.191810531E+01
     1412     2.524825923E+02     2.500000000E+01     3.923101520E+01
     1413     2.471910208E+02     2.002815451E+01     4.489014503E+01
     1414     2.425718026E+02     1.883838808E+01     3.975439664E+01
     1415     2.504685835E+02     1.806730227E+01     3.943223286E+01
     1416     2.594951390E+02     2.063901763E+01     4.434087017E+01
     1417     2.569593487E+02     1.806730227E+01     3.888295801E+01
     1418     2.633365225E+02     2.107605136E+01     3.922522554E+01
     1419     2.724357859E+02    -2.500000000E+01     3.136013023E+01
     1420     2.652051168E+02    -2.500000000E+01     3.774195619E+01
     1421     2.668451213E+02    -1.953562256E+01     3.682122269E+01
     1422     2.724942697E+02    -2.059267875E+01     3.689076939E+01
     1423     2.125832427E+02    -2.500000000E+01     3.999999999E+01
     1424     2.011611727E+02    -2.500000000E+01     3.999999997E+01
     1425     2.065200825E+02    -2.060799695E+01     3.499999999E+01
     1426     2.069479765E+02    -2.061987312E+01     4.499999999E+01
     1427     2.038338233E+02    -2.001970524E+01     3.984266051E+01
     1428     2.091131189E+02    -2.182468086E+01     3.944655813E+01
     1429     2.257729041E+02    -2.500000000E+01     3.999999998E+01
     1430     2.182883217E+02    -2.120270044E+01     3.500000000E+01
     1431     2.239316902E+02    -1.872328741E+01     4.500000000E+01
     1432     2.187767198E+02    -2.123465751E+01     4.500000000E+01
     1433     2.155980796E+02    -2.182468086E+01     3.944655813E+01
     1434     2.203504192E+02    -1.931747955E+01     3.920386111E+01
     1435     2.734931795E+02    -2.059267875E+01     3.144872759E+01
     1436     2.713924145E+02    -1.897602521E+01     2.496382301E+01
     1437     2.392347159E+02    -2.500000000E+01     3.989014501E+01
     1438     2.297004393E+02    -1.882895463E+01     3.499999999E+01
     1439     2.306363910E+02    -1.872328741E+01     4.499999999E+01
     1440     2.270551199E+02    -1.931747955E+01     3.920386109E+01
     1441     2.345491616E+02    -2.018441052E+01     3.982479238E+01
     1442     1.957523415E+02    -1.874285716E+01     4.499999998E+01
     1443     1.988967139E+02    -2.001970524E+01     3.984266049E+01
     1444     1.940123385E+02    -2.105161619E+01     3.877695942E+01
     1445     2.524825923E+02    -2.500000000E+01     3.923101520E+01
     1446     2.429062788E+02    -1.944178298E+01     3.489014503E+01
     1447     2.477272687E+02    -2.041408193E+01     4.012170614E+01
     1448     2.413062727E+02    -2.018441052E+01     3.971493742E+01
     1449     2.592689199E+02    -1.906164338E+01     4.434087017E+01
     1450     2.542180339E+02    -2.041408193E+01     3.957243128E+01
     1451     2.606133620E+02    -1.953562256E+01     3.776100685E+01
     1452     2.310285098E+02    -5.657026632E+00     3.000000000E+01
     1453     2.325111471E+02     8.122338686E+00     3.000000000E+01
     1454     2.374772382E+02    -6.269854978E+00     3.000000000E+01
     1455     2.377743934E+02     8.109282307E+00     3.000000000E+01
     1456     2.294452267E+02     4.764730772E+00     3.000000000E+01
     1457     2.316231434E+02     6.061625453E-01     3.447336174E+01
     1458     2.379846313E+02    -1.145608398E+00     3.405856895E+01
     1459     2.371427620E+02     7.010316077E+00     3.486425162E+01
     1460     2.222158569E+02    -1.503165507E+01     3.000000000E+01
     1461     2.333720022E+02    -1.327073761E+01     3.000000000E+01
     1462     2.242779544E+02    -1.314643419E+01     3.420386111E+01
     1463     2.275179074E+02    -6.394720090E+00     3.447336174E+01
     1464     2.338793953E+02    -8.146491033E+00     3.405856895E+01
     1465     2.317719961E+02    -1.401336515E+01     3.482479240E+01
     1466     2.242374875E+02     1.558090037E+01     3.000000000E+01
     1467     2.351517947E+02     1.488776499E+01     3.000000000E+01
     1468     2.268226280E+02     1.154321345E+01     3.000000000E+01
     1469     2.290005447E+02     7.384645228E+00     3.447336174E+01
     1470     2.278419953E+02     1.480324243E+01     3.606845285E+01
     1471     2.345201633E+02     1.378879876E+01     3.486425162E+01
     1472     2.243249014E+02     1.440418083E+01     3.299749273E+01
     1473     2.009667902E+02    -1.434915752E+01     3.000000000E+01
     1474     1.982805310E+02    -1.376086581E+01     3.484266052E+01
     1475     1.937680915E+02    -9.147623329E+00     3.454918797E+01
     1476     1.933961556E+02    -1.479277675E+01     3.377695944E+01
     1477     2.010810657E+02     1.423698258E+01     3.000000000E+01
     1478     1.900101332E+02     1.337818745E+01     3.499999994E+01
     1479     1.934859647E+02     9.255826440E+00     3.495430043E+01
     1480     1.933068249E+02     1.554419618E+01     3.269970997E+01
     1481     1.969707920E+02     1.388070853E+01     3.498093604E+01
     1482     2.122251615E+02    -1.681069739E+01     3.000000000E+01
     1483     2.148181979E+02    -1.802738130E+01     3.444655814E+01
     1484     2.195705376E+02    -1.552017999E+01     3.420386111E+01
     1485     2.128641458E+02     1.614033356E+01     3.000000000E+01
     1486     2.211715671E+02     1.222329245E+01     3.000000000E+01
     1487     2.165909900E+02     1.700984259E+01     3.530918107E+01
     1488     2.186738405E+02     1.508425982E+01     3.299749273E+01
     1489     2.446417205E+02    -1.485586491E+01     3.523156111E+01
     1490     2.403281238E+02    -8.759319379E+00     3.405856895E+01
     1491     2.382207245E+02    -1.462619350E+01     3.482479240E+01
     1492     2.397834096E+02     1.377574238E+01     3.486425162E+01
     1493     2.042556236E+02    -1.562770220E+01     3.484266052E+01
     1494     2.095349193E+02    -1.743267782E+01     3.444655814E+01
     1495     2.030315913E+02     1.566341371E+01     3.498093604E+01
     1496     2.108687092E+02     1.688919679E+01     3.530918107E+01
     1497     2.129515597E+02     1.496361402E+01     3.299749273E+01
     1498     2.259346243E+02     4.027037314E+00     3.447336174E+01
     1499     2.247760749E+02     1.144563452E+01     3.606845285E+01
     1500     2.212589810E+02     1.104657291E+01     3.299749273E+01
     1501     2.434592202E+02    -1.952638735E+00     5.000000000E+01
     1502     2.347861428E+02     6.998164435E+00     5.000000000E+01
     1503     2.490230201E+02     3.988404635E+00     5.000000000E+01
     1504     2.373657676E+02     2.292792011E+00     5.000000000E+01
     1505     2.381977412E+02     1.099517478E+01     5.000000000E+01
     1506     2.450036851E+02     1.048182448E+01     5.000000000E+01
     1507     2.412263362E+02     1.136133572E+00     4.405856895E+01
     1508     2.403844669E+02     9.292058046E+00     4.486425162E+01
     1509     2.482812477E+02     8.520972238E+00     4.454208784E+01
     1510     2.370482309E+02    -1.112959612E+01     5.000000000E+01
     1511     2.309547784E+02    -6.884165371E+00     5.000000000E+01
     1512     2.236402067E+02    -1.495794492E+01     5.000000000E+01
     1513     2.252139060E+02    -1.304076696E+01     4.420386111E+01
     1514     2.284538590E+02    -6.289052867E+00     4.447336174E+01
     1515     2.348153470E+02    -8.040823810E+00     4.405856895E+01
     1516     2.327079477E+02    -1.390769793E+01     4.482479240E+01
     1517     2.508650847E+02    -3.871574042E+00     5.000000000E+01
     1518     2.392078323E+02    -5.567186666E+00     5.000000000E+01
     1519     2.524328836E+02    -1.146795209E+01     5.000000000E+01
     1520     2.473819976E+02    -1.282039064E+01     4.523156111E+01
     1521     2.430684008E+02    -6.723845105E+00     4.405856895E+01
     1522     2.409610016E+02    -1.259071923E+01     4.482479240E+01
     1523     2.511895091E+02    -6.382934191E+00     4.504891046E+01
     1524     2.305347549E+02     3.383616504E+00     5.000000000E+01
     1525     2.245470828E+02     1.229956039E+01     5.000000000E+01
     1526     2.313667285E+02     1.208599927E+01     5.000000000E+01
     1527     2.280338355E+02     3.978729008E+00     4.447336174E+01
     1528     2.268752861E+02     1.139732621E+01     4.606845285E+01
     1529     2.335534541E+02     1.038288254E+01     4.486425162E+01
     1530     2.582229026E+02     9.173752290E+00     5.000000000E+01
     1531     2.524095496E+02     8.562889175E+00     5.000000000E+01
     1532     2.579966835E+02    -5.526908717E+00     5.000000000E+01
     1533     2.486322008E+02    -7.828017355E-01     4.405856895E+01
     1534     2.556871123E+02     6.602036931E+00     4.454208784E+01
     1535     2.567533090E+02    -4.418908210E-01     4.504891046E+01
     1536     2.306134604E+02    -7.266434165E-01     4.447336174E+01
     1537     2.369749483E+02    -2.478414359E+00     4.405856895E+01
     1538     2.361330790E+02     5.677510115E+00     4.486425162E+01
     1539     2.131414536E+02    -1.685453063E+01     5.000000000E+01
     1540     2.153065960E+02    -1.805933837E+01     4.444655814E+01
     1541     2.200589356E+02    -1.555213706E+01     4.420386111E+01
     1542     2.279586812E+02     1.629657073E+01     5.000000000E+01
     1543     2.146790936E+02     1.630643665E+01     5.000000000E+01
     1544     2.178672944E+02     1.713441884E+01     4.530918107E+01
     1545     2.234672388E+02     1.560789767E+01     4.606845285E+01
     1546     2.015391453E+02    -1.436273028E+01     5.000000000E+01
     1547     1.901403098E+02    -1.249285707E+01     4.499999989E+01
     1548     1.984249920E+02    -1.376256241E+01     4.484266052E+01
     1549     1.939125525E+02    -9.149319925E+00     4.454918797E+01
     1550     1.935406166E+02    -1.479447335E+01     4.377695944E+01
     1551     2.017799915E+02     1.428444183E+01     5.000000000E+01
     1552     1.901704156E+02     1.338411986E+01     4.499999994E+01
     1553     1.936462471E+02     9.261758846E+00     4.495430043E+01
     1554     1.971310744E+02     1.388664094E+01     4.498093604E+01
     1555     1.932877618E+02     1.572714279E+01     4.691810533E+01
     1556     2.415842708E+02     1.556965932E+01     5.000000000E+01
     1557     2.302868845E+02     1.539433655E+01     4.606845285E+01
     1558     2.369650526E+02     1.437989288E+01     4.486425162E+01
     1559     2.046835177E+02    -1.563957837E+01     4.484266052E+01
     1560     2.099628133E+02    -1.744455398E+01     4.444655814E+01
     1561     2.035702347E+02     1.570494056E+01     4.498093604E+01
     1562     2.114073526E+02     1.693072364E+01     4.530918107E+01
     1563     2.542035676E+02     1.566717214E+01     5.000000000E+01
     1564     2.574811303E+02     1.370631989E+01     4.454208784E+01
     1565     2.638583040E+02     1.671506899E+01     4.488435537E+01
     1566     2.437709964E+02     1.386654259E+01     4.486425162E+01
     1567     2.516677773E+02     1.309545678E+01     4.454208784E+01
     1568     2.545135964E+02    -1.447572531E+01     4.523156111E+01
     1569     2.609089245E+02    -1.359726594E+01     4.342013668E+01
     1570     2.583211079E+02    -8.038268865E+00     4.504891046E+01
     1571     2.750000001E+02     6.666667449E+00     0.000000000E+00
     1572     2.732827982E+02     7.903955881E+00     3.644739647E+00
     1573     2.750524720E+02     1.420764170E+01     5.765439752E+00
     1574     2.750000001E+02    -6.666665884E+00     0.000000000E+00
     1575     2.749609255E+02    -1.312621055E+01     4.362047627E+00
     1576     2.800000001E+02     1.303851596E-06     8.749999963E+00
     1577     2.749609256E+02    -6.459543365E+00     4.362047627E+00
     1578     2.732827983E+02     1.237289736E+00     3.644739647E+00
     1579     2.850000000E+02    -6.249999022E+00     1.749999993E+01
     1580     2.850000000E+02     6.250001164E+00     1.749999993E+01
     1581     2.786031396E+02     6.519257940E-07     2.567140144E+01
     1582     2.771750666E+02    -6.476024556E+00     2.075477876E+01
     1583     2.788880560E+02     7.638889712E+00     2.333333328E+01
     1584     2.799609255E+02    -6.459543365E+00     1.311204759E+01
     1585     2.782827982E+02     1.237289736E+00     1.239473961E+01
     1586     2.800524720E+02     7.540975552E+00     1.451543971E+01
     1587     2.771750666E+02    -1.272602488E+01     2.075477876E+01
     1588     2.799609255E+02    -1.270954369E+01     1.311204759E+01
     1589     2.788880560E+02     1.388888957E+01     2.333333328E+01
     1590     2.800524720E+02     1.379097541E+01     1.451543971E+01
     1591     1.850000000E+02    -4.027123278E+00     3.999999984E+01
     1592     1.850000000E+02     9.373925380E+00     3.999999990E+01
     1593     1.887722427E+02    -6.835861333E-01     3.954918792E+01
     1594     1.884758315E+02     5.251564368E+00     3.995430038E+01
     1595     1.887722427E+02    -9.156462669E+00     3.954918786E+01
     1596     1.884003068E+02    -1.480161609E+01     3.877695933E+01
     1597     1.884758315E+02     1.017973649E+01     3.995430037E+01
     1598     1.882966917E+02     1.646810623E+01     3.769970991E+01
     1599     1.919606588E+02     1.480461858E+01     3.998093599E+01
     1600     1.881173462E+02     1.664512044E+01     4.191810527E+01
     1601     1.970569249E+02    -1.042616801E+01     3.939184848E+01
     1602     1.966849890E+02    -1.607132143E+01     3.861961996E+01
     1603     2.068486601E+02    -1.684438611E+01     3.928921865E+01
     1604     1.922480742E+02     1.222249773E-01     3.950348840E+01
     1605     1.921725495E+02    -1.145807895E+01     3.832614741E+01
     1606     1.954364902E+02     1.068225757E+01     3.993523647E+01
     1607     2.168802954E+02    -1.614216041E+01     3.865041925E+01
     1608     2.248725880E+02    -6.883245008E+00     3.867722285E+01
     1609     2.291266767E+02    -1.450189007E+01     3.902865351E+01
     1610     1.952573505E+02     1.697062731E+01     3.768064601E+01
     1611     1.914140379E+02     1.881112917E+01     3.961781530E+01
     1612     1.950780049E+02     1.714764152E+01     4.189904137E+01
     1613     2.344740289E+02    -1.883301855E+00     3.853193069E+01
     1614     2.269539916E+02     7.287066291E+00     4.054181459E+01
     1615     2.336321596E+02     6.272622619E+00     3.933761336E+01
     1616     2.323666297E+02    -7.750175976E+00     3.929815414E+01
     1617     2.201954977E+02     1.623218466E+01     4.137763392E+01
     1618     2.166784039E+02     1.583312305E+01     3.830667380E+01
     1619     2.451491136E+02    -9.731618333E+00     3.929013006E+01
     1620     2.558580384E+02    -1.494970449E+01     3.865169779E+01
     1621     2.430417143E+02    -1.559849245E+01     4.005635351E+01
     1622     2.532702218E+02    -9.390707419E+00     4.028047157E+01
     1623     2.399936476E+02     4.520851676E+00     3.892282056E+01
     1624     2.478904284E+02     3.749765868E+00     3.860065679E+01
     1625     2.387281176E+02    -9.501946919E+00     3.888336135E+01
     1626     2.489566251E+02    -3.294161884E+00     3.910747941E+01
     1627     2.324736102E+02     1.369121982E+01     4.093270446E+01
     1628     2.222783483E+02     1.430660189E+01     3.906594558E+01
     1629     2.679025149E+02    -1.512830131E+01     3.690982005E+01
     1630     2.672298229E+02    -7.035622558E+00     3.534153816E+01
     1631     2.658017499E+02    -1.351164777E+01     3.042491547E+01
     1632     2.596655499E+02    -8.512248042E+00     3.846904714E+01
     1633     2.470485591E+02     1.190569034E+01     3.940633945E+01
     1634     2.635758096E+02     5.567302267E+00     3.646348932E+01
     1635     2.613225137E+02     1.414335363E+01     3.942644321E+01
     1636     2.638607260E+02     1.320619133E+01     3.412542116E+01
     1637     2.560115366E+02     4.090676782E+00     3.959099830E+01
     1638     2.728789713E+02    -8.092678755E+00     3.541108485E+01
     1639     2.714508983E+02    -1.456870396E+01     3.049446217E+01
     1640     2.699529833E+02     8.576051365E+00     3.680575685E+01
     1641     2.707782063E+02    -6.476025208E+00     2.892618028E+01
     1642     2.724911956E+02     7.638889060E+00     3.150473480E+01
     1643     2.646420063E+02    -1.476625485E+00     3.697031194E+01
     1644     2.743097520E+02     7.147860229E+00     3.614648858E+01
     1645     2.702378997E+02     1.621494042E+01     3.446768869E+01
     1646     2.720564561E+02     1.572391159E+01     3.910944247E+01
     1647     2.721359921E+02    -1.293556923E+01     1.636682642E+01
     1648     2.739405279E+02     1.517986396E+01     2.034877307E+01
     1649     2.745946684E+02     1.478674929E+01     3.380842042E+01
     1650     2.732437237E+02    -5.222254933E+00     8.006787274E+00
     1651     2.733352701E+02     8.778263984E+00     9.410179399E+00
     1652     1.250000000E+02     2.500000000E+01     1.500000000E+01
     1653     1.400000000E+02     2.500000000E+01     3.000000000E+01
     1654     1.356066017E+02     2.500000000E+01     1.939339828E+01
     1655     1.250000000E+02    -2.500000000E+01     1.500000000E+01
     1656     1.250000000E+02    -8.333333333E+00     1.500000000E+01
     1657     1.250000000E+02     8.333333333E+00     1.500000000E+01
     1658     1.400000000E+02    -2.500000000E+01     3.000000000E+01
     1659     1.356066017E+02    -2.500000000E+01     1.939339828E+01
     1660     1.400000000E+02    -8.333333333E+00     3.000000000E+01
     1661     1.400000000E+02     8.333333333E+00     3.000000000E+01
     1662     1.400000000E+02     2.500000000E+01     5.000000000E+01
     1663     1.400000000E+02    -2.500000000E+01     5.000000000E+01
     1664     1.400000000E+02    -8.333333333E+00     5.000000000E+01
     1665     1.400000000E+02     8.333333333E+00     5.000000000E+01
     1666     1.550000000E+02     2.500000000E+01     6.500000000E+01
     1667     1.443933983E+02     2.500000000E+01     6.060660172E+01
     1668     1.550000000E+02    -2.500000000E+01     6.500000000E+01
     1669     1.443933983E+02    -2.500000000E+01     6.060660172E+01
     1670     1.550000000E+02    -8.333333333E+00     6.500000000E+01
     1671     1.550000000E+02     8.333333333E+00     6.500000000E+01
     1672     2.200000000E+02     0.000000000E+00     6.500000000E+01
     1673     2.150000000E+02    -8.660254038E+00     6.500000000E+01
     1674     2.050000000E+02    -8.660254038E+00     6.500000000E+01
     1675     2.000000000E+02     0.000000000E+00     6.500000000E+01
     1676     2.050000000E+02     8.660254038E+00     6.500000000E+01
     1677     2.150000000E+02     8.660254038E+00     6.500000000E+01
     1678     2.600000000E+02     2.500000000E+01     6.500000000E+01
     1679     1.700000000E+02     2.500000000E+01     6.500000000E+01
     1680     1.850000000E+02     2.500000000E+01     6.500000000E+01
     1681     2.000000000E+02     2.500000000E+01     6.500000000E+01
     1682     2.150000000E+02     2.500000000E+01     6.500000000E+01
     1683     2.300000000E+02     2.500000000E+01     6.500000000E+01
     1684     2.450000000E+02     2.500000000E+01     6.500000000E+01
     1685     2.600000000E+02    -2.500000000E+01     6.500000000E+01
     1686     1.700000000E+02    -2.500000000E+01     6.500000000E+01
     1687     1.850000000E+02    -2.500000000E+01     6.500000000E+01
     1688     2.000000000E+02    -2.500000000E+01     6.500000000E+01
     1689     2.150000000E+02    -2.500000000E+01     6.500000000E+01
     1690     2.300000000E+02    -2.500000000E+01     6.500000000E+01
     1691     2.450000000E+02    -2.500000000E+01     6.500000000E+01
     1692     2.600000000E+02    -8.333333333E+00     6.500000000E+01
     1693     2.600000000E+02     8.333333333E+00     6.500000000E+01
     1694     2.600000000E+02     2.500000000E+01     5.000000000E+01
     1695     2.600000000E+02    -2.500000000E+01     5.000000000E+01
     1696     2.600000000E+02    -8.333333333E+00     5.000000000E+01
     1697     2.600000000E+02     8.333333333E+00     5.000000000E+01
     1698     2.000000000E+02     0.000000000E+00     5.000000000E+01
     1699     2.050000000E+02    -8.660254038E+00     5.000000000E+01
     1700     2.150000000E+02    -8.660254038E+00     5.000000000E+01
     1701     2.200000000E+02     0.000000000E+00     5.000000000E+01
     1702     2.150000000E+02     8.660254038E+00     5.000000000E+01
     1703     2.050000000E+02     8.660254038E+00     5.000000000E+01
     1704     1.750000000E+02     2.500000000E+01     5.000000000E+01
     1705     2.458333333E+02     2.500000000E+01     5.000000000E+01
     1706     2.316666667E+02     2.500000000E+01     5.000000000E+01
     1707     2.175000000E+02     2.500000000E+01     5.000000000E+01
     1708     2.033333333E+02     2.500000000E+01     5.000000000E+01
     1709     1.891666667E+02     2.500000000E+01     5.000000000E+01
     1710     1.750000000E+02    -2.500000000E+01     5.000000000E+01
     1711     2.458333333E+02    -2.500000000E+01     5.000000000E+01
     1712     2.316666667E+02    -2.500000000E+01     5.000000000E+01
     1713     2.175000000E+02    -2.500000000E+01     5.000000000E+01
     1714     2.033333333E+02    -2.500000000E+01     5.000000000E+01
     1715     1.891666667E+02    -2.500000000E+01     5.000000000E+01
     1716     1.750000000E+02    -8.333333333E+00     5.000000000E+01
     1717     1.750000000E+02     8.333333333E+00     5.000000000E+01
     1718     1.600000000E+02     2.500000000E+01     3.500000000E+01
     1719     1.643933983E+02     2.500000000E+01     4.560660172E+01
     1720     1.600000000E+02    -2.500000000E+01     3.500000000E+01
     1721     1.643933983E+02    -2.500000000E+01     4.560660172E+01
     1722     1.600000000E+02    -8.333333333E+00     3.500000000E+01
     1723     1.600000000E+02     8.333333333E+00     3.500000000E+01
     1724     1.600000000E+02     2.500000000E+01     0.000000000E+00
     1725     1.600000000E+02     2.500000000E+01     1.750000000E+01
     1726     1.600000000E+02    -2.500000000E+01     0.000000000E+00
     1727     1.600000000E+02    -2.500000000E+01     1.750000000E+01
     1728     1.600000000E+02    -8.333333333E+00     0.000000000E+00
     1729     1.600000000E+02     8.333333333E+00     0.000000000E+00
     1730     0.000000000E+00     2.500000000E+01     0.000000000E+00
     1731     1.454545455E+02     2.500000000E+01     0.000000000E+00
     1732     1.309090909E+02     2.500000000E+01     0.000000000E+00
     1733     1.163636364E+02     2.500000000E+01     0.000000000E+00
     1734     1.018181818E+02     2.500000000E+01     0.000000000E+00
     1735     8.727272727E+01     2.500000000E+01     0.000000000E+00
     1736     7.272727273E+01     2.500000000E+01     0.000000000E+00
     1737     5.818181818E+01     2.500000000E+01     0.000000000E+00
     1738     4.363636364E+01     2.500000000E+01     0.000000000E+00
     1739     2.909090909E+01     2.500000000E+01     0.000000000E+00
     1740     1.454545455E+01     2.500000000E+01     0.000000000E+00
     1741     0.000000000E+00    -2.500000000E+01     0.000000000E+00
     1742     1.454545455E+02    -2.500000000E+01     0.000000000E+00
     1743     1.309090909E+02    -2.500000000E+01     0.000000000E+00
     1744     1.163636364E+02    -2.500000000E+01     0.000000000E+00
     1745     1.018181818E+02    -2.500000000E+01     0.000000000E+00
     1746     8.727272727E+01    -2.500000000E+01     0.000000000E+00
     1747     7.272727273E+01    -2.500000000E+01     0.000000000E+00
     1748     5.818181818E+01    -2.500000000E+01     0.000000000E+00
     1749     4.363636364E+01    -2.500000000E+01     0.000000000E+00
     1750     2.909090909E+01    -2.500000000E+01     0.000000000E+00
     1751     1.454545455E+01    -2.500000000E+01     0.000000000E+00
     1752     0.000000000E+00    -8.333333333E+00     0.000000000E+00
     1753     0.000000000E+00     8.333333333E+00     0.000000000E+00
     1754    -0.000000000E+00     2.500000000E+01     1.500000000E+01
     1755    -0.000000000E+00    -2.500000000E+01     1.500000000E+01
     1756    -1.836970199E-15    -8.333333333E+00     1.500000000E+01
     1757    -1.836970199E-15     8.333333333E+00     1.500000000E+01
     1758     1.562500000E+01     2.500000000E+01     1.500000000E+01
     1759     3.125000000E+01     2.500000000E+01     1.500000000E+01
     1760     4.687500000E+01     2.500000000E+01     1.500000000E+01
     1761     6.250000000E+01     2.500000000E+01     1.500000000E+01
     1762     7.812500000E+01     2.500000000E+01     1.500000000E+01
     1763     9.375000000E+01     2.500000000E+01     1.500000000E+01
     1764     1.093750000E+02     2.500000000E+01     1.500000000E+01
     1765     1.562500000E+01    -2.500000000E+01     1.500000000E+01
     1766     3.125000000E+01    -2.500000000E+01     1.500000000E+01
     1767     4.687500000E+01    -2.500000000E+01     1.500000000E+01
     1768     6.250000000E+01    -2.500000000E+01     1.500000000E+01
     1769     7.812500000E+01    -2.500000000E+01     1.500000000E+01
     1770     9.375000000E+01    -2.500000000E+01     1.500000000E+01
     1771     1.093750000E+02    -2.500000000E+01     1.500000000E+01
     1772     1.643933983E+02     0.000000000E+00     4.560660172E+01
     1773     1.443933983E+02     0.000000000E+00     6.060660172E+01
     1774     1.356066017E+02     0.000000000E+00     1.939339828E+01
     1775     2.186602540E+02    -5.000000000E+00     5.750000000E+01
     1776     2.186602540E+02     5.000000000E+00     5.750000000E+01
     1777     2.100000000E+02    -1.000000000E+01     5.750000000E+01
     1778     2.013397460E+02    -5.000000000E+00     5.750000000E+01
     1779     2.100000000E+02     1.000000000E+01     5.750000000E+01
     1780     2.013397460E+02     5.000000000E+00     5.750000000E+01
     1781     1.543933982E+02     2.500000000E+01     5.310660155E+01
     1782     1.499999999E+02     2.500000000E+01     4.249999972E+01
     1783     1.483088575E+02     2.500000000E+01     1.599529258E+01
     1784     2.115774349E+02     2.500000000E+01     5.749999998E+01
     1785     1.371008553E+02     2.500000000E+01     1.007364976E+01
     1786     2.220538411E+02     2.500000000E+01     5.749999992E+01
     1787     1.543933982E+02    -2.500000000E+01     5.310660155E+01
     1788     1.499999999E+02    -2.500000000E+01     4.249999972E+01
     1789     1.483088575E+02    -2.500000000E+01     1.599529258E+01
     1790     2.115774349E+02    -2.500000000E+01     5.749999998E+01
     1791     1.371008553E+02    -2.500000000E+01     1.007364976E+01
     1792     2.220538411E+02    -2.500000000E+01     5.749999992E+01
     1793     2.329445817E+02     1.945651659E+00     5.000000000E+01
     1794     1.968226374E+02    -1.284833274E+01     5.000000000E+01
     1795     1.970055248E+02     1.265427981E+01     5.000000000E+01
     1796     2.406957402E+02    -1.030735160E+01     5.000000000E+01
     1797     1.875872809E+02    -5.797810621E-02     5.000000000E+01
     1798     2.267082606E+02    -9.846973582E+00     5.000000000E+01
     1799     2.472555652E+02     3.664751263E+00     5.000000000E+01
     1800     2.236565126E+02     1.314489229E+01     5.000000000E+01
     1801     2.091666649E+02    -1.683012731E+01     5.000000000E+01
     1802     2.098341670E+02     1.601018518E+01     5.000000000E+01
     1803     2.386265713E+02     1.400334362E+01     5.000000000E+01
     1804     1.847518945E+02     1.418592701E+01     5.000000000E+01
     1805     1.846373401E+02    -1.430594141E+01     5.000000000E+01
     1806     2.199425750E+02    -1.705988751E+01     5.000000000E+01
     1807     2.504027683E+02     1.526476651E+01     5.000000000E+01
     1808     1.866076343E+02     1.784443635E+00     6.500000000E+01
     1809     2.333333328E+02     1.375267748E+00     6.500000000E+01
     1810     1.925693133E+02    -1.143391455E+01     6.500000000E+01
     1811     1.691392901E+02     4.129668794E-01     6.500000000E+01
     1812     2.389708144E+02    -1.201242367E+01     6.500000000E+01
     1813     1.911831106E+02     1.460416431E+01     6.500000000E+01
     1814     2.270833329E+02    -9.885682662E+00     6.500000000E+01
     1815     2.474965274E+02     5.397776806E-01     6.500000000E+01
     1816     1.779002568E+02     1.352404390E+01     6.500000000E+01
     1817     2.390139273E+02     1.268436209E+01     6.500000000E+01
     1818     1.781977413E+02    -1.226363617E+01     6.500000000E+01
     1819     2.194253777E+02     1.699678789E+01     6.500000000E+01
     1820     2.092102228E+02     1.651973207E+01     6.500000000E+01
     1821     2.108994031E+02    -1.688277970E+01     6.500000000E+01
     1822     2.194970156E+02    -1.709339042E+01     6.500000000E+01
     1823     1.654715060E+02     1.434268859E+01     6.500000000E+01
     1824     2.005140353E+02     1.462476235E+01     6.500000000E+01
     1825     2.503370380E+02     1.438717381E+01     6.500000000E+01
     1826     2.503048353E+02    -1.393129703E+01     6.500000000E+01
     1827     1.654674063E+02    -1.403680053E+01     6.500000000E+01
     1828     2.279166657E+02     9.803953332E+00     6.500000000E+01
     1829     1.967447387E+02     7.998782133E+00     6.500000000E+01
     1830     4.166666667E+01     8.333333830E+00     1.500000000E+01
     1831     7.606317381E+01     8.981807998E+00     1.500000000E+01
     1832     9.301061812E+01     4.976920581E+00     1.500000000E+01
     1833     1.997700627E+01    -1.088121140E+00     1.500000000E+01
     1834     5.208333333E+01    -8.333333085E+00     1.500000000E+01
     1835     1.004401116E+02    -9.404486087E+00     1.500000000E+01
     1836     6.837641219E+01    -8.189247990E+00     1.500000000E+01
     1837     8.485754596E+01    -8.755524376E+00     1.500000000E+01
     1838     3.494522218E+01    -3.502526379E+00     1.500000000E+01
     1839     1.084695957E+02     5.501376841E+00     1.500000000E+01
     1840     5.792743100E+01     8.465426792E+00     1.500000000E+01
     1841     2.585099488E+01     1.086175143E+01     1.500000000E+01
     1842     2.548276024E+01    -1.359003846E+01     1.500000000E+01
     1843     1.162298081E+01    -1.222140451E+01     1.500000000E+01
     1844     1.164207419E+01     1.142782225E+01     1.500000000E+01
     1845     1.132812500E+02    -8.333332775E+00     1.500000000E+01
     1846     3.812726315E+01    -1.508517959E+01     1.500000000E+01
     1847     1.011039794E+02     1.539650965E+01     1.500000000E+01
     1848     8.841055427E+01     1.587104765E+01     1.500000000E+01
     1849     1.137586172E+02     1.589318425E+01     1.500000000E+01
     1850     8.653118335E+00    -3.169341514E-01     1.500000000E+01
     1851     3.393939386E+01     8.333333830E+00     0.000000000E+00
     1852     6.310246581E+01    -8.144272221E+00     0.000000000E+00
     1853     9.212121119E+01    -8.333333085E+00     0.000000000E+00
     1854     1.213473008E+02    -9.722436957E+00     0.000000000E+00
     1855     1.387495701E+02     7.977101216E-01     0.000000000E+00
     1856     1.115151507E+02     8.333333830E+00     0.000000000E+00
     1857     8.242424081E+01     8.333333830E+00     0.000000000E+00
     1858     2.460905587E+01    -8.744888871E+00     0.000000000E+00
     1859     3.856398175E+01    -1.077614128E+01     0.000000000E+00
     1860     1.898989898E+01     8.333333551E+00     0.000000000E+00
     1861     6.064888734E+01     1.020641305E+01     0.000000000E+00
     1862     1.278748081E+02     2.625440296E+00     0.000000000E+00
     1863     9.696969576E+01     8.333333830E+00     0.000000000E+00
     1864     1.066891961E+02    -8.564850397E+00     0.000000000E+00
     1865     7.815485447E+01    -8.677104666E+00     0.000000000E+00
     1866     4.933837901E+01    -1.013021525E-01     0.000000000E+00
     1867     1.353289487E+02    -1.112208587E+01     0.000000000E+00
     1868     1.361062742E+02     1.274948146E+01     0.000000000E+00
     1869     4.913396778E+01     1.365962668E+01     0.000000000E+00
     1870     5.064157752E+01    -1.388677297E+01     0.000000000E+00
     1871     1.491946042E+02     8.339016313E+00     0.000000000E+00
     1872     1.481212781E+02    -1.005311546E+01     0.000000000E+00
     1873     1.212121213E+01    -8.333332775E+00     0.000000000E+00
     1874     1.244550263E+02     1.473472201E+01     0.000000000E+00
     1875     7.141154423E+01     5.343673998E+00     0.000000000E+00
     1876     1.600000000E+02     1.303851589E-06     1.750000007E+01
     1877     1.600000000E+02    -1.249999935E+01     1.750000007E+01
     1878     1.600000000E+02     1.250000102E+01     1.750000007E+01
     1879     1.400000000E+02     1.333333359E+01     3.999999996E+01
     1880     1.400000000E+02    -7.062638075E-03     3.999999999E+01
     1881     1.400000000E+02    -1.337570942E+01     3.999999999E+01
     1882     1.939585769E+02    -4.251116172E+00     5.716805450E+01
     1883     1.971493336E+02    -1.465821617E+01     5.667318912E+01
     1884     1.942584787E+02     5.686721565E+00     5.769082876E+01
     1885     2.160355929E+02    -1.601603425E+01     5.712898538E+01
     1886     1.976153974E+02     1.327649923E+01     5.817101597E+01
     1887     1.616690375E+02    -7.125894211E+00     5.451574508E+01
     1888     1.645139550E+02     1.176745839E+01     5.548315394E+01
     1889     2.264227006E+02    -1.621141868E+00     5.882026778E+01
     1890     2.252955936E+02    -1.656410180E+01     5.863769520E+01
     1891     2.164985875E+02     1.478499529E+01     5.765297035E+01
     1892     1.530989782E+02     1.497753542E+01     4.722811025E+01
     1893     1.535398448E+02    -1.431936930E+01     4.463633811E+01
     1894     1.515326753E+02    -7.037637297E-02     4.811046676E+01
     1895     1.489335416E+02     1.205946487E+01     3.609769030E+01
     1896     1.508334928E+02    -2.294775673E-01     3.217753785E+01
     1897     2.279068359E+02     1.424472199E+01     5.749999997E+01
     1898     1.500005358E+02    -1.310556156E+01     2.817367478E+01
     1899     2.506216764E+02    -1.364430948E+01     5.829370070E+01
     1900     2.527253637E+02     2.036599987E+00     5.701778097E+01
     1901     1.456277383E+02     1.503737908E+01     2.028444967E+01
     1902     1.484096499E+02     1.682358045E+01     1.027620941E+01
     1903     1.514578481E+02    -1.729395322E+01     9.501101133E+00
     1904     1.470599509E+02    -9.402467160E-01     1.311966996E+01
     1905     1.335008202E+02     1.664447937E+01     9.477204648E+00
     1906     1.339900488E+02    -1.658944152E+01     8.020116204E+00
     1907     1.152248770E+02    -1.572305416E+01     7.523367912E+00
     1908     1.156770995E+02     1.595555391E+01     7.741732490E+00
     1909     1.174621640E+02    -3.394649218E-02     6.915266909E+00
     1910     9.522711441E+01    -1.603785554E+01     8.035793149E+00
     1911     7.879808040E+01     1.493263873E+01     7.075790203E+00
     1912     8.430807909E+01     2.092675899E+00     7.815313741E+00
     1913     7.655208207E+01    -1.626541366E+01     6.911377384E+00
     1914     3.798450174E+01     1.744692630E+01     7.356478448E+00
     1915     2.277489805E+01     1.762409371E+01     7.493617791E+00
     1916     8.581574764E+00     1.745013548E+01     7.552441536E+00
     1917     8.172031449E+00     1.552630045E-01     8.448067374E+00
     1918     7.812500000E+00    -1.646898793E+01     6.468987927E+00
     1919     2.070738927E+02    -1.694420573E+01     5.815267508E+01
     1920     1.851685273E+02    -7.558937216E+00     5.722734271E+01
     1921     1.315450587E+02    -3.837807345E+00     7.951757917E+00
     1922     2.386992231E+02    -3.318487630E+00     5.804722682E+01
     1923     1.510426646E+02    -1.452968100E+01     5.542097928E+01
     1924     1.414194562E+02    -1.280558577E+01     1.608991581E+01
     1925     1.366612416E+02     6.664920278E+00     8.380474789E+00
     1926     2.045986805E+02     1.775282669E+01     5.731919186E+01
     1927     9.870490370E+01    -5.355761284E-01     7.500000000E+00
     1928     2.652849652E+01     2.679761888E+00     7.500000000E+00
     1929     1.636113221E+02    -1.788609007E+01     5.632301016E+01
     1930     2.260948081E+02     4.376405301E+00     5.525095836E+01
     1931     2.546046991E+02     1.835989244E+01     5.747703719E+01
     1932     9.494423433E+01     1.943399235E+01     7.500000000E+00
     1933     5.430850174E+01     1.845380074E+01     7.476266998E+00
     1934     5.994510574E+01    -1.773854275E+01     7.435898552E+00
     1935     1.945932336E+01    -1.854025893E+01     7.450904187E+00
     1936     6.718294066E+01     1.679789157E+01     7.550911122E+00
     1937     1.307402515E+02     2.500000000E+01     1.614180701E+01
     1938     1.250000000E+02     1.666666667E+01     1.500000000E+01
     1939     1.279545455E+02     2.500000000E+01     7.500000000E+00
     1940     1.206818182E+02     2.500000000E+01     7.500000000E+00
     1941     1.171875000E+02     2.500000000E+01     1.500000000E+01
     1942     1.310504276E+02     2.500000000E+01     1.253682488E+01
     1943     1.193793086E+02     2.044659212E+01     1.500000000E+01
     1944     1.247275131E+02     1.986736101E+01     7.500000000E+00
     1945     1.292504101E+02     2.082223968E+01     1.223860232E+01
     1946     1.203385497E+02     2.047777696E+01     1.137086624E+01
     1947     1.388581930E+02     2.500000000E+01     2.425974851E+01
     1948     1.400000000E+02     1.666666667E+01     3.000000000E+01
     1949     1.400000000E+02     2.500000000E+01     4.000000000E+01
     1950     1.500000000E+02     2.500000000E+01     3.250000000E+01
     1951     1.450000000E+02     2.500000000E+01     3.624999986E+01
     1952     1.441544287E+02     2.500000000E+01     2.299764629E+01
     1953     1.400000000E+02     1.916666680E+01     3.499999998E+01
     1954     1.444667708E+02     1.852973244E+01     3.304884515E+01
     1955     1.428138691E+02     2.001868954E+01     2.514222483E+01
     1956     1.307402515E+02     1.666666667E+01     1.614180701E+01
     1957     1.388581930E+02     1.666666667E+01     2.425974851E+01
     1958     1.356066017E+02     1.250000000E+01     1.939339828E+01
     1959     1.419577296E+02     2.500000000E+01     1.769434543E+01
     1960     1.363537285E+02     2.500000000E+01     1.473352402E+01
     1961     1.406171700E+02     2.001868954E+01     1.983892398E+01
     1962     1.345537109E+02     2.082223968E+01     1.443530146E+01
     1963     1.250000000E+02    -1.666666667E+01     1.500000000E+01
     1964     1.307402515E+02    -2.500000000E+01     1.614180701E+01
     1965     1.279545455E+02    -2.500000000E+01     7.500000000E+00
     1966     1.206818182E+02    -2.500000000E+01     7.500000000E+00
     1967     1.171875000E+02    -2.500000000E+01     1.500000000E+01
     1968     1.310504276E+02    -2.500000000E+01     1.253682488E+01
     1969     1.191406250E+02    -1.666666639E+01     1.500000000E+01
     1970     1.294950244E+02    -2.079472076E+01     1.151005810E+01
     1971     1.201124385E+02    -2.036152708E+01     1.126168396E+01
     1972     1.250000000E+02     0.000000000E+00     1.500000000E+01
     1973     1.307402515E+02    -1.666666667E+01     1.614180701E+01
     1974     1.307402515E+02    -4.166666667E+00     1.614180701E+01
     1975     1.191406250E+02    -8.333333054E+00     1.500000000E+01
     1976     1.231736504E+02    -9.027885145E+00     7.500000000E+00
     1977     1.294950244E+02    -1.246138743E+01     1.151005810E+01
     1978     1.201124385E+02    -1.202819375E+01     1.126168396E+01
     1979     1.212310820E+02    -4.183639913E+00     1.095763345E+01
     1980     1.282725293E+02    -6.085570339E+00     1.147587896E+01
     1981     1.307402515E+02     4.166666667E+00     1.614180701E+01
     1982     1.167347979E+02     6.917355087E+00     1.500000000E+01
     1983     1.191406250E+02     2.793967696E-07     1.500000000E+01
     1984     1.193793086E+02     1.211325879E+01     1.500000000E+01
     1985     1.264374041E+02     5.479386815E+00     7.500000000E+00
     1986     1.247275131E+02     1.153402767E+01     7.500000000E+00
     1987     1.292504101E+02     1.248890635E+01     1.223860232E+01
     1988     1.203385497E+02     1.214444362E+01     1.137086624E+01
     1989     1.212310820E+02     4.149693421E+00     1.095763345E+01
     1990     1.282725293E+02     2.247762994E+00     1.147587896E+01
     1991     1.308306208E+02     7.499126805E+00     1.169023739E+01
     1992     1.388581930E+02    -2.500000000E+01     2.425974851E+01
     1993     1.400000000E+02    -1.666666667E+01     3.000000000E+01
     1994     1.400000000E+02    -2.500000000E+01     4.000000000E+01
     1995     1.500000000E+02    -2.500000000E+01     3.250000000E+01
     1996     1.450000000E+02    -2.500000000E+01     3.624999986E+01
     1997     1.441544287E+02    -2.500000000E+01     2.299764629E+01
     1998     1.400000000E+02    -1.918785471E+01     3.500000000E+01
     1999     1.450002679E+02    -1.905278078E+01     2.908683739E+01
     2000     1.407097281E+02    -1.890279289E+01     2.304495790E+01
     2001     1.388581930E+02    -1.666666667E+01     2.425974851E+01
     2002     1.356066017E+02    -1.250000000E+01     1.939339828E+01
     2003     1.419577296E+02    -2.500000000E+01     1.769434543E+01
     2004     1.363537285E+02    -2.500000000E+01     1.473352402E+01
     2005     1.347983253E+02    -2.079472076E+01     1.370675724E+01
     2006     1.385130290E+02    -1.890279289E+01     1.774165704E+01
     2007     1.400000000E+02     0.000000000E+00     3.000000000E+01
     2008     1.388581930E+02    -4.166666667E+00     2.425974851E+01
     2009     1.400000000E+02    -4.170197986E+00     3.500000000E+01
     2010     1.400000000E+02    -1.085452138E+01     3.500000000E+01
     2011     1.454167464E+02    -4.281405450E+00     3.108876893E+01
     2012     1.450002679E+02    -1.071944745E+01     2.908683739E+01
     2013     1.435299755E+02    -4.636790025E+00     2.155983498E+01
     2014     1.407097281E+02    -1.056945955E+01     2.304495790E+01
     2015     1.388581930E+02     4.166666667E+00     2.425974851E+01
     2016     1.400000000E+02     1.083333346E+01     3.499999998E+01
     2017     1.400000000E+02     4.163135348E+00     3.500000000E+01
     2018     1.444667708E+02     1.019639910E+01     3.304884515E+01
     2019     1.454167464E+02     4.051927883E+00     3.108876893E+01
     2020     1.428138691E+02     1.168535620E+01     2.514222483E+01
     2021     1.435299755E+02     3.696543309E+00     2.155983498E+01
     2022     1.400000000E+02     1.666666667E+01     5.000000000E+01
     2023     1.411418070E+02     2.500000000E+01     5.574025149E+01
     2024     1.471966991E+02     2.500000000E+01     5.155330078E+01
     2025     1.450000000E+02     2.500000000E+01     4.624999986E+01
     2026     1.400000000E+02     1.916666680E+01     4.499999998E+01
     2027     1.465494891E+02     1.998876771E+01     4.861405513E+01
     2028     1.400000000E+02    -1.666666667E+01     5.000000000E+01
     2029     1.411418070E+02    -2.500000000E+01     5.574025149E+01
     2030     1.471966991E+02    -2.500000000E+01     5.155330078E+01
     2031     1.450000000E+02    -2.500000000E+01     4.624999986E+01
     2032     1.400000000E+02    -1.918785471E+01     4.500000000E+01
     2033     1.467699224E+02    -1.965968465E+01     4.731816906E+01
     2034     1.455213323E+02    -1.976484050E+01     5.271048964E+01
     2035     1.400000000E+02     0.000000000E+00     5.000000000E+01
     2036     1.411418070E+02    -1.666666667E+01     5.574025149E+01
     2037     1.411418070E+02    -4.166666667E+00     5.574025149E+01
     2038     1.400000000E+02    -4.170197986E+00     4.500000000E+01
     2039     1.400000000E+02    -1.085452138E+01     4.500000000E+01
     2040     1.467699224E+02    -1.132635131E+01     4.731816906E+01
     2041     1.457663377E+02    -4.201854853E+00     4.905523338E+01
     2042     1.455213323E+02    -1.143150717E+01     5.271048964E+01
     2043     1.411418070E+02     1.666666667E+01     5.574025149E+01
     2044     1.411418070E+02     4.166666667E+00     5.574025149E+01
     2045     1.400000000E+02     1.083333346E+01     4.499999998E+01
     2046     1.400000000E+02     4.163135348E+00     4.500000000E+01
     2047     1.465494891E+02     1.165543438E+01     4.861405513E+01
     2048     1.457663377E+02     4.131478480E+00     4.905523338E+01
     2049     1.444667708E+02     1.019639910E+01     4.304884515E+01
     2050     1.492597485E+02     2.500000000E+01     6.385819299E+01
     2051     1.550000000E+02     1.666666667E+01     6.500000000E+01
     2052     1.625000000E+02     2.500000000E+01     6.500000000E+01
     2053     1.546966991E+02     2.500000000E+01     5.905330078E+01
     2054     1.602357530E+02     1.967134429E+01     6.500000000E+01
     2055     1.492597485E+02     1.666666667E+01     6.385819299E+01
     2056     1.443933983E+02     1.250000000E+01     6.060660172E+01
     2057     1.493933982E+02     2.500000000E+01     5.685660164E+01
     2058     1.487461882E+02     1.998876771E+01     5.391735599E+01
     2059     1.492597485E+02    -2.500000000E+01     6.385819299E+01
     2060     1.550000000E+02    -1.666666667E+01     6.500000000E+01
     2061     1.625000000E+02    -2.500000000E+01     6.500000000E+01
     2062     1.546966991E+02    -2.500000000E+01     5.905330078E+01
     2063     1.602337031E+02    -1.951840026E+01     6.500000000E+01
     2064     1.530213323E+02    -1.976484050E+01     6.021048964E+01
     2065     1.593056610E+02    -2.144304503E+01     6.066150508E+01
     2066     1.492597485E+02    -1.666666667E+01     6.385819299E+01
     2067     1.443933983E+02    -1.250000000E+01     6.060660172E+01
     2068     1.493933982E+02    -2.500000000E+01     5.685660164E+01
     2069     1.477180314E+02    -1.976484050E+01     5.801379050E+01
     2070     1.550000000E+02     0.000000000E+00     6.500000000E+01
     2071     1.492597485E+02    -4.166666667E+00     6.385819299E+01
     2072     1.620696451E+02    -3.960183227E+00     6.500000000E+01
     2073     1.602337031E+02    -1.118506693E+01     6.500000000E+01
     2074     1.583345187E+02    -7.729613772E+00     5.975787254E+01
     2075     1.532663377E+02    -4.201854853E+00     5.655523338E+01
     2076     1.530213323E+02    -1.143150717E+01     6.021048964E+01
     2077     1.593056610E+02    -1.310971170E+01     6.066150508E+01
     2078     1.492597485E+02     4.166666667E+00     6.385819299E+01
     2079     1.546966991E+02     1.666666667E+01     5.905330078E+01
     2080     1.620696451E+02     4.373150106E+00     6.500000000E+01
     2081     1.602357530E+02     1.133801096E+01     6.500000000E+01
     2082     1.583345187E+02     6.037195611E-01     5.975787254E+01
     2083     1.597569775E+02     1.005039586E+01     6.024157697E+01
     2084     1.540494891E+02     1.165543438E+01     5.611405513E+01
     2085     1.532663377E+02     4.131478480E+00     5.655523338E+01
     2086     2.186602540E+02    -5.000000000E+00     6.500000000E+01
     2087     2.186602540E+02     5.000000000E+00     6.500000000E+01
     2088     2.200000000E+02     0.000000000E+00     5.750000000E+01
     2089     2.196592583E+02    -2.588190451E+00     6.125000000E+01
     2090     2.196592583E+02     2.588190451E+00     6.125000000E+01
     2091     2.266666664E+02     6.876338739E-01     6.500000000E+01
     2092     2.235416664E+02    -4.942841331E+00     6.500000000E+01
     2093     2.239583329E+02     4.901976666E+00     6.500000000E+01
     2094     2.232113503E+02    -8.105709339E-01     6.191013389E+01
     2095     2.100000000E+02    -1.000000000E+01     6.500000000E+01
     2096     2.150000000E+02    -8.660254038E+00     5.750000000E+01
     2097     2.170710678E+02    -7.071067812E+00     6.125000000E+01
     2098     2.125881905E+02    -9.659258263E+00     6.125000000E+01
     2099     2.210416664E+02    -9.272968350E+00     6.500000000E+01
     2100     2.129497016E+02    -1.277151687E+01     6.500000000E+01
     2101     2.172485078E+02    -1.287682223E+01     6.500000000E+01
     2102     2.155177964E+02    -1.233814414E+01     6.106449269E+01
     2103     2.013397460E+02    -5.000000000E+00     6.500000000E+01
     2104     2.025000000E+02    -1.683012702E+01     6.500000000E+01
     2105     2.050000000E+02    -8.660254038E+00     5.750000000E+01
     2106     2.074118095E+02    -9.659258263E+00     6.125000000E+01
     2107     2.029289322E+02    -7.071067812E+00     6.125000000E+01
     2108     1.987846567E+02    -1.004708429E+01     6.500000000E+01
     2109     2.079497016E+02    -1.277151687E+01     6.500000000E+01
     2110     2.010746668E+02    -1.165923510E+01     6.083659456E+01
     2111     2.060369463E+02    -1.280222988E+01     6.157633754E+01
     2112     2.013397460E+02     5.000000000E+00     6.500000000E+01
     2113     2.000000000E+02     0.000000000E+00     5.750000000E+01
     2114     2.003407417E+02    -2.588190451E+00     6.125000000E+01
     2115     2.003407417E+02     2.588190451E+00     6.125000000E+01
     2116     1.933038172E+02     8.922218175E-01     6.500000000E+01
     2117     1.962846567E+02    -5.716957273E+00     6.500000000E+01
     2118     1.983723693E+02     3.999391066E+00     6.500000000E+01
     2119     1.969792885E+02    -2.125558086E+00     6.108402725E+01
     2120     1.971292394E+02     2.843360782E+00     6.134541438E+01
     2121     2.100000000E+02     1.000000000E+01     6.500000000E+01
     2122     2.050000000E+02     8.660254038E+00     5.750000000E+01
     2123     2.074118095E+02     9.659258263E+00     6.125000000E+01
     2124     2.029289322E+02     7.071067812E+00     6.125000000E+01
     2125     2.071051114E+02     1.258999306E+01     6.500000000E+01
     2126     2.027570177E+02     1.164250819E+01     6.500000000E+01
     2127     2.008723693E+02     8.329518085E+00     6.500000000E+01
     2128     2.013076987E+02     1.096837663E+01     6.158550798E+01
     2129     2.047993402E+02     1.320654036E+01     6.115959593E+01
     2130     2.150000000E+02     8.660254038E+00     5.750000000E+01
     2131     2.170710678E+02     7.071067812E+00     6.125000000E+01
     2132     2.125881905E+02     9.659258263E+00     6.125000000E+01
     2133     2.172126889E+02     1.282852096E+01     6.500000000E+01
     2134     2.121051114E+02     1.258999306E+01     6.500000000E+01
     2135     2.214583329E+02     9.232103685E+00     6.500000000E+01
     2136     2.157492937E+02     1.172262466E+01     6.132648518E+01
     2137     2.525000000E+02     2.500000000E+01     6.500000000E+01
     2138     2.600000000E+02     1.666666667E+01     6.500000000E+01
     2139     2.600000000E+02     2.500000000E+01     5.750000000E+01
     2140     2.529166667E+02     2.500000000E+01     5.750000000E+01
     2141     2.551685190E+02     1.969358690E+01     6.500000000E+01
     2142     2.573023495E+02     2.167994622E+01     6.123851859E+01
     2143     1.775000000E+02     2.500000000E+01     6.500000000E+01
     2144     1.725000000E+02     2.500000000E+01     5.750000000E+01
     2145     1.671966991E+02     2.500000000E+01     5.530330086E+01
     2146     1.621966991E+02     2.500000000E+01     5.905330078E+01
     2147     1.739501284E+02     1.926202195E+01     6.500000000E+01
     2148     1.677357530E+02     1.967134429E+01     6.500000000E+01
     2149     1.672569775E+02     1.838372919E+01     6.024157697E+01
     2150     1.925000000E+02     2.500000000E+01     6.500000000E+01
     2151     1.800000000E+02     2.500000000E+01     5.750000000E+01
     2152     1.870833333E+02     2.500000000E+01     5.750000000E+01
     2153     1.848759472E+02     1.959296350E+01     5.750000000E+01
     2154     1.880915553E+02     1.980208215E+01     6.500000000E+01
     2155     1.814501284E+02     1.926202195E+01     6.500000000E+01
     2156     2.075000000E+02     2.500000000E+01     6.500000000E+01
     2157     2.016666667E+02     2.500000000E+01     5.750000000E+01
     2158     1.945833333E+02     2.500000000E+01     5.750000000E+01
     2159     2.057887174E+02     2.500000000E+01     6.124999999E+01
     2160     1.955915553E+02     1.980208215E+01     6.500000000E+01
     2161     2.046051114E+02     2.075986604E+01     6.500000000E+01
     2162     2.002570177E+02     1.981238117E+01     6.500000000E+01
     2163     1.988076987E+02     1.913824961E+01     6.158550798E+01
     2164     2.022993402E+02     2.137641334E+01     6.115959593E+01
     2165     2.225000000E+02     2.500000000E+01     6.500000000E+01
     2166     2.132887174E+02     2.500000000E+01     6.124999999E+01
     2167     2.185269205E+02     2.500000000E+01     6.124999996E+01
     2168     2.172126889E+02     2.099839394E+01     6.500000000E+01
     2169     2.121051114E+02     2.075986604E+01     6.500000000E+01
     2170     2.375000000E+02     2.500000000E+01     6.500000000E+01
     2171     2.308333333E+02     2.500000000E+01     5.750000000E+01
     2172     2.260269205E+02     2.500000000E+01     6.124999996E+01
     2173     2.343132857E+02     1.950167181E+01     5.750000000E+01
     2174     2.345069637E+02     1.884218105E+01     6.500000000E+01
     2175     2.247126889E+02     2.099839394E+01     6.500000000E+01
     2176     2.289583329E+02     1.740197667E+01     6.500000000E+01
     2177     2.289534180E+02     1.962236099E+01     6.124999999E+01
     2178     2.454166667E+02     2.500000000E+01     5.750000000E+01
     2179     2.383333333E+02     2.500000000E+01     5.750000000E+01
     2180     2.418132857E+02     1.950167181E+01     5.750000000E+01
     2181     2.477013842E+02     2.013238326E+01     5.750000000E+01
     2182     2.420069637E+02     1.884218105E+01     6.500000000E+01
     2183     2.476685190E+02     1.969358690E+01     6.500000000E+01
     2184     2.498023495E+02     2.167994622E+01     6.123851859E+01
     2185     2.525000000E+02    -2.500000000E+01     6.500000000E+01
     2186     2.600000000E+02    -1.666666667E+01     6.500000000E+01
     2187     2.600000000E+02    -2.500000000E+01     5.750000000E+01
     2188     2.529166667E+02    -2.500000000E+01     5.750000000E+01
     2189     2.551524177E+02    -1.946564852E+01     6.500000000E+01
     2190     2.553108382E+02    -1.932215474E+01     6.164685035E+01
     2191     1.775000000E+02    -2.500000000E+01     6.500000000E+01
     2192     1.725000000E+02    -2.500000000E+01     5.750000000E+01
     2193     1.671966991E+02    -2.500000000E+01     5.530330086E+01
     2194     1.621966991E+02    -2.500000000E+01     5.905330078E+01
     2195     1.740988707E+02    -1.863181809E+01     6.500000000E+01
     2196     1.677337031E+02    -1.951840026E+01     6.500000000E+01
     2197     1.668056610E+02    -2.144304503E+01     6.066150508E+01
     2198     1.925000000E+02    -2.500000000E+01     6.500000000E+01
     2199     1.800000000E+02    -2.500000000E+01     5.750000000E+01
     2200     1.870833333E+02    -2.500000000E+01     5.750000000E+01
     2201     1.848186700E+02    -1.965297070E+01     5.750000000E+01
     2202     1.887846567E+02    -1.821695727E+01     6.500000000E+01
     2203     1.815988707E+02    -1.863181809E+01     6.500000000E+01
     2204     1.910746668E+02    -1.982910808E+01     6.083659456E+01
     2205     1.850842636E+02    -1.627946861E+01     6.111367136E+01
     2206     2.075000000E+02    -2.500000000E+01     6.500000000E+01
     2207     2.016666667E+02    -2.500000000E+01     5.750000000E+01
     2208     1.945833333E+02    -2.500000000E+01     5.750000000E+01
     2209     2.057887174E+02    -2.500000000E+01     6.124999999E+01
     2210     1.962846567E+02    -1.821695727E+01     6.500000000E+01
     2211     2.054497016E+02    -2.094138985E+01     6.500000000E+01
     2212     1.985746668E+02    -1.982910808E+01     6.083659456E+01
     2213     2.035369463E+02    -2.097210286E+01     6.157633754E+01
     2214     2.225000000E+02    -2.500000000E+01     6.500000000E+01
     2215     2.132887174E+02    -2.500000000E+01     6.124999999E+01
     2216     2.185269205E+02    -2.500000000E+01     6.124999996E+01
     2217     2.129497016E+02    -2.094138985E+01     6.500000000E+01
     2218     2.172485078E+02    -2.104669521E+01     6.500000000E+01
     2219     2.155177964E+02    -2.050801712E+01     6.106449269E+01
     2220     2.375000000E+02    -2.500000000E+01     6.500000000E+01
     2221     2.308333333E+02    -2.500000000E+01     5.750000000E+01
     2222     2.260269205E+02    -2.500000000E+01     6.124999996E+01
     2223     2.344854072E+02    -1.850621183E+01     6.500000000E+01
     2224     2.285416664E+02    -1.744284133E+01     6.500000000E+01
     2225     2.247485078E+02    -2.104669521E+01     6.500000000E+01
     2226     2.276477968E+02    -2.078205090E+01     6.181884760E+01
     2227     2.454166667E+02    -2.500000000E+01     5.750000000E+01
     2228     2.383333333E+02    -2.500000000E+01     5.750000000E+01
     2229     2.419854072E+02    -1.850621183E+01     6.500000000E+01
     2230     2.476524177E+02    -1.946564852E+01     6.500000000E+01
     2231     2.478108382E+02    -1.932215474E+01     6.164685035E+01
     2232     2.600000000E+02     0.000000000E+00     6.500000000E+01
     2233     2.600000000E+02    -1.666666667E+01     5.750000000E+01
     2234     2.600000000E+02    -8.333333333E+00     5.750000000E+01
     2235     2.600000000E+02     0.000000000E+00     5.750000000E+01
     2236     2.537482637E+02    -3.896777826E+00     6.500000000E+01
     2237     2.551524177E+02    -1.113231518E+01     6.500000000E+01
     2238     2.553108382E+02    -1.098882140E+01     6.164685035E+01
     2239     2.563626819E+02    -3.148366673E+00     6.100889048E+01
     2240     2.600000000E+02     1.666666667E+01     5.750000000E+01
     2241     2.600000000E+02     8.333333333E+00     5.750000000E+01
     2242     2.537482637E+02     4.436555507E+00     6.500000000E+01
     2243     2.551685190E+02     1.136025357E+01     6.500000000E+01
     2244     2.563626819E+02     5.184966660E+00     6.100889048E+01
     2245     2.573023495E+02     1.334661289E+01     6.123851859E+01
     2246     2.600000000E+02     1.666666667E+01     5.000000000E+01
     2247     2.529166667E+02     2.500000000E+01     5.000000000E+01
     2248     2.552013842E+02     2.013238326E+01     5.000000000E+01
     2249     2.573023495E+02     2.167994622E+01     5.373851859E+01
     2250     2.600000000E+02    -1.666666667E+01     5.000000000E+01
     2251     2.529166667E+02    -2.500000000E+01     5.000000000E+01
     2252     2.553108382E+02    -1.932215474E+01     5.414685035E+01
     2253     2.600000000E+02     0.000000000E+00     5.000000000E+01
     2254     2.529166667E+02    -1.666666667E+01     5.000000000E+01
     2255     2.503478701E+02    -9.320342467E+00     5.000000000E+01
     2256     2.536277826E+02    -2.334291035E+00     5.000000000E+01
     2257     2.553108382E+02    -1.098882140E+01     5.414685035E+01
     2258     2.563626819E+02    -3.148366673E+00     5.350889048E+01
     2259     2.536277826E+02     5.999042298E+00     5.000000000E+01
     2260     2.552013842E+02     1.179904992E+01     5.000000000E+01
     2261     2.563626819E+02     5.184966660E+00     5.350889048E+01
     2262     2.573023495E+02     1.334661289E+01     5.373851859E+01
     2263     2.013397460E+02    -5.000000000E+00     5.000000000E+01
     2264     2.013397460E+02     5.000000000E+00     5.000000000E+01
     2265     2.003407417E+02    -2.588190451E+00     5.375000000E+01
     2266     2.003407417E+02     2.588190451E+00     5.375000000E+01
     2267     1.984113187E+02    -6.424166369E+00     5.000000000E+01
     2268     1.985027624E+02     6.327139906E+00     5.000000000E+01
     2269     1.937936405E+02    -2.898905311E-02     5.000000000E+01
     2270     1.969792885E+02    -2.125558086E+00     5.358402725E+01
     2271     1.971292394E+02     2.843360782E+00     5.384541438E+01
     2272     2.100000000E+02    -1.000000000E+01     5.000000000E+01
     2273     2.074118095E+02    -9.659258263E+00     5.375000000E+01
     2274     2.029289322E+02    -7.071067812E+00     5.375000000E+01
     2275     2.009113187E+02    -1.075429339E+01     5.000000000E+01
     2276     2.070833324E+02    -1.274519068E+01     5.000000000E+01
     2277     2.010746668E+02    -1.165923510E+01     5.333659456E+01
     2278     2.060369463E+02    -1.280222988E+01     5.407633754E+01
     2279     2.186602540E+02    -5.000000000E+00     5.000000000E+01
     2280     2.170710678E+02    -7.071067812E+00     5.375000000E+01
     2281     2.125881905E+02    -9.659258263E+00     5.375000000E+01
     2282     2.208541303E+02    -9.253613810E+00     5.000000000E+01
     2283     2.120833324E+02    -1.274519068E+01     5.000000000E+01
     2284     2.174712875E+02    -1.286007077E+01     5.000000000E+01
     2285     2.155177964E+02    -1.233814414E+01     5.356449269E+01
     2286     2.186602540E+02     5.000000000E+00     5.000000000E+01
     2287     2.196592583E+02    -2.588190451E+00     5.375000000E+01
     2288     2.196592583E+02     2.588190451E+00     5.375000000E+01
     2289     2.264722908E+02     9.728258295E-01     5.000000000E+01
     2290     2.233541303E+02    -4.923486791E+00     5.000000000E+01
     2291     2.218282563E+02     6.572446144E+00     5.000000000E+01
     2292     2.232113503E+02    -8.105709339E-01     5.441013389E+01
     2293     2.230474040E+02     2.188202651E+00     5.262547918E+01
     2294     2.100000000E+02     1.000000000E+01     5.000000000E+01
     2295     2.170710678E+02     7.071067812E+00     5.375000000E+01
     2296     2.125881905E+02     9.659258263E+00     5.375000000E+01
     2297     2.193282563E+02     1.090257316E+01     5.000000000E+01
     2298     2.124170835E+02     1.233521961E+01     5.000000000E+01
     2299     2.157492937E+02     1.172262466E+01     5.382648518E+01
     2300     2.074118095E+02     9.659258263E+00     5.375000000E+01
     2301     2.029289322E+02     7.071067812E+00     5.375000000E+01
     2302     2.010027624E+02     1.065726692E+01     5.000000000E+01
     2303     2.074170835E+02     1.233521961E+01     5.000000000E+01
     2304     2.013076987E+02     1.096837663E+01     5.408550798E+01
     2305     2.047993402E+02     1.320654036E+01     5.365959593E+01
     2306     1.820833333E+02     2.500000000E+01     5.000000000E+01
     2307     1.750000000E+02     1.666666667E+01     5.000000000E+01
     2308     1.692597485E+02     2.500000000E+01     4.885819299E+01
     2309     1.798759472E+02     1.959296350E+01     5.000000000E+01
     2310     1.764501284E+02     1.926202195E+01     5.750000000E+01
     2311     1.697569775E+02     1.838372919E+01     5.274157697E+01
     2312     2.387500000E+02     2.500000000E+01     5.000000000E+01
     2313     2.422299523E+02     1.950167181E+01     5.000000000E+01
     2314     2.481180508E+02     2.013238326E+01     5.000000000E+01
     2315     2.502190162E+02     2.167994622E+01     5.373851859E+01
     2316     2.245833333E+02     2.500000000E+01     5.000000000E+01
     2317     2.268602539E+02     2.500000000E+01     5.374999996E+01
     2318     2.276615897E+02     1.907244614E+01     5.000000000E+01
     2319     2.351466190E+02     1.950167181E+01     5.000000000E+01
     2320     2.297867513E+02     1.962236099E+01     5.374999999E+01
     2321     2.104166667E+02     2.500000000E+01     5.000000000E+01
     2322     2.145387174E+02     2.500000000E+01     5.374999999E+01
     2323     2.197769205E+02     2.500000000E+01     5.374999996E+01
     2324     2.205782563E+02     1.907244614E+01     5.000000000E+01
     2325     2.136670835E+02     2.050509259E+01     5.000000000E+01
     2326     2.169992937E+02     1.989249764E+01     5.382648518E+01
     2327     1.962500000E+02     2.500000000E+01     5.000000000E+01
     2328     2.074553841E+02     2.500000000E+01     5.374999999E+01
     2329     2.001694291E+02     1.882713991E+01     5.000000000E+01
     2330     2.065837501E+02     2.050509259E+01     5.000000000E+01
     2331     2.039660069E+02     2.137641334E+01     5.365959593E+01
     2332     1.930860957E+02     1.882713991E+01     5.000000000E+01
     2333     1.869592806E+02     1.959296350E+01     5.000000000E+01
     2334     1.901748886E+02     1.980208215E+01     5.750000000E+01
     2335     1.933910320E+02     1.913824961E+01     5.408550798E+01
     2336     1.968826736E+02     2.137641334E+01     5.365959593E+01
     2337     1.820833333E+02    -2.500000000E+01     5.000000000E+01
     2338     1.750000000E+02    -1.666666667E+01     5.000000000E+01
     2339     1.692597485E+02    -2.500000000E+01     4.885819299E+01
     2340     1.798186700E+02    -1.965297070E+01     5.000000000E+01
     2341     1.765988707E+02    -1.863181809E+01     5.750000000E+01
     2342     1.693056610E+02    -2.144304503E+01     5.316150508E+01
     2343     2.387500000E+02    -2.500000000E+01     5.000000000E+01
     2344     2.432645368E+02    -1.765367580E+01     5.000000000E+01
     2345     2.424020739E+02    -1.850621183E+01     5.750000000E+01
     2346     2.482275049E+02    -1.932215474E+01     5.414685035E+01
     2347     2.245833333E+02    -2.500000000E+01     5.000000000E+01
     2348     2.268602539E+02    -2.500000000E+01     5.374999996E+01
     2349     2.361812034E+02    -1.765367580E+01     5.000000000E+01
     2350     2.291874636E+02    -1.742348679E+01     5.000000000E+01
     2351     2.258046208E+02    -2.102994376E+01     5.000000000E+01
     2352     2.353187406E+02    -1.850621183E+01     5.750000000E+01
     2353     2.284811301E+02    -2.078205090E+01     5.431884760E+01
     2354     2.104166667E+02    -2.500000000E+01     5.000000000E+01
     2355     2.145387174E+02    -2.500000000E+01     5.374999999E+01
     2356     2.197769205E+02    -2.500000000E+01     5.374999996E+01
     2357     2.133333324E+02    -2.091506366E+01     5.000000000E+01
     2358     2.187212875E+02    -2.102994376E+01     5.000000000E+01
     2359     2.167677964E+02    -2.050801712E+01     5.356449269E+01
     2360     1.962500000E+02    -2.500000000E+01     5.000000000E+01
     2361     2.074553841E+02    -2.500000000E+01     5.374999999E+01
     2362     2.000779853E+02    -1.892416637E+01     5.000000000E+01
     2363     2.062499991E+02    -2.091506366E+01     5.000000000E+01
     2364     2.002413335E+02    -1.982910808E+01     5.333659456E+01
     2365     2.052036130E+02    -2.097210286E+01     5.407633754E+01
     2366     1.929946520E+02    -1.892416637E+01     5.000000000E+01
     2367     1.869020034E+02    -1.965297070E+01     5.000000000E+01
     2368     1.931580001E+02    -1.982910808E+01     5.333659456E+01
     2369     1.750000000E+02     0.000000000E+00     5.000000000E+01
     2370     1.692597485E+02    -1.666666667E+01     4.885819299E+01
     2371     1.692597485E+02    -4.166666667E+00     4.885819299E+01
     2372     1.812936405E+02    -4.195655720E+00     5.000000000E+01
     2373     1.798186700E+02    -1.131963737E+01     5.000000000E+01
     2374     1.720696451E+02    -3.960183227E+00     5.750000000E+01
     2375     1.765988707E+02    -1.029848475E+01     5.750000000E+01
     2376     1.702337031E+02    -1.118506693E+01     5.750000000E+01
     2377     1.683345187E+02    -7.729613772E+00     5.225787254E+01
     2378     1.800842636E+02    -7.946135275E+00     5.361367136E+01
     2379     1.693056610E+02    -1.310971170E+01     5.316150508E+01
     2380     1.692597485E+02     1.666666667E+01     4.885819299E+01
     2381     1.692597485E+02     4.166666667E+00     4.885819299E+01
     2382     1.812936405E+02     4.137677614E+00     5.000000000E+01
     2383     1.798759472E+02     1.125963017E+01     5.000000000E+01
     2384     1.808038172E+02     5.058888484E+00     5.750000000E+01
     2385     1.720696451E+02     4.373150106E+00     5.750000000E+01
     2386     1.764501284E+02     1.092868862E+01     5.750000000E+01
     2387     1.697569775E+02     1.005039586E+01     5.274157697E+01
     2388     1.800842636E+02     3.871980586E-01     5.361367136E+01
     2389     1.611418070E+02     2.500000000E+01     4.074025149E+01
     2390     1.600000000E+02     1.666666667E+01     3.500000000E+01
     2391     1.600000000E+02     2.500000000E+01     2.625000000E+01
     2392     1.550000000E+02     2.500000000E+01     3.874999986E+01
     2393     1.541544287E+02     2.500000000E+01     2.549764629E+01
     2394     1.600000000E+02     1.875000051E+01     2.625000004E+01
     2395     1.565494891E+02     1.998876771E+01     4.111405513E+01
     2396     1.544667708E+02     1.852973244E+01     3.554884515E+01
     2397     1.528138691E+02     2.001868954E+01     2.764222483E+01
     2398     1.611418070E+02     1.666666667E+01     4.074025149E+01
     2399     1.643933983E+02     1.250000000E+01     4.560660172E+01
     2400     1.593933982E+02     2.500000000E+01     4.935660164E+01
     2401     1.571966991E+02     2.500000000E+01     4.405330072E+01
     2402     1.644536766E+02     1.838372919E+01     5.054487783E+01
     2403     1.587461882E+02     1.998876771E+01     4.641735599E+01
     2404     1.611418070E+02    -2.500000000E+01     4.074025149E+01
     2405     1.600000000E+02    -1.666666667E+01     3.500000000E+01
     2406     1.600000000E+02    -2.500000000E+01     2.625000000E+01
     2407     1.550000000E+02    -2.500000000E+01     3.874999986E+01
     2408     1.541544287E+02    -2.500000000E+01     2.549764629E+01
     2409     1.600000000E+02    -1.874999967E+01     2.625000004E+01
     2410     1.567699224E+02    -1.965968465E+01     3.981816906E+01
     2411     1.550002679E+02    -1.905278078E+01     3.158683739E+01
     2412     1.611418070E+02    -1.666666667E+01     4.074025149E+01
     2413     1.643933983E+02    -1.250000000E+01     4.560660172E+01
     2414     1.593933982E+02    -2.500000000E+01     4.935660164E+01
     2415     1.571966991E+02    -2.500000000E+01     4.405330072E+01
     2416     1.630312179E+02    -1.606294711E+01     5.006117340E+01
     2417     1.589666215E+02    -1.965968465E+01     4.512146992E+01
     2418     1.640023602E+02    -2.144304503E+01     5.096480594E+01
     2419     1.600000000E+02     0.000000000E+00     3.500000000E+01
     2420     1.611418070E+02    -4.166666667E+00     4.074025149E+01
     2421     1.600000000E+02    -4.166666015E+00     2.625000004E+01
     2422     1.600000000E+02    -1.041666634E+01     2.625000004E+01
     2423     1.567699224E+02    -1.132635131E+01     3.981816906E+01
     2424     1.554167464E+02    -4.281405450E+00     3.358876893E+01
     2425     1.550002679E+02    -1.071944745E+01     3.158683739E+01
     2426     1.611418070E+02     4.166666667E+00     4.074025149E+01
     2427     1.600000000E+02     4.166667319E+00     2.625000004E+01
     2428     1.600000000E+02     1.041666718E+01     2.625000004E+01
     2429     1.565494891E+02     1.165543438E+01     4.111405513E+01
     2430     1.557663377E+02     4.131478480E+00     4.155523338E+01
     2431     1.544667708E+02     1.019639910E+01     3.554884515E+01
     2432     1.554167464E+02     4.051927883E+00     3.358876893E+01
     2433     1.600000000E+02     2.500000000E+01     8.750000000E+00
     2434     1.600000000E+02     1.666666667E+01     0.000000000E+00
     2435     1.527272727E+02     2.500000000E+01     0.000000000E+00
     2436     1.541544287E+02     2.500000000E+01     7.997646289E+00
     2437     1.545973021E+02     1.666950816E+01     0.000000000E+00
     2438     1.600000000E+02     1.875000051E+01     8.750000037E+00
     2439     1.542048249E+02     2.091179022E+01     5.138104705E+00
     2440     1.541544287E+02     2.500000000E+01     1.674764629E+01
     2441     1.600000000E+02     1.875000051E+01     1.750000004E+01
     2442     1.528138691E+02     2.001868954E+01     1.889222483E+01
     2443     1.542048249E+02     2.091179022E+01     1.388810471E+01
     2444     1.600000000E+02    -2.500000000E+01     8.750000000E+00
     2445     1.600000000E+02    -1.666666667E+01     0.000000000E+00
     2446     1.527272727E+02    -2.500000000E+01     0.000000000E+00
     2447     1.541544287E+02    -2.500000000E+01     7.997646289E+00
     2448     1.540606390E+02    -1.752655773E+01     0.000000000E+00
     2449     1.600000000E+02    -1.874999967E+01     8.750000037E+00
     2450     1.557289240E+02    -2.114697661E+01     4.750550567E+00
     2451     1.541544287E+02    -2.500000000E+01     1.674764629E+01
     2452     1.600000000E+02    -1.874999967E+01     1.750000004E+01
     2453     1.557289240E+02    -2.114697661E+01     1.350055057E+01
     2454     1.600000000E+02     0.000000000E+00     0.000000000E+00
     2455     1.545973021E+02     2.841489644E-03     0.000000000E+00
     2456     1.540606390E+02    -9.193224398E+00     0.000000000E+00
     2457     1.600000000E+02    -4.166666015E+00     8.750000037E+00
     2458     1.600000000E+02    -1.041666634E+01     8.750000037E+00
     2459     1.557289240E+02    -1.281364328E+01     4.750550567E+00
     2460     1.535299755E+02    -4.636790025E+00     6.559834982E+00
     2461     1.545973021E+02     8.336174823E+00     0.000000000E+00
     2462     1.600000000E+02     4.166667319E+00     8.750000037E+00
     2463     1.600000000E+02     1.041666718E+01     8.750000037E+00
     2464     1.535299755E+02     3.696543309E+00     6.559834982E+00
     2465     7.272727273E+00     2.500000000E+01     0.000000000E+00
     2466     0.000000000E+00     1.666666667E+01     0.000000000E+00
     2467    -9.184850994E-16     2.500000000E+01     7.500000000E+00
     2468     4.290787382E+00     2.122506774E+01     3.776220768E+00
     2469     1.381818182E+02     2.500000000E+01     0.000000000E+00
     2470     1.468817015E+02     2.500000000E+01     7.997646289E+00
     2471     1.412777004E+02     2.500000000E+01     5.036824880E+00
     2472     1.407804098E+02     1.887474073E+01     0.000000000E+00
     2473     1.473245748E+02     1.666950816E+01     0.000000000E+00
     2474     1.469320977E+02     2.091179022E+01     5.138104705E+00
     2475     1.394776828E+02     2.082223968E+01     4.738602324E+00
     2476     1.236363636E+02     2.500000000E+01     0.000000000E+00
     2477     1.340049731E+02     2.500000000E+01     5.036824880E+00
     2478     1.335076825E+02     1.887474073E+01     0.000000000E+00
     2479     1.276820586E+02     1.986736101E+01     0.000000000E+00
     2480     1.322049555E+02     2.082223968E+01     4.738602324E+00
     2481     1.090909091E+02     2.500000000E+01     0.000000000E+00
     2482     1.128693182E+02     2.500000000E+01     7.500000000E+00
     2483     1.139393935E+02     1.666666692E+01     0.000000000E+00
     2484     1.204093313E+02     1.986736101E+01     0.000000000E+00
     2485     1.160203679E+02     2.047777696E+01     3.870866245E+00
     2486     9.454545455E+01     2.500000000E+01     0.000000000E+00
     2487     9.778409091E+01     2.500000000E+01     7.500000000E+00
     2488     1.055965909E+02     2.500000000E+01     7.500000000E+00
     2489     1.014610806E+02     2.019825482E+01     7.500000000E+00
     2490     1.066666663E+02     1.666666692E+01     0.000000000E+00
     2491     9.939393879E+01     1.666666692E+01     0.000000000E+00
     2492     1.087476406E+02     2.047777696E+01     3.870866245E+00
     2493     9.838120807E+01     2.221699617E+01     3.750000000E+00
     2494     8.000000000E+01     2.500000000E+01     0.000000000E+00
     2495     8.269886364E+01     2.500000000E+01     7.500000000E+00
     2496     9.051136364E+01     2.500000000E+01     7.500000000E+00
     2497     8.784164077E+01     2.043552382E+01     7.500000000E+00
     2498     8.484848404E+01     1.666666692E+01     0.000000000E+00
     2499     9.212121152E+01     1.666666692E+01     0.000000000E+00
     2500     8.303540384E+01     1.996631936E+01     3.537895102E+00
     2501     9.110848080E+01     2.221699617E+01     3.750000000E+00
     2502     6.545454545E+01     2.500000000E+01     0.000000000E+00
     2503     6.761363636E+01     2.500000000E+01     7.500000000E+00
     2504     7.542613636E+01     2.500000000E+01     7.500000000E+00
     2505     7.757575677E+01     1.666666692E+01     0.000000000E+00
     2506     6.668808003E+01     1.760320652E+01     0.000000000E+00
     2507     7.206940848E+01     1.517183700E+01     0.000000000E+00
     2508     7.576267656E+01     1.996631936E+01     3.537895102E+00
     2509     6.995510669E+01     2.089894579E+01     3.775455561E+00
     2510     5.090909091E+01     2.500000000E+01     0.000000000E+00
     2511     5.252840909E+01     2.500000000E+01     7.500000000E+00
     2512     6.034090909E+01     2.500000000E+01     7.500000000E+00
     2513     5.941535276E+01     1.760320652E+01     0.000000000E+00
     2514     5.365789298E+01     1.932981334E+01     0.000000000E+00
     2515     5.624515996E+01     2.172690037E+01     3.738133499E+00
     2516     6.268237942E+01     2.089894579E+01     3.775455561E+00
     2517     3.636363636E+01     2.500000000E+01     0.000000000E+00
     2518     3.744318182E+01     2.500000000E+01     7.500000000E+00
     2519     4.525568182E+01     2.500000000E+01     7.500000000E+00
     2520     3.878787875E+01     1.666666692E+01     0.000000000E+00
     2521     4.638516571E+01     1.932981334E+01     0.000000000E+00
     2522     4.081043269E+01     2.122346315E+01     3.678239224E+00
     2523     4.897243269E+01     2.172690037E+01     3.738133499E+00
     2524     2.181818182E+01     2.500000000E+01     0.000000000E+00
     2525     2.235795455E+01     2.500000000E+01     7.500000000E+00
     2526     3.017045455E+01     2.500000000E+01     7.500000000E+00
     2527     3.151515147E+01     1.666666692E+01     0.000000000E+00
     2528     2.404040403E+01     1.666666678E+01     0.000000000E+00
     2529     3.353770541E+01     2.122346315E+01     3.678239224E+00
     2530     2.593290357E+01     2.131204685E+01     3.746808895E+00
     2531     7.272727273E+00     1.666666667E+01     0.000000000E+00
     2532     7.272727273E+00     2.500000000E+01     7.500000000E+00
     2533     1.508522727E+01     2.500000000E+01     7.500000000E+00
     2534     1.676767676E+01     1.666666678E+01     0.000000000E+00
     2535     1.866017630E+01     2.131204685E+01     3.746808895E+00
     2536     1.156351465E+01     2.122506774E+01     3.776220768E+00
     2537     7.272727273E+00    -2.500000000E+01     0.000000000E+00
     2538     0.000000000E+00    -1.666666667E+01     0.000000000E+00
     2539    -9.184850994E-16    -2.500000000E+01     7.500000000E+00
     2540     6.060606063E+00    -1.666666639E+01     0.000000000E+00
     2541     3.906250000E+00    -2.073449396E+01     3.234493964E+00
     2542     1.381818182E+02    -2.500000000E+01     0.000000000E+00
     2543     1.468817015E+02    -2.500000000E+01     7.997646289E+00
     2544     1.412777004E+02    -2.500000000E+01     5.036824880E+00
     2545     1.403917471E+02    -1.806104294E+01     0.000000000E+00
     2546     1.467879118E+02    -1.752655773E+01     0.000000000E+00
     2547     1.484561968E+02    -2.114697661E+01     4.750550567E+00
     2548     1.397222971E+02    -2.079472076E+01     4.010058102E+00
     2549     1.236363636E+02    -2.500000000E+01     0.000000000E+00
     2550     1.340049731E+02    -2.500000000E+01     5.036824880E+00
     2551     1.261281958E+02    -1.736121848E+01     0.000000000E+00
     2552     1.331190198E+02    -1.806104294E+01     0.000000000E+00
     2553     1.324495699E+02    -2.079472076E+01     4.010058102E+00
     2554     1.230669839E+02    -2.036152708E+01     3.761683956E+00
     2555     1.090909091E+02    -2.500000000E+01     0.000000000E+00
     2556     1.128693182E+02    -2.500000000E+01     7.500000000E+00
     2557     1.188554686E+02    -1.736121848E+01     0.000000000E+00
     2558     1.115264162E+02    -1.678242520E+01     0.000000000E+00
     2559     1.157942567E+02    -2.036152708E+01     3.761683956E+00
     2560     9.454545455E+01    -2.500000000E+01     0.000000000E+00
     2561     9.778409091E+01    -2.500000000E+01     7.500000000E+00
     2562     1.055965909E+02    -2.500000000E+01     7.500000000E+00
     2563     9.696969650E+01    -1.666666654E+01     0.000000000E+00
     2564     1.042536890E+02    -1.678242520E+01     0.000000000E+00
     2565     1.085215294E+02    -2.036152708E+01     3.761683956E+00
     2566     9.852264812E+01    -2.051892777E+01     4.017896575E+00
     2567     8.000000000E+01    -2.500000000E+01     0.000000000E+00
     2568     8.269886364E+01    -2.500000000E+01     7.500000000E+00
     2569     9.051136364E+01    -2.500000000E+01     7.500000000E+00
     2570     8.969696923E+01    -1.666666654E+01     0.000000000E+00
     2571     8.271379087E+01    -1.683855233E+01     0.000000000E+00
     2572     9.124992084E+01    -2.051892777E+01     4.017896575E+00
     2573     8.191240467E+01    -2.063270683E+01     3.455688692E+00
     2574     6.545454545E+01    -2.500000000E+01     0.000000000E+00
     2575     6.761363636E+01    -2.500000000E+01     7.500000000E+00
     2576     7.542613636E+01    -2.500000000E+01     7.500000000E+00
     2577     6.791486927E+01    -1.657213611E+01     0.000000000E+00
     2578     7.544106360E+01    -1.683855233E+01     0.000000000E+00
     2579     7.463967740E+01    -2.063270683E+01     3.455688692E+00
     2580     6.633618923E+01    -2.136927137E+01     3.717949276E+00
     2581     5.090909091E+01    -2.500000000E+01     0.000000000E+00
     2582     5.252840909E+01    -2.500000000E+01     7.500000000E+00
     2583     6.034090909E+01    -2.500000000E+01     7.500000000E+00
     2584     6.064214200E+01    -1.657213611E+01     0.000000000E+00
     2585     5.441169785E+01    -1.944338649E+01     0.000000000E+00
     2586     5.906346196E+01    -2.136927137E+01     3.717949276E+00
     2587     3.636363636E+01    -2.500000000E+01     0.000000000E+00
     2588     3.744318182E+01    -2.500000000E+01     7.500000000E+00
     2589     4.525568182E+01    -2.500000000E+01     7.500000000E+00
     2590     4.088181339E+01    -2.004258979E+01     7.500000000E+00
     2591     4.110017269E+01    -1.788807064E+01     0.000000000E+00
     2592     4.713897058E+01    -1.944338649E+01     0.000000000E+00
     2593     2.181818182E+01    -2.500000000E+01     0.000000000E+00
     2594     2.235795455E+01    -2.500000000E+01     7.500000000E+00
     2595     3.017045455E+01    -2.500000000E+01     7.500000000E+00
     2596     2.728683467E+01    -1.929501923E+01     7.500000000E+00
     2597     3.360908612E+01    -2.004258979E+01     7.500000000E+00
     2598     2.684998248E+01    -1.687244444E+01     0.000000000E+00
     2599     3.382744542E+01    -1.788807064E+01     0.000000000E+00
     2600     2.427511622E+01    -2.177012946E+01     3.725452094E+00
     2601     7.272727273E+00    -2.500000000E+01     7.500000000E+00
     2602     1.508522727E+01    -2.500000000E+01     7.500000000E+00
     2603     1.957725521E+01    -1.687244444E+01     0.000000000E+00
     2604     1.333333334E+01    -1.666666639E+01     0.000000000E+00
     2605     1.117897727E+01    -2.073449396E+01     3.234493964E+00
     2606     1.700238895E+01    -2.177012946E+01     3.725452094E+00
     2607     0.000000000E+00     0.000000000E+00     0.000000000E+00
     2608    -9.184850994E-16    -1.666666667E+01     7.500000000E+00
     2609    -9.184850994E-16    -8.333333333E+00     7.500000000E+00
     2610    -9.184850994E-16     0.000000000E+00     7.500000000E+00
     2611     6.060606063E+00    -8.333333054E+00     0.000000000E+00
     2612     4.086015725E+00    -4.089035164E+00     4.224033687E+00
     2613     3.906250000E+00    -1.240116063E+01     3.234493964E+00
     2614    -9.184850994E-16     1.666666667E+01     7.500000000E+00
     2615    -9.184850994E-16     8.333333333E+00     7.500000000E+00
     2616     9.494949489E+00     8.333333442E+00     0.000000000E+00
     2617     6.060606063E+00     2.793967696E-07     0.000000000E+00
     2618     4.290787382E+00     1.289173441E+01     3.776220768E+00
     2619     4.086015725E+00     4.244298169E+00     4.224033687E+00
     2620    -1.836970199E-15     1.666666667E+01     1.500000000E+01
     2621     7.812500000E+00     2.500000000E+01     1.500000000E+01
     2622     5.821037094E+00     1.821391112E+01     1.500000000E+01
     2623     4.290787382E+00     2.122506774E+01     1.127622077E+01
     2624    -1.836970199E-15    -1.666666667E+01     1.500000000E+01
     2625     7.812500000E+00    -2.500000000E+01     1.500000000E+01
     2626     5.811490404E+00    -1.861070226E+01     1.500000000E+01
     2627     3.906250000E+00    -2.073449396E+01     1.073449396E+01
     2628    -1.836970199E-15     0.000000000E+00     1.500000000E+01
     2629     5.811490404E+00    -1.027736892E+01     1.500000000E+01
     2630     4.326559167E+00    -4.325133742E+00     1.500000000E+01
     2631     4.086015725E+00    -4.089035164E+00     1.172403369E+01
     2632     3.906250000E+00    -1.240116063E+01     1.073449396E+01
     2633     5.821037094E+00     9.880577790E+00     1.500000000E+01
     2634     4.326559167E+00     4.008199591E+00     1.500000000E+01
     2635     4.290787382E+00     1.289173441E+01     1.127622077E+01
     2636     4.086015725E+00     4.244298169E+00     1.172403369E+01
     2637     2.343750000E+01     2.500000000E+01     1.500000000E+01
     2638     2.073799744E+01     1.793087571E+01     1.500000000E+01
     2639     1.363353709E+01     1.821391112E+01     1.500000000E+01
     2640     1.919994902E+01     2.131204685E+01     1.124680890E+01
     2641     1.210328738E+01     2.122506774E+01     1.127622077E+01
     2642     3.906250000E+01     2.500000000E+01     1.500000000E+01
     2643     3.645833333E+01     1.666666692E+01     1.500000000E+01
     2644     2.855049744E+01     1.793087571E+01     1.500000000E+01
     2645     3.461725087E+01     2.122346315E+01     1.117823922E+01
     2646     2.701244902E+01     2.131204685E+01     1.124680890E+01
     2647     5.468750000E+01     2.500000000E+01     1.500000000E+01
     2648     4.427083333E+01     1.666666692E+01     1.500000000E+01
     2649     5.240121550E+01     1.673271340E+01     1.500000000E+01
     2650     4.242975087E+01     2.122346315E+01     1.117823922E+01
     2651     5.059175087E+01     2.172690037E+01     1.123813350E+01
     2652     7.031250000E+01     2.500000000E+01     1.500000000E+01
     2653     6.928158690E+01     1.699090400E+01     1.500000000E+01
     2654     6.021371550E+01     1.673271340E+01     1.500000000E+01
     2655     5.840425087E+01     2.172690037E+01     1.123813350E+01
     2656     6.484147033E+01     2.089894579E+01     1.127545556E+01
     2657     8.593750000E+01     2.500000000E+01     1.500000000E+01
     2658     7.709408690E+01     1.699090400E+01     1.500000000E+01
     2659     8.326777714E+01     2.043552382E+01     1.500000000E+01
     2660     7.846154020E+01     1.996631936E+01     1.103789510E+01
     2661     7.265397033E+01     2.089894579E+01     1.127545556E+01
     2662     1.015625000E+02     2.500000000E+01     1.500000000E+01
     2663     9.742698972E+01     2.019825482E+01     1.500000000E+01
     2664     9.108027714E+01     2.043552382E+01     1.500000000E+01
     2665     9.434711717E+01     2.221699617E+01     1.125000000E+01
     2666     1.052394897E+02     2.019825482E+01     1.500000000E+01
     2667     1.115668086E+02     2.044659212E+01     1.500000000E+01
     2668     1.125260497E+02     2.047777696E+01     1.137086624E+01
     2669     2.343750000E+01    -2.500000000E+01     1.500000000E+01
     2670     2.055388012E+01    -1.929501923E+01     1.500000000E+01
     2671     1.362399040E+01    -1.861070226E+01     1.500000000E+01
     2672     1.171875000E+01    -2.073449396E+01     1.073449396E+01
     2673     1.754216168E+01    -2.177012946E+01     1.122545209E+01
     2674     3.906250000E+01    -2.500000000E+01     1.500000000E+01
     2675     2.836638012E+01    -1.929501923E+01     1.500000000E+01
     2676     3.468863158E+01    -2.004258979E+01     1.500000000E+01
     2677     2.535466168E+01    -2.177012946E+01     1.122545209E+01
     2678     5.468750000E+01    -2.500000000E+01     1.500000000E+01
     2679     4.947916667E+01    -1.666666654E+01     1.500000000E+01
     2680     4.250113158E+01    -2.004258979E+01     1.500000000E+01
     2681     4.875828876E+01    -1.944338649E+01     7.500000000E+00
     2682     5.341005287E+01    -2.136927137E+01     1.121794928E+01
     2683     7.031250000E+01    -2.500000000E+01     1.500000000E+01
     2684     5.729166667E+01    -1.666666654E+01     1.500000000E+01
     2685     6.543820610E+01    -1.659462399E+01     1.500000000E+01
     2686     6.952604103E+01    -2.063270683E+01     1.095568869E+01
     2687     6.122255287E+01    -2.136927137E+01     1.121794928E+01
     2688     8.593750000E+01    -2.500000000E+01     1.500000000E+01
     2689     7.325070610E+01    -1.659462399E+01     1.500000000E+01
     2690     8.149127298E+01    -1.687776219E+01     1.500000000E+01
     2691     8.667605721E+01    -2.051892777E+01     1.151789657E+01
     2692     7.733854103E+01    -2.063270683E+01     1.095568869E+01
     2693     1.015625000E+02    -2.500000000E+01     1.500000000E+01
     2694     9.709505582E+01    -1.720224304E+01     1.500000000E+01
     2695     8.930377298E+01    -1.687776219E+01     1.500000000E+01
     2696     9.448855721E+01    -2.051892777E+01     1.151789657E+01
     2697     1.049075558E+02    -1.720224304E+01     1.500000000E+01
     2698     1.113281250E+02    -1.666666639E+01     1.500000000E+01
     2699     1.122999385E+02    -2.036152708E+01     1.126168396E+01
     2700     1.023010572E+02    -2.051892777E+01     1.151789657E+01
     2701     1.667663442E+02     2.064834397E-01     5.530330086E+01
     2702     1.630312179E+02    -3.562947106E+00     5.006117340E+01
     2703     1.644536766E+02     5.883729193E+00     5.054487783E+01
     2704     1.587461882E+02     7.488767711E+00     4.641735599E+01
     2705     1.589666215E+02    -7.159684648E+00     4.512146992E+01
     2706     1.579630368E+02    -3.518818648E-02     4.685853424E+01
     2707     1.576134455E+02    -1.147387836E-01     3.889206979E+01
     2708     1.487461882E+02     7.488767711E+00     5.391735599E+01
     2709     1.479630368E+02    -3.518818648E-02     5.435853424E+01
     2710     1.477180314E+02    -7.264840501E+00     5.801379050E+01
     2711     1.406171700E+02     7.518689538E+00     1.983892398E+01
     2712     1.413332763E+02    -4.701233580E-01     1.625653412E+01
     2713     1.345537109E+02     8.322239685E+00     1.443530146E+01
     2714     1.347983253E+02    -8.294720759E+00     1.370675724E+01
     2715     1.335758302E+02    -1.918903673E+00     1.367257810E+01
     2716     1.385130290E+02    -6.402792886E+00     1.774165704E+01
     2717     1.361339217E+02     3.332460139E+00     1.388693654E+01
     2718     2.226842573E+02    -7.423486791E+00     5.375000000E+01
     2719     2.228717935E+02    -7.442841331E+00     6.125000000E+01
     2720     2.190786348E+02    -1.104669521E+01     6.125000000E+01
     2721     2.173479235E+02    -1.050801712E+01     5.731449269E+01
     2722     2.225414773E+02    -3.310570934E+00     5.816013389E+01
     2723     2.219779238E+02    -1.078205090E+01     5.806884760E+01
     2724     2.211583833E+02     9.072446144E+00     5.375000000E+01
     2725     2.232884599E+02     7.401976666E+00     6.125000000E+01
     2726     2.225414773E+02     1.689429066E+00     5.816013389E+01
     2727     2.175794208E+02     9.892497643E+00     5.757648518E+01
     2728     2.232835450E+02     9.622360994E+00     5.749999999E+01
     2729     2.223775311E+02     4.688202651E+00     5.637547918E+01
     2730     2.095833324E+02    -1.341506366E+01     5.375000000E+01
     2731     2.104497016E+02    -1.344138985E+01     6.125000000E+01
     2732     2.130177964E+02    -1.300801712E+01     5.731449269E+01
     2733     2.085369463E+02    -1.347210286E+01     5.782633754E+01
     2734     1.990811917E+02    -8.924166369E+00     5.375000000E+01
     2735     1.969545296E+02    -8.216957273E+00     6.125000000E+01
     2736     1.976491615E+02    -4.625558086E+00     5.733402725E+01
     2737     1.992445398E+02    -9.829108084E+00     5.708659456E+01
     2738     2.099170835E+02     1.300509259E+01     5.375000000E+01
     2739     2.096051114E+02     1.325986604E+01     6.125000000E+01
     2740     2.132492937E+02     1.239249764E+01     5.757648518E+01
     2741     2.072993402E+02     1.387641334E+01     5.740959593E+01
     2742     1.991726354E+02     8.827139906E+00     5.375000000E+01
     2743     1.990422423E+02     6.499391066E+00     6.125000000E+01
     2744     1.977991123E+02     5.343360782E+00     5.759541438E+01
     2745     1.994775717E+02     9.138249614E+00     5.783550798E+01
     2746     1.521966991E+02     2.500000000E+01     4.780330064E+01
     2747     1.599324521E+02     1.967134429E+01     5.905330078E+01
     2748     1.594536766E+02     1.838372919E+01     5.429487775E+01
     2749     1.537461882E+02     1.998876771E+01     5.016735590E+01
     2750     1.450000000E+02     1.916666680E+01     4.124999984E+01
     2751     1.515494891E+02     1.998876771E+01     4.486405499E+01
     2752     1.494667708E+02     1.852973244E+01     3.929884501E+01
     2753     1.427048564E+02     2.500000000E+01     1.303447117E+01
     2754     1.469682979E+02     2.001868954E+01     1.813987112E+01
     2755     1.483592537E+02     2.091179022E+01     1.313575099E+01
     2756     2.168156380E+02     2.500000000E+01     5.749999995E+01
     2757     2.107058009E+02     2.050509259E+01     5.374999999E+01
     2758     2.155014063E+02     2.099839394E+01     6.124999999E+01
     2759     2.103938288E+02     2.075986604E+01     6.124999999E+01
     2760     2.140380112E+02     1.989249764E+01     5.757648517E+01
     2761     2.080880577E+02     2.137641334E+01     5.740959592E+01
     2762     1.413642968E+02     2.001868954E+01     1.517904971E+01
     2763     1.427552526E+02     2.091179022E+01     1.017492958E+01
     2764     1.353008377E+02     2.082223968E+01     9.775427203E+00
     2765     2.228551769E+02     1.907244614E+01     5.374999996E+01
     2766     2.207396094E+02     2.099839394E+01     6.124999996E+01
     2767     2.192762143E+02     1.989249764E+01     5.757648514E+01
     2768     2.249803385E+02     1.962236099E+01     5.749999994E+01
     2769     1.521966991E+02    -2.500000000E+01     4.780330064E+01
     2770     1.539666215E+02    -1.965968465E+01     4.887146983E+01
     2771     1.527180314E+02    -1.976484050E+01     5.426379042E+01
     2772     1.590023601E+02    -2.144304503E+01     5.471480586E+01
     2773     1.450000000E+02    -1.918785471E+01     4.124999986E+01
     2774     1.517699224E+02    -1.965968465E+01     4.356816892E+01
     2775     1.500002679E+02    -1.905278078E+01     3.533683725E+01
     2776     1.427048564E+02    -2.500000000E+01     1.303447117E+01
     2777     1.541544287E+02    -1.874999967E+01     1.674764633E+01
     2778     1.491546967E+02    -1.905278078E+01     2.208448368E+01
     2779     1.498833528E+02    -2.114697661E+01     1.274819686E+01
     2780     1.448641569E+02    -1.890279289E+01     1.604260419E+01
     2781     2.168156380E+02    -2.500000000E+01     5.749999995E+01
     2782     2.103720499E+02    -2.091506366E+01     5.374999999E+01
     2783     2.112384190E+02    -2.094138985E+01     6.124999999E+01
     2784     2.138065139E+02    -2.050801712E+01     5.731449268E+01
     2785     2.093256638E+02    -2.097210286E+01     5.782633753E+01
     2786     1.442793517E+02    -2.114697661E+01     9.787375446E+00
     2787     1.355454521E+02    -2.079472076E+01     9.046882981E+00
     2788     1.392601558E+02    -1.890279289E+01     1.308178278E+01
     2789     2.209982080E+02    -2.102994376E+01     5.374999996E+01
     2790     2.207754283E+02    -2.104669521E+01     6.124999996E+01
     2791     2.190447170E+02    -2.050801712E+01     5.731449265E+01
     2792     2.236747173E+02    -2.078205090E+01     5.806884756E+01
     2793     2.368201609E+02    -4.180849970E+00     5.000000000E+01
     2794     2.298264211E+02    -3.950660961E+00     5.000000000E+01
     2795     2.401000735E+02     2.805201461E+00     5.000000000E+01
     2796     2.283005472E+02     7.545271974E+00     5.000000000E+01
     2797     2.357855765E+02     7.974497640E+00     5.000000000E+01
     2798     2.331389572E+02     1.660459703E+00     5.750000000E+01
     2799     2.359792545E+02     7.315006877E+00     5.750000000E+01
     2800     2.296836411E+02     1.622548955E-01     5.441013389E+01
     2801     2.304257088E+02     8.095186824E+00     5.374999999E+01
     2802     2.358219024E+02    -6.864179856E-01     5.402361341E+01
     2803     2.295196949E+02     3.161028480E+00     5.262547918E+01
     2804     1.922049591E+02    -6.453155422E+00     5.000000000E+01
     2805     2.029946511E+02    -1.483923003E+01     5.000000000E+01
     2806     1.907299887E+02    -1.357713707E+01     5.000000000E+01
     2807     1.953906072E+02    -8.549724455E+00     5.358402725E+01
     2808     1.969859855E+02    -1.375327445E+01     5.333659456E+01
     2809     1.909955823E+02    -1.020363498E+01     5.361367136E+01
     2810     1.922964029E+02     6.298150853E+00     5.000000000E+01
     2811     2.034198459E+02     1.433223250E+01     5.000000000E+01
     2812     1.908787096E+02     1.342010341E+01     5.000000000E+01
     2813     1.956320018E+02     9.170500688E+00     5.384541438E+01
     2814     1.973104611E+02     1.296538952E+01     5.408550798E+01
     2815     2.008021026E+02     1.520355325E+01     5.365959593E+01
     2816     2.337020004E+02    -1.007716259E+01     5.000000000E+01
     2817     2.439756527E+02    -3.321300168E+00     5.000000000E+01
     2818     2.398332773E+02    -1.115988763E+01     5.750000000E+01
     2819     2.456587083E+02    -1.197583054E+01     5.414685035E+01
     2820     2.467105520E+02    -4.135375806E+00     5.350889048E+01
     2821     2.396974817E+02    -6.812919615E+00     5.402361341E+01
     2822     1.861695877E+02     7.063974451E+00     5.000000000E+01
     2823     1.861123105E+02    -7.181959756E+00     5.000000000E+01
     2824     1.870974576E+02     8.632327644E-01     5.750000000E+01
     2825     1.907729289E+02    -2.154547139E+00     5.358402725E+01
     2826     1.909228798E+02     2.814371729E+00     5.384541438E+01
     2827     1.863779041E+02    -3.808457661E+00     5.361367136E+01
     2828     2.233254178E+02    -1.345343055E+01     5.000000000E+01
     2829     2.328395375E+02    -1.092969862E+01     5.750000000E+01
     2830     2.268957967E+02    -9.866328122E+00     5.750000000E+01
     2831     2.213719267E+02    -1.293150392E+01     5.356449269E+01
     2832     2.265654806E+02    -5.734057725E+00     5.441013389E+01
     2833     2.260019271E+02    -1.320553769E+01     5.431884760E+01
     2834     2.327037419E+02    -6.582730606E+00     5.402361341E+01
     2835     2.429410683E+02     8.834047442E+00     5.000000000E+01
     2836     2.488291668E+02     9.464758887E+00     5.000000000E+01
     2837     2.473760463E+02     2.102264472E+00     5.750000000E+01
     2838     2.431347463E+02     8.174556679E+00     5.750000000E+01
     2839     2.487963016E+02     9.025962535E+00     5.750000000E+01
     2840     2.499904645E+02     2.850675625E+00     5.350889048E+01
     2841     2.429773942E+02     1.731318166E-01     5.402361341E+01
     2842     2.167453398E+02     1.457753874E+01     5.000000000E+01
     2843     2.311415420E+02     1.357411795E+01     5.000000000E+01
     2844     2.200775501E+02     1.396494379E+01     5.382648518E+01
     2845     2.257816743E+02     1.369480714E+01     5.374999999E+01
     2846     2.248756604E+02     8.760648795E+00     5.262547918E+01
     2847     2.145546199E+02    -1.694500741E+01     5.000000000E+01
     2848     2.031579992E+02    -1.574417174E+01     5.333659456E+01
     2849     2.126011289E+02    -1.642308078E+01     5.356449269E+01
     2850     2.081202788E+02    -1.688716652E+01     5.407633754E+01
     2851     2.131663772E+02     1.539759023E+01     5.382648518E+01
     2852     2.072164237E+02     1.688150594E+01     5.365959593E+01
     2853     2.445146698E+02     1.463405507E+01     5.000000000E+01
     2854     2.388202493E+02     1.334385286E+01     5.750000000E+01
     2855     2.444818047E+02     1.419525871E+01     5.750000000E+01
     2856     2.332667036E+02     1.412403280E+01     5.374999999E+01
     2857     1.856797644E+02     7.985185321E+00     5.750000000E+01
     2858     1.879675025E+02     1.439504566E+01     5.750000000E+01
     2859     1.813260757E+02     1.385498545E+01     5.750000000E+01
     2860     1.895051866E+02     9.936324286E+00     5.384541438E+01
     2861     1.911836459E+02     1.373121312E+01     5.408550798E+01
     2862     1.814175407E+02    -1.328478879E+01     5.750000000E+01
     2863     1.908933368E+02    -1.448207879E+01     5.333659456E+01
     2864     1.849029337E+02    -1.093243931E+01     5.361367136E+01
     2865     2.179890839E+02    -1.653796088E+01     5.356449269E+01
     2866     2.226190843E+02    -1.681199466E+01     5.431884760E+01
     2867     2.503699032E+02     1.482597016E+01     5.750000000E+01
     2868     2.515640660E+02     8.650683249E+00     5.350889048E+01
     2869     2.525037337E+02     1.681232947E+01     5.373851859E+01
     2870     1.895884738E+02    -4.824735456E+00     6.500000000E+01
     2871     1.778734622E+02     1.098705257E+00     6.500000000E+01
     2872     1.888953725E+02     8.194303971E+00     6.500000000E+01
     2873     1.822539456E+02     7.654243768E+00     6.500000000E+01
     2874     1.824026878E+02    -5.239596269E+00     6.500000000E+01
     2875     1.916761865E+02     4.891612884E+00     6.500000000E+01
     2876     1.902831056E+02    -1.233336269E+00     6.108402725E+01
     2877     1.904330565E+02     3.735582600E+00     6.134541438E+01
     2878     1.858880808E+02    -2.887246791E+00     6.111367136E+01
     2879     2.361520736E+02    -5.318577959E+00     6.500000000E+01
     2880     2.302083328E+02    -4.255207457E+00     6.500000000E+01
     2881     2.404149301E+02     9.575227142E-01     6.500000000E+01
     2882     2.361736300E+02     7.029814921E+00     6.500000000E+01
     2883     2.306249992E+02     5.589610540E+00     6.500000000E+01
     2884     2.298780167E+02    -1.229370600E-01     6.191013389E+01
     2885     2.306200843E+02     7.809994868E+00     6.124999999E+01
     2886     2.360162779E+02    -9.716099412E-01     6.152361341E+01
     2887     2.297140704E+02     2.875836525E+00     6.012547918E+01
     2888     1.853835273E+02    -1.184877536E+01     6.500000000E+01
     2889     1.932639451E+02    -7.842515360E+00     6.108402725E+01
     2890     1.948593234E+02    -1.304606536E+01     6.083659456E+01
     2891     1.888689203E+02    -9.496425881E+00     6.111367136E+01
     2892     1.735197735E+02     6.968505390E+00     6.500000000E+01
     2893     1.736685157E+02    -5.925334647E+00     6.500000000E+01
     2894     1.673053981E+02     7.377827733E+00     6.500000000E+01
     2895     1.673033482E+02    -6.811916823E+00     6.500000000E+01
     2896     1.654041638E+02    -3.356463666E+00     5.975787254E+01
     2897     1.668266226E+02     6.090212633E+00     6.024157697E+01
     2898     1.771539087E+02    -3.572985168E+00     6.111367136E+01
     2899     2.330270737E+02    -1.094905316E+01     6.500000000E+01
     2900     2.432336709E+02    -5.736322993E+00     6.500000000E+01
     2901     2.446378249E+02    -1.297186035E+01     6.500000000E+01
     2902     2.321332040E+02    -1.428826273E+01     6.181884760E+01
     2903     2.447962454E+02    -1.282836657E+01     6.164685035E+01
     2904     2.388350188E+02    -7.665455648E+00     6.152361341E+01
     2905     1.845416837E+02     1.406410410E+01     6.500000000E+01
     2906     1.958485730E+02     1.461446333E+01     6.500000000E+01
     2907     1.939639247E+02     1.130147322E+01     6.500000000E+01
     2908     1.927207947E+02     1.014544294E+01     6.134541438E+01
     2909     1.943992540E+02     1.394033177E+01     6.158550798E+01
     2910     2.232901742E+02    -1.348953654E+01     6.500000000E+01
     2911     2.267530167E+02    -5.753412265E+00     6.191013389E+01
     2912     2.261894632E+02    -1.322489223E+01     6.181884760E+01
     2913     2.328912780E+02    -6.602085146E+00     6.152361341E+01
     2914     2.432552274E+02     6.612069888E+00     6.500000000E+01
     2915     2.489167827E+02     7.463475744E+00     6.500000000E+01
     2916     2.489006814E+02    -6.695759677E+00     6.500000000E+01
     2917     2.490591019E+02    -6.552265897E+00     6.164685035E+01
     2918     2.501109456E+02     1.288188834E+00     6.100889048E+01
     2919     2.430978753E+02    -1.389354975E+00     6.152361341E+01
     2920     1.716858814E+02     1.393336624E+01     6.500000000E+01
     2921     1.712071059E+02     1.264575114E+01     6.024157697E+01
     2922     2.446754827E+02     1.353576795E+01     6.500000000E+01
     2923     2.334652965E+02     1.124415771E+01     6.500000000E+01
     2924     2.334603816E+02     1.346454204E+01     6.124999999E+01
     2925     2.388565752E+02     4.682937232E+00     6.152361341E+01
     2926     1.718325738E+02    -1.315021835E+01     6.500000000E+01
     2927     1.816831343E+02    -9.911286695E+00     6.111367136E+01
     2928     1.709045317E+02    -1.507486312E+01     6.066150508E+01
     2929     2.143178003E+02     1.675825998E+01     6.500000000E+01
     2930     2.236710217E+02     1.340037061E+01     6.500000000E+01
     2931     2.179619826E+02     1.589089159E+01     6.132648518E+01
     2932     2.236661068E+02     1.562075494E+01     6.124999999E+01
     2933     2.048621291E+02     1.557224721E+01     6.500000000E+01
     2934     2.128544051E+02     1.565236368E+01     6.132648518E+01
     2935     2.069044516E+02     1.713627938E+01     6.115959593E+01
     2936     2.151982094E+02    -1.698808506E+01     6.500000000E+01
     2937     2.134674980E+02    -1.644940697E+01     6.106449269E+01
     2938     2.089866479E+02    -1.691349271E+01     6.157633754E+01
     2939     2.177663042E+02    -1.655471233E+01     6.106449269E+01
     2940     2.223963046E+02    -1.682874611E+01     6.181884760E+01
     2941     1.649927305E+02     1.305507349E+01     6.024157697E+01
     2942     1.986293870E+02     1.131177224E+01     6.500000000E+01
     2943     1.990647164E+02     1.395063079E+01     6.158550798E+01
     2944     2.025563579E+02     1.618879452E+01     6.115959593E+01
     2945     2.515312008E+02     8.211886897E+00     6.100889048E+01
     2946     2.524708685E+02     1.637353312E+01     6.123851859E+01
     2947     2.504632559E+02    -1.378780325E+01     6.164685035E+01
     2948     1.635682219E+02    -1.058134737E+01     5.975787254E+01
     2949     1.645393642E+02    -1.596144530E+01     6.066150508E+01
     2950     2.271696832E+02     4.091405732E+00     6.191013389E+01
     2951     2.222076266E+02     1.229447431E+01     6.132648518E+01
     2952     2.279117508E+02     1.202433766E+01     6.124999999E+01
     2953     2.270057369E+02     7.090179317E+00     6.012547918E+01
     2954     1.955016087E+02     6.842751849E+00     6.134541438E+01
     2955     1.971800680E+02     1.063764068E+01     6.158550798E+01
     2956     4.687500000E+01     3.725290319E-07     1.500000000E+01
     2957     3.830594442E+01     2.415403726E+00     1.500000000E+01
     2958     4.979704883E+01     8.399380311E+00     1.500000000E+01
     2959     3.375883078E+01     9.597542628E+00     1.500000000E+01
     2960     3.780303026E+01     8.333333830E+00     7.500000000E+00
     2961     4.550252284E+01     4.116015839E+00     7.500000000E+00
     2962     4.540031722E+01     1.099648026E+01     7.500000000E+00
     2963     3.982558420E+01     1.289013007E+01     1.117823922E+01
     2964     4.798758420E+01     1.339356728E+01     1.123813350E+01
     2965     8.453689597E+01     6.979364290E+00     1.500000000E+01
     2966     7.221979300E+01     3.962800044E-01     1.500000000E+01
     2967     8.046035989E+01     1.131418113E-01     1.500000000E+01
     2968     6.699530241E+01     8.723617395E+00     1.500000000E+01
     2969     8.223686404E+01     1.242642782E+01     1.500000000E+01
     2970     7.373735902E+01     7.162740998E+00     7.500000000E+00
     2971     7.743062711E+01     1.195722336E+01     1.103789510E+01
     2972     8.018562645E+01     5.537241949E+00     1.140765687E+01
     2973     7.162305723E+01     1.288984978E+01     1.127545556E+01
     2974     9.672536488E+01    -2.213782753E+00     1.500000000E+01
     2975     8.893408204E+01    -1.889301897E+00     1.500000000E+01
     2976     1.007401069E+02     5.239148711E+00     1.500000000E+01
     2977     9.705729878E+01     1.018671511E+01     1.500000000E+01
     2978     9.071058620E+01     1.042398411E+01     1.500000000E+01
     2979     9.499015694E+01     6.655127206E+00     7.500000000E+00
     2980     8.865934861E+01     3.534798240E+00     1.140765687E+01
     2981     9.585776091E+01     2.220672226E+00     1.125000000E+01
     2982     2.746111422E+01    -2.295323759E+00     1.500000000E+01
     2983     2.291400058E+01     4.886815143E+00     1.500000000E+01
     2984     2.272988326E+01    -7.339079802E+00     1.500000000E+01
     2985     1.579999354E+01    -6.654762827E+00     1.500000000E+01
     2986     1.580954023E+01     5.169850553E+00     1.500000000E+01
     2987     1.431506230E+01    -7.025276457E-01     1.500000000E+01
     2988     2.229303107E+01    -4.916505006E+00     7.500000000E+00
     2989     1.948345262E+01     3.622606205E+00     7.500000000E+00
     2990     1.604910920E+01    -4.710726957E+00     7.500000000E+00
     2991     1.407451886E+01    -4.664290677E-01     1.172403369E+01
     2992     2.325275139E+01     7.958203742E-01     1.125000000E+01
     2993     6.022987276E+01    -8.261290537E+00     1.500000000E+01
     2994     4.351427776E+01    -5.917929732E+00     1.500000000E+01
     2995     5.500538217E+01     6.604685367E-02     1.500000000E+01
     2996     4.510529824E+01    -1.170925634E+01     1.500000000E+01
     2997     5.759289957E+01    -8.238802653E+00     7.500000000E+00
     2998     4.532365754E+01    -9.554737182E+00     7.500000000E+00
     2999     5.071085617E+01    -4.217317619E+00     7.500000000E+00
     3000     5.136245542E+01    -1.111005303E+01     7.500000000E+00
     3001     5.601421954E+01    -1.303593792E+01     1.121794928E+01
     3002     9.264882880E+01    -9.080005231E+00     1.500000000E+01
     3003     1.044548537E+02    -1.951554623E+00     1.500000000E+01
     3004     1.068606808E+02    -8.868909431E+00     1.500000000E+01
     3005     1.035646539E+02    -8.984668242E+00     7.500000000E+00
     3006     1.078324943E+02    -1.256377012E+01     1.126168396E+01
     3007     9.783361303E+01    -1.272117081E+01     1.151789657E+01
     3008     9.957250767E+01    -4.970031108E+00     1.125000000E+01
     3009     7.661697908E+01    -8.472386183E+00     1.500000000E+01
     3010     6.315192160E+01     1.380894014E-01     1.500000000E+01
     3011     6.573943900E+01    -8.166760105E+00     7.500000000E+00
     3012     7.326563333E+01    -8.433176328E+00     7.500000000E+00
     3013     6.989397821E+01    -1.422786996E+00     7.500000000E+00
     3014     7.634224564E+01    -3.048286046E+00     1.140765687E+01
     3015     7.246424713E+01    -1.222733082E+01     1.095568869E+01
     3016     6.416075897E+01    -1.296389537E+01     1.121794928E+01
     3017     8.848937858E+01    -8.544428730E+00     7.500000000E+00
     3018     8.150620022E+01    -8.716314521E+00     7.500000000E+00
     3019     9.004233019E+01    -1.239668996E+01     1.151789657E+01
     3020     8.458281253E+01    -3.331424239E+00     1.140765687E+01
     3021     8.070481401E+01    -1.251046902E+01     1.095568869E+01
     3022     9.178122483E+01    -4.645550252E+00     1.125000000E+01
     3023     3.039810853E+01     3.679612524E+00     1.500000000E+01
     3024     3.021399121E+01    -8.546282422E+00     1.500000000E+01
     3025     3.653624266E+01    -9.293852982E+00     1.500000000E+01
     3026     3.444230802E+01     2.415403726E+00     7.500000000E+00
     3027     2.977713902E+01    -6.123707625E+00     7.500000000E+00
     3028     3.675460197E+01    -7.139333829E+00     7.500000000E+00
     3029     4.214180059E+01    -1.801914266E+00     7.500000000E+00
     3030     3.073685935E+01    -4.113822453E-01     1.125000000E+01
     3031     1.108754229E+02    -1.415977967E+00     1.500000000E+01
     3032     1.047867876E+02     1.044894324E+01     1.500000000E+01
     3033     1.111141065E+02     1.069728054E+01     1.500000000E+01
     3034     1.099923732E+02     6.917355336E+00     7.500000000E+00
     3035     1.120733476E+02     1.072846538E+01     1.137086624E+01
     3036     1.129658799E+02     2.733715175E+00     1.095763345E+01
     3037     1.035872497E+02     2.482900356E+00     1.125000000E+01
     3038     6.051494841E+01     1.605772857E-01     7.500000000E+00
     3039     5.928815917E+01     9.335919920E+00     7.500000000E+00
     3040     5.363290501E+01     4.182062320E+00     7.500000000E+00
     3041     5.353069939E+01     1.106252674E+01     7.500000000E+00
     3042     6.466948762E+01     6.904550395E+00     7.500000000E+00
     3043     5.611796637E+01     1.345961376E+01     1.123813350E+01
     3044     6.255518583E+01     1.263165918E+01     1.127545556E+01
     3045     1.874653454E+01     1.114478684E+01     1.500000000E+01
     3046     2.989519437E+01     9.597542628E+00     7.500000000E+00
     3047     2.242044693E+01     9.597542488E+00     7.500000000E+00
     3048     3.191774831E+01     1.415433886E+01     1.117823922E+01
     3049     2.431294647E+01     1.424292257E+01     1.124680890E+01
     3050     2.618974570E+01     6.770756657E+00     1.125000000E+01
     3051     1.855287053E+01    -1.290572149E+01     1.500000000E+01
     3052     3.180501170E+01    -1.433760903E+01     1.500000000E+01
     3053     2.504590806E+01    -1.116746367E+01     7.500000000E+00
     3054     3.202337100E+01    -1.218308987E+01     7.500000000E+00
     3055     2.247104180E+01    -1.606514870E+01     1.122545209E+01
     3056     1.013804957E+01    -6.269169333E+00     1.500000000E+01
     3057     1.811601834E+01    -1.048314669E+01     7.500000000E+00
     3058     1.187209647E+01    -1.027736864E+01     7.500000000E+00
     3059     9.897506128E+00    -6.033070755E+00     1.172403369E+01
     3060     9.717740404E+00    -1.434519622E+01     1.073449396E+01
     3061     1.554115208E+01    -1.538083172E+01     1.122545209E+01
     3062     1.014759626E+01     5.555444048E+00     1.500000000E+01
     3063     1.531598658E+01     9.880577899E+00     7.500000000E+00
     3064     1.720848612E+01     1.452595798E+01     1.124680890E+01
     3065     1.011182448E+01     1.443897887E+01     1.127622077E+01
     3066     9.907052819E+00     5.791542625E+00     1.172403369E+01
     3067     1.099852231E+02    -8.449091586E+00     7.500000000E+00
     3068     1.142530635E+02    -1.202819347E+01     1.126168396E+01
     3069     1.153717070E+02    -4.183639633E+00     1.095763345E+01
     3070     1.059930768E+02    -4.434454451E+00     1.125000000E+01
     3071     3.834562245E+01    -1.293066043E+01     7.500000000E+00
     3072     4.438442033E+01    -1.448597628E+01     7.500000000E+00
     3073     9.475726685E+01     1.563377865E+01     1.500000000E+01
     3074     1.074312983E+02     1.564484695E+01     1.500000000E+01
     3075     1.063095651E+02     1.186492174E+01     7.500000000E+00
     3076     9.903683760E+01     1.186492174E+01     7.500000000E+00
     3077     1.083905394E+02     1.567603178E+01     1.137086624E+01
     3078     9.990444157E+01     7.430466759E+00     1.125000000E+01
     3079     9.802410688E+01     1.741525100E+01     1.125000000E+01
     3080     8.541739754E+01     1.210219074E+01     7.500000000E+00
     3081     9.269012502E+01     1.210219074E+01     7.500000000E+00
     3082     8.360431734E+01     1.540184319E+01     1.103789510E+01
     3083     8.635931668E+01     8.981861772E+00     1.140765687E+01
     3084     9.167739430E+01     1.765252000E+01     1.125000000E+01
     3085     1.147178584E+02     1.592436908E+01     1.137086624E+01
     3086     8.412574892E+00    -8.083557341E-02     1.172403369E+01
     3087     2.927422486E+01    -2.057775206E-01     0.000000000E+00
     3088     3.625168781E+01    -1.221403724E+00     0.000000000E+00
     3089     2.646464642E+01     8.333333690E+00     0.000000000E+00
     3090     4.163888643E+01     4.116015839E+00     0.000000000E+00
     3091     4.153668082E+01     1.099648026E+01     0.000000000E+00
     3092     3.596194780E+01     1.289013007E+01     3.678239224E+00
     3093     2.835714595E+01     1.297871377E+01     3.746808895E+00
     3094     3.023394519E+01     5.506547859E+00     3.750000000E+00
     3095     6.187567658E+01     1.031070413E+00     0.000000000E+00
     3096     7.062866014E+01    -8.410688443E+00     0.000000000E+00
     3097     5.622042241E+01    -4.122787187E+00     0.000000000E+00
     3098     5.687202167E+01    -1.101552260E+01     0.000000000E+00
     3099     6.725700502E+01    -1.400299111E+00     0.000000000E+00
     3100     6.982727394E+01    -1.220484294E+01     3.455688692E+00
     3101     6.152378578E+01    -1.294140748E+01     3.717949276E+00
     3102     8.727272600E+01     3.725290285E-07     0.000000000E+00
     3103     9.454545348E+01     3.725290285E-07     0.000000000E+00
     3104     9.940520365E+01    -8.449091741E+00     0.000000000E+00
     3105     8.513803283E+01    -8.505218875E+00     0.000000000E+00
     3106     9.367416280E+01    -1.218559431E+01     4.017896575E+00
     3107     8.821464514E+01    -3.120328593E+00     3.907656871E+00
     3108     8.433664663E+01    -1.229937337E+01     3.455688692E+00
     3109     9.541305745E+01    -4.434454607E+00     3.750000000E+00
     3110     1.164312257E+02    -6.945515634E-01     0.000000000E+00
     3111     1.246110544E+02    -3.548498330E+00     0.000000000E+00
     3112     1.140182484E+02    -9.143643677E+00     0.000000000E+00
     3113     1.283381247E+02    -1.042226141E+01     0.000000000E+00
     3114     1.276686748E+02    -1.315593924E+01     4.010058102E+00
     3115     1.182860889E+02    -1.272274556E+01     3.761683956E+00
     3116     1.194047324E+02    -4.878191725E+00     3.457633455E+00
     3117     1.264461797E+02    -6.780122151E+00     3.975878958E+00
     3118     1.333121891E+02     1.711575209E+00     0.000000000E+00
     3119     1.370392594E+02    -5.162187875E+00     0.000000000E+00
     3120     1.374279221E+02     6.773595789E+00     0.000000000E+00
     3121     1.439720871E+02     4.568363217E+00     0.000000000E+00
     3122     1.434354241E+02    -4.627702670E+00     0.000000000E+00
     3123     1.429047605E+02    -7.126829719E-02     6.559834982E+00
     3124     1.351473144E+02    -1.520048612E+00     3.975878958E+00
     3125     1.377054059E+02     3.731315200E+00     4.190237395E+00
     3126     1.196949794E+02     5.479387063E+00     0.000000000E+00
     3127     1.042424232E+02     8.333333830E+00     0.000000000E+00
     3128     1.091021734E+02    -1.157582835E-01     0.000000000E+00
     3129     1.179850885E+02     1.153402792E+01     0.000000000E+00
     3130     1.135961251E+02     1.214444387E+01     3.870866245E+00
     3131     1.144886573E+02     4.149693669E+00     3.457633455E+00
     3132     1.051100272E+02     3.898878851E+00     3.750000000E+00
     3133     8.969696828E+01     8.333333830E+00     0.000000000E+00
     3134     8.028954764E+01    -1.718854179E-01     0.000000000E+00
     3135     7.691789252E+01     6.838503914E+00     0.000000000E+00
     3136     8.061116060E+01     1.163298628E+01     3.537895102E+00
     3137     8.336615995E+01     5.213004864E+00     3.907656871E+00
     3138     3.158651881E+01    -9.760515075E+00     0.000000000E+00
     3139     2.179947742E+01    -2.057776603E-01     0.000000000E+00
     3140     1.836513400E+01    -8.539110823E+00     0.000000000E+00
     3141     2.556877619E+01    -3.032563491E+00     3.750000000E+00
     3142     2.203418961E+01    -1.364257390E+01     3.725452094E+00
     3143     4.395118038E+01    -5.438721716E+00     0.000000000E+00
     3144     4.460277963E+01    -1.233145713E+01     0.000000000E+00
     3145     1.555555555E+01     3.880510704E-07     0.000000000E+00
     3146     2.088239851E+01     1.297871363E+01     3.746808895E+00
     3147     1.378573687E+01     1.289173452E+01     3.776220768E+00
     3148     1.358096521E+01     4.244298278E+00     4.224033687E+00
     3149     2.275919775E+01     5.506547719E+00     3.750000000E+00
     3150     5.499363318E+01     5.052555447E+00     0.000000000E+00
     3151     5.489142756E+01     1.193301986E+01     0.000000000E+00
     3152     6.603021579E+01     7.775043523E+00     0.000000000E+00
     3153     5.747869454E+01     1.433010689E+01     3.738133499E+00
     3154     6.391591400E+01     1.350215231E+01     3.775455561E+00
     3155     1.316018784E+02    -4.248322788E+00     0.000000000E+00
     3156     1.319905412E+02     7.687460877E+00     0.000000000E+00
     3157     1.261649172E+02     8.680081154E+00     0.000000000E+00
     3158     1.226684861E+02     1.295746902E+00     3.457633455E+00
     3159     1.297099334E+02    -6.061835244E-01     3.975878958E+00
     3160     1.322680249E+02     4.645180287E+00     4.190237395E+00
     3161     1.018294459E+02    -1.157582835E-01     0.000000000E+00
     3162     9.063888743E+01     5.213004864E+00     3.907656871E+00
     3163     9.783729973E+01     3.898878851E+00     3.750000000E+00
     3164     9.595696505E+01     1.388366309E+01     3.750000000E+00
     3165     1.109570365E+02    -1.214395228E+01     3.761683956E+00
     3166     1.120756800E+02    -4.299398445E+00     3.457633455E+00
     3167     1.009581553E+02    -1.230135297E+01     4.017896575E+00
     3168     1.026970499E+02    -4.550213263E+00     3.750000000E+00
     3169     7.478319935E+01    -1.666715334E+00     0.000000000E+00
     3170     8.123146678E+01    -3.292214384E+00     3.907656871E+00
     3171     7.735346827E+01    -1.247125916E+01     3.455688692E+00
     3172     4.923617339E+01     6.779162264E+00     0.000000000E+00
     3173     4.998997826E+01    -6.994037563E+00     0.000000000E+00
     3174     1.417251134E+02    -1.058760067E+01     0.000000000E+00
     3175     1.411944498E+02    -6.031166294E+00     6.559834982E+00
     3176     1.346594988E+02    -1.385576370E+01     4.010058102E+00
     3177     1.334370037E+02    -7.479946609E+00     3.975878958E+00
     3178     1.383742025E+02    -1.196383582E+01     8.044957904E+00
     3179     1.426504392E+02     1.054424888E+01     0.000000000E+00
     3180     1.302806502E+02     1.374210173E+01     0.000000000E+00
     3181     1.348035472E+02     1.469698041E+01     4.738602324E+00
     3182     1.363837579E+02     9.707200867E+00     4.190237395E+00
     3183     4.355923476E+01     1.555327649E+01     3.678239224E+00
     3184     5.172123476E+01     1.605671371E+01     3.738133499E+00
     3185     5.529334163E+01    -1.581265786E+01     3.717949276E+00
     3186     1.486579411E+02    -8.570495747E-01     0.000000000E+00
     3187     1.545973021E+02     1.041950867E+01     8.750000037E+00
     3188     1.488021270E+02     1.258129838E+01     5.138104705E+00
     3189     1.481272776E+02     3.699384798E+00     6.559834982E+00
     3190     1.413477122E+02     1.249174784E+01     4.738602324E+00
     3191     1.429279229E+02     7.501968295E+00     4.190237395E+00
     3192     1.497895631E+02    -1.367353434E+01     4.750550567E+00
     3193     1.475906145E+02    -5.496681089E+00     6.559834982E+00
     3194     1.410556635E+02    -1.332127849E+01     4.010058102E+00
     3195     1.447703672E+02    -1.142935062E+01     8.044957904E+00
     3196     1.014662179E+01    -4.089034885E+00     4.224033687E+00
     3197     9.966856063E+00    -1.240116035E+01     3.234493964E+00
     3198     1.579026774E+01    -1.343679585E+01     3.725452094E+00
     3199     1.289779232E+02     1.568960069E+01     4.738602324E+00
     3200     1.200660629E+02     1.534513796E+01     3.870866245E+00
     3201     1.209585951E+02     7.350387760E+00     3.457633455E+00
     3202     1.305581340E+02     1.069982114E+01     4.190237395E+00
     3203     7.510481232E+01     1.013815636E+01     3.537895102E+00
     3204     7.785981166E+01     3.718174948E+00     3.907656871E+00
     3205     6.929724245E+01     1.107078278E+01     3.775455561E+00
     3206     1.600000000E+02    -6.249999022E+00     1.750000007E+01
     3207     1.600000000E+02     6.250001164E+00     1.750000007E+01
     3208     1.554167464E+02    -1.147381317E-01     2.483876896E+01
     3209     1.550002679E+02    -6.552780130E+00     2.283683743E+01
     3210     1.535299755E+02    -4.701227061E-01     1.530983502E+01
     3211     1.550002679E+02    -1.280278046E+01     2.283683743E+01
     3212     1.557289240E+02    -1.489697629E+01     1.350055060E+01
     3213     1.535299755E+02    -6.720123032E+00     1.530983502E+01
     3214     1.507097281E+02    -1.265279256E+01     1.679495794E+01
     3215     1.544667708E+02     1.227973295E+01     2.679884519E+01
     3216     1.554167464E+02     6.135261729E+00     2.483876896E+01
     3217     1.528138691E+02     1.376869005E+01     1.889222487E+01
     3218     1.542048249E+02     1.466179074E+01     1.388810474E+01
     3219     1.535299755E+02     5.779877154E+00     1.530983502E+01
     3220     1.400000000E+02     6.663135478E+00     3.999999997E+01
     3221     1.465494891E+02     1.415543451E+01     4.361405510E+01
     3222     1.444667708E+02     1.269639923E+01     3.804884513E+01
     3223     1.400000000E+02    -6.691386030E+00     3.999999999E+01
     3224     1.457663377E+02    -3.871950552E-02     4.405523338E+01
     3225     1.444667708E+02     6.026201117E+00     3.804884514E+01
     3226     1.454167464E+02    -1.182701027E-01     3.608876892E+01
     3227     1.467699224E+02    -1.384753936E+01     4.231816905E+01
     3228     1.457663377E+02    -6.723042898E+00     4.405523338E+01
     3229     1.454167464E+02    -6.802593495E+00     3.608876892E+01
     3230     1.450002679E+02    -1.324063549E+01     3.408683739E+01
     3231     1.955539553E+02    -9.454666171E+00     5.692062181E+01
     3232     1.941085278E+02     7.178026961E-01     5.742944163E+01
     3233     1.895635521E+02    -5.905026694E+00     5.719769861E+01
     3234     2.021116131E+02    -1.580121095E+01     5.741293210E+01
     3235     1.911589304E+02    -1.110857669E+01     5.695026592E+01
     3236     1.959369381E+02     9.481610396E+00     5.793092236E+01
     3237     2.206655932E+02    -1.629006803E+01     5.788334029E+01
     3238     2.115547428E+02    -1.648011999E+01     5.764083023E+01
     3239     2.011070389E+02     1.551466296E+01     5.774510391E+01
     3240     1.630914962E+02     2.320782087E+00     5.499944951E+01
     3241     1.576044411E+02    -1.072263175E+01     4.957604159E+01
     3242     1.566008564E+02    -3.598135292E+00     5.131310592E+01
     3243     1.563558510E+02    -1.082778761E+01     5.496836218E+01
     3244     1.626401798E+02    -1.250599214E+01     5.541937762E+01
     3245     1.588064666E+02     1.337249690E+01     5.135563210E+01
     3246     1.580233151E+02     5.848541006E+00     5.179681035E+01
     3247     2.325609618E+02    -2.469814749E+00     5.843374730E+01
     3248     2.262587543E+02     1.377631717E+00     5.703561307E+01
     3249     2.222027117E+02     1.451485864E+01     5.757648516E+01
     3250     2.105486340E+02     1.626891099E+01     5.748608111E+01
     3251     1.523158268E+02     7.453579525E+00     4.766928851E+01
     3252     1.510162599E+02     1.351850015E+01     4.166290028E+01
     3253     1.525362601E+02    -7.194872835E+00     4.637340244E+01
     3254     1.521866688E+02    -7.274423432E+00     3.840693798E+01
     3255     1.517701903E+02    -1.371246543E+01     3.640500645E+01
     3256     1.522912547E+02    -1.442452515E+01     5.002865870E+01
     3257     1.585755835E+02    -1.610272968E+01     5.047967414E+01
     3258     1.502331085E+02     5.994544250E+00     4.210407853E+01
     3259     1.511830841E+02    -1.499269701E-01     4.014400231E+01
     3260     1.512876699E+02    -7.300028688E+00     5.176572302E+01
     3261     1.498835172E+02     5.914993653E+00     3.413761407E+01
     3262     1.472806400E+02     1.354842197E+01     2.819106998E+01
     3263     1.504170143E+02    -6.667519566E+00     3.017560632E+01
     3264     1.482306155E+02     7.403950754E+00     2.623099376E+01
     3265     1.489467219E+02    -5.848621416E-01     2.264860391E+01
     3266     2.270008220E+02     9.310563645E+00     5.637547917E+01
     3267     1.485302434E+02    -7.022904140E+00     2.064667237E+01
     3268     1.457099960E+02    -1.295557367E+01     2.213179529E+01
     3269     2.516735201E+02    -5.803854744E+00     5.765574083E+01
     3270     2.446604498E+02    -8.481398553E+00     5.817046376E+01
     3271     2.457122934E+02    -6.409438215E-01     5.753250390E+01
     3272     2.536650314E+02     1.019824621E+01     5.724740908E+01
     3273     1.470186941E+02     1.593047976E+01     1.528032954E+01
     3274     1.463438446E+02     7.048566180E+00     1.670205982E+01
     3275     1.395642792E+02     1.584092922E+01     1.488082716E+01
     3276     1.411444900E+02     1.085114968E+01     1.433246223E+01
     3277     1.477348004E+02     7.941666866E+00     1.169793969E+01
     3278     1.409552350E+02     1.673402991E+01     9.876707029E+00
     3279     1.425354458E+02     1.174425036E+01     9.328342100E+00
     3280     1.492588995E+02    -9.117099969E+00     1.131038555E+01
     3281     1.427239485E+02    -1.694169737E+01     8.760608668E+00
     3282     1.464386522E+02    -1.504976950E+01     1.279550847E+01
     3283     1.393025048E+02    -2.389027031E+00     1.053571394E+01
     3284     1.442397036E+02    -6.872916244E+00     1.460479289E+01
     3285     1.418605963E+02     2.862336781E+00     1.075007238E+01
     3286     1.350810309E+02     1.165469982E+01     8.928839718E+00
     3287     1.246074629E+02    -1.615624784E+01     7.771742058E+00
     3288     1.327675538E+02    -1.021362443E+01     7.985937060E+00
     3289     1.377047525E+02    -1.469751365E+01     1.205501601E+01
     3290     1.163435205E+02    -7.878500327E+00     7.219317411E+00
     3291     1.052259957E+02    -1.588045485E+01     7.779580531E+00
     3292     1.165696317E+02     7.960803710E+00     7.328499700E+00
     3293     1.245036113E+02    -1.935876919E+00     7.433512413E+00
     3294     1.080835338E+02    -2.847613103E-01     7.207633455E+00
     3295     8.588959824E+01    -1.615163460E+01     7.473585267E+00
     3296     9.696600906E+01    -8.286715834E+00     7.767896575E+00
     3297     8.155307975E+01     8.512657313E+00     7.445551972E+00
     3298     7.299051053E+01     1.586526515E+01     7.313350662E+00
     3299     9.150649139E+01     7.785498851E-01     7.657656871E+00
     3300     6.824859390E+01    -1.700197820E+01     7.173637968E+00
     3301     3.037969989E+01     1.753551000E+01     7.425048119E+00
     3302     4.614650174E+01     1.795036352E+01     7.416372723E+00
     3303     1.567823641E+01     1.753711460E+01     7.523029663E+00
     3304     8.376803107E+00     8.802699244E+00     8.000254455E+00
     3305     7.992265725E+00    -8.156862461E+00     7.458527651E+00
     3306     1.363591168E+01    -1.750462343E+01     6.959946057E+00
     3307     1.364822575E+02    -8.321696559E+00     1.202083686E+01
     3308     1.341031502E+02     1.413556466E+00     8.166116353E+00
     3309     1.573269933E+02    -1.620788553E+01     5.587199472E+01
     3310     6.074572120E+01     1.762584615E+01     7.513589060E+00
-1
/wb,elem,start            !  set before creation of elements
/com,*********** Elements for Body 1 'pin' ***********
et,1,186
keyo,1,2,1          ! set full integration on SOLID186
MAT,1 $ TYPE,1 $ REAL,1 $ SECNUM,1 $ ESYS,0    ! ELEMNODES = 20
eblock,21,COMPACT,,132
(21i9)
        1        1       31       41       51       99       96       95       94      207      329      360      208      518      515      512      513      210      330      361      392
        2        1       51       41       31        2       52       42       32      208      360      329      207      214      364      333      213      205      390      359      328
        3        2       52       42       32        3       53       43       33      214      364      333      213      219      367      336      218      211      394      363      332
        4        3       53       43       33        4       54       44       34      219      367      336      218      224      370      339      223      216      397      366      335
        5        4       54       44       34        5       55       45       35      224      370      339      223      229      373      342      228      221      400      369      338
        6        5       55       45       35        6       56       46       36      229      373      342      228      234      376      345      233      226      403      372      341
        7        6       56       46       36        7       57       47       37      234      376      345      233      239      379      348      238      231      406      375      344
        8        7       57       47       37        8       58       48       38      239      379      348      238      244      382      351      243      236      409      378      347
        9        8       58       48       38        9       59       49       39      244      382      351      243      249      385      354      248      241      412      381      350
       10        9       59       49       39       10       60       50       40      249      385      354      248      253      387      356      252      246      415      384      353
       11       10       60       50       40      100      105      104      103      253      387      356      252      526      535      533      525      255      419      388      357
       12        1       11       21       31       99       98       97       96      206      257      298      207      522      520      517      518      210      259      299      330
       13        1       31       21       11        2       32       22       12      207      298      257      206      213      302      262      212      205      328      297      256
       14        2       32       22       12        3       33       23       13      213      302      262      212      218      305      266      217      211      332      301      261
       15        3       33       23       13        4       34       24       14      218      305      266      217      223      308      270      222      216      335      304      265
       16        4       34       24       14        5       35       25       15      223      308      270      222      228      311      274      227      221      338      307      269
       17        5       35       25       15        6       36       26       16      228      311      274      227      233      314      278      232      226      341      310      273
       18        6       36       26       16        7       37       27       17      233      314      278      232      238      317      282      237      231      344      313      277
       19        7       37       27       17        8       38       28       18      238      317      282      237      243      320      286      242      236      347      316      281
       20        8       38       28       18        9       39       29       19      243      320      286      242      248      323      290      247      241      350      319      285
       21        9       39       29       19       10       40       30       20      248      323      290      247      252      325      293      251      246      353      322      289
       22       10       40       30       20      100      103      102      101      252      325      293      251      525      531      528      524      255      357      326      295
       23        1       51       61       71       99       94       93       92      208      391      422      209      513      510      507      508      210      392      423      454
       24        1       71       61       51        2       72       62       52      209      422      391      208      215      426      395      214      205      452      421      390
       25        2       72       62       52        3       73       63       53      215      426      395      214      220      429      398      219      211      456      425      394
       26        3       73       63       53        4       74       64       54      220      429      398      219      225      432      401      224      216      459      428      397
       27        4       74       64       54        5       75       65       55      225      432      401      224      230      435      404      229      221      462      431      400
       28        5       75       65       55        6       76       66       56      230      435      404      229      235      438      407      234      226      465      434      403
       29        6       76       66       56        7       77       67       57      235      438      407      234      240      441      410      239      231      468      437      406
       30        7       77       67       57        8       78       68       58      240      441      410      239      245      444      413      244      236      471      440      409
       31        8       78       68       58        9       79       69       59      245      444      413      244      250      447      416      249      241      474      443      412
       32        9       79       69       59       10       80       70       60      250      447      416      249      254      449      418      253      246      477      446      415
       33       10       80       70       60      100      107      106      105      254      449      418      253      527      539      537      526      255      481      450      419
       34        1       71       81       11       99       92       91       98      209      453      258      206      508      504      505      522      210      454      484      259
       35        1       11       81       71        2       12       82       72      206      258      453      209      212      263      457      215      205      256      483      452
       36        2       12       82       72        3       13       83       73      212      263      457      215      217      267      460      220      211      261      486      456
       37        3       13       83       73        4       14       84       74      217      267      460      220      222      271      463      225      216      265      488      459
       38        4       14       84       74        5       15       85       75      222      271      463      225      227      275      466      230      221      269      490      462
       39        5       15       85       75        6       16       86       76      227      275      466      230      232      279      469      235      226      273      492      465
       40        6       16       86       76        7       17       87       77      232      279      469      235      237      283      472      240      231      277      494      468
       41        7       17       87       77        8       18       88       78      237      283      472      240      242      287      475      245      236      281      496      471
       42        8       18       88       78        9       19       89       79      242      287      475      245      247      291      478      250      241      285      498      474
       43        9       19       89       79       10       20       90       80      247      291      478      250      251      294      480      254      246      289      500      477
       44       10       20       90       80      100      101      108      107      251      294      480      254      524      529      541      527      255      295      502      481
       45       11       81      189      117       98       91      188      187      258      485      563      260      505      506      710      523      259      484      712      562
       46       11      117      189       81       12      124      190       82      260      563      485      258      264      584      487      263      256      561      714      483
       47       12      124      190       82       13      131      191       83      264      584      487      263      268      599      489      267      261      583      715      486
       48       13      131      191       83       14      138      192       84      268      599      489      267      272      614      491      271      265      598      716      488
       49       14      138      192       84       15      145      193       85      272      614      491      271      276      629      493      275      269      613      717      490
       50       15      145      193       85       16      152      194       86      276      629      493      275      280      644      495      279      273      628      718      492
       51       16      152      194       86       17      159      195       87      280      644      495      279      284      659      497      283      277      643      719      494
       52       17      159      195       87       18      166      196       88      284      659      497      283      288      674      499      287      281      658      720      496
       53       18      166      196       88       19      173      197       89      288      674      499      287      292      689      501      291      285      673      721      498
       54       19      173      197       89       20      180      198       90      292      689      501      291      296      703      503      294      289      688      722      500
       55       20      180      198       90      101      109      115      108      296      703      503      294      530      545      543      529      295      546      558      502
       56       11      117      118       21       98      187      199       97      260      560      300      257      523      711      521      520      259      562      566      299
       57       11       21      118      117       12       22      125      124      257      300      560      260      262      303      582      264      256      297      565      561
       58       12       22      125      124       13       23      132      131      262      303      582      264      266      306      597      268      261      301      586      583
       59       13       23      132      131       14       24      139      138      266      306      597      268      270      309      612      272      265      304      601      598
       60       14       24      139      138       15       25      146      145      270      309      612      272      274      312      627      276      269      307      616      613
       61       15       25      146      145       16       26      153      152      274      312      627      276      278      315      642      280      273      310      631      628
       62       16       26      153      152       17       27      160      159      278      315      642      280      282      318      657      284      277      313      646      643
       63       17       27      160      159       18       28      167      166      282      318      657      284      286      321      672      288      281      316      661      658
       64       18       28      167      166       19       29      174      173      286      321      672      288      290      324      687      292      285      319      676      673
       65       19       29      174      173       20       30      181      180      290      324      687      292      293      327      702      296      289      322      691      688
       66       20       30      181      180      101      102      110      109      293      327      702      296      528      532      544      530      295      326      548      546
       67       21      118      119       31       97      199      200       96      300      564      331      298      521      723      519      517      299      566      569      330
       68       21       31      119      118       22       32      126      125      298      331      564      300      302      334      585      303      297      328      568      565
       69       22       32      126      125       23       33      133      132      302      334      585      303      305      337      600      306      301      332      588      586
       70       23       33      133      132       24       34      140      139      305      337      600      306      308      340      615      309      304      335      603      601
       71       24       34      140      139       25       35      147      146      308      340      615      309      311      343      630      312      307      338      618      616
       72       25       35      147      146       26       36      154      153      311      343      630      312      314      346      645      315      310      341      633      631
       73       26       36      154      153       27       37      161      160      314      346      645      315      317      349      660      318      313      344      648      646
       74       27       37      161      160       28       38      168      167      317      349      660      318      320      352      675      321      316      347      663      661
       75       28       38      168      167       29       39      175      174      320      352      675      321      323      355      690      324      319      350      678      676
       76       29       39      175      174       30       40      182      181      323      355      690      324      325      358      704      327      322      353      693      691
       77       30       40      182      181      102      103      111      110      325      358      704      327      531      534      547      532      326      357      550      548
       78       31      119      120       41       96      200      201       95      331      567      362      329      519      724      516      515      330      569      572      361
       79       31       41      120      119       32       42      127      126      329      362      567      331      333      365      587      334      328      359      571      568
       80       32       42      127      126       33       43      134      133      333      365      587      334      336      368      602      337      332      363      590      588
       81       33       43      134      133       34       44      141      140      336      368      602      337      339      371      617      340      335      366      605      603
       82       34       44      141      140       35       45      148      147      339      371      617      340      342      374      632      343      338      369      620      618
       83       35       45      148      147       36       46      155      154      342      374      632      343      345      377      647      346      341      372      635      633
       84       36       46      155      154       37       47      162      161      345      377      647      346      348      380      662      349      344      375      650      648
       85       37       47      162      161       38       48      169      168      348      380      662      349      351      383      677      352      347      378      665      663
       86       38       48      169      168       39       49      176      175      351      383      677      352      354      386      692      355      350      381      680      678
       87       39       49      176      175       40       50      183      182      354      386      692      355      356      389      705      358      353      384      695      693
       88       40       50      183      182      103      104      112      111      356      389      705      358      533      536      549      534      357      388      552      550
       89       41      120      121       51       95      201      202       94      362      570      393      360      516      725      514      512      361      572      575      392
       90       41       51      121      120       42       52      128      127      360      393      570      362      364      396      589      365      359      390      574      571
       91       42       52      128      127       43       53      135      134      364      396      589      365      367      399      604      368      363      394      592      590
       92       43       53      135      134       44       54      142      141      367      399      604      368      370      402      619      371      366      397      607      605
       93       44       54      142      141       45       55      149      148      370      402      619      371      373      405      634      374      369      400      622      620
       94       45       55      149      148       46       56      156      155      373      405      634      374      376      408      649      377      372      403      637      635
       95       46       56      156      155       47       57      163      162      376      408      649      377      379      411      664      380      375      406      652      650
       96       47       57      163      162       48       58      170      169      379      411      664      380      382      414      679      383      378      409      667      665
       97       48       58      170      169       49       59      177      176      382      414      679      383      385      417      694      386      381      412      682      680
       98       49       59      177      176       50       60      184      183      385      417      694      386      387      420      706      389      384      415      697      695
       99       50       60      184      183      104      105      113      112      387      420      706      389      535      538      551      536      388      419      554      552
      100       51      121      122       61       94      202      203       93      393      573      424      391      514      726      511      510      392      575      578      423
      101       51       61      122      121       52       62      129      128      391      424      573      393      395      427      591      396      390      421      577      574
      102       52       62      129      128       53       63      136      135      395      427      591      396      398      430      606      399      394      425      594      592
      103       53       63      136      135       54       64      143      142      398      430      606      399      401      433      621      402      397      428      609      607
      104       54       64      143      142       55       65      150      149      401      433      621      402      404      436      636      405      400      431      624      622
      105       55       65      150      149       56       66      157      156      404      436      636      405      407      439      651      408      403      434      639      637
      106       56       66      157      156       57       67      164      163      407      439      651      408      410      442      666      411      406      437      654      652
      107       57       67      164      163       58       68      171      170      410      442      666      411      413      445      681      414      409      440      669      667
      108       58       68      171      170       59       69      178      177      413      445      681      414      416      448      696      417      412      443      684      682
      109       59       69      178      177       60       70      185      184      416      448      696      417      418      451      707      420      415      446      699      697
      110       60       70      185      184      105      106      114      113      418      451      707      420      537      540      553      538      419      450      556      554
      111       61      122      123       71       93      203      204       92      424      576      455      422      511      727      509      507      423      578      581      454
      112       61       71      123      122       62       72      130      129      422      455      576      424      426      458      593      427      421      452      579      577
      113       62       72      130      129       63       73      137      136      426      458      593      427      429      461      608      430      425      456      595      594
      114       63       73      137      136       64       74      144      143      429      461      608      430      432      464      623      433      428      459      610      609
      115       64       74      144      143       65       75      151      150      432      464      623      433      435      467      638      436      431      462      625      624
      116       65       75      151      150       66       76      158      157      435      467      638      436      438      470      653      439      434      465      640      639
      117       66       76      158      157       67       77      165      164      438      470      653      439      441      473      668      442      437      468      655      654
      118       67       77      165      164       68       78      172      171      441      473      668      442      444      476      683      445      440      471      670      669
      119       68       78      172      171       69       79      179      178      444      476      683      445      447      479      698      448      443      474      685      684
      120       69       79      179      178       70       80      186      185      447      479      698      448      449      482      708      451      446      477      700      699
      121       70       80      186      185      106      107      116      114      449      482      708      451      539      542      555      540      450      481      559      556
      122       71      123      189       81       92      204      188       91      455      580      485      453      509      713      506      504      454      581      712      484
      123       71       81      189      123       72       82      190      130      453      485      580      455      457      487      596      458      452      483      714      579
      124       72       82      190      130       73       83      191      137      457      487      596      458      460      489      611      461      456      486      715      595
      125       73       83      191      137       74       84      192      144      460      489      611      461      463      491      626      464      459      488      716      610
      126       74       84      192      144       75       85      193      151      463      491      626      464      466      493      641      467      462      490      717      625
      127       75       85      193      151       76       86      194      158      466      493      641      467      469      495      656      470      465      492      718      640
      128       76       86      194      158       77       87      195      165      469      495      656      470      472      497      671      473      468      494      719      655
      129       77       87      195      165       78       88      196      172      472      497      671      473      475      499      686      476      471      496      720      670
      130       78       88      196      172       79       89      197      179      475      499      686      476      478      501      701      479      474      498      721      685
      131       79       89      197      179       80       90      198      186      478      501      701      479      480      503      709      482      477      500      722      700
      132       80       90      198      186      107      108      115      116      480      503      709      482      541      543      557      542      481      502      558      559
-1
secnum,1    ! reset the section ID to default
! Material Id = {243B22CF-70EA-41CB-8FBD-782DCD1AA89B}
/com,*********** Elements for Body 2 'u shape' ***********
et,2,187
MAT,2 $ TYPE,2 $ REAL,2 $ SECNUM,2 $ ESYS,0    ! ELEMNODES = 10
eblock,21,COMPACT,,473
(21i9)
      133      763      799      887      877     1121     1355     1126     1124     1354     1644
      134      757      887      799      877     1088     1355     1081     1085     1644     1354
      135      759      763      799      887     1097     1121     1098     1101     1126     1355
      136      757      799      887      759     1081     1355     1088     1080     1098     1101
      137      757      887      877      878     1088     1644     1085     1086     1646     1640
      138      757      759      887      878     1080     1101     1088     1086     1100     1646
      139      758      806      887      759     1092     1388     1096     1089     1099     1101
      140      758      887      763      759     1096     1126     1090     1089     1101     1097
      141      763      877      887      880     1124     1644     1126     1125     1642     1649
      142      877      878      887      880     1640     1646     1644     1642     1645     1649
      143      759      806      887      878     1099     1388     1101     1100     1386     1646
      144      806      887      878      880     1388     1646     1386     1387     1649     1645
      145      743      800      886      872      989     1360      996      995     1359     1628
      146      743      886      869      872      996     1618      994      995     1628     1617
      147      743      788      886      800      988     1292      996      989     1287     1360
      148      743      886      804      869      996     1379      990      994     1618     1378
      149      743      804      886      788      990     1379      996      988     1288     1292
      150      804      886      832      869     1379     1497     1375     1378     1618     1496
      151      788      804      886      832     1288     1379     1292     1290     1375     1497
      152      791      886      824      872     1310     1472     1307     1309     1628     1470
      153      791      828      824      886     1308     1466     1307     1310     1488     1472
      154      791      808      886      872     1305     1400     1310     1309     1399     1628
      155      791      808      828      886     1305     1396     1308     1310     1400     1488
      156      828      832      886      869     1485     1497     1488     1487     1496     1618
      157      788      886      828      832     1292     1488     1289     1290     1497     1485
      158      824      886      833      872     1472     1500     1468     1470     1628     1499
      159      824      833      886      828     1468     1500     1472     1466     1486     1488
      160      808      869      886      872     1398     1618     1400     1399     1617     1628
      161      808      828      886      869     1396     1488     1400     1398     1487     1618
      162      788      886      833      828     1292     1500     1291     1289     1488     1486
      163      788      833      886      800     1291     1500     1292     1287     1356     1360
      164      800      833      886      872     1356     1500     1360     1359     1499     1628
      165      756      885      757      877     1079     1087     1071     1078     1643     1085
      166      756      885      838      757     1079     1535     1074     1071     1087     1082
      167      756      849      885      873     1075     1570     1079     1076     1569     1632
      168      756      849      838      885     1075     1532     1074     1079     1570     1535
      169      756      873      885      877     1076     1632     1079     1078     1630     1643
      170      757      885      838      875     1087     1535     1082     1084     1637     1534
      171      836      849      885      838     1519     1570     1523     1517     1532     1535
      172      849      870      885      873     1568     1622     1570     1569     1620     1632
      173      836      885      849      870     1523     1570     1519     1520     1622     1568
      174      836      838      885      871     1517     1535     1523     1521     1533     1626
      175      783      885      798      875     1255     1352     1249     1254     1637     1348
      176      782      798      783      885     1242     1249     1241     1248     1352     1255
      177      798      885      873      877     1352     1632     1347     1349     1643     1630
      178      798      875      885      877     1348     1637     1352     1349     1634     1643
      179      836      885      870      871     1523     1622     1520     1521     1626     1619
      180      783      871      885      875     1252     1626     1255     1254     1624     1637
      181      782      885      783      871     1248     1255     1241     1246     1626     1252
      182      782      798      885      873     1242     1352     1248     1247     1347     1632
      183      782      885      870      873     1248     1622     1245     1247     1632     1620
      184      782      870      885      871     1245     1622     1248     1246     1619     1626
      185      784      825      785      805     1260     1267     1256     1259     1380     1266
      186      785      786      803      831     1264     1272     1265     1268     1275     1368
      187      796      815      831      797     1336     1425     1339     1335     1341     1344
      188      739      803      845      740      961     1370      964      958      968      971
      189      740      805      842      741      969     1381      970      966      976      977
      190      734      842      751      819      930     1045      928      929     1442     1044
      191      751      815      845      752     1043     1426     1046     1042     1049     1052
      192      739      840      845      803      963     1539      964      961     1369     1370
      193      784      826      802      789     1261     1364     1258     1257     1295     1293
      194      795      827      796      816     1333     1338     1329     1330     1430     1337
      195      741      742      802      843      973      983      975      978      985     1365
      196      752      816      840      753     1050     1432     1051     1048     1055     1058
      197      753      816      840      835     1055     1432     1058     1057     1431     1512
      198      738      739      801      835      949      960      953      954      962     1361
      199      788      804      832      789     1288     1375     1290     1286     1294     1296
      200      753      818      816      835     1056     1429     1055     1057     1439     1431
      201      794      818      823      795     1324     1438     1326     1323     1331     1332
      202      742      743      804      846      981      990      984      986      993     1376
      203      792      832      807      793     1315     1391     1312     1311     1320     1317
      204      745      807      746      846     1005     1012     1004     1008     1392     1015
      205      780      820      829      794     1228     1446     1230     1227     1325     1327
      206      738      743      837      800      950      991      955      952      989     1357
      207      791      808      792      828     1305     1313     1304     1308     1396     1314
      208      746      808      747      841     1013     1018     1011     1014     1397     1020
      209      787      833      788      800     1283     1291     1278     1279     1356     1287
      210      790      791      824      810     1298     1307     1301     1299     1306     1405
      211      747      748      844      810     1017     1026     1021     1019     1024     1406
      212      750      821      755      849     1038     1067     1034     1039     1449     1069
      213      748      812      749      848     1025     1029     1023     1027     1413     1032
      214      744      749      813      847      997     1030     1001     1002     1031     1416
      215      768      852      853      769     1152     1576     1153     1150     1157     1158
      216      797      815      859      819     1341     1427     1345     1342     1424     1443
      217      797      859      815      831     1345     1427     1341     1344     1493     1425
      218      751      815      819      859     1043     1424     1044     1047     1427     1443
      219      751      845      815      859     1046     1426     1043     1047     1559     1427
      220      797      825      859      831     1343     1474     1345     1344     1473     1493
      221      785      859      805      825     1269     1382     1266     1267     1474     1380
      222      785      859      825      831     1269     1474     1267     1268     1493     1473
      223      740      842      805      859      970     1381      969      972     1548     1382
      224      740      845      842      859      971     1546      970      972     1559     1548
      225      751      819      842      859     1044     1442     1045     1047     1443     1548
      226      751      842      845      859     1045     1546     1046     1047     1548     1559
      227      740      805      785      859      969     1266      967      972     1382     1269
      228      740      845      859      803      971     1559      972      968     1370     1371
      229      740      859      785      803      972     1269      967      968     1371     1265
      230      785      859      831      803     1269     1493     1268     1265     1371     1368
      231      732      857      860      856      919     1595      920      918     1591     1593
      232      736      860      857      856      942     1595      941      940     1593     1591
      233      805      860      825      859     1383     1475     1380     1382     1601     1474
      234      784      805      860      825     1259     1383     1262     1260     1380     1475
      235      732      825      784      860      916     1260      915      920     1475     1262
      236      731      860      825      732      912     1475      910      909      920      916
      237      731      857      860      732      911     1595      912      909      919      920
      238      805      842      860      859     1381     1549     1383     1382     1548     1601
      239      741      805      842      860      976     1381      977      979     1383     1549
      240      736      842      860      741      938     1549      942      937      977      979
      241      733      858      861      826      924     1597      925      922     1478     1479
      242      733      861      858      856      925     1597      924      923     1594     1592
      243      737      858      861      856      946     1597      947      945     1592     1594
      244      737      861      858      843      947     1597      946      944     1553     1552
      245      736      741      861      843      937      980      943      939      978     1553
      246      736      856      861      860      940     1594      943      942     1593     1604
      247      736      861      741      860      943      980      937      942     1604      979
      248      732      861      784      826      921     1263      915      917     1479     1261
      249      732      861      856      860      921     1594      918      920     1604     1593
      250      732      784      861      860      915     1263      921      920     1262     1604
      251      732      733      861      826      914      925      921      917      922     1479
      252      732      861      733      856      921      925      914      918     1594      923
      253      736      737      861      856      936      947      943      940      945     1594
      254      736      861      737      843      943      947      936      939     1553      944
      255      784      826      861      802     1261     1479     1263     1258     1364     1366
      256      741      861      843      802      980     1553      978      975     1366     1365
      257      741      784      861      802      974     1263      980      975     1258     1366
      258      730      862      731      857      908      913      902      907     1596      911
      259      730      731      862      825      902      913      908      906      910     1476
      260      730      825      862      797      906     1476      908      904     1343     1346
      261      730      797      862      819      904     1346      908      905     1342     1444
      262      730      862      857      734      908     1596      907      903      932      931
      263      730      862      734      819      908      932      903      905     1444      929
      264      797      862      819      859     1346     1444     1342     1345     1602     1443
      265      797      825      862      859     1343     1476     1346     1345     1474     1602
      266      819      862      842      859     1444     1550     1442     1443     1602     1548
      267      825      862      859      860     1476     1602     1474     1475     1605     1601
      268      734      862      842      819      932     1550      930      929     1444     1442
      269      842      859      862      860     1548     1602     1550     1549     1601     1605
      270      842      862      857      860     1550     1596     1547     1549     1605     1595
      271      796      863      815      816     1340     1428     1336     1337     1433     1423
      272      796      827      863      816     1338     1483     1340     1337     1430     1433
      273      796      863      827      831     1340     1483     1338     1339     1494     1482
      274      796      815      863      831     1336     1428     1340     1339     1425     1494
      275      752      816      815      863     1050     1423     1049     1053     1433     1428
      276      752      815      845      863     1049     1426     1052     1053     1428     1560
      277      803      840      845      863     1369     1539     1370     1372     1540     1560
      278      803      863      845      859     1372     1560     1370     1371     1603     1559
      279      815      845      863      859     1426     1560     1428     1427     1559     1603
      280      786      827      863      831     1274     1483     1276     1275     1482     1494
      281      786      831      863      803     1275     1494     1276     1272     1368     1372
      282      803      831      863      859     1368     1494     1372     1371     1493     1603
      283      815      863      831      859     1428     1494     1425     1427     1603     1493
      284      752      840      816      863     1051     1432     1050     1053     1540     1433
      285      752      845      840      863     1052     1539     1051     1053     1560     1540
      286      739      864      840      803      965     1541      963      961     1373     1369
      287      739      840      864      835      963     1541      965      962     1512     1513
      288      816      864      840      835     1434     1541     1432     1431     1513     1512
      289      786      827      823      864     1274     1460     1273     1277     1484     1462
      290      803      864      840      863     1373     1541     1369     1372     1607     1540
      291      739      786      864      803      959     1277      965      961     1272     1373
      292      739      835      864      801      962     1513      965      960     1361     1362
      293      816      818      864      835     1429     1440     1434     1431     1439     1513
      294      816      864      827      863     1434     1484     1430     1433     1607     1483
      295      816      840      864      863     1432     1541     1434     1433     1540     1607
      296      795      827      816      864     1333     1430     1330     1334     1484     1434
      297      795      823      827      864     1332     1460     1333     1334     1462     1484
      298      786      864      803      863     1277     1373     1272     1276     1607     1372
      299      786      827      864      863     1274     1484     1277     1276     1483     1607
      300      739      864      786      801      965     1277      959      960     1362     1271
      301      795      818      823      864     1331     1438     1332     1334     1440     1462
      302      795      816      818      864     1330     1429     1331     1334     1434     1440
      303      786      864      823      787     1277     1462     1273     1270     1284     1282
      304      786      864      787      801     1277     1284     1270     1271     1362     1280
      305      728      733      865      858      889      926      894      893      924     1598
      306      733      865      858      826      926     1598      924      922     1480     1478
      307      728      865      733      826      894      926      889      892     1480      922
      308      728      865      826      793      894     1480      892      890     1321     1319
      309      728      865      793      811      894     1321      890      891     1409     1318
      310      789      866      804      832     1297     1377     1294     1296     1495     1375
      311      789      826      866      832     1295     1481     1297     1296     1477     1495
      312      789      866      826      802     1297     1481     1295     1293     1367     1364
      313      742      866      804      789      987     1377      984      982     1297     1294
      314      802      866      826      861     1367     1481     1364     1366     1606     1479
      315      802      843      866      861     1365     1554     1367     1366     1553     1606
      316      826      866      858      861     1481     1599     1478     1479     1606     1597
      317      826      858      866      865     1478     1599     1481     1480     1598     1610
      318      843      858      866      861     1552     1599     1554     1553     1597     1606
      319      793      866      826      832     1322     1481     1319     1320     1495     1477
      320      793      826      866      865     1319     1481     1322     1321     1480     1610
      321      742      843      866      802      985     1554      987      983     1365     1367
      322      742      866      789      802      987     1297      982      983     1367     1293
      323      742      866      843      846      987     1554      985      986     1561     1551
      324      742      804      866      846      984     1377      987      986     1376     1561
      325      804      866      807      832     1377     1393     1374     1375     1495     1391
      326      804      807      866      846     1374     1393     1377     1376     1392     1561
      327      793      866      811      865     1322     1410     1318     1321     1610     1409
      328      793      866      807      811     1322     1393     1317     1318     1410     1390
      329      793      807      866      832     1317     1393     1322     1320     1391     1495
      330      745      843      866      846     1007     1554     1009     1008     1551     1561
      331      745      807      866      811     1005     1393     1009     1006     1390     1410
      332      745      866      807      846     1009     1393     1005     1008     1561     1392
      333      843      858      867      866     1552     1600     1555     1554     1599     1612
      334      737      858      867      843      946     1600      948      944     1552     1555
      335      729      843      737      867      899      944      896      901     1555      948
      336      729      737      858      867      896      946      900      901      948     1600
      337      729      745      843      867      897     1007      899      901     1010     1555
      338      729      811      745      867      898     1006      897      901     1411     1010
      339      745      843      867      866     1007     1555     1010     1009     1554     1612
      340      745      867      811      866     1010     1411     1006     1009     1612     1410
      341      858      865      867      866     1598     1611     1600     1599     1610     1612
      342      811      867      865      866     1411     1611     1409     1410     1612     1610
      343      728      858      867      729      893     1600      895      888      900      901
      344      728      867      858      865      895     1600      893      894     1611     1598
      345      728      867      811      729      895     1411      891      888      901      898
      346      728      811      867      865      891     1411      895      894     1409     1611
      347      787      823      822      868     1282     1452     1281     1285     1463     1457
      348      787      822      833      868     1281     1456     1283     1285     1457     1498
      349      787      868      833      800     1285     1498     1283     1279     1358     1356
      350      738      868      787      800      957     1285      951      952     1358     1279
      351      738      868      800      837      957     1358      952      955     1527     1357
      352      738      868      837      839      957     1527      955      956     1536     1524
      353      738      787      868      801      951     1285      957      953     1280     1363
      354      738      835      868      839      954     1514      957      956     1511     1536
      355      822      868      824      833     1457     1469     1453     1456     1498     1468
      356      787      868      801      864     1285     1363     1280     1284     1608     1362
      357      787      823      868      864     1282     1463     1285     1284     1462     1608
      358      738      868      835      801      957     1514      954      953     1363     1361
      359      801      868      835      864     1363     1514     1361     1362     1608     1513
      360      792      808      869      828     1313     1398     1316     1314     1396     1487
      361      792      828      869      832     1314     1487     1316     1315     1485     1496
      362      804      807      869      832     1374     1394     1378     1375     1391     1496
      363      804      869      807      846     1378     1394     1374     1376     1562     1392
      364      746      869      808      841     1016     1398     1013     1014     1544     1397
      365      746      846      869      841     1015     1562     1016     1014     1543     1544
      366      743      869      804      846      994     1378      990      993     1562     1376
      367      743      869      846      841      994     1562      993      992     1544     1543
      368      792      807      869      808     1312     1394     1316     1313     1389     1398
      369      792      869      807      832     1316     1394     1312     1315     1496     1391
      370      746      846      807      869     1015     1392     1012     1016     1562     1394
      371      746      807      808      869     1012     1389     1013     1016     1394     1398
      372      755      870      836      849     1070     1520     1068     1069     1568     1519
      373      780      829      870      782     1230     1489     1231     1226     1244     1245
      374      780      870      829      820     1231     1489     1230     1228     1447     1446
      375      754      836      755      870     1063     1068     1059     1064     1520     1070
      376      754      870      755      820     1064     1070     1059     1061     1447     1066
      377      755      870      821      820     1070     1450     1067     1066     1447     1445
      378      755      821      870      849     1067     1450     1070     1069     1449     1568
      379      780      821      870      820     1229     1450     1231     1228     1445     1447
      380      782      822      829      871     1243     1454     1244     1246     1458     1490
      381      834      836      871      838     1501     1521     1507     1503     1517     1533
      382      782      783      822      871     1241     1250     1243     1246     1252     1458
      383      834      836      839      871     1501     1518     1504     1507     1521     1537
      384      782      871      829      870     1246     1490     1244     1245     1619     1489
      385      835      839      871      868     1511     1537     1515     1514     1536     1613
      386      837      844      872      841     1526     1557     1528     1525     1542     1545
      387      808      872      841      869     1399     1545     1397     1398     1617     1544
      388      747      810      844      872     1019     1406     1021     1022     1407     1557
      389      747      844      841      872     1021     1542     1020     1022     1557     1545
      390      743      800      872      837      989     1359      995      991     1357     1528
      391      743      837      872      841      991     1528      995      992     1525     1545
      392      743      841      872      869      992     1545      995      994     1544     1617
      393      824      872      833      868     1470     1499     1468     1469     1614     1498
      394      747      808      810      872     1018     1395     1019     1022     1399     1407
      395      747      841      808      872     1020     1397     1018     1022     1545     1399
      396      791      872      824      810     1309     1470     1307     1306     1407     1405
      397      791      808      872      810     1305     1399     1309     1306     1395     1407
      398      800      872      837      868     1359     1528     1357     1358     1614     1527
      399      800      833      872      868     1356     1499     1359     1358     1498     1614
      400      781      821      814      873     1237     1420     1235     1238     1451     1421
      401      750      814      821      873     1037     1420     1038     1040     1421     1451
      402      750      873      821      849     1040     1451     1038     1039     1569     1449
      403      781      873      798      782     1238     1347     1234     1233     1247     1242
      404      750      873      849      756     1040     1569     1039     1035     1076     1075
      405      821      849      873      870     1449     1569     1451     1450     1568     1620
      406      780      873      821      781     1232     1451     1229     1225     1238     1237
      407      780      873      781      782     1232     1238     1225     1226     1247     1233
      408      780      873      782      870     1232     1247     1226     1231     1620     1245
      409      780      821      873      870     1229     1451     1232     1231     1450     1620
      410      834      844      848      874     1505     1556     1506     1508     1558     1566
      411      748      844      874      848     1026     1558     1028     1027     1556     1566
      412      748      874      812      848     1028     1414     1025     1027     1566     1413
      413      834      837      844      874     1502     1526     1505     1508     1529     1558
      414      837      844      874      872     1526     1558     1529     1528     1557     1627
      415      810      874      844      872     1408     1558     1406     1407     1627     1557
      416      748      874      844      810     1028     1558     1026     1024     1408     1406
      417      748      812      874      810     1025     1414     1028     1024     1404     1408
      418      790      874      812      810     1303     1414     1300     1299     1408     1404
      419      783      822      874      830     1250     1459     1253     1251     1455     1492
      420      783      874      822      871     1253     1459     1250     1252     1623     1458
      421      822      824      874      830     1453     1471     1459     1455     1467     1492
      422      837      874      868      872     1529     1615     1527     1528     1627     1614
      423      810      824      874      872     1405     1471     1408     1407     1470     1627
      424      822      874      868      871     1459     1615     1457     1458     1623     1613
      425      822      874      824      868     1459     1471     1453     1457     1615     1469
      426      824      868      874      872     1469     1615     1471     1470     1614     1627
      427      834      839      837      874     1504     1524     1502     1508     1538     1529
      428      837      874      839      868     1529     1538     1524     1527     1615     1536
      429      839      868      874      871     1536     1615     1538     1537     1613     1623
      430      834      839      874      871     1504     1538     1508     1507     1537     1623
      431      757      875      838      847     1084     1534     1082     1083     1564     1530
      432      838      875      848      847     1534     1567     1531     1530     1564     1563
      433      749      875      813      847     1033     1417     1030     1031     1564     1416
      434      749      848      875      847     1032     1567     1033     1031     1563     1564
      435      783      871      875      874     1252     1624     1254     1253     1623     1633
      436      834      875      848      838     1509     1567     1506     1503     1534     1531
      437      834      848      875      874     1506     1567     1509     1508     1566     1633
      438      778      783      779      875     1210     1217     1209     1216     1254     1222
      439      778      875      779      813     1216     1222     1209     1213     1417     1221
      440      812      875      848      874     1415     1567     1413     1414     1633     1566
      441      834      875      871      874     1509     1624     1507     1508     1633     1623
      442      778      812      875      813     1212     1415     1216     1213     1412     1417
      443      778      875      812      874     1216     1415     1212     1215     1633     1414
      444      750      756      876      873     1035     1077     1041     1040     1076     1629
      445      750      876      814      873     1041     1422     1037     1040     1629     1421
      446      760      762      876      761     1103     1118     1108     1102     1110     1113
      447      760      876      814      761     1108     1422     1105     1102     1113     1112
      448      750      814      876      761     1037     1422     1041     1036     1112     1113
      449      750      761      876      756     1036     1113     1041     1035     1072     1077
      450      761      799      762      876     1111     1115     1110     1113     1353     1118
      451      756      799      761      876     1073     1111     1072     1077     1353     1113
      452      760      814      876      817     1105     1422     1108     1106     1419     1435
      453      781      876      814      817     1239     1422     1235     1236     1435     1419
      454      781      814      876      873     1235     1422     1239     1238     1421     1629
      455      762      799      763      877     1115     1121     1114     1119     1354     1124
      456      762      763      853      877     1114     1122     1116     1119     1124     1581
      457      762      799      877      876     1115     1354     1119     1118     1353     1638
      458      756      799      877      757     1073     1354     1078     1071     1081     1085
      459      756      873      877      876     1076     1630     1078     1077     1629     1638
      460      756      877      799      876     1078     1354     1073     1077     1638     1353
      461      776      877      853      777     1198     1581     1197     1194     1205     1204
      462      776      798      877      777     1196     1349     1198     1194     1203     1205
      463      757      847      878      875     1083     1565     1086     1084     1564     1635
      464      744      878      757      847     1003     1086      998     1002     1565     1083
      465      813      878      847      875     1418     1565     1416     1417     1635     1564
      466      779      878      806      813     1223     1386     1219     1221     1418     1385
      467      779      878      813      875     1223     1418     1221     1222     1635     1417
      468      744      878      806      759     1003     1386     1000      999     1100     1099
      469      744      757      878      759      998     1086     1003      999     1080     1100
      470      744      813      806      878     1001     1385     1000     1003     1418     1386
      471      744      813      878      847     1001     1418     1003     1002     1416     1565
      472      760      879      817      876     1109     1436     1106     1108     1639     1435
      473      775      781      879      776     1190     1240     1192     1189     1195     1199
      474      775      879      781      817     1192     1240     1190     1191     1436     1236
      475      873      876      879      877     1629     1639     1631     1630     1638     1641
      476      781      879      873      876     1240     1631     1238     1239     1639     1629
      477      781      817      879      876     1236     1436     1240     1239     1435     1639
      478      762      879      876      877     1120     1639     1118     1119     1641     1638
      479      776      879      853      877     1199     1582     1197     1198     1641     1581
      480      798      873      879      877     1347     1631     1350     1349     1630     1641
      481      762      853      854      879     1116     1579     1117     1120     1582     1587
      482      762      853      879      877     1116     1582     1120     1119     1581     1641
      483      777      880      798      877     1206     1351     1203     1205     1642     1349
      484      777      853      880      877     1204     1583     1206     1205     1581     1642
      485      777      779      798      880     1202     1218     1203     1206     1224     1351
      486      774      779      777      880     1185     1202     1184     1187     1224     1206
      487      774      809      779      880     1186     1220     1185     1187     1402     1224
      488      779      880      809      806     1224     1402     1220     1219     1387     1384
      489      779      880      806      878     1224     1387     1219     1223     1645     1386
      490      763      855      853      880     1123     1580     1122     1125     1589     1583
      491      763      880      853      877     1125     1583     1122     1124     1642     1581
      492      766      775      767      881     1141     1145     1138     1144     1193     1149
      493      775      881      776      879     1193     1200     1189     1192     1647     1199
      494      767      854      881      879     1147     1588     1149     1148     1587     1647
      495      766      771      775      881     1140     1167     1141     1144     1169     1193
      496      766      851      771      881     1142     1168     1140     1144     1575     1169
      497      766      767      854      881     1138     1147     1143     1144     1149     1588
      498      772      775      881      776     1171     1193     1176     1172     1189     1200
      499      771      851      772      881     1168     1174     1166     1169     1575     1176
      500      771      881      772      775     1169     1176     1166     1167     1193     1171
      501      766      881      854      768     1144     1588     1143     1139     1155     1154
      502      766      851      881      768     1142     1575     1144     1139     1151     1155
      503      768      852      851      881     1152     1574     1151     1155     1577     1575
      504      853      881      854      879     1584     1588     1579     1582     1647     1587
      505      768      853      852      881     1153     1576     1152     1155     1584     1577
      506      768      854      853      881     1154     1579     1153     1155     1588     1584
      507      776      853      882      777     1197     1585     1201     1194     1204     1207
      508      772      776      882      777     1172     1201     1177     1173     1194     1207
      509      852      853      882      881     1576     1585     1578     1577     1584     1650
      510      772      882      776      881     1177     1201     1172     1176     1650     1200
      511      772      773      882      852     1170     1182     1177     1175     1181     1578
      512      772      882      773      777     1177     1182     1170     1173     1207     1179
      513      769      852      853      882     1157     1576     1158     1160     1578     1585
      514      773      882      852      850     1182     1578     1181     1180     1572     1571
      515      769      850      852      882     1156     1571     1157     1160     1572     1578
      516      773      777      883      774     1179     1208     1183     1178     1184     1188
      517      777      883      853      882     1208     1586     1204     1207     1651     1585
      518      769      883      850      882     1161     1573     1156     1160     1651     1572
      519      770      773      850      883     1162     1180     1164     1165     1183     1573
      520      770      773      883      774     1162     1183     1165     1163     1178     1188
      521      809      883      855      880     1403     1590     1401     1402     1648     1589
      522      774      883      809      880     1188     1403     1186     1187     1648     1402
      523      774      777      883      880     1184     1208     1188     1187     1206     1648
      524      765      809      774      883     1135     1186     1134     1137     1403     1188
      525      765      855      809      883     1136     1401     1135     1137     1590     1403
      526      764      774      883      765     1130     1188     1133     1127     1134     1137
      527      764      883      855      765     1133     1590     1132     1127     1137     1136
      528      764      774      770      883     1130     1163     1129     1133     1188     1165
      529      764      770      850      883     1129     1164     1131     1133     1165     1573
      530      836      870      884      871     1520     1621     1522     1521     1619     1625
      531      829      884      870      871     1491     1621     1489     1490     1625     1619
      532      754      835      836      884     1062     1510     1063     1065     1516     1522
      533      754      884      836      870     1065     1522     1063     1064     1621     1520
      534      754      818      884      820     1060     1441     1065     1061     1437     1448
      535      754      820      884      870     1061     1448     1065     1064     1447     1621
      536      820      829      884      870     1446     1491     1448     1447     1489     1621
      537      823      884      829      871     1465     1491     1461     1464     1625     1490
      538      794      884      818      820     1328     1441     1324     1325     1448     1437
      539      794      829      884      820     1327     1491     1328     1325     1446     1448
      540      794      823      818      884     1326     1438     1324     1328     1465     1441
      541      794      829      823      884     1327     1461     1326     1328     1491     1465
      542      818      835      884      864     1439     1516     1441     1440     1513     1609
      543      818      884      823      864     1441     1465     1438     1440     1609     1462
      544      823      868      884      871     1463     1616     1465     1464     1613     1625
      545      835      884      868      871     1516     1616     1514     1515     1625     1613
      546      823      864      884      868     1462     1609     1465     1463     1608     1616
      547      835      884      864      868     1516     1609     1513     1514     1616     1608
      548      776      798      781      879     1196     1234     1195     1199     1350     1240
      549      790      874      824      830     1303     1471     1301     1302     1492     1467
      550      790      824      874      810     1301     1471     1303     1299     1405     1408
      551      749      812      875      848     1029     1415     1033     1032     1413     1567
      552      749      875      812      813     1033     1415     1029     1030     1417     1412
      553      760      879      767      817     1109     1148     1104     1106     1436     1146
      554      760      767      879      854     1104     1148     1109     1107     1147     1587
      555      731      862      860      857      913     1605      912      911     1596     1595
      556      731      860      862      825      912     1605      913      910     1475     1476
      557      736      842      857      860      938     1547      941      942     1549     1595
      558      735      857      736      842      935      941      933      934     1547      938
      559      741      860      784      805      979     1262      974      976     1383     1259
      560      741      784      860      861      974     1262      979      980     1263     1604
      561      734      857      842      862      931     1547      930      932     1596     1550
      562      734      842      857      735      930     1547      931      927      934      935
      563      822      823      871      868     1452     1464     1458     1457     1463     1613
      564      822      871      823      829     1458     1464     1452     1454     1490     1461
      565      778      874      790      830     1215     1303     1211     1214     1492     1302
      566      778      790      874      812     1211     1303     1215     1212     1300     1414
      567      778      874      783      875     1215     1253     1210     1216     1633     1254
      568      778      783      874      830     1210     1253     1215     1214     1251     1492
      569      760      762      879      876     1103     1120     1109     1108     1118     1639
      570      760      879      762      854     1109     1120     1103     1107     1587     1117
      571      875      877      880      878     1634     1642     1636     1635     1640     1645
      572      798      875      877      880     1348     1634     1349     1351     1636     1642
      573      779      875      880      878     1222     1636     1224     1223     1635     1645
      574      853      883      880      855     1586     1648     1583     1580     1590     1589
      575      777      880      853      883     1206     1583     1204     1208     1648     1586
      576      758      809      855      880     1093     1401     1094     1095     1402     1589
      577      758      855      809      765     1094     1401     1093     1091     1136     1135
      578      779      798      875      783     1218     1348     1222     1217     1249     1254
      579      779      875      798      880     1222     1348     1218     1224     1636     1351
      580      767      775      879      881     1145     1192     1148     1149     1193     1647
      581      767      879      775      817     1148     1192     1145     1146     1436     1191
      582      776      853      881      882     1197     1584     1200     1201     1585     1650
      583      776      881      853      879     1200     1584     1197     1199     1647     1582
      584      772      852      881      851     1175     1577     1176     1174     1574     1575
      585      772      881      852      882     1176     1577     1175     1177     1650     1578
      586      773      883      882      850     1183     1651     1182     1180     1573     1572
      587      773      882      883      777     1182     1651     1183     1179     1207     1208
      588      769      883      853      855     1161     1586     1158     1159     1590     1580
      589      769      853      883      882     1158     1586     1161     1160     1585     1651
      590      764      883      769      855     1133     1161     1128     1132     1590     1159
      591      764      769      883      850     1128     1161     1133     1131     1156     1573
      592      754      818      835      884     1060     1439     1062     1065     1441     1516
      593      753      818      835      754     1056     1439     1057     1054     1060     1062
      594      835      871      836      884     1515     1521     1510     1516     1625     1522
      595      835      836      871      839     1510     1521     1515     1511     1518     1537
      596      781      879      798      873     1240     1350     1234     1238     1631     1347
      597      758      763      880      855     1090     1125     1095     1094     1123     1589
      598      758      880      763      887     1095     1125     1090     1096     1649     1126
      599      758      806      880      887     1092     1387     1095     1096     1388     1649
      600      758      880      806      809     1095     1387     1092     1093     1402     1384
      601      757      875      877      885     1084     1634     1085     1087     1637     1643
      602      757      877      875      878     1085     1634     1084     1086     1640     1635
      603      834      875      838      871     1509     1534     1503     1507     1624     1533
      604      838      871      875      885     1533     1624     1534     1535     1626     1637
      605      776      798      879      877     1196     1350     1199     1198     1349     1641
-1
secnum,1    ! reset the section ID to default
! Material Id = {F4FC650A-230B-436A-A5B8-955A52075CA3}
/com,*********** Elements for Body 3 'york' ***********
et,3,187
MAT,3 $ TYPE,3 $ REAL,3 $ SECNUM,3 $ ESYS,0    ! ELEMNODES = 10
eblock,21,COMPACT,,859
(21i9)
      606     1761     1936     1840     1933     2656     3044     2654     2655     3310     3043
      607     1761     1936     1831     1840     2656     2973     2653     2654     3044     2968
      608     1840     1936     1861     1933     3044     3154     3039     3043     3310     3153
      609     1762     1831     1936     1911     2658     2973     2661     2660     2971     3298
      610     1761     1831     1936     1762     2653     2973     2656     2652     2658     2661
      611     1840     1875     1861     1936     3042     3152     3039     3044     3205     3154
      612     1831     1936     1875     1840     2973     3205     2970     2968     3044     3042
      613     1737     1936     1761     1933     2516     2656     2512     2515     3310     2655
      614     1736     1761     1737     1936     2503     2512     2502     2509     2656     2516
      615     1736     1762     1936     1911     2504     2661     2509     2508     2660     3298
      616     1736     1761     1936     1762     2503     2656     2509     2504     2652     2661
      617     1831     1875     1936     1911     2970     3205     2973     2971     3203     3298
      618     1737     1861     1936     1933     2513     3154     2516     2515     3153     3310
      619     1736     1737     1861     1936     2502     2513     2506     2509     2516     3154
      620     1736     1936     1875     1911     2509     3205     2507     2508     3298     3203
      621     1736     1861     1875     1936     2506     3152     2507     2509     3154     3205
      622     1843     1873     1935     1918     3058     3198     3061     3060     3197     3306
      623     1843     1935     1873     1858     3061     3198     3058     3057     3142     3140
      624     1765     1843     1935     1918     2671     3061     2673     2672     3060     3306
      625     1765     1843     1842     1935     2671     3051     2670     2673     3061     3055
      626     1751     1935     1873     1918     2606     3198     2604     2605     3306     3197
      627     1751     1858     1873     1935     2603     3140     2604     2606     3142     3198
      628     1842     1843     1858     1935     3051     3057     3053     3055     3061     3142
      629     1751     1765     1935     1918     2602     2673     2606     2605     2672     3306
      630     1750     1766     1935     1765     2595     2677     2600     2594     2669     2673
      631     1765     1842     1766     1935     2670     2675     2669     2673     3055     2677
      632     1750     1935     1766     1842     2600     2677     2595     2596     3055     2675
      633     1750     1935     1751     1765     2600     2606     2593     2594     2673     2602
      634     1750     1858     1935     1842     2598     3142     2600     2596     3053     3055
      635     1750     1858     1751     1935     2598     2603     2593     2600     3142     2606
      636     1747     1934     1913     1852     2580     3300     2579     2577     3101     3100
      637     1747     1934     1768     1913     2580     2687     2575     2579     3300     2686
      638     1768     1934     1836     1913     2687     3016     2685     2686     3300     3015
      639     1836     1934     1852     1913     3016     3101     3011     3015     3300     3100
      640     1747     1748     1934     1852     2574     2586     2580     2577     2584     3101
      641     1747     1768     1934     1748     2575     2687     2580     2574     2583     2586
      642     1748     1768     1934     1767     2583     2687     2586     2582     2678     2682
      643     1768     1934     1834     1836     2687     3001     2684     2685     3016     2993
      644     1834     1934     1852     1836     3001     3101     2997     2993     3016     3011
      645     1748     1870     1934     1852     2585     3185     2586     2584     3098     3101
      646     1767     1834     1768     1934     2679     2684     2678     2682     3001     2687
      647     1834     1934     1870     1852     3001     3185     3000     2997     3101     3098
      648     1760     1933     1830     1914     2651     2964     2648     2650     3302     2963
      649     1830     1933     1869     1914     2964     3184     2962     2963     3302     3183
      650     1760     1933     1840     1830     2651     3043     2649     2648     2964     2958
      651     1830     1840     1869     1933     2958     3041     2962     2964     3043     3184
      652     1738     1869     1933     1914     2521     3184     2523     2522     3183     3302
      653     1738     1933     1760     1914     2523     2651     2519     2522     3302     2650
      654     1760     1933     1761     1840     2651     2655     2647     2649     3043     2654
      655     1737     1738     1933     1760     2510     2523     2515     2511     2519     2651
      656     1737     1738     1869     1933     2510     2521     2514     2515     2523     3184
      657     1840     1933     1861     1869     3043     3153     3039     3041     3184     3151
      658     1737     1933     1761     1760     2515     2655     2512     2511     2651     2647
      659     1737     1861     1933     1869     2513     3153     2515     2514     3151     3184
      660     1734     1863     1932     1735     2491     3164     2493     2486     2499     2501
      661     1735     1848     1932     1763     2497     3084     2501     2496     2664     2665
      662     1734     1735     1932     1763     2486     2501     2493     2487     2496     2665
      663     1763     1847     1848     1932     2663     3073     2664     2665     3079     3084
      664     1678     1684     1705     1931     2137     2178     2140     2142     2184     2315
      665     1684     1705     1931     1807     2178     2315     2184     2181     2314     2869
      666     1678     1705     1694     1931     2140     2247     2139     2142     2315     2249
      667     1694     1931     1705     1807     2249     2315     2247     2248     2869     2314
      668     1693     1694     1697     1931     2240     2246     2241     2245     2249     2262
      669     1694     1697     1931     1807     2246     2262     2249     2248     2260     2869
      670     1693     1931     1697     1900     2245     2262     2241     2244     3272     2261
      671     1697     1931     1807     1900     2262     2869     2260     2261     3272     2868
      672     1678     1825     1684     1931     2141     2183     2137     2142     2946     2184
      673     1684     1931     1825     1807     2184     2946     2183     2181     2869     2867
      674     1678     1694     1693     1931     2139     2240     2138     2142     2249     2245
      675     1807     1931     1825     1900     2869     2946     2867     2868     3272     2945
      676     1693     1825     1931     1900     2243     2946     2245     2244     2945     3272
      677     1678     1693     1825     1931     2138     2243     2141     2142     2245     2946
      678     1809     1930     1828     1897     2887     2953     2883     2885     3266     2952
      679     1809     1930     1889     1828     2887     3248     2884     2883     2953     2950
      680     1793     1930     1809     1897     2803     2887     2798     2801     3266     2885
      681     1793     1889     1809     1930     2800     2884     2798     2803     3248     2887
      682     1776     1828     1930     1897     2725     2953     2729     2728     2952     3266
      683     1776     1930     1828     1889     2729     2953     2725     2726     3248     2950
      684     1776     1930     1800     1897     2729     2846     2724     2728     3266     2845
      685     1793     1800     1930     1897     2796     2846     2803     2801     2845     3266
      686     1701     1930     1793     1800     2293     2803     2289     2291     2846     2796
      687     1701     1930     1776     1889     2293     2729     2288     2292     3248     2726
      688     1787     1929     1893     1923     2772     3257     2770     2771     3309     3256
      689     1887     1893     1929     1923     3241     3257     3244     3243     3256     3309
      690     1670     1887     1929     1923     2074     3244     2077     2076     3243     3309
      691     1670     1827     1929     1887     2073     2949     2077     2074     2948     3244
      692     1668     1929     1787     1923     2065     2772     2062     2064     3309     2771
      693     1721     1787     1929     1893     2414     2772     2418     2417     2770     3257
      694     1721     1929     1887     1893     2418     3244     2416     2417     3257     3241
      695     1668     1686     1929     1827     2061     2197     2065     2063     2196     2949
      696     1668     1787     1929     1686     2062     2772     2065     2061     2194     2197
      697     1686     1721     1787     1929     2193     2414     2194     2197     2418     2772
      698     1686     1710     1929     1818     2192     2342     2197     2195     2341     2928
      699     1686     1929     1827     1818     2197     2949     2196     2195     2928     2926
      700     1716     1887     1929     1827     2377     3244     2379     2376     2948     2949
      701     1716     1721     1929     1887     2370     2418     2379     2377     2416     3244
      702     1710     1716     1929     1818     2338     2379     2342     2341     2375     2928
      703     1716     1827     1929     1818     2376     2949     2379     2375     2926     2928
      704     1686     1721     1929     1710     2193     2418     2197     2192     2339     2342
      705     1710     1716     1721     1929     2338     2370     2339     2342     2379     2418
      706     1851     1858     1928     1860     3087     3141     3094     3089     3139     3149
      707     1833     1841     1838     1928     2983     3023     2982     2992     3050     3030
      708     1839     1927     1856     1909     3037     3132     3034     3036     3294     3131
      709     1856     1927     1864     1909     3132     3168     3128     3131     3294     3166
      710     1845     1864     1927     1909     3067     3168     3070     3069     3166     3294
      711     1839     1845     1927     1909     3031     3070     3037     3036     3069     3294
      712     1835     1927     1864     1910     3008     3168     3005     3007     3296     3167
      713     1853     1864     1927     1910     3104     3168     3109     3106     3167     3296
      714     1835     1837     1927     1910     3002     3022     3008     3007     3019     3296
      715     1837     1853     1927     1910     3017     3109     3022     3019     3106     3296
      716     1856     1863     1864     1927     3127     3161     3128     3132     3163     3168
      717     1835     1845     1927     1839     3004     3070     3008     3003     3031     3037
      718     1835     1845     1864     1927     3004     3067     3005     3008     3070     3168
      719     1853     1864     1863     1927     3104     3161     3103     3109     3168     3163
      720     1837     1927     1853     1912     3022     3109     3017     3020     3299     3107
      721     1832     1863     1847     1927     2979     3076     2977     2981     3163     3078
      722     1832     1847     1839     1927     2977     3032     2976     2981     3078     3037
      723     1853     1927     1863     1912     3109     3163     3103     3107     3299     3162
      724     1832     1927     1837     1912     2981     3022     2975     2980     3299     3020
      725     1832     1835     1837     1927     2974     3002     2975     2981     3008     3022
      726     1832     1839     1835     1927     2976     3003     2974     2981     3037     3008
      727     1832     1863     1927     1912     2979     3163     2981     2980     3162     3299
      728     1703     1779     1802     1926     2300     2738     2303     2305     2741     2852
      729     1676     1926     1820     1779     2129     2935     2125     2123     2741     2739
      730     1779     1802     1926     1891     2738     2852     2741     2740     2851     3250
      731     1779     1926     1820     1891     2741     2935     2739     2740     3250     2934
      732     1676     1824     1926     1886     2126     2944     2129     2128     2943     3239
      733     1676     1820     1926     1824     2125     2935     2129     2126     2933     2944
      734     1703     1926     1795     1886     2305     2815     2302     2304     3239     2814
      735     1703     1802     1795     1926     2303     2811     2302     2305     2852     2815
      736     1784     1820     1926     1891     2759     2935     2761     2760     2934     3250
      737     1784     1926     1802     1891     2761     2852     2757     2760     3250     2851
      738     1681     1926     1824     1886     2164     2944     2162     2163     3239     2943
      739     1681     1824     1926     1820     2162     2944     2164     2161     2933     2935
      740     1708     1795     1802     1926     2329     2811     2330     2331     2815     2852
      741     1681     1926     1784     1820     2164     2761     2159     2161     2935     2759
      742     1708     1926     1802     1784     2331     2852     2330     2328     2761     2757
      743     1681     1926     1708     1784     2164     2331     2157     2159     2761     2328
      744     1799     1815     1825     1817     2837     2915     2839     2838     2914     2922
      745     1674     1675     1778     1810     2103     2114     2107     2108     2117     2735
      746     1698     1794     1699     1778     2267     2275     2263     2265     2734     2274
      747     1699     1777     1801     1700     2273     2730     2276     2272     2281     2283
      748     1673     1821     1674     1777     2100     2109     2095     2098     2731     2106
      749     1675     1676     1780     1829     2112     2124     2115     2118     2127     2743
      750     1687     1805     1715     1710     2201     2367     2200     2199     2340     2337
      751     1710     1805     1716     1818     2340     2373     2338     2341     2862     2375
      752     1687     1818     1805     1710     2203     2862     2201     2199     2341     2340
      753     1717     1808     1797     1804     2384     2824     2382     2383     2857     2822
      754     1698     1703     1795     1780     2264     2302     2268     2266     2301     2742
      755     1686     1818     1687     1710     2195     2203     2191     2192     2341     2199
      756     1713     1801     1714     1790     2357     2363     2354     2355     2782     2361
      757     1688     1821     1689     1790     2211     2217     2206     2209     2783     2215
      758     1717     1811     1808     1816     2385     2871     2384     2386     2892     2873
      759     1717     1808     1804     1816     2384     2857     2383     2386     2873     2859
      760     1804     1808     1813     1816     2857     2872     2858     2859     2873     2905
      761     1704     1804     1816     1717     2309     2859     2310     2307     2383     2386
      762     1680     1804     1813     1816     2153     2858     2154     2155     2859     2905
      763     1673     1775     1814     1822     2097     2719     2099     2101     2720     2910
      764     1680     1804     1816     1704     2153     2859     2155     2151     2309     2310
      765     1680     1709     1813     1804     2152     2334     2154     2153     2333     2858
      766     1700     1701     1775     1798     2279     2287     2280     2282     2290     2718
      767     1712     1713     1792     1806     2347     2356     2348     2351     2358     2789
      768     1689     1822     1690     1792     2218     2225     2214     2216     2790     2222
      769     1672     1775     1814     1673     2089     2719     2092     2086     2097     2099
      770     1680     1704     1709     1804     2151     2306     2152     2153     2309     2333
      771     1679     1680     1816     1704     2143     2155     2147     2144     2151     2310
      772     1702     1779     1802     1703     2296     2738     2298     2294     2300     2303
      773     1680     1813     1709     1681     2154     2334     2152     2150     2160     2158
      774     1676     1779     1820     1677     2123     2739     2125     2121     2132     2134
      775     1666     1823     1671     1781     2054     2081     2051     2053     2747     2079
      776     1666     1679     1823     1781     2052     2148     2054     2053     2146     2747
      777     1666     1781     1671     1667     2053     2079     2051     2050     2057     2055
      778     1681     1682     1820     1784     2156     2169     2161     2159     2166     2759
      779     1707     1708     1802     1784     2321     2330     2325     2322     2328     2757
      780     1682     1784     1819     1820     2166     2758     2168     2169     2759     2929
      781     1682     1786     1819     1784     2167     2766     2168     2166     2756     2758
      782     1690     1691     1712     1812     2220     2228     2221     2223     2229     2352
      783     1711     1712     1812     1796     2343     2352     2345     2344     2349     2818
      784     1672     1677     1828     1776     2087     2135     2093     2090     2131     2725
      785     1658     1663     1788     1881     1994     2031     1996     1998     2032     2773
      786     1706     1800     1786     1707     2318     2765     2317     2316     2324     2323
      787     1682     1786     1683     1819     2167     2172     2165     2168     2766     2175
      788     1691     1812     1711     1712     2229     2345     2227     2228     2352     2343
      789     1653     1879     1782     1662     1953     2750     1951     1949     2026     2025
      790     1684     1803     1825     1817     2180     2855     2183     2182     2854     2922
      791     1684     1803     1807     1825     2180     2853     2181     2183     2855     2867
      792     1684     1803     1706     1705     2180     2319     2179     2178     2313     2312
      793     1684     1807     1803     1705     2181     2853     2180     2178     2314     2313
      794     1831     1840     1875     1836     2968     3042     2970     2966     3010     3013
      795     1836     1875     1865     1852     3013     3169     3012     3011     3099     3096
      796     1840     1861     1875     1852     3039     3152     3042     3038     3095     3099
      797     1836     1875     1852     1840     3013     3099     3011     3010     3042     3038
      798     1840     1866     1861     1852     3040     3150     3039     3038     3097     3095
      799     1834     1852     1840     1836     2997     3038     2995     2993     3011     3010
      800     1834     1866     1840     1852     2999     3040     2995     2997     3097     3038
      801     1840     1861     1866     1869     3039     3150     3040     3041     3151     3172
      802     1834     1866     1852     1870     2999     3097     2997     3000     3173     3098
      803     1830     1834     1866     1840     2956     2999     2961     2958     2995     3040
      804     1830     1866     1869     1840     2961     3172     2962     2958     3040     3041
      805     1834     1859     1866     1870     2998     3143     2999     3000     3144     3173
      806     1830     1838     1866     1834     2957     3029     2961     2956     2994     2999
      807     1830     1869     1866     1851     2962     3172     2961     2960     3091     3090
      808     1834     1846     1859     1870     2996     3071     2998     3000     3072     3144
      809     1834     1838     1866     1859     2994     3029     2999     2998     3028     3143
      810     1830     1866     1838     1851     2961     3029     2957     2960     3090     3026
      811     1749     1859     1846     1870     2591     3071     2590     2592     3144     3072
      812     1834     1846     1838     1859     2996     3025     2994     2998     3071     3028
      813     1838     1866     1859     1851     3029     3143     3028     3026     3090     3088
      814     1749     1846     1767     1870     2590     2680     2589     2592     3072     2681
      815     1749     1846     1859     1750     2590     3071     2591     2587     2597     2599
      816     1838     1859     1846     1842     3028     3071     3025     3024     3054     3052
      817     1749     1846     1766     1767     2590     2676     2588     2589     2680     2674
      818     1749     1766     1846     1750     2588     2676     2590     2587     2595     2597
      819     1750     1846     1859     1842     2597     3071     2599     2596     3052     3054
      820     1838     1858     1859     1842     3027     3138     3028     3024     3053     3054
      821     1750     1766     1846     1842     2595     2676     2597     2596     2675     3052
      822     1750     1859     1858     1842     2599     3138     2598     2596     3054     3053
      823     1833     1843     1858     1842     2985     3057     2988     2984     3051     3053
      824     1833     1843     1873     1858     2985     3058     2990     2988     3057     3140
      825     1675     1810     1808     1882     2117     2870     2116     2119     2889     2876
      826     1675     1778     1810     1882     2114     2735     2117     2119     2736     2889
      827     1675     1698     1778     1882     2113     2265     2114     2119     2270     2736
      828     1698     1778     1882     1794     2265     2736     2270     2267     2734     2807
      829     1698     1882     1797     1794     2270     2825     2269     2267     2807     2804
      830     1674     1883     1688     1810     2110     2212     2104     2108     2890     2210
      831     1674     1778     1883     1810     2107     2737     2110     2108     2735     2890
      832     1674     1699     1883     1778     2105     2277     2110     2107     2274     2737
      833     1699     1883     1778     1794     2277     2737     2274     2275     2808     2734
      834     1778     1883     1810     1882     2737     2890     2735     2736     3231     2889
      835     1778     1794     1883     1882     2734     2808     2737     2736     2807     3231
      836     1714     1794     1715     1883     2362     2366     2360     2364     2808     2368
      837     1688     1715     1883     1714     2208     2368     2212     2207     2360     2364
      838     1715     1805     1883     1794     2367     2863     2368     2366     2806     2808
      839     1714     1801     1794     1883     2363     2805     2362     2364     2848     2808
      840     1699     1801     1883     1794     2276     2848     2277     2275     2805     2808
      841     1675     1780     1884     1829     2115     2744     2120     2118     2743     2954
      842     1797     1884     1808     1882     2826     2877     2824     2825     3232     2876
      843     1698     1884     1797     1882     2271     2826     2269     2270     3232     2825
      844     1698     1797     1884     1795     2269     2826     2271     2268     2810     2813
      845     1698     1795     1884     1780     2268     2813     2271     2266     2742     2744
      846     1795     1797     1884     1804     2810     2826     2813     2812     2822     2860
      847     1675     1884     1808     1829     2120     2877     2116     2118     2954     2875
      848     1675     1808     1884     1882     2116     2877     2120     2119     2876     3232
      849     1797     1808     1884     1804     2824     2877     2826     2822     2857     2860
      850     1808     1829     1884     1813     2875     2954     2877     2872     2907     2908
      851     1804     1808     1884     1813     2857     2877     2860     2858     2872     2908
      852     1713     1885     1801     1790     2359     2849     2357     2355     2784     2782
      853     1713     1801     1885     1806     2357     2849     2359     2358     2847     2865
      854     1700     1801     1806     1885     2283     2847     2284     2285     2849     2865
      855     1700     1801     1885     1777     2283     2849     2285     2281     2730     2732
      856     1673     1822     1821     1885     2101     2936     2100     2102     2939     2937
      857     1673     1821     1777     1885     2100     2731     2098     2102     2937     2732
      858     1673     1775     1822     1885     2097     2720     2101     2102     2721     2939
      859     1673     1777     1700     1885     2098     2281     2096     2102     2732     2285
      860     1689     1885     1790     1821     2219     2784     2215     2217     2937     2783
      861     1689     1885     1821     1822     2219     2937     2217     2218     2939     2936
      862     1713     1806     1885     1792     2358     2865     2359     2356     2789     2791
      863     1713     1885     1790     1792     2359     2784     2355     2356     2791     2781
      864     1673     1700     1775     1885     2096     2280     2097     2102     2285     2721
      865     1700     1798     1775     1885     2282     2718     2280     2285     2831     2721
      866     1700     1806     1798     1885     2284     2828     2282     2285     2865     2831
      867     1813     1829     1886     1824     2907     2955     2909     2906     2942     2943
      868     1813     1886     1829     1884     2909     2955     2907     2908     3236     2954
      869     1681     1813     1886     1824     2160     2909     2163     2162     2906     2943
      870     1804     1886     1813     1884     2861     2909     2858     2860     3236     2908
      871     1795     1886     1804     1884     2814     2861     2812     2813     3236     2860
      872     1780     1829     1886     1884     2743     2955     2745     2744     2954     3236
      873     1780     1886     1795     1884     2745     2814     2742     2744     3236     2813
      874     1681     1709     1886     1813     2158     2335     2163     2160     2334     2909
      875     1676     1886     1780     1829     2128     2745     2124     2127     2955     2743
      876     1676     1886     1829     1824     2128     2955     2127     2126     2943     2942
      877     1703     1795     1780     1886     2302     2742     2301     2304     2814     2745
      878     1709     1795     1886     1804     2332     2814     2335     2333     2812     2861
      879     1709     1804     1886     1813     2333     2861     2335     2334     2858     2909
      880     1676     1780     1886     1703     2124     2745     2128     2122     2301     2304
      881     1670     1887     1811     1827     2074     2896     2072     2073     2948     2895
      882     1670     1671     1811     1887     2070     2080     2072     2074     2082     2896
      883     1716     1721     1887     1772     2370     2416     2377     2371     2413     2702
      884     1717     1719     1772     1888     2380     2399     2381     2387     2402     2703
      885     1717     1772     1811     1888     2381     2701     2385     2387     2703     2897
      886     1704     1888     1719     1717     2311     2402     2308     2307     2387     2380
      887     1811     1888     1823     1816     2897     2941     2894     2892     2921     2920
      888     1717     1888     1811     1816     2387     2897     2385     2386     2921     2892
      889     1671     1811     1888     1823     2080     2897     2083     2081     2894     2941
      890     1704     1888     1717     1816     2311     2387     2307     2310     2921     2386
      891     1679     1888     1719     1704     2149     2402     2145     2144     2311     2308
      892     1679     1719     1888     1781     2145     2402     2149     2146     2400     2748
      893     1679     1781     1888     1823     2146     2748     2149     2148     2747     2941
      894     1671     1888     1781     1823     2083     2748     2079     2081     2941     2747
      895     1772     1811     1888     1887     2701     2897     2703     2702     2896     3240
      896     1671     1888     1811     1887     2083     2897     2080     2082     3240     2896
      897     1679     1823     1888     1816     2148     2941     2149     2147     2920     2921
      898     1679     1888     1704     1816     2149     2311     2144     2147     2921     2310
      899     1701     1889     1775     1798     2292     2722     2287     2290     2832     2718
      900     1775     1889     1814     1798     2722     2911     2719     2718     2832     2830
      901     1672     1775     1701     1889     2089     2287     2088     2094     2722     2292
      902     1672     1814     1775     1889     2092     2719     2089     2094     2911     2722
      903     1672     1814     1889     1809     2092     2911     2094     2091     2880     2884
      904     1672     1701     1776     1889     2088     2288     2090     2094     2292     2726
      905     1672     1776     1828     1889     2090     2725     2093     2094     2726     2950
      906     1672     1889     1828     1809     2094     2950     2093     2091     2884     2883
      907     1690     1890     1712     1792     2226     2353     2221     2222     2792     2348
      908     1690     1890     1792     1822     2226     2792     2222     2225     2940     2790
      909     1690     1814     1890     1822     2224     2912     2226     2225     2910     2940
      910     1690     1890     1814     1812     2226     2912     2224     2223     2902     2899
      911     1690     1712     1890     1812     2221     2353     2226     2223     2352     2902
      912     1798     1806     1890     1885     2828     2866     2833     2831     2865     3237
      913     1712     1806     1890     1798     2351     2866     2353     2350     2828     2833
      914     1712     1890     1806     1792     2353     2866     2351     2348     2792     2789
      915     1775     1814     1890     1798     2719     2912     2723     2718     2830     2833
      916     1775     1798     1890     1885     2718     2833     2723     2721     2831     3237
      917     1792     1822     1890     1885     2790     2940     2792     2791     2939     3237
      918     1792     1890     1806     1885     2792     2866     2789     2791     3237     2865
      919     1775     1890     1814     1822     2723     2912     2719     2720     2940     2910
      920     1775     1890     1822     1885     2723     2940     2720     2721     3237     2939
      921     1677     1702     1779     1891     2130     2296     2132     2136     2299     2740
      922     1677     1891     1779     1820     2136     2740     2132     2134     2934     2739
      923     1677     1891     1820     1819     2136     2934     2134     2133     2931     2929
      924     1677     1702     1891     1776     2130     2299     2136     2131     2295     2727
      925     1784     1820     1891     1819     2759     2934     2760     2758     2929     2931
      926     1677     1891     1828     1776     2136     2951     2135     2131     2727     2725
      927     1677     1828     1891     1819     2135     2951     2136     2133     2930     2931
      928     1702     1891     1776     1800     2299     2727     2295     2297     2844     2724
      929     1702     1802     1779     1891     2298     2738     2296     2299     2851     2740
      930     1702     1802     1891     1800     2298     2851     2299     2297     2842     2844
      931     1784     1891     1786     1819     2760     2767     2756     2758     2931     2766
      932     1707     1891     1802     1800     2326     2851     2325     2324     2844     2842
      933     1707     1786     1891     1800     2323     2767     2326     2324     2765     2844
      934     1707     1891     1786     1784     2326     2767     2323     2322     2760     2756
      935     1707     1802     1891     1784     2325     2851     2326     2322     2757     2760
      936     1719     1781     1892     1888     2400     2749     2403     2402     2748     3245
      937     1671     1892     1781     1888     2084     2749     2079     2083     3245     2748
      938     1719     1782     1892     1781     2401     2751     2403     2400     2746     2749
      939     1662     1892     1782     1781     2027     2751     2025     2024     2749     2746
      940     1667     1671     1892     1781     2055     2084     2058     2057     2079     2749
      941     1662     1782     1892     1879     2025     2751     2027     2026     2750     3221
      942     1662     1879     1892     1665     2026     3221     2027     2022     2045     2047
      943     1718     1719     1782     1892     2389     2401     2392     2395     2403     2751
      944     1718     1719     1892     1723     2389     2403     2395     2390     2398     2429
      945     1663     1664     1893     1881     2028     2040     2033     2032     2039     3227
      946     1663     1893     1788     1881     2033     2774     2031     2032     3227     2773
      947     1720     1893     1788     1721     2410     2774     2407     2404     2417     2415
      948     1720     1893     1721     1722     2410     2417     2404     2405     2423     2412
      949     1721     1893     1788     1787     2417     2774     2415     2414     2770     2769
      950     1664     1894     1880     1665     2041     3224     2038     2035     2048     2046
      951     1664     1773     1894     1665     2037     2709     2041     2035     2044     2048
      952     1723     1894     1772     1892     2430     2706     2426     2429     3251     2704
      953     1671     1888     1894     1892     2083     3246     2085     2084     3245     3251
      954     1772     1894     1888     1892     2706     3246     2703     2704     3251     3245
      955     1772     1887     1894     1893     2702     3242     2706     2705     3241     3253
      956     1664     1894     1881     1880     2041     3228     2039     2038     3224     3223
      957     1664     1881     1894     1893     2039     3228     2041     2040     3227     3253
      958     1671     1887     1894     1888     2082     3242     2085     2083     3240     3246
      959     1772     1894     1887     1888     2706     3242     2702     2703     3246     3240
      960     1670     1773     1671     1894     2071     2078     2070     2075     2709     2085
      961     1670     1894     1671     1887     2075     2085     2070     2074     3242     2082
      962     1653     1782     1895     1718     1951     2752     1954     1950     2392     2396
      963     1653     1895     1782     1879     1954     2752     1951     1953     3222     2750
      964     1653     1895     1879     1661     1954     3222     1953     1948     2018     2016
      965     1718     1895     1878     1723     2396     3215     2394     2390     2431     2428
      966     1782     1879     1895     1892     2750     3222     2752     2751     3221     3252
      967     1718     1895     1723     1892     2396     2431     2390     2395     3252     2429
      968     1718     1782     1895     1892     2392     2752     2396     2395     2751     3252
      969     1661     1879     1880     1895     2016     3220     2017     2018     3222     3225
      970     1723     1892     1895     1894     2429     3252     2431     2430     3251     3258
      971     1665     1895     1879     1892     2049     3222     2045     2047     3252     3221
      972     1665     1895     1892     1894     2049     3252     2047     2048     3258     3251
      973     1660     1880     1896     1661     2009     3226     2011     2007     2017     2019
      974     1722     1876     1896     1723     2421     3208     2424     2419     2427     2432
      975     1661     1880     1896     1895     2017     3226     2019     2018     3225     3261
      976     1660     1881     1896     1880     2010     3229     2011     2009     3223     3226
      977     1722     1723     1896     1772     2419     2432     2424     2420     2426     2707
      978     1723     1896     1772     1894     2432     2707     2426     2430     3259     2706
      979     1880     1894     1896     1895     3224     3259     3226     3225     3258     3261
      980     1723     1896     1894     1895     2432     3259     2430     2431     3261     3258
      981     1880     1881     1896     1894     3223     3229     3226     3224     3228     3259
      982     1881     1893     1896     1894     3227     3254     3229     3228     3253     3259
      983     1723     1878     1876     1896     2428     3207     2427     2432     3216     3208
      984     1723     1878     1896     1895     2428     3216     2432     2431     3215     3261
      985     1706     1803     1897     1800     2319     2856     2320     2318     2843     2845
      986     1683     1706     1803     1897     2171     2319     2173     2177     2320     2856
      987     1793     1897     1803     1800     2801     2856     2797     2796     2845     2843
      988     1683     1817     1828     1897     2174     2923     2176     2177     2924     2952
      989     1683     1803     1817     1897     2173     2854     2174     2177     2856     2924
      990     1706     1897     1786     1800     2320     2768     2317     2318     2845     2765
      991     1683     1786     1706     1897     2172     2317     2171     2177     2768     2320
      992     1793     1803     1897     1817     2797     2856     2801     2799     2854     2924
      993     1683     1819     1786     1897     2175     2766     2172     2177     2932     2768
      994     1683     1828     1819     1897     2176     2930     2175     2177     2952     2932
      995     1793     1817     1897     1809     2799     2924     2801     2798     2882     2885
      996     1809     1828     1817     1897     2883     2923     2882     2885     2952     2924
      997     1776     1897     1800     1891     2728     2845     2724     2727     3249     2844
      998     1776     1828     1897     1891     2725     2952     2728     2727     2951     3249
      999     1786     1897     1819     1891     2768     2932     2766     2767     3249     2931
     1000     1786     1800     1897     1891     2765     2845     2768     2767     2844     3249
     1001     1819     1897     1828     1891     2932     2952     2930     2931     3249     2951
     1002     1720     1877     1898     1722     2409     3211     2411     2405     2422     2425
     1003     1658     1789     1898     1720     1997     2778     1999     1995     2408     2411
     1004     1720     1722     1898     1893     2405     2425     2411     2410     2423     3255
     1005     1658     1881     1898     1660     1998     3230     1999     1993     2010     2012
     1006     1658     1898     1788     1720     1999     2775     1996     1995     2411     2407
     1007     1720     1898     1788     1893     2411     2775     2407     2410     3255     2774
     1008     1658     1788     1898     1881     1996     2775     1999     1998     2773     3230
     1009     1788     1898     1881     1893     2775     3230     2773     2774     3255     3227
     1010     1660     1881     1898     1896     2010     3230     2012     2011     3229     3263
     1011     1722     1876     1877     1898     2421     3206     2422     2425     3209     3211
     1012     1722     1876     1898     1896     2421     3209     2425     2424     3208     3263
     1013     1881     1893     1898     1896     3227     3255     3230     3229     3254     3263
     1014     1722     1898     1893     1896     2425     3255     2423     2424     3263     3254
     1015     1695     1696     1711     1899     2250     2254     2251     2252     2257     2346
     1016     1696     1711     1899     1796     2254     2346     2257     2255     2344     2819
     1017     1692     1696     1695     1899     2234     2250     2233     2238     2257     2252
     1018     1685     1695     1711     1899     2187     2251     2188     2190     2252     2346
     1019     1711     1899     1796     1812     2346     2819     2344     2345     2903     2818
     1020     1685     1899     1826     1692     2190     2947     2189     2186     2238     2237
     1021     1685     1695     1899     1692     2187     2252     2190     2186     2233     2238
     1022     1685     1691     1826     1899     2185     2230     2189     2190     2231     2947
     1023     1685     1711     1691     1899     2188     2227     2185     2190     2346     2231
     1024     1691     1826     1899     1812     2230     2947     2231     2229     2901     2903
     1025     1691     1899     1711     1812     2231     2346     2227     2229     2903     2345
     1026     1692     1697     1696     1900     2235     2253     2234     2239     2261     2258
     1027     1696     1799     1900     1697     2256     2840     2258     2253     2259     2261
     1028     1692     1900     1815     1693     2239     2918     2236     2232     2244     2242
     1029     1692     1697     1900     1693     2235     2261     2239     2232     2241     2244
     1030     1692     1900     1696     1899     2239     2258     2234     2238     3269     2257
     1031     1696     1900     1799     1796     2258     2840     2256     2255     2820     2817
     1032     1696     1900     1796     1899     2258     2820     2255     2257     3269     2819
     1033     1799     1815     1900     1825     2837     2918     2840     2839     2915     2945
     1034     1693     1815     1825     1900     2242     2915     2243     2244     2918     2945
     1035     1697     1799     1900     1807     2259     2840     2261     2260     2836     2868
     1036     1799     1825     1900     1807     2839     2945     2840     2836     2867     2868
     1037     1654     1774     1901     1661     1958     2711     1961     1957     2015     2020
     1038     1654     1901     1785     1783     1961     2762     1960     1959     2754     2753
     1039     1653     1901     1654     1783     1955     1961     1947     1952     2754     1959
     1040     1653     1654     1901     1661     1947     1961     1955     1948     1957     2020
     1041     1878     1895     1901     1896     3215     3262     3217     3216     3261     3264
     1042     1661     1901     1895     1896     2020     3262     2018     2019     3264     3261
     1043     1653     1661     1901     1895     1948     2020     1955     1954     2018     3262
     1044     1718     1901     1725     1878     2397     2442     2391     2394     3217     2441
     1045     1718     1901     1878     1895     2397     3217     2394     2396     3262     3215
     1046     1718     1725     1901     1783     2391     2442     2397     2393     2440     2754
     1047     1653     1718     1901     1783     1950     2397     1955     1952     2393     2754
     1048     1653     1901     1718     1895     1955     2397     1950     1954     3262     2396
     1049     1724     1783     1731     1902     2436     2470     2435     2439     2755     2474
     1050     1724     1731     1871     1902     2435     2473     2437     2439     2474     3188
     1051     1724     1725     1783     1902     2433     2440     2436     2439     2443     2755
     1052     1724     1725     1902     1878     2433     2443     2439     2438     2441     3218
     1053     1731     1785     1902     1783     2471     2763     2474     2470     2753     2755
     1054     1725     1902     1878     1901     2443     3218     2441     2442     3273     3217
     1055     1725     1783     1902     1901     2440     2755     2443     2442     2754     3273
     1056     1783     1785     1902     1901     2753     2763     2755     2754     2762     3273
     1057     1726     1742     1789     1903     2446     2543     2447     2450     2547     2779
     1058     1726     1872     1742     1903     2448     2546     2446     2450     3192     2547
     1059     1726     1789     1727     1903     2447     2451     2444     2450     2779     2453
     1060     1726     1903     1727     1877     2450     2453     2444     2449     3212     2452
     1061     1727     1903     1789     1877     2453     2779     2451     2452     3212     2777
     1062     1726     1872     1903     1728     2448     3192     2450     2445     2456     2459
     1063     1726     1728     1903     1877     2445     2459     2450     2449     2458     3212
     1064     1742     1789     1903     1791     2543     2779     2547     2544     2776     2786
     1065     1855     1904     1872     1871     3123     3193     3122     3121     3189     3186
     1066     1855     1867     1872     1904     3119     3174     3122     3123     3175     3193
     1067     1728     1904     1872     1903     2460     3193     2456     2459     3280     3192
     1068     1728     1871     1872     1904     2455     3186     2456     2460     3189     3193
     1069     1728     1876     1904     1877     2457     3210     2460     2458     3206     3213
     1070     1728     1877     1904     1903     2458     3213     2460     2459     3212     3280
     1071     1876     1896     1904     1898     3208     3265     3210     3209     3263     3267
     1072     1876     1904     1877     1898     3210     3213     3206     3209     3267     3211
     1073     1728     1729     1871     1904     2454     2461     2455     2460     2464     3189
     1074     1728     1876     1729     1904     2457     2462     2454     2460     3210     2464
     1075     1661     1904     1774     1901     2021     2712     2015     2020     3274     2711
     1076     1660     1904     1896     1898     2013     3265     2011     2012     3267     3263
     1077     1878     1904     1901     1902     3219     3274     3217     3218     3277     3273
     1078     1871     1904     1878     1902     3189     3219     3187     3188     3277     3218
     1079     1661     1896     1904     1901     2019     3265     2021     2020     3264     3274
     1080     1654     1905     1785     1901     1962     2764     1960     1961     3275     2762
     1081     1785     1901     1905     1902     2762     3275     2764     2763     3273     3278
     1082     1732     1868     1905     1874     2478     3181     2480     2479     3180     3199
     1083     1652     1654     1657     1905     1937     1956     1938     1945     1962     1987
     1084     1652     1785     1654     1905     1942     1960     1937     1945     2764     1962
     1085     1731     1785     1905     1902     2471     2764     2475     2474     2763     3278
     1086     1652     1874     1732     1905     1944     2479     1939     1945     3199     2480
     1087     1652     1732     1785     1905     1939     2477     1942     1945     2480     2764
     1088     1655     1659     1906     1656     1964     2005     1970     1963     1973     1977
     1089     1655     1906     1659     1791     1970     2005     1964     1968     2787     2004
     1090     1655     1743     1906     1791     1965     2553     1970     1968     2550     2787
     1091     1742     1906     1743     1791     2548     2553     2542     2544     2787     2550
     1092     1742     1743     1906     1867     2542     2553     2548     2545     2552     3176
     1093     1743     1854     1906     1867     2551     3114     2553     2552     3113     3176
     1094     1742     1906     1872     1867     2548     3194     2546     2545     3176     3174
     1095     1742     1906     1791     1903     2548     2787     2544     2547     3281     2786
     1096     1742     1872     1906     1903     2546     3194     2548     2547     3192     3281
     1097     1655     1907     1845     1656     1971     3068     1969     1963     1978     1975
     1098     1744     1854     1864     1907     2557     3112     2558     2559     3115     3165
     1099     1655     1845     1907     1771     1969     3068     1971     1967     2698     2699
     1100     1655     1771     1907     1744     1967     2699     1971     1966     2556     2559
     1101     1656     1907     1854     1906     1978     3115     1976     1977     3287     3114
     1102     1655     1907     1656     1906     1971     1978     1963     1970     3287     1977
     1103     1655     1907     1743     1744     1971     2554     1965     1966     2559     2549
     1104     1655     1743     1907     1906     1965     2554     1971     1970     2553     3287
     1105     1743     1907     1854     1744     2554     3115     2551     2549     2559     2557
     1106     1743     1854     1907     1906     2551     3115     2554     2553     3114     3287
     1107     1835     1864     1845     1907     3005     3067     3004     3006     3165     3068
     1108     1771     1835     1845     1907     2697     3004     2698     2699     3006     3068
     1109     1744     1745     1771     1907     2555     2562     2556     2559     2565     2699
     1110     1744     1864     1745     1907     2558     2564     2555     2559     3165     2565
     1111     1733     1908     1856     1874     2485     3130     2483     2484     3200     3129
     1112     1733     1908     1734     1856     2485     2492     2481     2483     3130     2490
     1113     1657     1908     1839     1849     1988     3035     1982     1984     3085     3033
     1114     1652     1908     1657     1849     1946     1988     1938     1943     3085     1984
     1115     1652     1733     1908     1764     1940     2485     1946     1941     2482     2668
     1116     1652     1764     1908     1849     1941     2668     1946     1943     2667     3085
     1117     1734     1908     1847     1856     2492     3077     2489     2490     3130     3075
     1118     1733     1734     1908     1764     2481     2492     2485     2482     2488     2668
     1119     1734     1847     1908     1764     2489     3077     2492     2488     2666     2668
     1120     1764     1847     1908     1849     2666     3077     2668     2667     3074     3085
     1121     1854     1909     1862     1856     3116     3158     3111     3110     3131     3126
     1122     1854     1864     1909     1856     3112     3166     3116     3110     3128     3131
     1123     1656     1909     1854     1907     1979     3116     1976     1978     3290     3115
     1124     1656     1845     1909     1907     1975     3069     1979     1978     3068     3290
     1125     1656     1909     1845     1657     1979     3069     1975     1972     1989     1983
     1126     1854     1909     1864     1907     3116     3166     3112     3115     3290     3165
     1127     1845     1864     1909     1907     3067     3166     3069     3068     3165     3290
     1128     1657     1845     1839     1909     1983     3031     1982     1989     3069     3036
     1129     1657     1909     1839     1908     1989     3036     1982     1988     3292     3035
     1130     1839     1909     1856     1908     3036     3131     3034     3035     3292     3130
     1131     1657     1874     1862     1909     1986     3157     1985     1989     3201     3158
     1132     1657     1874     1909     1908     1986     3201     1989     1988     3200     3292
     1133     1856     1909     1862     1874     3131     3158     3126     3129     3201     3157
     1134     1856     1909     1874     1908     3131     3201     3129     3130     3292     3200
     1135     1745     1910     1864     1853     2566     3167     2564     2563     3106     3104
     1136     1770     1837     1835     1910     2695     3002     2694     2696     3019     3007
     1137     1745     1746     1910     1853     2560     2572     2566     2563     2570     3106
     1138     1745     1910     1746     1770     2566     2572     2560     2561     2696     2569
     1139     1745     1771     1910     1770     2562     2700     2566     2561     2693     2696
     1140     1770     1835     1771     1910     2694     2697     2693     2696     3007     2700
     1141     1745     1864     1910     1907     2564     3167     2566     2565     3165     3291
     1142     1835     1910     1864     1907     3007     3167     3005     3006     3291     3165
     1143     1771     1910     1835     1907     2700     3007     2697     2699     3291     3006
     1144     1745     1910     1771     1907     2566     2700     2562     2565     3291     2699
     1145     1769     1910     1837     1770     2691     3019     2690     2688     2696     2695
     1146     1746     1910     1769     1770     2572     2691     2568     2569     2696     2688
     1147     1762     1848     1831     1911     2659     2969     2658     2660     3082     2971
     1148     1735     1736     1857     1911     2494     2505     2498     2500     2508     3136
     1149     1735     1736     1911     1762     2494     2508     2500     2495     2504     2660
     1150     1736     1875     1857     1911     2507     3135     2505     2508     3203     3136
     1151     1837     1865     1912     1853     3018     3170     3020     3017     3105     3107
     1152     1853     1857     1865     1912     3102     3134     3105     3107     3137     3170
     1153     1853     1863     1857     1912     3103     3133     3102     3107     3162     3137
     1154     1831     1837     1912     1832     2967     3020     2972     2965     2975     2980
     1155     1857     1875     1865     1912     3135     3169     3134     3137     3204     3170
     1156     1831     1836     1912     1837     2966     3014     2972     2967     3009     3020
     1157     1836     1865     1912     1837     3012     3170     3014     3009     3018     3020
     1158     1831     1912     1848     1832     2972     3083     2969     2965     2980     2978
     1159     1831     1848     1912     1911     2969     3083     2972     2971     3082     3297
     1160     1848     1857     1912     1911     3080     3137     3083     3082     3136     3297
     1161     1831     1875     1912     1836     2970     3204     2972     2966     3013     3014
     1162     1836     1865     1875     1912     3012     3169     3013     3014     3170     3204
     1163     1747     1913     1865     1852     2579     3171     2578     2577     3100     3096
     1164     1836     1852     1865     1913     3011     3096     3012     3015     3100     3171
     1165     1836     1913     1865     1837     3015     3171     3012     3009     3021     3018
     1166     1769     1836     1837     1913     2689     3009     2690     2692     3015     3021
     1167     1768     1913     1836     1769     2686     3015     2685     2683     2692     2689
     1168     1747     1913     1768     1769     2579     2686     2575     2576     2692     2683
     1169     1746     1913     1865     1747     2573     3171     2571     2567     2579     2578
     1170     1746     1913     1747     1769     2573     2579     2567     2568     2692     2576
     1171     1769     1913     1837     1910     2692     3021     2690     2691     3295     3019
     1172     1746     1913     1769     1910     2573     2692     2568     2572     3295     2691
     1173     1837     1913     1865     1853     3021     3171     3018     3017     3108     3105
     1174     1837     1913     1853     1910     3021     3108     3017     3019     3295     3106
     1175     1746     1865     1913     1853     2571     3171     2573     2570     3105     3108
     1176     1746     1853     1913     1910     2570     3108     2573     2572     3106     3295
     1177     1738     1851     1914     1739     2520     3092     2522     2517     2527     2529
     1178     1738     1739     1914     1759     2517     2529     2522     2518     2526     2645
     1179     1738     1759     1914     1760     2518     2645     2522     2519     2642     2650
     1180     1759     1914     1760     1830     2645     2650     2642     2643     2963     2648
     1181     1759     1841     1914     1830     2644     3048     2645     2643     2959     2963
     1182     1738     1851     1869     1914     2520     3091     2521     2522     3092     3183
     1183     1830     1869     1851     1914     2962     3091     2960     2963     3183     3092
     1184     1739     1740     1915     1758     2524     2535     2530     2525     2533     2640
     1185     1739     1740     1860     1915     2524     2534     2528     2530     2535     3146
     1186     1739     1758     1915     1759     2525     2640     2530     2526     2637     2646
     1187     1758     1841     1915     1759     2638     3049     2640     2637     2644     2646
     1188     1739     1860     1851     1915     2528     3089     2527     2530     3146     3093
     1189     1739     1759     1915     1914     2526     2646     2530     2529     2645     3301
     1190     1759     1841     1915     1914     2644     3049     2646     2645     3048     3301
     1191     1841     1844     1915     1860     3045     3064     3049     3047     3063     3146
     1192     1758     1841     1844     1915     2638     3045     2639     2640     3049     3064
     1193     1739     1915     1851     1914     2530     3093     2527     2529     3301     3092
     1194     1841     1851     1915     1914     3046     3093     3049     3048     3092     3301
     1195     1730     1740     1754     1916     2465     2532     2467     2468     2536     2623
     1196     1740     1754     1916     1758     2532     2623     2536     2533     2621     2641
     1197     1754     1844     1916     1758     2622     3065     2623     2621     2639     2641
     1198     1730     1754     1753     1916     2467     2614     2466     2468     2623     2618
     1199     1730     1753     1740     1916     2466     2531     2465     2468     2618     2536
     1200     1740     1758     1916     1915     2533     2641     2536     2535     2640     3303
     1201     1758     1844     1916     1915     2639     3065     2641     2640     3064     3303
     1202     1754     1916     1844     1757     2623     3065     2622     2620     2635     2633
     1203     1753     1916     1754     1757     2618     2623     2614     2615     2635     2620
     1204     1740     1916     1753     1860     2536     2618     2531     2534     3147     2616
     1205     1844     1860     1916     1915     3063     3147     3065     3064     3146     3303
     1206     1740     1916     1860     1915     2536     3147     2534     2535     3303     3146
     1207     1753     1917     1873     1860     2619     3196     2617     2616     3148     3145
     1208     1752     1873     1753     1917     2611     2617     2607     2612     3196     2619
     1209     1833     1860     1873     1917     2989     3145     2990     2991     3148     3196
     1210     1752     1753     1757     1917     2607     2615     2610     2612     2619     2636
     1211     1757     1844     1850     1917     2633     3062     2634     2636     3066     3086
     1212     1844     1860     1917     1916     3063     3148     3066     3065     3147     3304
     1213     1753     1917     1860     1916     2619     3148     2616     2618     3304     3147
     1214     1833     1844     1860     1917     2986     3063     2989     2991     3066     3148
     1215     1833     1850     1844     1917     2987     3062     2986     2991     3086     3066
     1216     1752     1917     1757     1756     2612     2636     2610     2609     2631     2628
     1217     1756     1757     1850     1917     2628     2634     2630     2631     2636     3086
     1218     1756     1850     1843     1917     2630     3056     2629     2631     3086     3059
     1219     1753     1757     1917     1916     2615     2636     2619     2618     2635     3304
     1220     1757     1844     1917     1916     2633     3066     2636     2635     3065     3304
     1221     1741     1873     1918     1751     2540     3197     2541     2537     2604     2605
     1222     1741     1918     1873     1752     2541     3197     2540     2538     2613     2611
     1223     1741     1918     1755     1751     2541     2627     2539     2537     2605     2601
     1224     1741     1755     1918     1752     2539     2627     2541     2538     2608     2613
     1225     1751     1918     1755     1765     2605     2627     2601     2602     2672     2625
     1226     1755     1918     1843     1765     2627     3060     2626     2625     2672     2671
     1227     1752     1755     1918     1756     2608     2627     2613     2609     2624     2632
     1228     1755     1843     1918     1756     2626     3060     2627     2624     2629     2632
     1229     1752     1756     1918     1917     2609     2632     2613     2612     2631     3305
     1230     1752     1918     1873     1917     2613     3197     2611     2612     3305     3196
     1231     1756     1843     1918     1917     2629     3060     2632     2631     3059     3305
     1232     1843     1873     1918     1917     3058     3197     3060     3059     3196     3305
     1233     1790     1919     1821     1885     2785     2938     2783     2784     3238     2937
     1234     1790     1801     1919     1885     2782     2850     2785     2784     2849     3238
     1235     1688     1790     1919     1821     2209     2785     2213     2211     2783     2938
     1236     1714     1790     1801     1919     2361     2782     2363     2365     2785     2850
     1237     1714     1919     1801     1883     2365     2850     2363     2364     3234     2848
     1238     1777     1919     1801     1885     2733     2850     2730     2732     3238     2849
     1239     1777     1821     1919     1885     2731     2938     2733     2732     2937     3238
     1240     1674     1688     1919     1821     2104     2213     2111     2109     2211     2938
     1241     1688     1919     1790     1714     2213     2785     2209     2207     2365     2361
     1242     1688     1919     1714     1883     2213     2365     2207     2212     3234     2364
     1243     1674     1821     1919     1777     2109     2938     2111     2106     2731     2733
     1244     1699     1919     1801     1777     2278     2850     2276     2273     2733     2730
     1245     1699     1801     1919     1883     2276     2850     2278     2277     2848     3234
     1246     1716     1805     1797     1920     2373     2823     2372     2378     2864     2827
     1247     1716     1805     1920     1818     2373     2864     2378     2375     2862     2927
     1248     1797     1808     1920     1882     2824     2878     2827     2825     2876     3233
     1249     1808     1818     1920     1810     2874     2927     2878     2870     2888     2891
     1250     1808     1810     1920     1882     2870     2891     2878     2876     2889     3233
     1251     1687     1920     1805     1818     2205     2864     2201     2203     2927     2862
     1252     1687     1920     1818     1810     2205     2927     2203     2202     2891     2888
     1253     1810     1920     1882     1883     2891     3233     2889     2890     3235     3231
     1254     1716     1920     1797     1717     2378     2827     2372     2369     2388     2382
     1255     1717     1797     1808     1920     2382     2824     2384     2388     2827     2878
     1256     1716     1920     1811     1818     2378     2898     2374     2375     2927     2893
     1257     1808     1811     1920     1818     2871     2898     2878     2874     2893     2927
     1258     1794     1882     1920     1883     2807     3233     2809     2808     3231     3235
     1259     1794     1920     1805     1883     2809     2864     2806     2808     3235     2863
     1260     1716     1811     1920     1717     2374     2898     2378     2369     2385     2388
     1261     1717     1808     1811     1920     2384     2871     2385     2388     2878     2898
     1262     1855     1862     1867     1921     3118     3155     3119     3124     3159     3177
     1263     1854     1862     1921     1867     3111     3159     3117     3113     3155     3177
     1264     1656     1921     1854     1909     1980     3117     1976     1979     3293     3116
     1265     1854     1921     1862     1909     3117     3159     3111     3116     3293     3158
     1266     1854     1867     1921     1906     3113     3177     3117     3114     3176     3288
     1267     1656     1854     1921     1906     1976     3117     1980     1977     3114     3288
     1268     1855     1921     1867     1904     3124     3177     3119     3123     3283     3175
     1269     1656     1774     1921     1657     1974     2715     1980     1972     1981     1990
     1270     1656     1657     1921     1909     1972     1990     1980     1979     1989     3293
     1271     1657     1862     1921     1909     1985     3159     1990     1989     3158     3293
     1272     1809     1815     1812     1922     2881     2900     2879     2886     2919     2904
     1273     1809     1812     1814     1922     2879     2899     2880     2886     2904     2913
     1274     1809     1922     1814     1889     2886     2913     2880     2884     3247     2911
     1275     1793     1922     1809     1889     2802     2886     2798     2800     3247     2884
     1276     1796     1922     1798     1812     2821     2834     2816     2818     2904     2829
     1277     1793     1799     1922     1796     2795     2841     2802     2793     2817     2821
     1278     1815     1899     1922     1900     2917     3270     2919     2918     3269     3271
     1279     1796     1922     1899     1900     2821     3270     2819     2820     3271     3269
     1280     1798     1814     1922     1889     2830     2913     2834     2832     2911     3247
     1281     1793     1922     1798     1796     2802     2834     2794     2793     2821     2816
     1282     1793     1798     1922     1889     2794     2834     2802     2800     2832     3247
     1283     1796     1799     1922     1900     2817     2841     2821     2820     2840     3271
     1284     1799     1815     1922     1900     2837     2919     2841     2840     2918     3271
     1285     1793     1922     1817     1809     2802     2925     2799     2798     2886     2882
     1286     1799     1922     1815     1817     2841     2919     2837     2838     2925     2914
     1287     1809     1817     1815     1922     2882     2914     2881     2886     2925     2919
     1288     1663     1787     1923     1669     2030     2771     2034     2029     2068     2069
     1289     1663     1923     1664     1669     2034     2042     2028     2029     2069     2036
     1290     1664     1923     1773     1669     2042     2710     2037     2036     2069     2067
     1291     1669     1923     1773     1670     2069     2710     2067     2066     2076     2071
     1292     1668     1923     1787     1669     2064     2771     2062     2059     2069     2068
     1293     1668     1923     1669     1670     2064     2069     2059     2060     2076     2066
     1294     1663     1664     1923     1893     2028     2042     2034     2033     2040     3256
     1295     1670     1923     1773     1894     2076     2710     2071     2075     3260     2709
     1296     1664     1773     1923     1894     2037     2710     2042     2041     2709     3260
     1297     1664     1923     1893     1894     2042     3256     2040     2041     3260     3253
     1298     1887     1893     1923     1894     3241     3256     3243     3242     3253     3260
     1299     1670     1887     1923     1894     2074     3243     2076     2075     3242     3260
     1300     1660     1898     1924     1904     2012     3268     2014     2013     3267     3284
     1301     1660     1924     1774     1904     2014     2716     2008     2013     3284     2712
     1302     1774     1904     1924     1921     2712     3284     2716     2715     3283     3307
     1303     1867     1906     1924     1921     3176     3289     3178     3177     3288     3307
     1304     1867     1924     1904     1921     3178     3284     3175     3177     3307     3283
     1305     1877     1903     1924     1904     3212     3282     3214     3213     3280     3284
     1306     1877     1924     1898     1904     3214     3268     3211     3213     3284     3267
     1307     1872     1924     1903     1904     3195     3282     3192     3193     3284     3280
     1308     1872     1903     1924     1906     3192     3282     3195     3194     3281     3289
     1309     1867     1924     1872     1904     3178     3195     3174     3175     3284     3193
     1310     1867     1872     1924     1906     3174     3195     3178     3176     3194     3289
     1311     1789     1791     1924     1903     2776     2788     2780     2779     2786     3282
     1312     1791     1924     1903     1906     2788     3282     2786     2787     3289     3281
     1313     1658     1924     1659     1660     2000     2006     1992     1993     2014     2001
     1314     1658     1924     1660     1898     2000     2014     1993     1999     3268     2012
     1315     1659     1924     1789     1791     2006     2780     2003     2004     2788     2776
     1316     1659     1924     1791     1906     2006     2788     2004     2005     3289     2787
     1317     1658     1659     1924     1789     1992     2006     2000     1997     2003     2780
     1318     1658     1789     1924     1898     1997     2780     2000     1999     2778     3268
     1319     1659     1924     1774     1660     2006     2716     2002     2001     2014     2008
     1320     1855     1904     1925     1921     3123     3285     3125     3124     3283     3308
     1321     1774     1925     1904     1921     2717     3285     2712     2715     3308     3283
     1322     1774     1925     1901     1904     2717     3276     2711     2712     3285     3274
     1323     1774     1901     1925     1905     2711     3276     2717     2713     3275     3286
     1324     1657     1774     1925     1905     1981     2717     1991     1987     2713     3286
     1325     1657     1925     1774     1921     1991     2717     1981     1990     3308     2715
     1326     1901     1925     1902     1904     3276     3279     3273     3274     3285     3277
     1327     1901     1902     1925     1905     3273     3279     3276     3275     3278     3286
     1328     1855     1868     1925     1871     3120     3182     3125     3121     3179     3191
     1329     1855     1871     1925     1904     3121     3191     3125     3123     3189     3285
     1330     1868     1925     1871     1905     3182     3191     3179     3181     3286     3190
     1331     1855     1868     1862     1925     3120     3156     3118     3125     3182     3160
     1332     1657     1862     1925     1921     1985     3160     1991     1990     3159     3308
     1333     1855     1925     1862     1921     3125     3160     3118     3124     3308     3159
     1334     1871     1902     1925     1904     3188     3279     3191     3189     3277     3285
     1335     1871     1925     1902     1905     3191     3279     3188     3190     3286     3278
     1336     1862     1925     1868     1874     3160     3182     3156     3157     3202     3180
     1337     1868     1874     1925     1905     3180     3202     3182     3181     3199     3286
     1338     1657     1862     1874     1925     1985     3157     1986     1991     3160     3202
     1339     1657     1925     1874     1905     1991     3202     1986     1987     3286     3199
     1340     1689     1792     1885     1822     2216     2791     2219     2218     2790     2939
     1341     1689     1885     1792     1790     2219     2791     2216     2215     2784     2781
     1342     1662     1667     1892     1781     2023     2058     2027     2024     2057     2749
     1343     1662     1892     1667     1665     2027     2058     2023     2022     2047     2043
     1344     1799     1825     1803     1817     2839     2855     2835     2838     2922     2854
     1345     1799     1803     1825     1807     2835     2855     2839     2836     2853     2867
     1346     1683     1803     1684     1817     2173     2180     2170     2174     2854     2182
     1347     1683     1684     1803     1706     2170     2180     2173     2171     2179     2319
     1348     1729     1904     1878     1871     2464     3219     2463     2461     3189     3187
     1349     1729     1878     1904     1876     2463     3219     2464     2462     3207     3210
     1350     1794     1920     1797     1805     2809     2827     2804     2806     2864     2823
     1351     1794     1797     1920     1882     2804     2827     2809     2807     2825     3233
     1352     1675     1884     1698     1882     2120     2271     2113     2119     3232     2270
     1353     1675     1698     1884     1780     2113     2271     2120     2115     2266     2744
     1354     1674     1699     1919     1883     2105     2278     2111     2110     2277     3234
     1355     1674     1919     1699     1777     2111     2278     2105     2106     2733     2273
     1356     1721     1893     1772     1722     2417     2705     2413     2412     2423     2420
     1357     1716     1811     1772     1887     2374     2701     2371     2377     2896     2702
     1358     1716     1772     1811     1717     2371     2701     2374     2369     2381     2385
     1359     1716     1827     1811     1887     2376     2895     2374     2377     2948     2896
     1360     1716     1811     1827     1818     2374     2895     2376     2375     2893     2926
     1361     1719     1772     1892     1723     2399     2704     2403     2398     2426     2429
     1362     1712     1812     1798     1890     2352     2829     2350     2353     2902     2833
     1363     1712     1798     1812     1796     2350     2829     2352     2349     2816     2818
     1364     1665     1895     1880     1879     2049     3225     2046     2045     3222     3220
     1365     1665     1880     1895     1894     2046     3225     2049     2048     3224     3258
     1366     1722     1893     1772     1896     2423     2705     2420     2424     3254     2707
     1367     1772     1896     1893     1894     2707     3254     2705     2706     3259     3253
     1368     1660     1661     1904     1774     2007     2021     2013     2008     2015     2712
     1369     1660     1904     1661     1896     2013     2021     2007     2011     3265     2019
     1370     1720     1877     1789     1898     2409     2777     2408     2411     3211     2778
     1371     1720     1789     1877     1727     2408     2777     2409     2406     2451     2452
     1372     1796     1812     1899     1922     2818     2903     2819     2821     2904     3270
     1373     1692     1899     1815     1900     2238     2917     2236     2239     3269     2918
     1374     1692     1815     1899     1826     2236     2917     2238     2237     2916     2947
     1375     1876     1896     1878     1904     3208     3216     3207     3210     3265     3219
     1376     1878     1904     1896     1901     3219     3265     3216     3217     3274     3264
     1377     1654     1905     1774     1657     1962     2713     1958     1956     1987     1981
     1378     1724     1878     1871     1729     2438     3187     2437     2434     2463     2461
     1379     1724     1871     1878     1902     2437     3187     2438     2439     3188     3218
     1380     1731     1905     1871     1902     2475     3190     2473     2474     3278     3188
     1381     1731     1871     1905     1868     2473     3190     2475     2472     3179     3181
     1382     1789     1924     1877     1903     2780     3214     2777     2779     3282     3212
     1383     1789     1877     1924     1898     2777     3214     2780     2778     3211     3268
     1384     1731     1905     1732     1868     2475     2480     2469     2472     3181     2478
     1385     1731     1732     1905     1785     2469     2480     2475     2471     2477     2764
     1386     1839     1847     1908     1856     3032     3077     3035     3034     3075     3130
     1387     1839     1908     1847     1849     3035     3077     3032     3033     3085     3074
     1388     1652     1733     1874     1908     1940     2484     1944     1946     2485     3200
     1389     1652     1874     1733     1732     1944     2484     1940     1939     2479     2476
     1390     1652     1874     1657     1908     1944     1986     1938     1946     3200     1988
     1391     1652     1657     1874     1905     1938     1986     1944     1945     1987     3199
     1392     1735     1848     1762     1911     2497     2659     2495     2500     3082     2660
     1393     1735     1762     1848     1763     2495     2659     2497     2496     2657     2664
     1394     1831     1875     1911     1912     2970     3203     2971     2972     3204     3297
     1395     1857     1911     1875     1912     3136     3203     3135     3137     3297     3204
     1396     1832     1863     1912     1848     2979     3162     2980     2978     3081     3083
     1397     1848     1863     1912     1857     3081     3162     3083     3080     3133     3137
     1398     1833     1843     1917     1873     2985     3059     2991     2990     3058     3196
     1399     1833     1917     1843     1850     2991     3059     2985     2987     3086     3056
     1400     1812     1899     1815     1826     2903     2917     2900     2901     2947     2916
     1401     1812     1815     1899     1922     2900     2917     2903     2904     2919     3270
     1402     1798     1814     1812     1922     2830     2899     2829     2834     2913     2904
     1403     1798     1812     1814     1890     2829     2899     2830     2833     2902     2912
     1404     1793     1817     1799     1803     2799     2838     2795     2797     2854     2835
     1405     1793     1799     1817     1922     2795     2838     2799     2802     2841     2925
     1406     1663     1787     1893     1923     2030     2770     2033     2034     2771     3256
     1407     1663     1893     1787     1788     2033     2770     2030     2031     2774     2769
     1408     1687     1688     1715     1883     2198     2208     2200     2204     2212     2368
     1409     1674     1919     1688     1883     2111     2213     2104     2110     3234     2212
     1410     1687     1688     1883     1810     2198     2212     2204     2202     2210     2890
     1411     1687     1715     1805     1883     2200     2367     2201     2204     2368     2863
     1412     1719     1892     1772     1888     2403     2704     2399     2402     3245     2703
     1413     1654     1774     1905     1901     1958     2713     1962     1961     2711     3275
     1414     1687     1920     1883     1805     2205     3235     2204     2201     2864     2863
     1415     1687     1883     1920     1810     2204     3235     2205     2202     2890     2891
     1416     1721     1772     1893     1887     2413     2705     2417     2416     2702     3241
     1417     1681     1926     1709     1708     2164     2336     2158     2157     2331     2327
     1418     1681     1709     1926     1886     2158     2336     2164     2163     2335     3239
     1419     1748     1767     1870     1749     2582     2681     2585     2581     2589     2592
     1420     1748     1870     1767     1934     2585     2681     2582     2586     3185     2682
     1421     1767     1870     1834     1934     2681     3000     2679     2682     3185     3001
     1422     1767     1834     1870     1846     2679     3000     2681     2680     2996     3072
     1423     1735     1857     1848     1911     2498     3080     2497     2500     3136     3082
     1424     1735     1848     1863     1932     2497     3081     2499     2501     3084     3164
     1425     1735     1863     1848     1857     2499     3081     2497     2498     3133     3080
     1426     1847     1863     1848     1932     3076     3081     3073     3079     3164     3084
     1427     1832     1847     1863     1848     2977     3076     2979     2978     3073     3081
     1428     1734     1863     1847     1932     2491     3076     2489     2493     3164     3079
     1429     1734     1847     1863     1856     2489     3076     2491     2490     3075     3127
     1430     1734     1847     1763     1932     2489     2663     2487     2493     3079     2665
     1431     1734     1763     1847     1764     2487     2663     2489     2488     2662     2666
     1432     1701     1800     1776     1930     2291     2724     2288     2293     2846     2729
     1433     1701     1776     1800     1702     2288     2724     2291     2286     2295     2297
     1434     1701     1793     1889     1798     2289     2800     2292     2290     2794     2832
     1435     1701     1889     1793     1930     2292     2800     2289     2293     3248     2803
     1436     1668     1929     1670     1827     2065     2077     2060     2063     2949     2073
     1437     1668     1670     1929     1923     2060     2077     2065     2064     2076     3309
     1438     1833     1860     1858     1873     2989     3139     2988     2990     3145     3140
     1439     1833     1858     1860     1928     2988     3139     2989     2992     3141     3149
     1440     1833     1858     1838     1842     2988     3027     2982     2984     3053     3024
     1441     1833     1838     1858     1928     2982     3027     2988     2992     3030     3141
     1442     1838     1851     1858     1928     3026     3087     3027     3030     3094     3141
     1443     1838     1858     1851     1859     3027     3087     3026     3028     3138     3088
     1444     1833     1860     1841     1928     2989     3047     2983     2992     3149     3050
     1445     1833     1841     1860     1844     2983     3047     2989     2986     3045     3063
     1446     1841     1860     1851     1928     3047     3089     3046     3050     3149     3094
     1447     1841     1851     1860     1915     3046     3089     3047     3049     3093     3146
     1448     1830     1851     1841     1914     2960     3046     2959     2963     3092     3048
     1449     1838     1841     1851     1928     3023     3046     3026     3030     3050     3094
     1450     1830     1838     1841     1851     2957     3023     2959     2960     3026     3046
     1451     1839     1856     1927     1847     3034     3132     3037     3032     3075     3078
     1452     1847     1856     1927     1863     3075     3132     3078     3076     3127     3163
     1453     1708     1795     1926     1709     2329     2815     2331     2327     2332     2336
     1454     1709     1795     1926     1886     2332     2815     2336     2335     2814     3239
     1455     1676     1703     1926     1779     2122     2305     2129     2123     2300     2741
     1456     1676     1926     1703     1886     2129     2305     2122     2128     3239     2304
     1457     1665     1892     1773     1894     2047     2708     2044     2048     3251     2709
     1458     1671     1894     1773     1892     2085     2709     2078     2084     3251     2708
     1459     1665     1892     1667     1773     2047     2058     2043     2044     2708     2056
     1460     1667     1773     1892     1671     2056     2708     2058     2055     2078     2084
     1461     1656     1906     1774     1659     1977     2714     1974     1973     2005     2002
     1462     1659     1906     1774     1924     2005     2714     2002     2006     3289     2716
     1463     1656     1906     1921     1774     1977     3288     1980     1974     2714     2715
     1464     1774     1906     1921     1924     2714     3288     2715     2716     3289     3307
-1
secnum,1    ! reset the section ID to default
! Material Id = {8ACB1CC9-E1D6-40FF-853E-A610EBF260AD}
/wb,elem,end               !  done creating elements
toffst,273.15,      ! Temperature offset from absolute zero
/com,*********** Set Reference Temperature ***********
tref,22.
/wb,mat,start              !  starting to send materials
/com,*********** Send Materials ***********
Temperature = 'TEMP' ! Temperature
MP,DENS,1,7.85e-09,	! tonne mm^-3
MP,ALPX,1,1.2e-05,	! C^-1
MP,C,1,434000000,	! mm^2 s^-2 C^-1
MP,KXX,1,60.5,	! tonne mm s^-3 C^-1
MP,RSVX,1,0.00017,	! ohm mm
MP,EX,1,200000,	! tonne s^-2 mm^-1
MP,NUXY,1,0.3,
MP,MURX,1,10000,
MP,UVID,1,708987b9-7516-433e-b807-fb6ee5843493
MP,UMID,1,59002a79-71c2-428e-906b-55d7dbee100e

Temperature = 'TEMP' ! Temperature
MP,DENS,2,7.85e-09,	! tonne mm^-3
MP,ALPX,2,1.2e-05,	! C^-1
MP,C,2,434000000,	! mm^2 s^-2 C^-1
MP,KXX,2,60.5,	! tonne mm s^-3 C^-1
MP,RSVX,2,0.00017,	! ohm mm
MP,EX,2,200000,	! tonne s^-2 mm^-1
MP,NUXY,2,0.3,
MP,MURX,2,10000,
MP,UVID,2,708987b9-7516-433e-b807-fb6ee5843493
MP,UMID,2,59002a79-71c2-428e-906b-55d7dbee100e

Temperature = 'TEMP' ! Temperature
MP,DENS,3,7.85e-09,	! tonne mm^-3
MP,ALPX,3,1.2e-05,	! C^-1
MP,C,3,434000000,	! mm^2 s^-2 C^-1
MP,KXX,3,60.5,	! tonne mm s^-3 C^-1
MP,RSVX,3,0.00017,	! ohm mm
MP,EX,3,200000,	! tonne s^-2 mm^-1
MP,NUXY,3,0.3,
MP,MURX,3,10000,
MP,UVID,3,708987b9-7516-433e-b807-fb6ee5843493
MP,UMID,3,59002a79-71c2-428e-906b-55d7dbee100e

/wb,mat,end                !  done sending materials
!************************* Model Summary ********************
! pin,	Structural Steel,	matid,	1
! u shape,	Structural Steel,	matid,	2
! york,	Structural Steel,	matid,	3
!************************* End Model Summary ********************
! get the diagonal of the bounding box. Needed later for other things
*get,_xmin,node,,mnloc,x
*get,_ymin,node,,mnloc,y
*get,_zmin,node,,mnloc,z
*get,_xmax,node,,mxloc,x
*get,_ymax,node,,mxloc,y
*get,_zmax,node,,mxloc,z
_ASMDIAG=(_xmax-_xmin)*(_xmax-_xmin)+(_ymax-_ymin)*(_ymax-_ymin)+(_zmax-_zmin)*(_zmax-_zmin)
_ASMDIAG=SQRT(_ASMDIAG)
/wb,contact,start          !  starting to send contact
/com,*********** Create Contact "No Separation - pin To u shape" ***********
/com,            Real Constant Set For Above Contact Is 5 & 4 
*set,tid,5
*set,cid,4
r,tid
r,cid
et,tid,170
et,cid,174
MAT,5 $ TYPE,5 $ REAL,5 $ SECNUM,5 $ ESYS,0    ! ELEMNODES = 8
eblock,21,COMPACT,,40
(21i9)
     2299      138      131      191      192      598      599      716      614
     2300      145      138      192      193      613      614      717      629
     2301      152      145      193      194      628      629      718      644
     2302      159      152      194      195      643      644      719      659
     2303      166      159      195      196      658      659      720      674
     2304      138      139      132      131      612      601      597      598
     2305      145      146      139      138      627      616      612      613
     2306      152      153      146      145      642      631      627      628
     2307      159      160      153      152      657      646      642      643
     2308      166      167      160      159      672      661      657      658
     2309      139      140      133      132      615      603      600      601
     2310      146      147      140      139      630      618      615      616
     2311      153      154      147      146      645      633      630      631
     2312      160      161      154      153      660      648      645      646
     2313      167      168      161      160      675      663      660      661
     2314      140      141      134      133      617      605      602      603
     2315      147      148      141      140      632      620      617      618
     2316      154      155      148      147      647      635      632      633
     2317      161      162      155      154      662      650      647      648
     2318      168      169      162      161      677      665      662      663
     2319      141      142      135      134      619      607      604      605
     2320      148      149      142      141      634      622      619      620
     2321      155      156      149      148      649      637      634      635
     2322      162      163      156      155      664      652      649      650
     2323      169      170      163      162      679      667      664      665
     2324      142      143      136      135      621      609      606      607
     2325      149      150      143      142      636      624      621      622
     2326      156      157      150      149      651      639      636      637
     2327      163      164      157      156      666      654      651      652
     2328      170      171      164      163      681      669      666      667
     2329      143      144      137      136      623      610      608      609
     2330      150      151      144      143      638      625      623      624
     2331      157      158      151      150      653      640      638      639
     2332      164      165      158      157      668      655      653      654
     2333      171      172      165      164      683      670      668      669
     2334      144      192      191      137      626      716      611      610
     2335      151      193      192      144      641      717      626      625
     2336      158      194      193      151      656      718      641      640
     2337      165      195      194      158      671      719      656      655
     2338      172      196      195      165      686      720      671      670
-1
secnum,1    ! reset the section ID to default
MAT,4 $ TYPE,4 $ REAL,4 $ SECNUM,4 $ ESYS,0    ! ELEMNODES = 8
eblock,21,COMPACT,,40
(21i9)
     2339      138      131      191      192      598      599      716      614
     2340      145      138      192      193      613      614      717      629
     2341      152      145      193      194      628      629      718      644
     2342      159      152      194      195      643      644      719      659
     2343      166      159      195      196      658      659      720      674
     2344      138      139      132      131      612      601      597      598
     2345      145      146      139      138      627      616      612      613
     2346      152      153      146      145      642      631      627      628
     2347      159      160      153      152      657      646      642      643
     2348      166      167      160      159      672      661      657      658
     2349      139      140      133      132      615      603      600      601
     2350      146      147      140      139      630      618      615      616
     2351      153      154      147      146      645      633      630      631
     2352      160      161      154      153      660      648      645      646
     2353      167      168      161      160      675      663      660      661
     2354      140      141      134      133      617      605      602      603
     2355      147      148      141      140      632      620      617      618
     2356      154      155      148      147      647      635      632      633
     2357      161      162      155      154      662      650      647      648
     2358      168      169      162      161      677      665      662      663
     2359      141      142      135      134      619      607      604      605
     2360      148      149      142      141      634      622      619      620
     2361      155      156      149      148      649      637      634      635
     2362      162      163      156      155      664      652      649      650
     2363      169      170      163      162      679      667      664      665
     2364      142      143      136      135      621      609      606      607
     2365      149      150      143      142      636      624      621      622
     2366      156      157      150      149      651      639      636      637
     2367      163      164      157      156      666      654      651      652
     2368      170      171      164      163      681      669      666      667
     2369      143      144      137      136      623      610      608      609
     2370      150      151      144      143      638      625      623      624
     2371      157      158      151      150      653      640      638      639
     2372      164      165      158      157      668      655      653      654
     2373      171      172      165      164      683      670      668      669
     2374      144      192      191      137      626      716      611      610
     2375      151      193      192      144      641      717      626      625
     2376      158      194      193      151      656      718      641      640
     2377      165      195      194      158      671      719      656      655
     2378      172      196      195      165      686      720      671      670
-1
secnum,1    ! reset the section ID to default
MAT,4 $ TYPE,4 $ REAL,5 $ SECNUM,4 $ ESYS,0    ! ELEMNODES = 8
eblock,21,COMPACT,,24
(21i9)
     2379      740      739      803      803      958      961      803      968
     2380      739      738      801      801      949      953      801      960
     2381      738      743      800      800      950      989      800      952
     2382      784      789      802      802     1257     1293      802     1258
     2383      743      742      804      804      981      984      804      990
     2384      786      785      803      803     1264     1265      803     1272
     2385      789      788      804      804     1286     1288      804     1294
     2386      741      740      805      805      966      969      805      976
     2387      742      741      802      802      973      975      802      983
     2388      787      786      801      801     1270     1271      801     1280
     2389      788      787      800      800     1278     1279      800     1287
     2390      785      784      805      805     1256     1259      805     1266
     2391      741      784      802      802      974     1258      802      975
     2392      741      805      784      784      976     1259      784      974
     2393      740      785      805      805      967     1266      805      969
     2394      740      803      785      785      968     1265      785      967
     2395      743      788      800      800      988     1287      800      989
     2396      743      804      788      788      990     1288      788      988
     2397      739      801      786      786      960     1271      786      959
     2398      739      786      803      803      959     1272      803      961
     2399      738      800      787      787      952     1279      787      951
     2400      738      787      801      801      951     1280      801      953
     2401      742      802      789      789      983     1293      789      982
     2402      742      789      804      804      982     1294      804      984
-1
secnum,1    ! reset the section ID to default
MAT,5 $ TYPE,5 $ REAL,4 $ SECNUM,5 $ ESYS,0    ! ELEMNODES = 8
eblock,21,COMPACT,,24
(21i9)
     2403      740      739      803      803      958      961      803      968
     2404      739      738      801      801      949      953      801      960
     2405      738      743      800      800      950      989      800      952
     2406      784      789      802      802     1257     1293      802     1258
     2407      743      742      804      804      981      984      804      990
     2408      786      785      803      803     1264     1265      803     1272
     2409      789      788      804      804     1286     1288      804     1294
     2410      741      740      805      805      966      969      805      976
     2411      742      741      802      802      973      975      802      983
     2412      787      786      801      801     1270     1271      801     1280
     2413      788      787      800      800     1278     1279      800     1287
     2414      785      784      805      805     1256     1259      805     1266
     2415      741      784      802      802      974     1258      802      975
     2416      741      805      784      784      976     1259      784      974
     2417      740      785      805      805      967     1266      805      969
     2418      740      803      785      785      968     1265      785      967
     2419      743      788      800      800      988     1287      800      989
     2420      743      804      788      788      990     1288      788      988
     2421      739      801      786      786      960     1271      786      959
     2422      739      786      803      803      959     1272      803      961
     2423      738      800      787      787      952     1279      787      951
     2424      738      787      801      801      951     1280      801      953
     2425      742      802      789      789      983     1293      789      982
     2426      742      789      804      804      982     1294      804      984
-1
secnum,1    ! reset the section ID to default
keyo,cid,8,2               ! auto create asymmetric contact (from Program Controlled setting)
keyo,cid,10,0              ! adjust contact stiffness each NR iteration (from Program Controlled setting)
keyo,cid,12,4              ! no separation always
keyo,cid,18,1              ! small sliding turned on by application
keyo,cid,2,0               ! augmented Lagrange (from Program Controlled setting)
keyo,cid,4,0               ! on Gauss point (from Program Controlled setting)
keyo,cid,9,1               ! ignore initial gaps/penetration
keyo,cid,7,0               ! No Prediction
rmod,tid,3,10.      ! FKN
rmod,tid,5,0.       ! ICONT
rmod,tid,6,0.       ! PINB
rmod,tid,10,0.      ! CNOF
rmod,tid,12,0.      ! FKT
rmod,tid,36,32      ! WB DSID
rmod,cid,3,10.      ! FKN
rmod,cid,5,0.       ! ICONT
rmod,cid,6,0.       ! PINB
rmod,cid,10,0.      ! CNOF
rmod,cid,12,0.      ! FKT
rmod,cid,36,32      ! WB DSID
/com,*********** Create Contact "No Separation - pin To york" ***********
/com,            Real Constant Set For Above Contact Is 7 & 6 
*set,tid,7
*set,cid,6
r,tid
r,cid
et,tid,170
et,cid,174
MAT,7 $ TYPE,7 $ REAL,7 $ SECNUM,7 $ ESYS,0    ! ELEMNODES = 8
eblock,21,COMPACT,,32
(21i9)
     2427      159      152      194      195      643      644      719      659
     2428      166      159      195      196      658      659      720      674
     2429      173      166      196      197      673      674      721      689
     2430      180      173      197      198      688      689      722      703
     2431      159      160      153      152      657      646      642      643
     2432      166      167      160      159      672      661      657      658
     2433      173      174      167      166      687      676      672      673
     2434      180      181      174      173      702      691      687      688
     2435      160      161      154      153      660      648      645      646
     2436      167      168      161      160      675      663      660      661
     2437      174      175      168      167      690      678      675      676
     2438      181      182      175      174      704      693      690      691
     2439      161      162      155      154      662      650      647      648
     2440      168      169      162      161      677      665      662      663
     2441      175      176      169      168      692      680      677      678
     2442      182      183      176      175      705      695      692      693
     2443      162      163      156      155      664      652      649      650
     2444      169      170      163      162      679      667      664      665
     2445      176      177      170      169      694      682      679      680
     2446      183      184      177      176      706      697      694      695
     2447      163      164      157      156      666      654      651      652
     2448      170      171      164      163      681      669      666      667
     2449      177      178      171      170      696      684      681      682
     2450      184      185      178      177      707      699      696      697
     2451      164      165      158      157      668      655      653      654
     2452      171      172      165      164      683      670      668      669
     2453      178      179      172      171      698      685      683      684
     2454      185      186      179      178      708      700      698      699
     2455      165      195      194      158      671      719      656      655
     2456      172      196      195      165      686      720      671      670
     2457      179      197      196      172      701      721      686      685
     2458      186      198      197      179      709      722      701      700
-1
secnum,1    ! reset the section ID to default
MAT,6 $ TYPE,6 $ REAL,6 $ SECNUM,6 $ ESYS,0    ! ELEMNODES = 8
eblock,21,COMPACT,,32
(21i9)
     2459      159      152      194      195      643      644      719      659
     2460      166      159      195      196      658      659      720      674
     2461      173      166      196      197      673      674      721      689
     2462      180      173      197      198      688      689      722      703
     2463      159      160      153      152      657      646      642      643
     2464      166      167      160      159      672      661      657      658
     2465      173      174      167      166      687      676      672      673
     2466      180      181      174      173      702      691      687      688
     2467      160      161      154      153      660      648      645      646
     2468      167      168      161      160      675      663      660      661
     2469      174      175      168      167      690      678      675      676
     2470      181      182      175      174      704      693      690      691
     2471      161      162      155      154      662      650      647      648
     2472      168      169      162      161      677      665      662      663
     2473      175      176      169      168      692      680      677      678
     2474      182      183      176      175      705      695      692      693
     2475      162      163      156      155      664      652      649      650
     2476      169      170      163      162      679      667      664      665
     2477      176      177      170      169      694      682      679      680
     2478      183      184      177      176      706      697      694      695
     2479      163      164      157      156      666      654      651      652
     2480      170      171      164      163      681      669      666      667
     2481      177      178      171      170      696      684      681      682
     2482      184      185      178      177      707      699      696      697
     2483      164      165      158      157      668      655      653      654
     2484      171      172      165      164      683      670      668      669
     2485      178      179      172      171      698      685      683      684
     2486      185      186      179      178      708      700      698      699
     2487      165      195      194      158      671      719      656      655
     2488      172      196      195      165      686      720      671      670
     2489      179      197      196      172      701      721      686      685
     2490      186      198      197      179      709      722      701      700
-1
secnum,1    ! reset the section ID to default
MAT,6 $ TYPE,6 $ REAL,7 $ SECNUM,6 $ ESYS,0    ! ELEMNODES = 8
eblock,21,COMPACT,,24
(21i9)
     2491     1673     1700     1777     1777     2096     2281     1777     2098
     2492     1672     1677     1776     1776     2087     2131     1776     2090
     2493     1673     1672     1775     1775     2086     2089     1775     2097
     2494     1674     1673     1777     1777     2095     2098     1777     2106
     2495     1673     1775     1700     1700     2097     2280     1700     2096
     2496     1778     1699     1698     1698     2274     2263     1698     2265
     2497     1699     1777     1700     1700     2273     2281     1700     2272
     2498     1672     1701     1775     1775     2088     2287     1775     2089
     2499     1700     1775     1701     1701     2280     2287     1701     2279
     2500     1677     1702     1776     1776     2130     2295     1776     2131
     2501     1701     1776     1702     1702     2288     2295     1702     2286
     2502     1675     1778     1698     1698     2114     2265     1698     2113
     2503     1675     1698     1780     1780     2113     2266     1780     2115
     2504     1779     1677     1676     1676     2132     2121     1676     2123
     2505     1676     1780     1703     1703     2124     2301     1703     2122
     2506     1676     1703     1779     1779     2122     2300     1779     2123
     2507     1675     1780     1676     1676     2115     2124     1676     2112
     2508     1702     1779     1703     1703     2296     2300     1703     2294
     2509     1780     1698     1703     1703     2266     2264     1703     2301
     2510     1674     1778     1675     1675     2107     2114     1675     2103
     2511     1672     1776     1701     1701     2090     2288     1701     2088
     2512     1677     1779     1702     1702     2132     2296     1702     2130
     2513     1674     1777     1699     1699     2106     2273     1699     2105
     2514     1674     1699     1778     1778     2105     2274     1778     2107
-1
secnum,1    ! reset the section ID to default
MAT,7 $ TYPE,7 $ REAL,6 $ SECNUM,7 $ ESYS,0    ! ELEMNODES = 8
eblock,21,COMPACT,,24
(21i9)
     2515     1673     1700     1777     1777     2096     2281     1777     2098
     2516     1672     1677     1776     1776     2087     2131     1776     2090
     2517     1673     1672     1775     1775     2086     2089     1775     2097
     2518     1674     1673     1777     1777     2095     2098     1777     2106
     2519     1673     1775     1700     1700     2097     2280     1700     2096
     2520     1778     1699     1698     1698     2274     2263     1698     2265
     2521     1699     1777     1700     1700     2273     2281     1700     2272
     2522     1672     1701     1775     1775     2088     2287     1775     2089
     2523     1700     1775     1701     1701     2280     2287     1701     2279
     2524     1677     1702     1776     1776     2130     2295     1776     2131
     2525     1701     1776     1702     1702     2288     2295     1702     2286
     2526     1675     1778     1698     1698     2114     2265     1698     2113
     2527     1675     1698     1780     1780     2113     2266     1780     2115
     2528     1779     1677     1676     1676     2132     2121     1676     2123
     2529     1676     1780     1703     1703     2124     2301     1703     2122
     2530     1676     1703     1779     1779     2122     2300     1779     2123
     2531     1675     1780     1676     1676     2115     2124     1676     2112
     2532     1702     1779     1703     1703     2296     2300     1703     2294
     2533     1780     1698     1703     1703     2266     2264     1703     2301
     2534     1674     1778     1675     1675     2107     2114     1675     2103
     2535     1672     1776     1701     1701     2090     2288     1701     2088
     2536     1677     1779     1702     1702     2132     2296     1702     2130
     2537     1674     1777     1699     1699     2106     2273     1699     2105
     2538     1674     1699     1778     1778     2105     2274     1778     2107
-1
secnum,1    ! reset the section ID to default
keyo,cid,8,2               ! auto create asymmetric contact (from Program Controlled setting)
keyo,cid,10,0              ! adjust contact stiffness each NR iteration (from Program Controlled setting)
keyo,cid,12,4              ! no separation always
keyo,cid,18,1              ! small sliding turned on by application
keyo,cid,2,0               ! augmented Lagrange (from Program Controlled setting)
keyo,cid,4,0               ! on Gauss point (from Program Controlled setting)
keyo,cid,9,1               ! ignore initial gaps/penetration
keyo,cid,7,0               ! No Prediction
rmod,tid,3,10.      ! FKN
rmod,tid,5,0.       ! ICONT
rmod,tid,6,0.       ! PINB
rmod,tid,10,0.      ! CNOF
rmod,tid,12,0.      ! FKT
rmod,tid,36,35      ! WB DSID
rmod,cid,3,10.      ! FKN
rmod,cid,5,0.       ! ICONT
rmod,cid,6,0.       ! PINB
rmod,cid,10,0.      ! CNOF
rmod,cid,12,0.      ! FKT
rmod,cid,36,35      ! WB DSID
/com,*********** Create Contact "No Separation - u shape To york" ***********
/com,            Real Constant Set For Above Contact Is 9 & 8 
*set,tid,9
*set,cid,8
r,tid
r,cid
et,tid,170
et,cid,174
MAT,9 $ TYPE,9 $ REAL,9 $ SECNUM,9 $ ESYS,0    ! ELEMNODES = 8
eblock,21,COMPACT,,57
(21i9)
     2539      834      836      838      838     1501     1517      838     1503
     2540      834      844      837      837     1505     1526      837     1502
     2541      753      754      835      835     1054     1062      835     1057
     2542      837      844      841      841     1526     1542      841     1525
     2543      834      839      836      836     1504     1518      836     1501
     2544      835      836      839      839     1510     1518      839     1511
     2545      838      847      848      848     1530     1563      848     1531
     2546      834      837      839      839     1502     1524      839     1504
     2547      836      849      838      838     1519     1532      838     1517
     2548      834      848      844      844     1506     1556      844     1505
     2549      834      838      848      848     1503     1531      848     1506
     2550      738      739      835      835      949      962      835      954
     2551      754      755      836      836     1059     1068      836     1063
     2552      754      836      835      835     1063     1510      835     1062
     2553      738      837      743      743      955      991      743      950
     2554      738      835      839      839      954     1511      839      956
     2555      738      839      837      837      956     1524      837      955
     2556      752      753      840      840     1048     1058      840     1051
     2557      739      840      835      835      963     1512      835      962
     2558      753      835      840      840     1057     1512      840     1058
     2559      746      841      747      747     1014     1020      747     1011
     2560      743      837      841      841      991     1525      841      992
     2561      740      741      842      842      966      977      842      970
     2562      734      751      842      842      928     1045      842      930
     2563      734      842      735      735      930      934      735      927
     2564      735      842      736      736      934      938      736      933
     2565      736      842      741      741      938      977      741      937
     2566      741      742      843      843      973      985      843      978
     2567      729      737      843      843      896      944      843      899
     2568      729      843      745      745      899     1007      745      897
     2569      736      741      843      843      937      978      843      939
     2570      736      843      737      737      939      944      737      936
     2571      747      844      748      748     1021     1026      748     1017
     2572      747      841      844      844     1020     1542      844     1021
     2573      751      752      845      845     1042     1052      845     1046
     2574      739      740      845      845      958      971      845      964
     2575      739      845      840      840      964     1539      840      963
     2576      752      840      845      845     1051     1539      845     1052
     2577      740      842      845      845      970     1546      845      971
     2578      751      845      842      842     1046     1546      842     1045
     2579      742      743      846      846      981      993      846      986
     2580      745      846      746      746     1008     1015      746     1004
     2581      742      846      843      843      986     1551      843      985
     2582      745      843      846      846     1007     1551      846     1008
     2583      743      841      846      846      992     1543      846      993
     2584      746      846      841      841     1015     1543      841     1014
     2585      744      749      847      847      997     1031      847     1002
     2586      744      847      757      757     1002     1083      757      998
     2587      757      847      838      838     1083     1530      838     1082
     2588      757      838      756      756     1082     1074      756     1071
     2589      756      838      849      849     1074     1532      849     1075
     2590      748      848      749      749     1027     1032      749     1023
     2591      749      848      847      847     1032     1563      847     1031
     2592      748      844      848      848     1026     1556      848     1027
     2593      750      756      849      849     1035     1075      849     1039
     2594      750      849      755      755     1039     1069      755     1034
     2595      755      849      836      836     1069     1519      836     1068
-1
secnum,1    ! reset the section ID to default
MAT,8 $ TYPE,8 $ REAL,8 $ SECNUM,8 $ ESYS,0    ! ELEMNODES = 8
eblock,21,COMPACT,,57
(21i9)
     2596      834      836      838      838     1501     1517      838     1503
     2597      834      844      837      837     1505     1526      837     1502
     2598      753      754      835      835     1054     1062      835     1057
     2599      837      844      841      841     1526     1542      841     1525
     2600      834      839      836      836     1504     1518      836     1501
     2601      835      836      839      839     1510     1518      839     1511
     2602      838      847      848      848     1530     1563      848     1531
     2603      834      837      839      839     1502     1524      839     1504
     2604      836      849      838      838     1519     1532      838     1517
     2605      834      848      844      844     1506     1556      844     1505
     2606      834      838      848      848     1503     1531      848     1506
     2607      738      739      835      835      949      962      835      954
     2608      754      755      836      836     1059     1068      836     1063
     2609      754      836      835      835     1063     1510      835     1062
     2610      738      837      743      743      955      991      743      950
     2611      738      835      839      839      954     1511      839      956
     2612      738      839      837      837      956     1524      837      955
     2613      752      753      840      840     1048     1058      840     1051
     2614      739      840      835      835      963     1512      835      962
     2615      753      835      840      840     1057     1512      840     1058
     2616      746      841      747      747     1014     1020      747     1011
     2617      743      837      841      841      991     1525      841      992
     2618      740      741      842      842      966      977      842      970
     2619      734      751      842      842      928     1045      842      930
     2620      734      842      735      735      930      934      735      927
     2621      735      842      736      736      934      938      736      933
     2622      736      842      741      741      938      977      741      937
     2623      741      742      843      843      973      985      843      978
     2624      729      737      843      843      896      944      843      899
     2625      729      843      745      745      899     1007      745      897
     2626      736      741      843      843      937      978      843      939
     2627      736      843      737      737      939      944      737      936
     2628      747      844      748      748     1021     1026      748     1017
     2629      747      841      844      844     1020     1542      844     1021
     2630      751      752      845      845     1042     1052      845     1046
     2631      739      740      845      845      958      971      845      964
     2632      739      845      840      840      964     1539      840      963
     2633      752      840      845      845     1051     1539      845     1052
     2634      740      842      845      845      970     1546      845      971
     2635      751      845      842      842     1046     1546      842     1045
     2636      742      743      846      846      981      993      846      986
     2637      745      846      746      746     1008     1015      746     1004
     2638      742      846      843      843      986     1551      843      985
     2639      745      843      846      846     1007     1551      846     1008
     2640      743      841      846      846      992     1543      846      993
     2641      746      846      841      841     1015     1543      841     1014
     2642      744      749      847      847      997     1031      847     1002
     2643      744      847      757      757     1002     1083      757      998
     2644      757      847      838      838     1083     1530      838     1082
     2645      757      838      756      756     1082     1074      756     1071
     2646      756      838      849      849     1074     1532      849     1075
     2647      748      848      749      749     1027     1032      749     1023
     2648      749      848      847      847     1032     1563      847     1031
     2649      748      844      848      848     1026     1556      848     1027
     2650      750      756      849      849     1035     1075      849     1039
     2651      750      849      755      755     1039     1069      755     1034
     2652      755      849      836      836     1069     1519      836     1068
-1
secnum,1    ! reset the section ID to default
MAT,8 $ TYPE,8 $ REAL,9 $ SECNUM,8 $ ESYS,0    ! ELEMNODES = 8
eblock,21,COMPACT,,54
(21i9)
     2653     1794     1805     1797     1797     2806     2823     1797     2804
     2654     1793     1800     1803     1803     2796     2843     1803     2797
     2655     1793     1796     1798     1798     2793     2816     1798     2794
     2656     1793     1799     1796     1796     2795     2817     1796     2793
     2657     1793     1803     1799     1799     2797     2835     1799     2795
     2658     1698     1699     1794     1794     2263     2275     1794     2267
     2659     1797     1804     1795     1795     2822     2812     1795     2810
     2660     1799     1803     1807     1807     2835     2853     1807     2836
     2661     1714     1715     1794     1794     2360     2366     1794     2362
     2662     1698     1795     1703     1703     2268     2302     1703     2264
     2663     1708     1795     1709     1709     2329     2332     1709     2327
     2664     1711     1712     1796     1796     2343     2349     1796     2344
     2665     1716     1717     1797     1797     2369     2382     1797     2372
     2666     1698     1794     1797     1797     2267     2804     1797     2269
     2667     1700     1701     1798     1798     2279     2290     1798     2282
     2668     1712     1798     1796     1796     2350     2816     1796     2349
     2669     1701     1793     1798     1798     2289     2794     1798     2290
     2670     1696     1796     1799     1799     2255     2817     1799     2256
     2671     1696     1799     1697     1697     2256     2259     1697     2253
     2672     1706     1800     1707     1707     2318     2324     1707     2316
     2673     1699     1700     1801     1801     2272     2283     1801     2276
     2674     1713     1714     1801     1801     2354     2363     1801     2357
     2675     1699     1801     1794     1794     2276     2805     1794     2275
     2676     1714     1794     1801     1801     2362     2805     1801     2363
     2677     1707     1802     1708     1708     2325     2330     1708     2321
     2678     1702     1703     1802     1802     2294     2303     1802     2298
     2679     1702     1802     1800     1800     2298     2842     1800     2297
     2680     1707     1800     1802     1802     2324     2842     1802     2325
     2681     1703     1795     1802     1802     2302     2811     1802     2303
     2682     1708     1802     1795     1795     2330     2811     1795     2329
     2683     1705     1803     1706     1706     2313     2319     1706     2312
     2684     1706     1803     1800     1800     2319     2843     1800     2318
     2685     1709     1795     1804     1804     2332     2812     1804     2333
     2686     1717     1804     1797     1797     2383     2822     1797     2382
     2687     1704     1709     1804     1804     2306     2333     1804     2309
     2688     1704     1804     1717     1717     2309     2383     1717     2307
     2689     1715     1805     1794     1794     2367     2806     1794     2366
     2690     1716     1797     1805     1805     2372     2823     1805     2373
     2691     1710     1716     1805     1805     2338     2373     1805     2340
     2692     1710     1805     1715     1715     2340     2367     1715     2337
     2693     1701     1702     1800     1800     2286     2297     1800     2291
     2694     1701     1800     1793     1793     2291     2796     1793     2289
     2695     1698     1797     1795     1795     2269     2810     1795     2268
     2696     1700     1798     1806     1806     2282     2828     1806     2284
     2697     1713     1801     1806     1806     2357     2847     1806     2358
     2698     1700     1806     1801     1801     2284     2847     1801     2283
     2699     1712     1713     1806     1806     2347     2358     1806     2351
     2700     1712     1806     1798     1798     2351     2828     1798     2350
     2701     1694     1697     1807     1807     2246     2260     1807     2248
     2702     1694     1807     1705     1705     2248     2314     1705     2247
     2703     1697     1799     1807     1807     2259     2836     1807     2260
     2704     1705     1807     1803     1803     2314     2853     1803     2313
     2705     1695     1711     1696     1696     2251     2254     1696     2250
     2706     1696     1711     1796     1796     2254     2344     1796     2255
-1
secnum,1    ! reset the section ID to default
MAT,9 $ TYPE,9 $ REAL,8 $ SECNUM,9 $ ESYS,0    ! ELEMNODES = 8
eblock,21,COMPACT,,54
(21i9)
     2707     1794     1805     1797     1797     2806     2823     1797     2804
     2708     1793     1800     1803     1803     2796     2843     1803     2797
     2709     1793     1796     1798     1798     2793     2816     1798     2794
     2710     1793     1799     1796     1796     2795     2817     1796     2793
     2711     1793     1803     1799     1799     2797     2835     1799     2795
     2712     1698     1699     1794     1794     2263     2275     1794     2267
     2713     1797     1804     1795     1795     2822     2812     1795     2810
     2714     1799     1803     1807     1807     2835     2853     1807     2836
     2715     1714     1715     1794     1794     2360     2366     1794     2362
     2716     1698     1795     1703     1703     2268     2302     1703     2264
     2717     1708     1795     1709     1709     2329     2332     1709     2327
     2718     1711     1712     1796     1796     2343     2349     1796     2344
     2719     1716     1717     1797     1797     2369     2382     1797     2372
     2720     1698     1794     1797     1797     2267     2804     1797     2269
     2721     1700     1701     1798     1798     2279     2290     1798     2282
     2722     1712     1798     1796     1796     2350     2816     1796     2349
     2723     1701     1793     1798     1798     2289     2794     1798     2290
     2724     1696     1796     1799     1799     2255     2817     1799     2256
     2725     1696     1799     1697     1697     2256     2259     1697     2253
     2726     1706     1800     1707     1707     2318     2324     1707     2316
     2727     1699     1700     1801     1801     2272     2283     1801     2276
     2728     1713     1714     1801     1801     2354     2363     1801     2357
     2729     1699     1801     1794     1794     2276     2805     1794     2275
     2730     1714     1794     1801     1801     2362     2805     1801     2363
     2731     1707     1802     1708     1708     2325     2330     1708     2321
     2732     1702     1703     1802     1802     2294     2303     1802     2298
     2733     1702     1802     1800     1800     2298     2842     1800     2297
     2734     1707     1800     1802     1802     2324     2842     1802     2325
     2735     1703     1795     1802     1802     2302     2811     1802     2303
     2736     1708     1802     1795     1795     2330     2811     1795     2329
     2737     1705     1803     1706     1706     2313     2319     1706     2312
     2738     1706     1803     1800     1800     2319     2843     1800     2318
     2739     1709     1795     1804     1804     2332     2812     1804     2333
     2740     1717     1804     1797     1797     2383     2822     1797     2382
     2741     1704     1709     1804     1804     2306     2333     1804     2309
     2742     1704     1804     1717     1717     2309     2383     1717     2307
     2743     1715     1805     1794     1794     2367     2806     1794     2366
     2744     1716     1797     1805     1805     2372     2823     1805     2373
     2745     1710     1716     1805     1805     2338     2373     1805     2340
     2746     1710     1805     1715     1715     2340     2367     1715     2337
     2747     1701     1702     1800     1800     2286     2297     1800     2291
     2748     1701     1800     1793     1793     2291     2796     1793     2289
     2749     1698     1797     1795     1795     2269     2810     1795     2268
     2750     1700     1798     1806     1806     2282     2828     1806     2284
     2751     1713     1801     1806     1806     2357     2847     1806     2358
     2752     1700     1806     1801     1801     2284     2847     1801     2283
     2753     1712     1713     1806     1806     2347     2358     1806     2351
     2754     1712     1806     1798     1798     2351     2828     1798     2350
     2755     1694     1697     1807     1807     2246     2260     1807     2248
     2756     1694     1807     1705     1705     2248     2314     1705     2247
     2757     1697     1799     1807     1807     2259     2836     1807     2260
     2758     1705     1807     1803     1803     2314     2853     1803     2313
     2759     1695     1711     1696     1696     2251     2254     1696     2250
     2760     1696     1711     1796     1796     2254     2344     1796     2255
-1
secnum,1    ! reset the section ID to default
keyo,cid,8,2               ! auto create asymmetric contact (from Program Controlled setting)
keyo,cid,10,0              ! adjust contact stiffness each NR iteration (from Program Controlled setting)
keyo,cid,12,4              ! no separation always
keyo,cid,18,1              ! small sliding turned on by application
keyo,cid,2,0               ! augmented Lagrange (from Program Controlled setting)
keyo,cid,4,0               ! on Gauss point (from Program Controlled setting)
keyo,cid,9,1               ! ignore initial gaps/penetration
keyo,cid,7,0               ! No Prediction
rmod,tid,3,10.      ! FKN
rmod,tid,5,0.       ! ICONT
rmod,tid,6,0.       ! PINB
rmod,tid,10,0.      ! CNOF
rmod,tid,12,0.      ! FKT
rmod,tid,36,38      ! WB DSID
rmod,cid,3,10.      ! FKN
rmod,cid,5,0.       ! ICONT
rmod,cid,6,0.       ! PINB
rmod,cid,10,0.      ! CNOF
rmod,cid,12,0.      ! FKT
rmod,cid,36,38      ! WB DSID
nsel,all
esel,all
/wb,contact,end            !  done creating contacts
/golist
/wb,load,start             !  starting to send loads
/com,*********** Fixed Supports ***********
CMBLOCK,_FIXEDSU,NODE,       15
(8i10)
      1730      1741      1752     -1757      2466      2467      2538      2539
      2607     -2610      2614      2615      2620      2624      2628
cmsel,s,_FIXEDSU
d,all,all
nsel,all
/com,*********** Define Pressure Using Surface Effect Elements "Pressure" ***********
et,10,154
MAT,10 $ TYPE,10 $ REAL,10 $ SECNUM,10 $ ESYS,0    ! ELEMNODES = 8
eblock,21,COMPACT,,14
(21i9)
     2761      769      855      853      853     1159     1580      853     1158
     2762      764      765      855      855     1127     1136      855     1132
     2763      760      854      762      762     1107     1117      762     1103
     2764      768      769      853      853     1150     1158      853     1153
     2765      762      854      853      853     1117     1579      853     1116
     2766      760      767      854      854     1104     1147      854     1107
     2767      763      853      855      855     1122     1580      855     1123
     2768      758      763      855      855     1090     1123      855     1094
     2769      768      853      854      854     1153     1579      854     1154
     2770      762      853      763      763     1116     1122      763     1114
     2771      764      855      769      769     1132     1159      769     1128
     2772      758      855      765      765     1094     1136      765     1091
     2773      766      768      854      854     1139     1154      854     1143
     2774      766      854      767      767     1143     1147      767     1138
-1
secnum,1    ! reset the section ID to default
esel,s,type,,10
keyop,10,7,0        ! Use deformed area for application of load
esel,all
esel,all
/gst,on,on
fini
*get,_numnode,node,0,count
*get,_numelem,elem,0,count
*get, _MAXELEMNUM, elem, 0, NUM, MAX
*get, _MAXNODENUM, node, 0, NUM, MAX
*get, _MAXELEMTYPE, etyp, 0, NUM, MAX
*get, _MAXREALCONST, rcon, 0, NUM, MAX
/go
/wb,load,end               !  done creating loads
/com,--- Number of total nodes = %_numnode%
/com,--- Number of contact elements = 476
/com,--- Number of spring elements = 0
/com,--- Number of bearing elements = 0
/com,--- Number of solid elements = 1464
/com,--- Number of condensed parts = 0
/com,--- Number of total elements = %_numelem%
*get,_wallbsol,active,,time,wall
/com,****************************************************************************
/com,*************************    SOLUTION       ********************************
/com,****************************************************************************
/solu
antype,0                   ! static analysis
_thickRatio=0.333   ! Ratio of thick parts in the model
eqsl,sparse,,,,,1
cntr,print,1               ! print out contact info and also make no initial contact an error
cncheck,dmp		!	Enable program controlled contact splitting for distributed memory parallel run
dmpoption,emat,no             ! Don't combine emat file for DANSYS
dmpoption,esav,no             ! Don't combine esav file for DANSYS
nldiag,cont,iter           ! print out contact info each equilibrium iteration
rescontrol,,none                 ! Do not keep any restart files
/com,****************************************************
/com,******************* SOLVE FOR LS 1 OF 1 ****************
esel,s,type,,10
nsle
sf,all,pres,-1.
nsel,all
esel,all
esel,all
/nopr
/gopr
nsub,1,1,1
time,1.
outres,erase
outres,all,none
outres,nsol,all,
outres,rsol,all
outres,eangl,all
outres,etmp,all
outres,veng,all
outres,strs,all,
outres,epel,all,
outres,eppl,all,
outres,cont,all,
! *********** WB SOLVE COMMAND ***********
! check interactive state
*get,ANSINTER_,active,,int
*if,ANSINTER_,ne,0,then
/eof
*endif
solve
/com *************** Write FE CONNECTORS ********* 
CEWRITE,file,ce,,INTE
/com,****************************************************
/com,*************** FINISHED SOLVE FOR LS 1 *************
fini
*get,_wallasol,active,,time,wall
/nopr
*get,_numnode,node,0,count
*get,_numelem,elem,0,count
*get, _MAXELEMNUM, elem, 0, NUM, MAX
*get, _MAXNODENUM, node, 0, NUM, MAX,,,INTERNAL
*get, _MAXELEMTYPE, etyp, 0, NUM, MAX
*get, _MAXREALCONST, rcon, 0, NUM, MAX
*get,_NSOLTHREADS,active,0,ntfs
*get,_NSOLPROCESSES,active,0,npfs
/gopr
/post1
xmlo,ENCODING,ISO-8859-1
xmlo,parm
/xml,parm,xml
fini
/gopr
*get,_walldone,active,,time,wall
_preptime=(_wallbsol-_wallstrt)*3600
_solvtime=(_wallasol-_wallbsol)*3600
_posttime=(_walldone-_wallasol)*3600
_totaltim=(_walldone-_wallstrt)*3600
*get,_dlbratio,active,0,solu,dlbr
*get,_combtime,active,0,solu,comb
*get,_ssmode,active,0,solu,ssmm
*get,_ndofs,active,0,solu,ndof
*get,_sol_end_time,active,0,set,time
*if,_sol_end_time,eq,1.000000,then
/fclean				!clean distributed files
*endif
/com,--- Total number of nodes = %_numnode%
/com,--- Total number of elements = %_numelem%
/com,--- Element load balance ratio = %_dlbratio%
/com,--- Time to combine distributed files = %_combtime%
/com,--- Sparse memory mode = %_ssmode%
/com,--- Number of DOF = %_ndofs%
/wb,file,end               ! done with WB generated input
