/batch
/config,noeldb,1     ! force off writing results to database
*get,_wallstrt,active,,time,wall
! ANSYS input file written by Workbench version 2026 R1
! File used for geometry attach: F:\CoME\Forth Semester\Practice FEM\Git_upload\06_Dynamic_Analysis\3_transient_analysis\06_3_ii_four_bar_mechanism\ansys\project_files\four_bar_mechanism_files\dp0\Geom\DM\Geom.agdb
/title,four_bar_mechanism--Transient (B5)
! ****** Begin Custom Load Command Snippet ******
/COM, ACT Extensions:
/COM,     LSDYNA, 2026.1
/COM,     5f463412-bd3e-484b-87e7-cbc0a665e474, wbex
/COM,     ANSYSMotion, 2026.1
/COM,     20180725-3f81-49eb-9f31-41364844c769, wbex
! ****** End   Custom Load Command Snippet ******
*DIM,_wb_ProjectScratch_dir,string,248
_wb_ProjectScratch_dir(1) = 'F:\CoME\Forth Semester\Practice FEM\Git_upload\06_Dynamic_Analysis\3_transient_analysis\06_3_ii_four_bar_mechanism\ansys\project_files\_ProjectScratch\Scr451E\'
*DIM,_wb_SolverFiles_dir,string,248
_wb_SolverFiles_dir(1) = 'F:\CoME\Forth Semester\Practice FEM\Git_upload\06_Dynamic_Analysis\3_transient_analysis\06_3_ii_four_bar_mechanism\ansys\project_files\four_bar_mechanism_files\dp0\SYS\MECH\'
*DIM,_wb_userfiles_dir,string,248
_wb_userfiles_dir(1) = 'F:\CoME\Forth Semester\Practice FEM\Git_upload\06_Dynamic_Analysis\3_transient_analysis\06_3_ii_four_bar_mechanism\ansys\project_files\four_bar_mechanism_files\user_files\'
/com,--- Data in consistent NMM units. See Solving Units in the help system for more information.
/units,MPA
/nopr
/wb,file,start              !  signify a WB generated input file
/prep7
! Turn off shape checking because checks already performed inside WB mesher.
! See help system for more information.
SHPP,OFF,,NOWARN
/nolist
etcon,set             ! allow ANSYS to choose best KEYOP's for 180x elements, resets any applicable keyopt to MAPDL defaults
/com,*********** Send User Defined Coordinate System(s) ***********
local,12,0,-7.49999983236194,-457.478000421359,164.537228199074,0.,0.,-90.
local,13,0,-24.9999999068677,-394.999999999958,2.75418576833886e-010,0.,0.,-90.
local,14,0,24.5000010048538,395.,0.,0.,0.,90.
local,15,0,4.99999988824129,-36.7869106836579,324.283924612665,0.,0.,-90.
csys,0
/com,*********** Nodes for the whole assembly ***********
nblock,3,,3107
(1i9,3e20.9e3)
        1    -1.500000000E+01    -4.020115296E+02    -2.662414790E+00
        2    -3.500000000E+01    -4.020115296E+02    -2.662414790E+00
        3    -2.166666667E+01    -4.020115296E+02    -2.662414790E+00
        4    -2.833333333E+01    -4.020115296E+02    -2.662414790E+00
        5    -1.500000000E+01    -3.879884704E+02     2.662414791E+00
        6    -1.500000000E+01    -4.008114836E+02     4.740955367E+00
        7    -1.500000000E+01    -3.937999540E+02     7.403370158E+00
        8    -3.500000000E+01    -3.879884704E+02     2.662414791E+00
        9    -2.166666667E+01    -3.879884704E+02     2.662414791E+00
       10    -2.833333333E+01    -3.879884704E+02     2.662414791E+00
       11    -3.500000000E+01    -4.008114836E+02     4.740955367E+00
       12    -3.500000000E+01    -3.937999540E+02     7.403370158E+00
       13    -1.500000000E+01    -3.891885164E+02    -4.740955367E+00
       14    -1.500000000E+01    -3.962000460E+02    -7.403370157E+00
       15    -3.500000000E+01    -3.891885164E+02    -4.740955367E+00
       16    -3.500000000E+01    -3.962000460E+02    -7.403370157E+00
       17     0.000000000E+00    -4.644895300E+02     1.618748134E+02
       18    -1.500000000E+01    -4.644895300E+02     1.618748134E+02
       19    -7.500000000E+00    -4.644895300E+02     1.618748134E+02
       20     0.000000000E+00    -4.504664708E+02     1.671996430E+02
       21     1.000068084E-11    -4.586780464E+02     1.571338580E+02
       22     1.000068084E-11    -4.516665168E+02     1.597962728E+02
       23    -1.500000000E+01    -4.504664708E+02     1.671996430E+02
       24    -7.500000000E+00    -4.504664708E+02     1.671996430E+02
       25    -1.500000000E+01    -4.586780464E+02     1.571338580E+02
       26    -1.500000000E+01    -4.516665168E+02     1.597962728E+02
       27     1.000068084E-11    -4.562779545E+02     1.719405984E+02
       28     1.000068084E-11    -4.632894841E+02     1.692781836E+02
       29    -1.500000000E+01    -4.562779545E+02     1.719405984E+02
       30    -1.500000000E+01    -4.632894841E+02     1.692781836E+02
       31     0.000000000E+00    -3.792019976E+02     6.504765078E-01
       32     0.000000000E+00    -3.879002272E+02    -1.869741230E+01
       33     1.000068084E-11    -3.795440334E+02    -1.082493024E+01
       34    -1.500000000E+01    -3.879002272E+02    -1.869741230E+01
       35    -1.500000000E+01    -3.792019976E+02     6.504765078E-01
       36    -1.500000000E+01    -3.795440334E+02    -1.082493024E+01
       37     0.000000000E+00    -4.072481160E+02    -9.999182655E+00
       38     1.000068084E-11    -3.993756340E+02    -1.835537645E+01
       39    -1.500000000E+01    -4.072481160E+02    -9.999182655E+00
       40    -1.500000000E+01    -3.993756340E+02    -1.835537645E+01
       41     0.000000000E+00    -4.452298844E+02     1.745364109E+02
       42     0.000000000E+00    -3.861859824E+02     1.904295847E+01
       43     0.000000000E+00    -3.967846664E+02     4.695483282E+01
       44     0.000000000E+00    -4.079343947E+02     7.631789471E+01
       45     0.000000000E+00    -4.204617337E+02     1.093089255E+02
       46     0.000000000E+00    -4.329890727E+02     1.422999562E+02
       47     0.000000000E+00    -4.391775343E+02     1.585974099E+02
       48     0.000000000E+00    -4.422037094E+02     1.665669104E+02
       49    -1.500000000E+01    -4.452298844E+02     1.745364109E+02
       50    -1.500000000E+01    -3.830437482E+02     1.076781380E+01
       51    -1.500000000E+01    -3.868854989E+02     2.088515109E+01
       52    -1.500000000E+01    -3.975417902E+02     4.894873550E+01
       53    -1.500000000E+01    -4.104717899E+02     8.300018223E+01
       54    -1.500000000E+01    -4.230011737E+02     1.159965982E+02
       55    -1.500000000E+01    -4.331268627E+02     1.426628294E+02
       56    -1.500000000E+01    -4.384354323E+02     1.566430674E+02
       57    -1.500000000E+01    -4.418326583E+02     1.655897391E+02
       58    -7.500000000E+00    -4.452298844E+02     1.745364109E+02
       59     0.000000000E+00    -4.645777732E+02     1.832346405E+02
       60     1.000068084E-11    -4.531023665E+02     1.828926046E+02
       61    -1.500000000E+01    -4.645777732E+02     1.832346405E+02
       62    -1.500000000E+01    -4.531023665E+02     1.828926046E+02
       63    -1.500000000E+01    -4.732760028E+02     1.638867517E+02
       64    -1.500000000E+01    -4.699651413E+02     1.551675229E+02
       65    -1.500000000E+01    -4.661737518E+02     1.451828128E+02
       66    -1.500000000E+01    -4.565788239E+02     1.199143531E+02
       67    -1.500000000E+01    -4.451427794E+02     8.979727114E+01
       68    -1.500000000E+01    -4.325947788E+02     5.675182740E+01
       69    -1.500000000E+01    -4.198614521E+02     2.321832337E+01
       70    -1.500000000E+01    -4.151054159E+02     1.069319447E+01
       71    -1.500000000E+01    -4.103493798E+02    -1.831934432E+00
       72     0.000000000E+00    -4.732760028E+02     1.638867517E+02
       73     0.000000000E+00    -4.698645727E+02     1.549026732E+02
       74     0.000000000E+00    -4.658020336E+02     1.442038846E+02
       75     0.000000000E+00    -4.572344615E+02     1.216409895E+02
       76     0.000000000E+00    -4.431404301E+02     8.452403872E+01
       77     0.000000000E+00    -4.296723515E+02     4.905554911E+01
       78     0.000000000E+00    -4.162042730E+02     1.358705950E+01
       79    -7.500000000E+00    -4.732760028E+02     1.638867517E+02
       80    -1.500000000E+01    -4.729339670E+02     1.753621584E+02
       81     1.000068084E-11    -4.729339670E+02     1.753621584E+02
       82    -7.500000000E+00    -4.695388371E+02     1.801294746E+02
       83    -7.500000000E+00    -4.601404152E+02     1.715487578E+02
       84    -9.375000000E+00    -4.648813706E+02     1.657372742E+02
       85    -7.500000000E+00    -4.521017159E+02     1.697665269E+02
       86    -7.500000000E+00    -4.548155856E+02     1.575256986E+02
       87    -9.375000000E+00    -4.622189558E+02     1.587257445E+02
       88    -7.500000000E+00    -4.499858432E+02     1.641943282E+02
       89    -1.934784351E+01    -4.001201145E+02    -5.480367488E+00
       90    -2.177547757E+01    -3.921989891E+02    -6.957322603E+00
       91    -2.418228593E+01    -3.977831207E+02    -6.964498496E+00
       92    -2.500000000E+01    -3.880110319E+02    -2.721088834E+00
       93    -2.815268045E+01    -3.920239876E+02    -6.884282838E+00
       94    -1.891792829E+01    -4.024613790E+02     7.601469546E-01
       95    -2.406469288E+01    -4.016928529E+02     3.384630002E+00
       96    -2.142332807E+01    -3.974736901E+02     7.080314766E+00
       97    -2.500000000E+01    -3.915993114E+02     6.684707684E+00
       98    -2.811159383E+01    -3.972750510E+02     7.146617594E+00
       99    -1.500000000E+01    -3.998103097E+02     1.762669725E+01
      100    -1.500000000E+01    -4.054448924E+02     9.635319599E+00
      101    -1.500000000E+01    -4.492556428E+02     1.499897250E+02
      102    -1.500000000E+01    -4.456272510E+02     1.347492637E+02
      103    -1.500000000E+01    -4.620363090E+02     1.765416371E+02
      104    -1.500000000E+01    -3.904416914E+02    -1.200440890E+01
      105     0.000000000E+00    -3.961298856E+02     2.975560809E+00
      106     0.000000000E+00    -4.558250970E+02     1.485030452E+02
      107     0.000000000E+00    -4.489559093E+02     1.552987463E+02
      108     0.000000000E+00    -3.915666490E+02    -9.041810719E+00
      109     0.000000000E+00    -4.620363090E+02     1.765416371E+02
      110    -6.718750063E+00    -4.698136632E+02     1.547686018E+02
      111    -7.500000000E+00    -4.413758437E+02     1.643867075E+02
      112    -3.500000000E+01    -3.950000000E+02     2.782496455E-10
      113    -1.763840983E+01    -3.965651329E+02     1.039322066E-01
      114    -9.827429672E+00    -4.007068776E+02    -6.687842285E+00
      115    -7.081449122E+00    -4.500497246E+02     1.537262828E+02
      116    -6.451442563E+00    -4.580358137E+02     1.507687986E+02
      117    -5.603420779E+00    -4.675040515E+02     1.694575137E+02
      118    -7.500000000E+00    -4.521928006E+02     1.756593719E+02
      119    -6.913106263E+00    -4.051306554E+02     2.235192576E+01
      120    -8.844964384E+00    -3.928832776E+02    -7.053797724E+00
      121    -9.862626662E+00    -4.070196748E+02     8.575517136E+00
      122    -1.134643584E+01    -4.641149253E+02     1.548691380E+02
      123    -7.500000000E+00    -4.626304672E+02     1.764463463E+02
      124    -3.009671735E+01    -3.950346814E+02    -1.633576730E-01
      125    -9.911233282E+00    -3.921116565E+02     1.332693895E+01
      126    -1.004959994E+01    -3.857508565E+02     3.951809376E+00
      127    -3.750000000E+00    -4.676515661E+02     1.589884852E+02
      128    -1.009243150E+01    -4.678800438E+02     1.600296733E+02
      129    -8.531647632E+00    -4.457782861E+02     1.591487502E+02
      130    -8.261801030E+00    -3.833770006E+02    -3.981563473E+00
      131    -2.387337697E+01    -3.961667965E+02    -2.143404622E-01
      132    -8.122466445E+00    -3.992608434E+02     1.074951041E+01
      133    -7.375067279E+00    -3.947952742E+02    -1.198700837E+01
      134    -7.959084900E+00    -4.432370246E+02     1.496880105E+02
      135    -6.892728633E+00    -3.894805940E+02    -1.849322114E+00
      136    -1.078019910E+01    -3.957779318E+02    -9.962892649E-01
      137    -6.789602495E+00    -4.522102874E+02     1.434290577E+02
      138    -5.791787116E+00    -4.034827516E+02     1.634489417E+00
      139    -5.731511104E+00    -4.645866256E+02     1.531673862E+02
      140    -7.845603809E+00    -3.926774696E+02     5.440729600E+00
      141    -3.750000000E+00    -4.463350901E+02     1.668832767E+02
      142    -1.125000000E+01    -4.461495646E+02     1.663946911E+02
      143    -4.258822976E+00    -3.857437257E+02    -9.437254189E+00
      144    -5.277055704E+00    -3.962443321E+02    -5.044207757E+00
      145    -3.176551344E+00    -4.499799044E+02     1.647062153E+02
      146    -1.833333333E+01    -4.020115296E+02    -2.662414790E+00
      147    -1.500000000E+01    -4.024033702E+02     1.200045962E+00
      148    -1.500000000E+01    -3.997409554E+02    -5.811483649E+00
      149    -1.500000000E+01    -4.046298228E+02    -6.330798723E+00
      150    -1.500000000E+01    -4.061804547E+02    -2.247174611E+00
      151    -1.717392176E+01    -4.012273117E+02    -4.179783322E+00
      152    -1.695896415E+01    -4.024360442E+02    -9.773673048E-01
      153    -1.631920491E+01    -3.992883313E+02    -1.279241292E+00
      154    -1.241371484E+01    -4.013592036E+02    -4.675128538E+00
      155    -1.289009955E+01    -3.988947307E+02    -1.829352028E+00
      156    -1.039589356E+01    -4.027471406E+02    -5.139626869E-01
      157    -3.166666667E+01    -4.020115296E+02    -2.662414790E+00
      158    -3.500000000E+01    -4.024033702E+02     1.200045962E+00
      159    -3.500000000E+01    -3.997409554E+02    -5.811483649E+00
      160    -3.500000000E+01    -3.985057648E+02    -1.331207395E+00
      161    -3.254835867E+01    -3.985231055E+02    -1.412886232E+00
      162    -2.500000000E+01    -4.020115296E+02    -2.662414790E+00
      163    -2.050725509E+01    -4.012273117E+02    -4.179783322E+00
      164    -2.292447630E+01    -4.003489041E+02    -5.257302102E+00
      165    -2.029229748E+01    -4.024360442E+02    -9.773673048E-01
      166    -2.286567978E+01    -4.024896070E+02     3.946991471E-01
      167    -1.965253825E+01    -3.992883313E+02    -1.279241292E+00
      168    -2.277002182E+01    -3.990891630E+02    -1.438377626E+00
      169    -3.166666667E+01    -4.024033702E+02     1.200045962E+00
      170    -3.166666667E+01    -3.997409554E+02    -5.811483649E+00
      171    -2.625780963E+01    -4.003489041E+02    -5.257302102E+00
      172    -2.619901311E+01    -4.024896070E+02     3.946991471E-01
      173    -2.921502534E+01    -3.985231055E+02    -1.412886232E+00
      174    -2.610335515E+01    -3.990891630E+02    -1.438377626E+00
      175    -1.500000000E+01    -3.902590446E+02     5.811483650E+00
      176    -1.833333333E+01    -3.879884704E+02     2.662414791E+00
      177    -1.500000000E+01    -3.875966298E+02    -1.200045961E+00
      178    -1.500000000E+01    -3.835952340E+02     1.656445649E+00
      179    -1.500000000E+01    -3.855161093E+02     6.715114295E+00
      180    -1.631920491E+01    -3.922768016E+02     1.383173499E+00
      181    -1.252479997E+01    -3.868696634E+02     3.307112084E+00
      182    -1.289009955E+01    -3.918832011E+02     8.330627630E-01
      183    -1.500000000E+01    -3.976624148E+02     7.011529611E+00
      184    -1.500000000E+01    -4.055804317E+02     1.454510468E+00
      185    -1.695896415E+01    -4.019284868E+02     2.871597179E+00
      186    -1.821166403E+01    -3.993045530E+02     6.141728038E+00
      187    -1.500000000E+01    -4.003108967E+02     1.118382631E+01
      188    -1.500000000E+01    -4.031281880E+02     7.188137483E+00
      189    -1.631920491E+01    -3.986883083E+02     2.422443787E+00
      190    -1.243131333E+01    -4.039155792E+02     6.658236252E+00
      191    -1.156123322E+01    -4.000361635E+02     7.745232890E+00
      192    -1.289009955E+01    -3.982947077E+02     1.872333051E+00
      193    -1.039589356E+01    -4.021471176E+02     3.187722392E+00
      194    -1.142280190E+01    -3.967444766E+02     5.090842484E+00
      195    -1.833333333E+01    -3.902590446E+02     5.811483650E+00
      196    -1.500000000E+01    -3.884218511E+02     9.085591979E+00
      197    -1.500000000E+01    -3.903427265E+02     1.414426062E+01
      198    -1.821166403E+01    -3.956569882E+02     7.471169015E+00
      199    -2.000000000E+01    -3.926717370E+02     7.129459402E+00
      200    -1.500000000E+01    -3.968051319E+02     1.251503370E+01
      201    -1.631920491E+01    -3.951825435E+02     3.753651182E+00
      202    -1.245561664E+01    -3.929558053E+02     1.036515455E+01
      203    -1.252479997E+01    -3.897754052E+02     5.677589767E+00
      204    -1.156123322E+01    -3.965303987E+02     9.076440285E+00
      205    -1.289009955E+01    -3.947889429E+02     3.203540447E+00
      206    -1.142280190E+01    -3.932387118E+02     6.422049879E+00
      207    -3.166666667E+01    -3.879884704E+02     2.662414791E+00
      208    -3.500000000E+01    -3.902590446E+02     5.811483650E+00
      209    -3.500000000E+01    -3.875966298E+02    -1.200045961E+00
      210    -3.500000000E+01    -3.914942352E+02     1.331207396E+00
      211    -3.254835867E+01    -3.915115759E+02     1.249528559E+00
      212    -2.500000000E+01    -3.879884704E+02     2.662414791E+00
      213    -1.833333333E+01    -3.875966298E+02    -1.200045961E+00
      214    -2.333333333E+01    -3.875000659E+02    -3.143112935E-02
      215    -2.333333333E+01    -3.894189354E+02     5.010161452E+00
      216    -1.965253825E+01    -3.922768016E+02     1.383173499E+00
      217    -2.277002182E+01    -3.920776334E+02     1.224037164E+00
      218    -3.166666667E+01    -3.902590446E+02     5.811483650E+00
      219    -3.166666667E+01    -3.875966298E+02    -1.200045961E+00
      220    -2.666666667E+01    -3.875000659E+02    -3.143112935E-02
      221    -2.666666667E+01    -3.894189354E+02     5.010161452E+00
      222    -2.921502534E+01    -3.915115759E+02     1.249528559E+00
      223    -2.610335515E+01    -3.920776334E+02     1.224037164E+00
      224    -3.500000000E+01    -3.976624148E+02     7.011529611E+00
      225    -2.953234644E+01    -4.012888403E+02     4.086622974E+00
      226    -3.155579692E+01    -3.992183899E+02     6.201224616E+00
      227    -3.500000000E+01    -3.979057418E+02     2.370477684E+00
      228    -3.254835867E+01    -3.979230825E+02     2.288798847E+00
      229    -3.000000000E+01    -3.926717370E+02     7.129459402E+00
      230    -3.155579692E+01    -3.955526205E+02     7.479612997E+00
      231    -3.500000000E+01    -3.943999770E+02     3.701685079E+00
      232    -3.254835867E+01    -3.944173177E+02     3.620006242E+00
      233    -1.500000000E+01    -3.923375852E+02    -7.011529610E+00
      234    -1.500000000E+01    -3.841952570E+02    -2.045239429E+00
      235    -1.500000000E+01    -3.843662749E+02    -7.782942802E+00
      236    -1.838773878E+01    -3.905534467E+02    -6.039715504E+00
      237    -2.000000000E+01    -3.885205821E+02    -3.777187226E+00
      238    -1.500000000E+01    -3.898151039E+02    -8.372682134E+00
      239    -1.631920491E+01    -3.928768246E+02    -2.318511580E+00
      240    -1.192248219E+01    -3.910358970E+02    -5.897376545E+00
      241    -1.252479997E+01    -3.874696864E+02    -3.945729952E-01
      242    -1.163090051E+01    -3.862827585E+02    -4.361259420E+00
      243    -1.094636432E+01    -3.893345552E+02    -3.295138740E+00
      244    -1.289009955E+01    -3.924832241E+02    -2.868622316E+00
      245    -9.629411488E+00    -3.874661210E+02    -7.089104778E+00
      246    -1.500000000E+01    -4.017240810E+02    -8.701276406E+00
      247    -1.500000000E+01    -3.977878400E+02    -1.287937330E+01
      248    -1.717392176E+01    -3.983031185E+02    -6.733454404E+00
      249    -1.838773878E+01    -3.941690296E+02    -7.453823729E+00
      250    -1.500000000E+01    -3.933208687E+02    -9.703889529E+00
      251    -1.631920491E+01    -3.963825894E+02    -3.649718975E+00
      252    -1.241371484E+01    -3.984534618E+02    -7.045606221E+00
      253    -1.192248219E+01    -3.945416618E+02    -7.228583941E+00
      254    -1.118753364E+01    -3.954976601E+02    -9.695189262E+00
      255    -1.289009955E+01    -3.959889889E+02    -4.199829711E+00
      256    -3.500000000E+01    -3.923375852E+02    -7.011529610E+00
      257    -3.000000000E+01    -3.885205821E+02    -3.777187226E+00
      258    -3.157634023E+01    -3.904774471E+02    -5.983018898E+00
      259    -3.500000000E+01    -3.920942582E+02    -2.370477683E+00
      260    -3.254835867E+01    -3.921115989E+02    -2.452156520E+00
      261    -2.959114297E+01    -3.970036357E+02    -7.227409204E+00
      262    -3.157634023E+01    -3.940748637E+02    -7.442722814E+00
      263    -3.500000000E+01    -3.956000230E+02    -3.701685079E+00
      264    -3.254835867E+01    -3.956173637E+02    -3.783363915E+00
      265    -3.750000000E+00    -4.644895300E+02     1.618748134E+02
      266     1.000068084E-11    -4.622189558E+02     1.587257445E+02
      267     1.000068084E-11    -4.648813706E+02     1.657372742E+02
      268     0.000000000E+00    -4.688827664E+02     1.628807825E+02
      269     0.000000000E+00    -4.671770514E+02     1.583887433E+02
      270    -2.801710389E+00    -4.659967908E+02     1.656661636E+02
      271    -1.875000000E+00    -4.660705481E+02     1.604316493E+02
      272    -2.865755552E+00    -4.645380778E+02     1.575210998E+02
      273    -1.125000000E+01    -4.644895300E+02     1.618748134E+02
      274    -1.500000000E+01    -4.622189558E+02     1.587257445E+02
      275    -1.500000000E+01    -4.648813706E+02     1.657372742E+02
      276    -1.500000000E+01    -4.688827664E+02     1.628807825E+02
      277    -1.500000000E+01    -4.672273357E+02     1.585211682E+02
      278    -1.218750000E+01    -4.649397016E+02     1.637802504E+02
      279    -1.218750000E+01    -4.635615343E+02     1.601508156E+02
      280    -1.317321792E+01    -4.643022277E+02     1.583719757E+02
      281    -1.254621575E+01    -4.661847869E+02     1.609522434E+02
      282    -3.750000000E+00    -4.622189558E+02     1.587257445E+02
      283    -3.750000000E+00    -4.648813706E+02     1.657372742E+02
      284    -7.500000000E+00    -4.688827664E+02     1.628807825E+02
      285    -8.437500000E+00    -4.649397016E+02     1.637802504E+02
      286    -8.437500000E+00    -4.635615343E+02     1.601508156E+02
      287    -7.109375031E+00    -4.671515966E+02     1.583217076E+02
      288    -6.551710389E+00    -4.659967908E+02     1.656661636E+02
      289    -5.625000000E+00    -4.660705481E+02     1.604316493E+02
      290    -8.796215750E+00    -4.661847869E+02     1.609522434E+02
      291    -6.615755552E+00    -4.645380778E+02     1.575210998E+02
      292     1.000068084E-11    -4.500746303E+02     1.633371822E+02
      293    -3.750000000E+00    -4.504664708E+02     1.671996430E+02
      294     1.000068084E-11    -4.527370451E+02     1.703487118E+02
      295     0.000000000E+00    -4.478481776E+02     1.708680269E+02
      296     0.000000000E+00    -4.463350901E+02     1.668832767E+02
      297    -3.750000000E+00    -4.511525196E+02     1.685669046E+02
      298    -1.875000000E+00    -4.484007804E+02     1.670414598E+02
      299    -1.588275672E+00    -4.501168453E+02     1.659736807E+02
      300     1.000068084E-11    -4.548155856E+02     1.575256986E+02
      301    -7.500000000E+00    -4.586780464E+02     1.571338580E+02
      302     0.000000000E+00    -4.642713095E+02     1.560182656E+02
      303     0.000000000E+00    -4.622400400E+02     1.506688713E+02
      304    -3.750000000E+00    -4.567210226E+02     1.570755270E+02
      305    -4.687500000E+00    -4.605532890E+02     1.576967165E+02
      306     0.000000000E+00    -4.572515717E+02     1.528184516E+02
      307    -3.225721281E+00    -4.583569300E+02     1.539513283E+02
      308    -2.865755552E+00    -4.616323360E+02     1.551506221E+02
      309    -7.500000000E+00    -4.516665168E+02     1.597962728E+02
      310     0.000000000E+00    -4.454220255E+02     1.591968414E+02
      311     0.000000000E+00    -4.469351131E+02     1.631815916E+02
      312    -3.750000000E+00    -4.530915878E+02     1.584536943E+02
      313    -3.750000000E+00    -4.504721145E+02     1.618599979E+02
      314     0.000000000E+00    -4.537458069E+02     1.541496590E+02
      315     0.000000000E+00    -4.503112131E+02     1.575475096E+02
      316    -3.540724561E+00    -4.508581207E+02     1.567612778E+02
      317    -4.265823816E+00    -4.487224014E+02     1.594725115E+02
      318    -1.588275672E+00    -4.503848269E+02     1.621006550E+02
      319    -1.125000000E+01    -4.504664708E+02     1.671996430E+02
      320    -1.500000000E+01    -4.500746303E+02     1.633371822E+02
      321    -1.500000000E+01    -4.527370451E+02     1.703487118E+02
      322    -1.500000000E+01    -4.478481776E+02     1.708680269E+02
      323    -1.500000000E+01    -4.461495646E+02     1.663946911E+02
      324    -1.125000000E+01    -4.511525196E+02     1.685669046E+02
      325    -1.125000000E+01    -4.500721101E+02     1.657216217E+02
      326    -1.312500000E+01    -4.483080177E+02     1.667971670E+02
      327    -7.500000000E+00    -4.511525196E+02     1.685669046E+02
      328    -7.500000000E+00    -4.500721101E+02     1.657216217E+02
      329    -5.625000000E+00    -4.484007804E+02     1.670414598E+02
      330    -9.375000000E+00    -4.483080177E+02     1.667971670E+02
      331    -5.338275672E+00    -4.501168453E+02     1.659736807E+02
      332    -1.500000000E+01    -4.548155856E+02     1.575256986E+02
      333    -1.500000000E+01    -4.643215938E+02     1.561506905E+02
      334    -1.500000000E+01    -4.624258991E+02     1.511583354E+02
      335    -1.125000000E+01    -4.567210226E+02     1.570755270E+02
      336    -1.218750000E+01    -4.605532890E+02     1.576967165E+02
      337    -1.500000000E+01    -4.539668446E+02     1.535617915E+02
      338    -1.072572128E+01    -4.583569300E+02     1.539513283E+02
      339    -1.317321792E+01    -4.613964858E+02     1.560014980E+02
      340    -1.500000000E+01    -4.450509745E+02     1.582196701E+02
      341    -1.500000000E+01    -4.467495876E+02     1.626930060E+02
      342    -1.125000000E+01    -4.530915878E+02     1.584536943E+02
      343    -1.125000000E+01    -4.504721145E+02     1.618599979E+02
      344    -1.500000000E+01    -4.504610798E+02     1.548929989E+02
      345    -1.104072456E+01    -4.508581207E+02     1.567612778E+02
      346    -1.176582382E+01    -4.487224014E+02     1.594725115E+02
      347    -1.312500000E+01    -4.489080407E+02     1.630954820E+02
      348     1.000068084E-11    -4.601404152E+02     1.715487578E+02
      349    -7.500000000E+00    -4.562779545E+02     1.719405984E+02
      350     0.000000000E+00    -4.507539194E+02     1.732385046E+02
      351     0.000000000E+00    -4.546901605E+02     1.774166015E+02
      352    -3.750000000E+00    -4.582349782E+02     1.719989294E+02
      353    -3.750000000E+00    -4.540148115E+02     1.711897708E+02
      354     0.000000000E+00    -4.591571317E+02     1.742411177E+02
      355    -3.750000000E+00    -4.542353775E+02     1.737999852E+02
      356    -3.750000000E+00    -4.594542108E+02     1.741934723E+02
      357    -7.500000000E+00    -4.632894841E+02     1.692781836E+02
      358     0.000000000E+00    -4.682827435E+02     1.665824676E+02
      359     0.000000000E+00    -4.681117255E+02     1.723201710E+02
      360    -3.750000000E+00    -4.618644130E+02     1.706207621E+02
      361    -4.687500000E+00    -4.643185121E+02     1.676125168E+02
      362     0.000000000E+00    -4.626628966E+02     1.729099103E+02
      363    -2.801710389E+00    -4.653967678E+02     1.693678486E+02
      364    -3.750000000E+00    -4.629599756E+02     1.728622649E+02
      365    -1.500000000E+01    -4.601404152E+02     1.715487578E+02
      366    -1.500000000E+01    -4.507539194E+02     1.732385046E+02
      367    -1.500000000E+01    -4.546901605E+02     1.774166015E+02
      368    -1.125000000E+01    -4.582349782E+02     1.719989294E+02
      369    -1.125000000E+01    -4.540148115E+02     1.711897708E+02
      370    -1.500000000E+01    -4.591571317E+02     1.742411177E+02
      371    -1.125000000E+01    -4.542353775E+02     1.737999852E+02
      372    -1.125000000E+01    -4.594542108E+02     1.741934723E+02
      373    -1.500000000E+01    -4.682827435E+02     1.665824676E+02
      374    -1.500000000E+01    -4.681117255E+02     1.723201710E+02
      375    -1.125000000E+01    -4.618644130E+02     1.706207621E+02
      376    -1.218750000E+01    -4.643185121E+02     1.676125168E+02
      377    -1.500000000E+01    -4.626628966E+02     1.729099103E+02
      378    -1.030171039E+01    -4.653967678E+02     1.693678486E+02
      379    -1.125000000E+01    -4.629599756E+02     1.728622649E+02
      380     1.000068084E-11    -3.782317153E+02    -5.121244444E+00
      381    -7.500000000E+00    -3.792019976E+02     6.504765078E-01
      382    -7.500000000E+00    -3.782317153E+02    -5.121244444E+00
      383     0.000000000E+00    -3.826939900E+02     9.846717486E+00
      384    -7.500000000E+00    -3.811228729E+02     5.709145154E+00
      385     0.000000000E+00    -3.876659416E+02     1.813018659E+00
      386     0.000000000E+00    -3.853843233E+02    -4.195667106E+00
      387    -5.024799972E+00    -3.824764270E+02     2.301142942E+00
      388    -4.130900515E+00    -3.812894991E+02    -1.665543483E+00
      389    -3.446364317E+00    -3.843412958E+02    -5.994228029E-01
      390    -3.922801905E+00    -3.859397336E+02     3.045603054E+00
      391    -2.129411488E+00    -3.824728616E+02    -4.393388841E+00
      392     1.000068084E-11    -3.829391633E+02    -1.559224641E+01
      393    -7.500000000E+00    -3.879002272E+02    -1.869741230E+01
      394    -7.500000000E+00    -3.829391633E+02    -1.559224641E+01
      395     1.000068084E-11    -3.936719482E+02    -1.966769453E+01
      396    -7.500000000E+00    -3.936719482E+02    -1.966769453E+01
      397     0.000000000E+00    -3.897334381E+02    -1.386961151E+01
      398    -3.687533640E+00    -3.913477507E+02    -1.534221033E+01
      399    -2.129411488E+00    -3.868219764E+02    -1.406733324E+01
      400    -7.500000000E+00    -3.795440334E+02    -1.082493024E+01
      401     0.000000000E+00    -3.855553412E+02    -9.933370478E+00
      402    -4.130900515E+00    -3.814605170E+02    -7.403246855E+00
      403    -2.129411488E+00    -3.826438795E+02    -1.013109221E+01
      404    -1.500000000E+01    -3.829391633E+02    -1.559224641E+01
      405    -1.500000000E+01    -3.936719482E+02    -1.966769453E+01
      406    -1.500000000E+01    -3.891709593E+02    -1.535091060E+01
      407    -1.118753364E+01    -3.913477507E+02    -1.534221033E+01
      408    -9.629411488E+00    -3.868219764E+02    -1.406733324E+01
      409    -1.500000000E+01    -3.782317153E+02    -5.121244444E+00
      410    -1.500000000E+01    -3.811228729E+02     5.709145154E+00
      411    -1.252479997E+01    -3.824764270E+02     2.301142942E+00
      412    -1.163090051E+01    -3.812894991E+02    -1.665543483E+00
      413    -1.500000000E+01    -3.849928624E+02    -1.141466957E+01
      414    -1.163090051E+01    -3.814605170E+02    -7.403246855E+00
      415    -9.629411488E+00    -3.826438795E+02    -1.013109221E+01
      416     1.000068084E-11    -4.041429501E+02    -1.496024657E+01
      417    -7.500000000E+00    -4.072481160E+02    -9.999182655E+00
      418    -7.500000000E+00    -4.041429501E+02    -1.496024657E+01
      419    -7.500000000E+00    -4.087987479E+02    -5.915558543E+00
      420     0.000000000E+00    -4.117261945E+02     1.793938421E+00
      421     0.000000000E+00    -4.016890008E+02    -3.511810923E+00
      422     0.000000000E+00    -3.994073825E+02    -9.520496687E+00
      423    -4.913714836E+00    -4.039774968E+02    -8.343512470E+00
      424    -3.687533640E+00    -4.010216951E+02    -1.099309551E+01
      425    -2.895893558E+00    -4.053654338E+02    -4.182346619E+00
      426    -2.638527852E+00    -4.017462241E+02    -7.521695206E+00
      427    -7.500000000E+00    -3.993756340E+02    -1.835537645E+01
      428     0.000000000E+00    -3.954711415E+02    -1.369859358E+01
      429    -3.687533640E+00    -3.970854541E+02    -1.517119241E+01
      430    -1.500000000E+01    -4.041429501E+02    -1.496024657E+01
      431    -1.500000000E+01    -4.087987479E+02    -5.915558543E+00
      432    -1.241371484E+01    -4.039774968E+02    -8.343512470E+00
      433    -1.500000000E+01    -3.949086627E+02    -1.517989267E+01
      434    -1.241371484E+01    -4.000412558E+02    -1.252160937E+01
      435    -1.118753364E+01    -3.970854541E+02    -1.517119241E+01
      436     0.000000000E+00    -4.437167969E+02     1.705516606E+02
      437    -3.750000000E+00    -4.452298844E+02     1.745364109E+02
      438     1.000068084E-11    -4.483350503E+02     1.794974748E+02
      439    -3.750000000E+00    -4.486658002E+02     1.721514689E+02
      440    -3.750000000E+00    -4.487113425E+02     1.750978914E+02
      441    -1.875000000E+00    -4.457824872E+02     1.707098438E+02
      442     0.000000000E+00    -3.914853244E+02     3.299889564E+01
      443    -7.500000000E+00    -3.846148653E+02     1.490538613E+01
      444    -7.500000000E+00    -3.865357406E+02     1.996405478E+01
      445     0.000000000E+00    -4.011951277E+02     1.631500898E+01
      446     0.000000000E+00    -3.911579340E+02     1.100925964E+01
      447    -3.456553132E+00    -3.956583189E+02     2.069744211E+01
      448    -4.955616641E+00    -3.891488194E+02     1.618494871E+01
      449    -5.024799972E+00    -3.859684194E+02     1.149738392E+01
      450    -4.061233223E+00    -3.927234129E+02     1.489623444E+01
      451    -3.922801905E+00    -3.894317260E+02     1.224184403E+01
      452     0.000000000E+00    -4.023595306E+02     6.163636377E+01
      453    -7.500000000E+00    -3.918350826E+02     3.391999195E+01
      454    -7.500000000E+00    -3.971632283E+02     4.795178416E+01
      455     0.000000000E+00    -4.132285090E+02     4.800519096E+01
      456     0.000000000E+00    -4.064944697E+02     3.027094616E+01
      457    -3.456553132E+00    -4.009576609E+02     3.465337929E+01
      458     0.000000000E+00    -4.141980642E+02     9.281341009E+01
      459    -7.500000000E+00    -4.027380925E+02     6.263331511E+01
      460    -7.500000000E+00    -4.092030923E+02     7.965903847E+01
      461    -7.500000000E+00    -4.202645868E+02     6.653486106E+01
      462     0.000000000E+00    -4.255374124E+02     8.042096672E+01
      463     0.000000000E+00    -4.188033731E+02     6.268672191E+01
      464     0.000000000E+00    -4.267254032E+02     1.258044408E+02
      465    -7.500000000E+00    -4.154667618E+02     9.615455385E+01
      466    -7.500000000E+00    -4.217314537E+02     1.126527618E+02
      467    -7.500000000E+00    -4.328022566E+02     9.955309831E+01
      468     0.000000000E+00    -4.388480976E+02     1.154749575E+02
      469     0.000000000E+00    -4.318010819E+02     9.691648210E+01
      470     0.000000000E+00    -4.360833035E+02     1.504486831E+02
      471    -7.500000000E+00    -4.279951232E+02     1.291482772E+02
      472    -7.500000000E+00    -4.330579677E+02     1.424813928E+02
      473     0.000000000E+00    -4.451117671E+02     1.319704729E+02
      474    -7.500000000E+00    -4.393081619E+02     1.385246100E+02
      475     0.000000000E+00    -4.444070849E+02     1.454015007E+02
      476     0.000000000E+00    -4.409724910E+02     1.487993513E+02
      477    -3.979542450E+00    -4.381130487E+02     1.459939834E+02
      478    -3.394801247E+00    -4.425996801E+02     1.428645070E+02
      479     0.000000000E+00    -4.406906218E+02     1.625821602E+02
      480    -7.500000000E+00    -4.361521985E+02     1.506301197E+02
      481    -7.500000000E+00    -4.388064833E+02     1.576202387E+02
      482     0.000000000E+00    -4.440667218E+02     1.569480781E+02
      483    -3.750000000E+00    -4.402766890E+02     1.614920587E+02
      484    -4.265823816E+00    -4.424779102E+02     1.588730801E+02
      485    -3.979542450E+00    -4.412072795E+02     1.541427102E+02
      486    -1.588275672E+00    -4.445787194E+02     1.616518126E+02
      487    -3.750000000E+00    -4.437167969E+02     1.705516606E+02
      488    -3.750000000E+00    -4.417897765E+02     1.654768090E+02
      489    -4.265823816E+00    -4.439909977E+02     1.628578303E+02
      490    -1.875000000E+00    -4.442693997E+02     1.667250935E+02
      491    -1.588275672E+00    -4.460918069E+02     1.656365628E+02
      492    -1.500000000E+01    -4.435312714E+02     1.700630750E+02
      493    -1.125000000E+01    -4.452298844E+02     1.745364109E+02
      494    -1.500000000E+01    -4.483350503E+02     1.794974748E+02
      495    -1.125000000E+01    -4.486658002E+02     1.721514689E+02
      496    -1.125000000E+01    -4.487113425E+02     1.750978914E+02
      497    -1.312500000E+01    -4.456897245E+02     1.704655510E+02
      498    -1.500000000E+01    -3.849646236E+02     1.582648245E+01
      499    -1.245561664E+01    -3.875777024E+02     1.204737637E+01
      500    -1.252479997E+01    -3.843973023E+02     7.359811588E+00
      501    -1.500000000E+01    -3.922136446E+02     3.491694329E+01
      502    -1.500000000E+01    -3.933479043E+02     1.925592417E+01
      503    -1.095655313E+01    -3.960080771E+02     2.161853843E+01
      504    -1.245561664E+01    -3.894985777E+02     1.710604502E+01
      505    -1.500000000E+01    -4.040067900E+02     6.597445886E+01
      506    -1.500000000E+01    -4.150682845E+02     5.285028145E+01
      507    -1.500000000E+01    -4.087016212E+02     3.608352943E+01
      508    -7.500000000E+00    -4.136070709E+02     4.900214230E+01
      509    -1.500000000E+01    -3.986760500E+02     3.328771637E+01
      510    -1.095655313E+01    -4.013362228E+02     3.565033063E+01
      511    -1.500000000E+01    -4.167364818E+02     9.949839020E+01
      512    -1.500000000E+01    -4.278072847E+02     8.639872669E+01
      513    -1.500000000E+01    -4.215332843E+02     6.987600482E+01
      514    -7.500000000E+00    -4.268061100E+02     8.376211048E+01
      515    -1.500000000E+01    -4.280640182E+02     1.293297138E+02
      516    -1.500000000E+01    -4.397899988E+02     1.179554756E+02
      517    -1.500000000E+01    -4.340719766E+02     1.028969347E+02
      518    -7.500000000E+00    -4.401178176E+02     1.188187938E+02
      519    -1.500000000E+01    -4.343142124E+02     1.253729309E+02
      520    -1.500000000E+01    -4.357811475E+02     1.496529484E+02
      521    -1.500000000E+01    -4.411912528E+02     1.463262772E+02
      522    -1.500000000E+01    -4.393770569E+02     1.387060465E+02
      523    -1.147954245E+01    -4.381819437E+02     1.461754200E+02
      524    -1.500000000E+01    -4.401340453E+02     1.611164033E+02
      525    -1.500000000E+01    -4.438455376E+02     1.533163962E+02
      526    -1.125000000E+01    -4.399056380E+02     1.605148875E+02
      527    -1.176582382E+01    -4.421068592E+02     1.578959088E+02
      528    -1.147954245E+01    -4.408362285E+02     1.531655390E+02
      529    -1.125000000E+01    -4.435312714E+02     1.700630750E+02
      530    -1.125000000E+01    -4.416042510E+02     1.649882233E+02
      531    -1.176582382E+01    -4.438054722E+02     1.623692447E+02
      532    -1.312500000E+01    -4.439911115E+02     1.659922151E+02
      533    -3.750000000E+00    -4.483350503E+02     1.794974748E+02
      534    -1.125000000E+01    -4.483350503E+02     1.794974748E+02
      535    -7.500000000E+00    -4.486658002E+02     1.721514689E+02
      536    -7.500000000E+00    -4.433028641E+02     1.694615592E+02
      537    -7.500000000E+00    -4.487113425E+02     1.750978914E+02
      538    -5.625000000E+00    -4.457824872E+02     1.707098438E+02
      539    -9.375000000E+00    -4.456897245E+02     1.704655510E+02
      540     1.000068084E-11    -4.588060522E+02     1.842049227E+02
      541    -7.500000000E+00    -4.645777732E+02     1.832346405E+02
      542    -7.500000000E+00    -4.588060522E+02     1.842049227E+02
      543     1.000068084E-11    -4.695388371E+02     1.801294746E+02
      544    -3.750000000E+00    -4.672112212E+02     1.819263686E+02
      545     0.000000000E+00    -4.633070411E+02     1.798881388E+02
      546    -3.750000000E+00    -4.636041202E+02     1.798404934E+02
      547    -7.500000000E+00    -4.531023665E+02     1.828926046E+02
      548     0.000000000E+00    -4.575693377E+02     1.797171209E+02
      549    -3.750000000E+00    -4.526475835E+02     1.792759883E+02
      550    -3.750000000E+00    -4.578664168E+02     1.796694755E+02
      551    -1.500000000E+01    -4.588060522E+02     1.842049227E+02
      552    -1.500000000E+01    -4.695388371E+02     1.801294746E+02
      553    -1.125000000E+01    -4.672112212E+02     1.819263686E+02
      554    -1.500000000E+01    -4.633070411E+02     1.798881388E+02
      555    -1.125000000E+01    -4.636041202E+02     1.798404934E+02
      556    -1.500000000E+01    -4.575693377E+02     1.797171209E+02
      557    -1.125000000E+01    -4.526475835E+02     1.792759883E+02
      558    -1.125000000E+01    -4.578664168E+02     1.796694755E+02
      559    -1.500000000E+01    -4.716205721E+02     1.595271373E+02
      560    -1.125000000E+01    -4.732760028E+02     1.638867517E+02
      561    -1.500000000E+01    -4.742462851E+02     1.696584726E+02
      562    -1.218750000E+01    -4.690786867E+02     1.648120129E+02
      563    -1.030171039E+01    -4.703900272E+02     1.666721327E+02
      564    -1.254621575E+01    -4.705780233E+02     1.619582125E+02
      565    -1.500000000E+01    -4.680694466E+02     1.501751679E+02
      566    -1.125000000E+01    -4.716205721E+02     1.595271373E+02
      567    -1.085937503E+01    -4.698894022E+02     1.549680624E+02
      568    -1.317321792E+01    -4.670400333E+02     1.550183305E+02
      569    -1.254621575E+01    -4.689225926E+02     1.575985981E+02
      570    -1.500000000E+01    -4.613762879E+02     1.325485830E+02
      571    -7.500000000E+00    -4.659878927E+02     1.446933487E+02
      572    -1.500000000E+01    -4.577146973E+02     1.475862689E+02
      573    -1.500000000E+01    -4.559005014E+02     1.399660383E+02
      574    -1.085937503E+01    -4.679937075E+02     1.499757073E+02
      575    -1.072572128E+01    -4.621047827E+02     1.479758057E+02
      576    -1.317321792E+01    -4.651443386E+02     1.500259754E+02
      577    -1.089480125E+01    -4.591920196E+02     1.443059353E+02
      578    -1.036575555E+01    -4.653801887E+02     1.491750995E+02
      579    -1.500000000E+01    -4.508608017E+02     1.048558121E+02
      580    -7.500000000E+00    -4.611904288E+02     1.320591189E+02
      581    -7.500000000E+00    -4.569066427E+02     1.207776713E+02
      582    -1.500000000E+01    -4.511030375E+02     1.273318084E+02
      583    -1.089480125E+01    -4.543945557E+02     1.316717054E+02
      584    -1.500000000E+01    -4.388687791E+02     7.327454927E+01
      585    -7.500000000E+00    -4.511886205E+02     1.057191303E+02
      586    -7.500000000E+00    -4.441416048E+02     8.716065493E+01
      587    -1.500000000E+01    -4.262281154E+02     3.998507539E+01
      588    -7.500000000E+00    -4.378676044E+02     7.063793306E+01
      589    -7.500000000E+00    -4.311335652E+02     5.290368826E+01
      590    -1.500000000E+01    -4.174834340E+02     1.695575892E+01
      591    -7.500000000E+00    -4.247669018E+02     3.613693624E+01
      592    -7.500000000E+00    -4.180328626E+02     1.840269143E+01
      593    -1.500000000E+01    -4.098358809E+02     2.042251031E+01
      594    -1.500000000E+01    -4.126531723E+02     1.642682149E+01
      595    -1.095655313E+01    -4.124960537E+02     2.278512457E+01
      596    -1.500000000E+01    -4.127273978E+02     4.430630019E+00
      597    -7.500000000E+00    -4.156548445E+02     1.214012698E+01
      598    -1.500000000E+01    -4.102751542E+02     1.016425703E+01
      599    -1.095655313E+01    -4.101180357E+02     1.652256012E+01
      600    -1.243131333E+01    -4.110625454E+02     9.634355803E+00
      601    -7.500000000E+00    -4.132768264E+02     5.877562533E+00
      602    -1.500000000E+01    -4.078971361E+02     3.901692584E+00
      603    -1.241371484E+01    -4.055281287E+02    -4.259888358E+00
      604    -1.243131333E+01    -4.086845273E+02     3.371791352E+00
      605    -1.039589356E+01    -4.069160657E+02    -9.872250772E-02
      606     0.000000000E+00    -4.715702878E+02     1.593947124E+02
      607    -3.750000000E+00    -4.732760028E+02     1.638867517E+02
      608     1.000068084E-11    -4.742462851E+02     1.696584726E+02
      609    -3.359375031E+00    -4.715448330E+02     1.593276767E+02
      610    -2.801710389E+00    -4.703900272E+02     1.666721327E+02
      611    -1.875000000E+00    -4.704637845E+02     1.614376184E+02
      612     0.000000000E+00    -4.678333032E+02     1.495532789E+02
      613    -3.359375031E+00    -4.698391179E+02     1.548356375E+02
      614    -1.875000000E+00    -4.687580694E+02     1.569455792E+02
      615    -2.865755552E+00    -4.672255991E+02     1.540350297E+02
      616     0.000000000E+00    -4.615182476E+02     1.329224370E+02
      617     0.000000000E+00    -4.608135653E+02     1.463534649E+02
      618    -3.359375031E+00    -4.678078484E+02     1.494862432E+02
      619    -3.225721281E+00    -4.619189236E+02     1.474863416E+02
      620    -3.394801247E+00    -4.590061605E+02     1.438164712E+02
      621    -2.865755552E+00    -4.651943296E+02     1.486856354E+02
      622     0.000000000E+00    -4.501874458E+02     1.030825141E+02
      623    -7.500000000E+00    -4.514308562E+02     1.281951266E+02
      624     0.000000000E+00    -4.565297793E+02     1.350720173E+02
      625    -3.394801247E+00    -4.547223744E+02     1.325350236E+02
      626     0.000000000E+00    -4.364063908E+02     6.678979392E+01
      627     0.000000000E+00    -4.229383123E+02     3.132130430E+01
      628    -3.456553132E+00    -4.174015035E+02     3.570373744E+01
      629     0.000000000E+00    -4.061670793E+02     8.281310153E+00
      630    -3.456553132E+00    -4.106674642E+02     1.796949263E+01
      631    -4.931313331E+00    -4.116119739E+02     1.108128832E+01
      632    -4.061233223E+00    -4.077325582E+02     1.216828495E+01
      633    -2.895893558E+00    -4.098435123E+02     7.610774457E+00
      634    -1.125000000E+01    -4.742462851E+02     1.696584726E+02
      635    -3.750000000E+00    -4.742462851E+02     1.696584726E+02
      636    -8.437500000E+00    -4.690786867E+02     1.648120129E+02
      637    -7.109375031E+00    -4.715448330E+02     1.593276767E+02
      638    -6.551710389E+00    -4.703900272E+02     1.666721327E+02
      639    -5.625000000E+00    -4.704637845E+02     1.614376184E+02
      640    -8.796215750E+00    -4.705780233E+02     1.619582125E+02
      641    -7.500000000E+00    -4.729339670E+02     1.753621584E+02
      642    -1.125000000E+01    -4.714711719E+02     1.779130121E+02
      643    -1.500000000E+01    -4.674851380E+02     1.759518978E+02
      644    -1.030171039E+01    -4.702190092E+02     1.724098361E+02
      645    -1.125000000E+01    -4.677822171E+02     1.759042524E+02
      646    -3.750000000E+00    -4.714711719E+02     1.779130121E+02
      647     0.000000000E+00    -4.674851380E+02     1.759518978E+02
      648    -2.801710389E+00    -4.702190092E+02     1.724098361E+02
      649    -3.750000000E+00    -4.677822171E+02     1.759042524E+02
      650    -7.500000000E+00    -4.660846522E+02     1.782879105E+02
      651    -7.500000000E+00    -4.613854412E+02     1.739975521E+02
      652    -7.489210389E+00    -4.661927110E+02     1.675973939E+02
      653    -9.733715750E+00    -4.663807072E+02     1.628834737E+02
      654    -7.500000000E+00    -4.521472582E+02     1.727129494E+02
      655    -5.625000000E+00    -4.492184030E+02     1.683249018E+02
      656    -9.375000000E+00    -4.491256403E+02     1.680806090E+02
      657    -1.125000000E+01    -4.520356142E+02     1.537577118E+02
      658    -3.750000000E+00    -4.553203413E+02     1.530143719E+02
      659    -7.290724561E+00    -4.524326551E+02     1.556259907E+02
      660    -6.975721281E+00    -4.564256997E+02     1.541472486E+02
      661    -8.046875031E+00    -4.660163095E+02     1.567471732E+02
      662    -7.913221281E+00    -4.601273847E+02     1.547472716E+02
      663    -1.036071792E+01    -4.631669406E+02     1.567974413E+02
      664    -9.733715750E+00    -4.650494998E+02     1.593777089E+02
      665    -7.553255552E+00    -4.634027907E+02     1.559465654E+02
      666    -8.015823816E+00    -4.478820646E+02     1.616715392E+02
      667    -5.625000000E+00    -4.481604666E+02     1.655388025E+02
      668    -9.375000000E+00    -4.480677039E+02     1.652945096E+02
      669    -5.338275672E+00    -4.499785051E+02     1.644502211E+02
      670    -2.056166054E+01    -3.963747398E+02    -7.372929579E+00
      671    -2.176506472E+01    -3.990206893E+02    -6.331197149E+00
      672    -1.849312667E+01    -3.983426237E+02    -2.688217641E+00
      673    -2.161061024E+01    -3.981434555E+02    -2.847353975E+00
      674    -2.297888175E+01    -3.949903621E+02    -7.499993807E+00
      675    -2.338773878E+01    -3.896663951E+02    -5.272822620E+00
      676    -2.496407901E+01    -3.921112575E+02    -6.921355841E+00
      677    -1.970694370E+01    -3.943820610E+02    -3.426695198E+00
      678    -2.282442727E+01    -3.941828928E+02    -3.585831532E+00
      679    -2.616748319E+01    -3.948955469E+02    -7.499272602E+00
      680    -2.713950164E+01    -3.964089010E+02    -3.563928085E+00
      681    -2.402783145E+01    -3.969749586E+02    -3.589419479E+00
      682    -2.657634023E+01    -3.896001615E+02    -5.204973070E+00
      683    -2.131920491E+01    -3.922880824E+02    -1.308578313E+00
      684    -2.754835867E+01    -3.915228566E+02    -1.442223253E+00
      685    -2.443668848E+01    -3.920889142E+02    -1.467714648E+00
      686    -2.912469890E+01    -3.935293345E+02    -3.523820255E+00
      687    -2.601302871E+01    -3.940953920E+02    -3.549311650E+00
      688    -2.149131059E+01    -4.021977460E+02     2.107712529E+00
      689    -2.017062818E+01    -4.008874893E+02     4.646231816E+00
      690    -1.827816906E+01    -3.995132560E+02     4.320395806E-01
      691    -2.139565263E+01    -3.993140877E+02     2.729032462E-01
      692    -2.274401048E+01    -3.999417506E+02     5.641728534E+00
      693    -2.608814336E+01    -3.998625058E+02     5.710169647E+00
      694    -2.708070512E+01    -3.983637671E+02     1.610636165E+00
      695    -2.396903493E+01    -3.989298247E+02     1.585144770E+00
      696    -2.321166403E+01    -3.944960577E+02     7.483050327E+00
      697    -2.476746095E+01    -3.973746020E+02     7.114159506E+00
      698    -1.953086895E+01    -3.970194115E+02     3.592123486E+00
      699    -2.264835252E+01    -3.968202433E+02     3.432987152E+00
      700    -2.655579692E+01    -3.943916373E+02     7.475285599E+00
      701    -2.131920491E+01    -3.940822221E+02     3.394319945E+00
      702    -2.754835867E+01    -3.933169964E+02     3.260675005E+00
      703    -2.443668848E+01    -3.938830539E+02     3.235183611E+00
      704    -2.910415559E+01    -3.961548662E+02     3.491629961E+00
      705    -2.599248540E+01    -3.967209237E+02     3.466138566E+00
      706    -1.500000000E+01    -4.026276011E+02     1.363100842E+01
      707    -1.095655313E+01    -4.024704826E+02     1.998931151E+01
      708    -1.245561664E+01    -3.959609831E+02     1.547681810E+01
      709    -1.156123322E+01    -3.995355766E+02     1.418810383E+01
      710    -1.095655313E+01    -4.052877739E+02     1.599362268E+01
      711    -1.243131333E+01    -4.062322836E+02     9.105418368E+00
      712    -1.156123322E+01    -4.023528679E+02     1.019241501E+01
      713    -1.500000000E+01    -4.474414469E+02     1.423694943E+02
      714    -1.104072456E+01    -4.496526837E+02     1.518580039E+02
      715    -1.072572128E+01    -4.536457283E+02     1.503792618E+02
      716    -1.176582382E+01    -4.475169645E+02     1.545692376E+02
      717    -1.147954245E+01    -4.462463337E+02     1.498388678E+02
      718    -1.089480125E+01    -4.507329651E+02     1.467093913E+02
      719    -1.147954245E+01    -4.444321378E+02     1.422186371E+02
      720    -1.089480125E+01    -4.489187692E+02     1.390891607E+02
      721    -1.125000000E+01    -4.623333881E+02     1.764939917E+02
      722    -1.192248219E+01    -3.916624845E+02    -9.529103312E+00
      723    -1.118753364E+01    -3.926184828E+02    -1.199570863E+01
      724    -9.629411488E+00    -3.880927085E+02    -1.072083154E+01
      725     0.000000000E+00    -3.938482673E+02    -3.033124955E+00
      726    -4.061233223E+00    -3.976953645E+02     6.862535611E+00
      727    -3.446364317E+00    -3.928052398E+02     5.631193478E-01
      728    -5.390099550E+00    -3.959539087E+02     9.896357722E-01
      729    -2.895893558E+00    -3.998063186E+02     2.305025113E+00
      730    -3.922801905E+00    -3.944036776E+02     4.208145205E+00
      731    -2.638527852E+00    -3.961871089E+02    -1.034323474E+00
      732     0.000000000E+00    -4.523905032E+02     1.519008958E+02
      733    -3.540724561E+00    -4.529374108E+02     1.511146640E+02
      734    -3.225721281E+00    -4.569304554E+02     1.496359219E+02
      735    -3.394801247E+00    -4.540176922E+02     1.459660515E+02
      736    -3.540724561E+00    -4.495028170E+02     1.545125145E+02
      737    -4.265823816E+00    -4.473670977E+02     1.572237483E+02
      738    -3.979542450E+00    -4.460964670E+02     1.524933784E+02
      739    -3.394801247E+00    -4.505830984E+02     1.493639020E+02
      740    -4.422482192E+00    -3.922249633E+02    -8.047804222E+00
      741    -3.687533640E+00    -3.931809616E+02    -1.051440954E+01
      742    -3.446364317E+00    -3.905236215E+02    -5.445566417E+00
      743    -2.129411488E+00    -3.886551873E+02    -9.239532454E+00
      744    -2.638527852E+00    -3.939054906E+02    -7.043009238E+00
      745    -3.750000000E+00    -4.623333881E+02     1.764939917E+02
      746    -9.032592953E+00    -4.669642942E+02     1.548188699E+02
      747    -5.234375031E+00    -4.687326147E+02     1.568785435E+02
      748    -8.405590781E+00    -4.688468535E+02     1.573991376E+02
      749    -6.225130584E+00    -4.672001444E+02     1.539679940E+02
      750    -8.015823816E+00    -4.435770649E+02     1.617677289E+02
      751    -5.625000000E+00    -4.438554669E+02     1.656349921E+02
      752    -9.375000000E+00    -4.437627042E+02     1.653906993E+02
      753    -3.254835867E+01    -3.950173407E+02    -8.167883635E-02
      754    -2.075589340E+01    -3.963659647E+02    -5.520412776E-02
      755    -1.420930446E+01    -3.961715324E+02    -4.461785291E-01
      756    -9.336197028E+00    -3.967950776E+02    -6.870820004E+00
      757    -8.601248476E+00    -3.977510759E+02    -9.337425325E+00
      758    -1.030381439E+01    -3.982424047E+02    -3.842065775E+00
      759    -7.809608394E+00    -4.020948146E+02    -2.526676434E+00
      760    -7.552242688E+00    -3.984756049E+02    -5.866025021E+00
      761    -6.766445842E+00    -4.540427692E+02     1.522475407E+02
      762    -7.806548377E+00    -4.479140054E+02     1.564375165E+02
      763    -7.520267011E+00    -4.466433746E+02     1.517071467E+02
      764    -6.935525809E+00    -4.511300060E+02     1.485776702E+02
      765    -8.898939203E+00    -4.610753695E+02     1.528189683E+02
      766    -6.620522529E+00    -4.551230505E+02     1.470989282E+02
      767    -6.091476834E+00    -4.613112196E+02     1.519680924E+02
      768    -6.551710389E+00    -4.650672594E+02     1.729519300E+02
      769    -4.676710389E+00    -4.675778088E+02     1.642229994E+02
      770    -7.500000000E+00    -4.574116339E+02     1.760528591E+02
      771    -8.387866463E+00    -4.060751651E+02     1.546372145E+01
      772    -8.412169773E+00    -3.986211560E+02     1.783943236E+01
      773    -7.517786354E+00    -4.021957494E+02     1.655071809E+01
      774    -8.110015832E+00    -3.938392759E+02    -9.520403045E+00
      775    -7.868846509E+00    -3.911819358E+02    -4.451559919E+00
      776    -9.812581742E+00    -3.943306047E+02    -4.025043494E+00
      777    -6.551893680E+00    -3.893135016E+02    -8.245525956E+00
      778    -7.061010044E+00    -3.945638049E+02    -6.049002741E+00
      779    -8.992546554E+00    -4.031402591E+02     9.662513774E+00
      780    -7.827206889E+00    -4.052512132E+02     5.105003276E+00
      781    -1.071943367E+01    -4.659974846E+02     1.574494057E+02
      782    -8.538973474E+00    -4.643507754E+02     1.540182621E+02
      783    -2.698504716E+01    -3.956007389E+02    -1.888490676E-01
      784    -9.980416613E+00    -3.889312565E+02     8.639374162E+00
      785    -9.016849864E+00    -3.956862499E+02     1.203822468E+01
      786    -8.878418546E+00    -3.923945630E+02     9.383834274E+00
      787    -9.155700487E+00    -3.845639285E+02    -1.487704854E-02
      788    -8.471164288E+00    -3.876157252E+02     1.051243631E+00
      789    -1.041489952E+01    -3.907643941E+02     1.477760056E+00
      790    -8.947601876E+00    -3.892141630E+02     4.696269488E+00
      791    -6.921215750E+00    -4.677658050E+02     1.595090793E+02
      792    -4.740755552E+00    -4.661190959E+02     1.560779357E+02
      793    -8.245366266E+00    -4.445076554E+02     1.544183804E+02
      794    -6.140823816E+00    -4.460566881E+02     1.630160134E+02
      795    -9.890823816E+00    -4.459639253E+02     1.627717206E+02
      796    -5.854099488E+00    -4.478790953E+02     1.619274827E+02
      797    -7.577264832E+00    -3.864287973E+02    -2.915442793E+00
      798    -6.260312003E+00    -3.845603631E+02    -6.709408831E+00
      799    -6.957126781E+00    -4.013717975E+02     6.191999914E+00
      800    -7.984035127E+00    -3.959691565E+02     8.095120006E+00
      801    -5.816945128E+00    -3.902694999E+02    -1.071213128E+01
      802    -6.326061492E+00    -3.955198032E+02    -8.515608061E+00
      803    -7.374343698E+00    -4.477236560E+02     1.465585341E+02
      804    -8.836463867E+00    -3.926292629E+02    -1.422805689E+00
      805    -7.369166221E+00    -3.910790318E+02     1.795703743E+00
      806    -5.575775805E+00    -3.876121598E+02    -5.643288151E+00
      807    -6.084892169E+00    -3.928624631E+02    -3.446764935E+00
      808    -8.285993108E+00    -3.996303417E+02     3.191000758E-01
      809    -9.312901455E+00    -3.942277007E+02     2.222220168E+00
      810    -8.028627402E+00    -3.960111320E+02    -3.020248511E+00
      811    -6.818695463E+00    -3.980801106E+02     3.537609508E+00
      812    -5.534421410E+00    -3.998635419E+02    -1.704859170E+00
      813    -7.500000000E+00    -4.462423273E+02     1.666389839E+02
      814    -3.463275672E+00    -4.481574973E+02     1.657947460E+02
      815     1.500000000E+01    -4.129085408E+01     3.182868842E+02
      816    -5.000000000E+00    -4.129085408E+01     3.182868842E+02
      817     8.333333333E+00    -4.129085408E+01     3.182868842E+02
      818     1.666666667E+00    -4.129085408E+01     3.182868842E+02
      819     1.500000000E+01    -3.228296729E+01     3.302809650E+02
      820     1.500000000E+01    -4.423247174E+01     3.251859338E+02
      821     1.500000000E+01    -3.972852834E+01     3.311829742E+02
      822    -5.000000000E+00    -3.228296729E+01     3.302809650E+02
      823     8.333333333E+00    -3.228296729E+01     3.302809650E+02
      824     1.666666667E+00    -3.228296729E+01     3.302809650E+02
      825    -5.000000000E+00    -4.423247174E+01     3.251859338E+02
      826    -5.000000000E+00    -3.972852834E+01     3.311829742E+02
      827     1.500000000E+01    -2.934134963E+01     3.233819154E+02
      828     1.500000000E+01    -3.384529303E+01     3.173848750E+02
      829    -5.000000000E+00    -2.934134963E+01     3.233819154E+02
      830    -5.000000000E+00    -3.384529303E+01     3.173848750E+02
      831     3.000000000E+01     3.904960566E+02    -5.997040426E+00
      832     1.500000000E+01     3.904960566E+02    -5.997040426E+00
      833     2.250000000E+01     3.904960566E+02    -5.997040426E+00
      834     3.000000000E+01     3.995039434E+02     5.997040426E+00
      835     3.000000000E+01     3.979416177E+02    -6.899049613E+00
      836     3.000000000E+01     4.024455611E+02    -9.020091864E-01
      837     1.500000000E+01     3.995039434E+02     5.997040426E+00
      838     2.250000000E+01     3.995039434E+02     5.997040426E+00
      839     1.500000000E+01     3.979416177E+02    -6.899049613E+00
      840     1.500000000E+01     4.024455611E+02    -9.020091864E-01
      841     3.000000000E+01     3.920583823E+02     6.899049612E+00
      842     3.000000000E+01     3.875544389E+02     9.020091862E-01
      843     1.500000000E+01     3.920583823E+02     6.899049612E+00
      844     1.500000000E+01     3.875544389E+02     9.020091862E-01
      845     3.000000000E+01    -4.979282443E+01     3.152924727E+02
      846     3.000000000E+01    -5.277901849E+01     3.362944403E+02
      847     3.000000000E+01    -5.563557138E+01     3.251749955E+02
      848     1.500000000E+01    -5.277901849E+01     3.362944403E+02
      849     1.500000000E+01    -4.979282443E+01     3.152924727E+02
      850     1.500000000E+01    -5.563557138E+01     3.251749955E+02
      851     3.000000000E+01    -3.177705084E+01     3.392806344E+02
      852     3.000000000E+01    -4.289649570E+01     3.421371873E+02
      853     1.500000000E+01    -3.177705084E+01     3.392806344E+02
      854     1.500000000E+01    -4.289649570E+01     3.421371873E+02
      855     1.500000000E+01     4.080059137E+02     8.991451921E+00
      856     1.500000000E+01     3.982326520E+02     1.633144205E+01
      857     1.500000000E+01     3.884593903E+02     2.367143218E+01
      858     1.500000000E+01     3.751763904E+02     3.364733291E+01
      859     1.500000000E+01     3.448941809E+02     5.639011060E+01
      860     1.500000000E+01     3.107722933E+02     8.201659297E+01
      861     1.500000000E+01     2.747305664E+02     1.090849277E+02
      862     1.500000000E+01     2.374662886E+02     1.370714321E+02
      863     1.500000000E+01     1.995907351E+02     1.655170214E+02
      864     1.500000000E+01     1.617151817E+02     1.939626106E+02
      865     1.500000000E+01     1.232283527E+02     2.228672847E+02
      866     1.500000000E+01     8.474152378E+01     2.517719589E+02
      867     1.500000000E+01     4.907418986E+01     2.785591141E+02
      868     1.500000000E+01     2.073640139E+01     2.998415779E+02
      869     1.500000000E+01    -7.601387073E+00     3.211240416E+02
      870     1.500000000E+01    -1.673991353E+01     3.279873280E+02
      871     1.500000000E+01    -2.425848219E+01     3.336339812E+02
      872     3.000000000E+01     4.080059137E+02     8.991451921E+00
      873     3.000000000E+01     3.994801135E+02     1.539456394E+01
      874     3.000000000E+01     3.901324460E+02     2.241492109E+01
      875     3.000000000E+01     3.711673331E+02     3.665824592E+01
      876     3.000000000E+01     3.401663253E+02     5.994086107E+01
      877     3.000000000E+01     3.063309385E+02     8.535217334E+01
      878     3.000000000E+01     2.710783622E+02     1.118278342E+02
      879     3.000000000E+01     2.342086596E+02     1.395180017E+02
      880     3.000000000E+01     1.965303938E+02     1.678154225E+02
      881     3.000000000E+01     1.584478464E+02     1.964164699E+02
      882     3.000000000E+01     1.203652990E+02     2.250175174E+02
      883     3.000000000E+01     8.266298770E+01     2.533329970E+02
      884     3.000000000E+01     4.715395888E+01     2.800012608E+02
      885     3.000000000E+01     1.757569089E+01     3.022153589E+02
      886     3.000000000E+01    -1.200257710E+01     3.244294571E+02
      887     2.250000000E+01     4.080059137E+02     8.991451921E+00
      888     3.000000000E+01     4.109921078E+02    -1.201051573E+01
      889     3.000000000E+01     4.138486607E+02    -8.910708637E-01
      890     1.500000000E+01     4.109921078E+02    -1.201051573E+01
      891     1.500000000E+01     4.138486607E+02    -8.910708637E-01
      892     3.000000000E+01     3.899901402E+02    -1.499670978E+01
      893     3.000000000E+01    -3.507985116E+01     3.042426224E+02
      894     3.000000000E+01    -1.120809477E+01     2.863142724E+02
      895     3.000000000E+01     1.414952760E+01     2.672699960E+02
      896     3.000000000E+01     4.984731502E+01     2.404599693E+02
      897     3.000000000E+01     8.659860512E+01     2.128587329E+02
      898     3.000000000E+01     1.238766466E+02     1.848618917E+02
      899     3.000000000E+01     1.617590818E+02     1.564111340E+02
      900     3.000000000E+01     1.996415170E+02     1.279603763E+02
      901     3.000000000E+01     2.381283459E+02     9.905570221E+01
      902     3.000000000E+01     2.766151749E+02     7.015102810E+01
      903     3.000000000E+01     3.119197024E+02     4.363635045E+01
      904     3.000000000E+01     3.453132070E+02     1.855690397E+01
      905     3.000000000E+01     3.672405737E+02     2.088844490E+00
      906     3.000000000E+01     3.786153569E+02    -6.453932647E+00
      907     1.500000000E+01     3.899901402E+02    -1.499670978E+01
      908     1.500000000E+01    -4.164269427E+01     3.091714993E+02
      909     1.500000000E+01    -3.184947365E+01     3.018165195E+02
      910     1.500000000E+01    -1.046450659E+01     2.857558171E+02
      911     1.500000000E+01     1.276820538E+01     2.683074072E+02
      912     1.500000000E+01     4.769431689E+01     2.420769305E+02
      913     1.500000000E+01     8.471772944E+01     2.142713226E+02
      914     1.500000000E+01     1.217411420E+02     1.864657147E+02
      915     1.500000000E+01     1.602279709E+02     1.575610406E+02
      916     1.500000000E+01     1.987147999E+02     1.286563665E+02
      917     1.500000000E+01     2.372016289E+02     9.975169238E+01
      918     1.500000000E+01     2.738834220E+02     7.220265016E+01
      919     1.500000000E+01     3.060934199E+02     4.801204991E+01
      920     1.500000000E+01     3.383034179E+02     2.382144967E+01
      921     1.500000000E+01     3.660416207E+02     2.989291402E+00
      922     1.500000000E+01     3.773709882E+02    -5.519377295E+00
      923     1.500000000E+01     3.840667020E+02    -1.054804373E+01
      924     2.250000000E+01     3.899901402E+02    -1.499670978E+01
      925     1.500000000E+01     4.011095850E+02    -1.785326267E+01
      926     3.000000000E+01     4.011095850E+02    -1.785326267E+01
      927     2.250000000E+01     3.890029596E+02     4.503943397E+00
      928     2.062500000E+01     3.881009504E+02    -2.941617658E+00
      929     2.250000000E+01     3.967501197E+02     7.292947351E+00
      930     2.615149920E+01     3.933861002E+02    -7.324297063E+00
      931     2.210599681E+01     3.952515050E+02    -7.495781830E+00
      932     2.243556634E+01     4.010415037E+02    -4.444123422E+00
      933     2.250740122E+01     4.021036489E+02     2.405862144E+00
      934     5.000000000E+00    -3.585071335E+01     3.168425850E+02
      935     5.000000000E+00    -2.933769627E+01     3.251552481E+02
      936     8.327003549E+00    -3.082979659E+01     3.197273040E+02
      937     1.635017745E+00    -3.082408550E+01     3.197347801E+02
      938     5.000000000E+00    -4.424080853E+01     3.234536193E+02
      939     5.000000000E+00    -3.777537405E+01     3.317185019E+02
      940     8.327707317E+00    -4.274049609E+01     3.288451548E+02
      941     1.638536584E+00    -4.273054874E+01     3.288581094E+02
      942     1.500000000E+01    -2.035945444E+01     3.207785859E+02
      943     1.500000000E+01     3.730326382E+02     1.722313862E+01
      944     1.500000000E+01    -2.597352502E+01     3.144100503E+02
      945     1.500000000E+01     4.052675064E+02    -7.711181612E+00
      946     1.500000000E+01    -1.258532423E+01     3.072877654E+02
      947     1.500000000E+01    -4.705441713E+01     3.319951062E+02
      948     1.500000000E+01     3.818921687E+02     6.065440021E+00
      949     1.500000000E+01     3.879258924E+02     1.336743929E+01
      950     1.500000000E+01    -2.459643341E+01     3.272125551E+02
      951     3.000000000E+01    -3.457648790E+01     3.226238441E+02
      952     3.000000000E+01     3.760116768E+02     1.158086309E+01
      953     3.000000000E+01    -4.367775474E+01     3.294591382E+02
      954     3.000000000E+01     4.052675064E+02    -7.711181612E+00
      955     2.249999998E+01     3.828909455E+02    -9.665018055E+00
      956     2.250000000E+01     3.744318970E+02    -3.312038421E+00
      957     2.100000000E+01    -2.331101490E+01     3.329224070E+02
      958     2.249999997E+01     3.960816803E+02     1.794688136E+01
      959     2.249999983E+01     4.020676678E+02     1.345123905E+01
      960    -5.000000000E+00    -3.678692904E+01     3.242839280E+02
      961     9.739276730E+00    -3.639655570E+01     3.239039136E+02
      962     1.016199306E+00    -3.730847920E+01     3.245615207E+02
      963     2.140820569E+01    -3.922953028E+01     3.167865153E+02
      964     2.001137805E+01    -3.097326711E+01     3.197746113E+02
      965     2.149695476E+01    -2.850535111E+01     3.269180385E+02
      966     2.096423551E+01    -4.304880758E+01     3.289434125E+02
      967     2.156886089E+01    -3.459618216E+01     3.335815246E+02
      968     1.987346026E+01    -2.261515022E+01     3.213832389E+02
      969     2.264398104E+01     3.775498554E+02     3.165196631E+00
      970     2.164658673E+01     3.869941073E+02     1.356763196E+01
      971     2.219019791E+01     3.927389756E+02     1.219931032E+01
      972     1.999999999E+01     3.825853890E+02    -3.679391484E-01
      973     2.567915632E+01     3.847098625E+02    -5.182429166E+00
      974     2.591042965E+01     3.932102970E+02    -1.050614773E+01
      975     1.911484628E+01     3.936560705E+02    -1.109335575E+01
      976     2.257239616E+01     4.067967006E+02     3.086424466E+00
      977     2.312190517E+01     4.020177115E+02    -1.002475070E+01
      978     2.257511864E+01     4.065741432E+02    -4.208049160E+00
      979     2.224115132E+01    -4.364056443E+01     3.346080281E+02
      980     1.991541512E+01    -4.495155824E+01     3.219509110E+02
      981     2.145858138E+01    -2.961005899E+01     3.134189371E+02
      982     1.783893838E+01    -3.651784595E+01     3.237980494E+02
      983     2.467975053E+01    -4.170337613E+01     3.235053588E+02
      984     2.314733403E+01    -4.841184507E+01     3.277321786E+02
      985     2.495416839E+01     3.830216747E+02     8.276151089E+00
      986     1.960009407E+01     4.037091891E+02     6.868627143E+00
      987     2.625000000E+01     4.037549286E+02     7.494246173E+00
      988     1.166666667E+01    -4.129085408E+01     3.182868842E+02
      989     1.500000000E+01    -4.368596030E+01     3.213423070E+02
      990     1.500000000E+01    -3.768891987E+01     3.168383636E+02
      991     1.500000000E+01    -4.554183926E+01     3.167896784E+02
      992     1.500000000E+01    -4.146677417E+01     3.137291917E+02
      993     1.236963836E+01    -3.884370489E+01     3.210953989E+02
      994     1.820410284E+01    -4.026019218E+01     3.175366998E+02
      995     1.745770756E+01    -4.312120616E+01     3.201188976E+02
      996     1.641946919E+01    -3.890435001E+01     3.210424668E+02
      997    -1.666666667E+00    -4.129085408E+01     3.182868842E+02
      998    -5.000000000E+00    -4.368596030E+01     3.213423070E+02
      999    -5.000000000E+00    -3.768891987E+01     3.168383636E+02
     1000    -5.000000000E+00    -3.903889156E+01     3.212854061E+02
     1001    -1.991900347E+00    -3.929966664E+01     3.214242024E+02
     1002     5.000000000E+00    -4.129085408E+01     3.182868842E+02
     1003     1.166666667E+01    -4.368596030E+01     3.213423070E+02
     1004     1.166666667E+01    -3.768891987E+01     3.168383636E+02
     1005     6.666666667E+00    -3.871141140E+01     3.170350421E+02
     1006     6.666666667E+00    -4.330007272E+01     3.205652259E+02
     1007     9.036305031E+00    -3.884370489E+01     3.210953989E+02
     1008     4.674766320E+00    -3.929966664E+01     3.214242024E+02
     1009    -1.666666667E+00    -4.368596030E+01     3.213423070E+02
     1010    -1.666666667E+00    -3.768891987E+01     3.168383636E+02
     1011     3.333333333E+00    -3.871141140E+01     3.170350421E+02
     1012     3.333333333E+00    -4.330007272E+01     3.205652259E+02
     1013     1.341432986E+00    -3.929966664E+01     3.214242024E+02
     1014     1.500000000E+01    -3.588490150E+01     3.317294857E+02
     1015     1.166666667E+01    -3.228296729E+01     3.302809650E+02
     1016     1.500000000E+01    -2.988786107E+01     3.272255423E+02
     1017     1.500000000E+01    -3.203000906E+01     3.347807997E+02
     1018     1.500000000E+01    -2.827072474E+01     3.319574731E+02
     1019     1.500000000E+01    -2.843970035E+01     3.287467601E+02
     1020     1.800000000E+01    -2.779699109E+01     3.316016860E+02
     1021     1.236963836E+01    -3.433976149E+01     3.270924393E+02
     1022     1.824847738E+01    -3.039415920E+01     3.285995018E+02
     1023     1.828443044E+01    -3.343957472E+01     3.319312448E+02
     1024     1.641946919E+01    -3.440040662E+01     3.270395072E+02
     1025     1.500000000E+01    -4.278395111E+01     3.287878680E+02
     1026     1.500000000E+01    -4.701264808E+01     3.202392032E+02
     1027     1.500000000E+01    -4.993402156E+01     3.251804646E+02
     1028     1.000000000E+01    -4.428682383E+01     3.243200181E+02
     1029     1.166385366E+01    -4.373181933E+01     3.271155750E+02
     1030     1.500000000E+01    -4.564344443E+01     3.285905200E+02
     1031     1.236963836E+01    -4.031451372E+01     3.245449237E+02
     1032     1.798211776E+01    -4.364063966E+01     3.270646731E+02
     1033     1.745770756E+01    -4.459201499E+01     3.235684224E+02
     1034     1.641946919E+01    -4.037515884E+01     3.244919916E+02
     1035     1.907366702E+01    -4.632215840E+01     3.264590562E+02
     1036     1.166666667E+01    -3.588490150E+01     3.317294857E+02
     1037     1.500000000E+01    -3.575278959E+01     3.352318043E+02
     1038     1.500000000E+01    -4.131251202E+01     3.366600808E+02
     1039     1.000000000E+01    -3.877011055E+01     3.315169681E+02
     1040     1.166385366E+01    -4.138555280E+01     3.302086601E+02
     1041     1.500000000E+01    -4.339147274E+01     3.315890402E+02
     1042     1.236963836E+01    -3.806254202E+01     3.275434439E+02
     1043     1.798211776E+01    -4.138866796E+01     3.300631934E+02
     1044     1.828443044E+01    -3.716235525E+01     3.323822494E+02
     1045     1.862057566E+01    -4.168454638E+01     3.328955012E+02
     1046     1.641946919E+01    -3.812318714E+01     3.274905118E+02
     1047    -1.666666667E+00    -3.228296729E+01     3.302809650E+02
     1048    -5.000000000E+00    -3.588490150E+01     3.317294857E+02
     1049    -5.000000000E+00    -2.988786107E+01     3.272255423E+02
     1050    -5.000000000E+00    -3.453494816E+01     3.272824465E+02
     1051    -1.991900347E+00    -3.479572324E+01     3.274212429E+02
     1052     5.000000000E+00    -3.228296729E+01     3.302809650E+02
     1053     1.166666667E+01    -2.988786107E+01     3.272255423E+02
     1054     6.666666667E+00    -3.028400834E+01     3.280205355E+02
     1055     6.666666667E+00    -3.488789040E+01     3.315395240E+02
     1056     9.036305031E+00    -3.433976149E+01     3.270924393E+02
     1057     4.674766320E+00    -3.479572324E+01     3.274212429E+02
     1058    -1.666666667E+00    -3.588490150E+01     3.317294857E+02
     1059    -1.666666667E+00    -2.988786107E+01     3.272255423E+02
     1060     3.333333333E+00    -3.028400834E+01     3.280205355E+02
     1061     3.333333333E+00    -3.488789040E+01     3.315395240E+02
     1062     1.341432986E+00    -3.479572324E+01     3.274212429E+02
     1063    -5.000000000E+00    -4.278395111E+01     3.287878680E+02
     1064    -5.001207781E-12    -4.428682383E+01     3.243200181E+02
     1065    -1.680731708E+00    -4.372873189E+01     3.271231355E+02
     1066    -5.000000000E+00    -4.050970039E+01     3.247349309E+02
     1067    -1.991900347E+00    -4.077047547E+01     3.248737272E+02
     1068    -5.001207781E-12    -3.877011055E+01     3.315169681E+02
     1069    -1.680731708E+00    -4.137909877E+01     3.302136640E+02
     1070    -5.000000000E+00    -3.825772869E+01     3.277334511E+02
     1071    -1.991900347E+00    -3.851850377E+01     3.278722474E+02
     1072     1.500000000E+01    -3.078987026E+01     3.197799812E+02
     1073     1.000000000E+01    -2.928692660E+01     3.242684734E+02
     1074     1.166350177E+01    -2.984090669E+01     3.214549622E+02
     1075     1.500000000E+01    -2.485040203E+01     3.220802507E+02
     1076     1.500000000E+01    -2.765743733E+01     3.188959829E+02
     1077     1.500000000E+01    -2.696889152E+01     3.252972353E+02
     1078     1.236963836E+01    -3.286895266E+01     3.236429145E+02
     1079     1.750568903E+01    -3.015730837E+01     3.215782634E+02
     1080     1.824847738E+01    -2.892335037E+01     3.251499770E+02
     1081     1.743673013E+01    -2.597824993E+01     3.223825772E+02
     1082     1.641946919E+01    -3.292959779E+01     3.235899824E+02
     1083     1.500000000E+01    -3.774399365E+01     3.132781871E+02
     1084     1.500000000E+01    -3.284738334E+01     3.096006972E+02
     1085     1.000000000E+01    -3.482913596E+01     3.170439579E+02
     1086     1.166350177E+01    -3.218597599E+01     3.183609693E+02
     1087     1.500000000E+01    -2.990940903E+01     3.158974626E+02
     1088     1.236963836E+01    -3.512092436E+01     3.206443943E+02
     1089     1.820410284E+01    -3.653741165E+01     3.170856952E+02
     1090     1.750568903E+01    -3.240928007E+01     3.185797432E+02
     1091     1.822929069E+01    -3.172767601E+01     3.154019061E+02
     1092     1.641946919E+01    -3.518156949E+01     3.205914622E+02
     1093    -5.000000000E+00    -3.078987026E+01     3.197799812E+02
     1094    -5.001207781E-12    -2.928692660E+01     3.242684734E+02
     1095    -1.682491128E+00    -2.983913374E+01     3.214593192E+02
     1096    -5.000000000E+00    -3.306413933E+01     3.238329217E+02
     1097    -1.991900347E+00    -3.332491442E+01     3.239717180E+02
     1098    -5.001207781E-12    -3.482913596E+01     3.170439579E+02
     1099    -1.682491128E+00    -3.218226205E+01     3.183638561E+02
     1100    -5.000000000E+00    -3.531611103E+01     3.208344015E+02
     1101    -1.991900347E+00    -3.557688611E+01     3.209731978E+02
     1102     2.625000000E+01     3.904960566E+02    -5.997040426E+00
     1103     3.000000000E+01     3.940979908E+02    -7.445561055E+00
     1104     3.000000000E+01     3.881009504E+02    -2.941617658E+00
     1105     3.000000000E+01     3.902430984E+02    -1.049687511E+01
     1106     3.000000000E+01     3.845557068E+02    -6.225486537E+00
     1107     2.807574960E+01     3.918699195E+02    -6.815614142E+00
     1108     2.783957816E+01     3.876029596E+02    -5.589734796E+00
     1109     2.795521483E+01     3.918531768E+02    -8.251594080E+00
     1110     1.875000000E+01     3.904960566E+02    -5.997040426E+00
     1111     1.500000000E+01     3.940979908E+02    -7.445561055E+00
     1112     1.500000000E+01     3.881009504E+02    -2.941617658E+00
     1113     1.500000000E+01     3.902430984E+02    -1.049687511E+01
     1114     1.500000000E+01     3.839335224E+02    -5.758208861E+00
     1115     1.500000000E+01     3.872813793E+02    -8.272542077E+00
     1116     1.781250000E+01     3.890973765E+02    -4.626989900E+00
     1117     1.855299841E+01     3.927455900E+02    -7.153155627E+00
     1118     1.750000000E+01     3.865407228E+02    -3.182489787E+00
     1119     1.705742314E+01     3.920760636E+02    -8.545198088E+00
     1120     2.625000000E+01     3.881009504E+02    -2.941617658E+00
     1121     1.875000000E+01     3.872813793E+02    -8.272542077E+00
     1122     2.156250000E+01     3.890973765E+02    -4.626989900E+00
     1123     2.432574960E+01     3.918699195E+02    -6.815614142E+00
     1124     2.230299841E+01     3.927455900E+02    -7.153155627E+00
     1125     2.249999999E+01     3.866935011E+02    -7.831029241E+00
     1126     2.408957816E+01     3.876029596E+02    -5.589734796E+00
     1127     2.420521483E+01     3.918531768E+02    -8.251594080E+00
     1128     2.080742314E+01     3.920760636E+02    -8.545198088E+00
     1129     3.000000000E+01     4.018990496E+02     2.941617658E+00
     1130     2.625000000E+01     3.995039434E+02     5.997040426E+00
     1131     3.000000000E+01     3.959020092E+02     7.445561055E+00
     1132     3.000000000E+01     4.037549286E+02     7.494246173E+00
     1133     3.000000000E+01     3.994920285E+02     1.069580218E+01
     1134     2.625000000E+01     3.981934574E+02     6.786149868E+00
     1135     2.625370061E+01     4.010752111E+02     4.397932474E+00
     1136     2.812500000E+01     4.016294360E+02     6.745643300E+00
     1137     3.000000000E+01     4.009970404E+02    -4.503943397E+00
     1138     3.000000000E+01     3.939658789E+02    -1.094787970E+01
     1139     3.000000000E+01     3.995256013E+02    -1.237615614E+01
     1140     2.807574960E+01     3.956970779E+02    -7.467535234E+00
     1141     2.605299841E+01     3.966242015E+02    -7.322019505E+00
     1142     2.621778317E+01     3.996562628E+02    -5.879559252E+00
     1143     3.000000000E+01     4.016045621E+02    -7.305115613E+00
     1144     2.795521483E+01     3.955759573E+02    -8.702598673E+00
     1145     2.656095259E+01     3.999796646E+02    -8.461900158E+00
     1146     3.000000000E+01     4.052257374E+02     4.044721367E+00
     1147     3.000000000E+01     4.081471109E+02    -8.965400250E-01
     1148     2.621778317E+01     4.019722215E+02    -2.763716289E+00
     1149     2.625370061E+01     4.024602534E+02     7.711156943E-01
     1150     3.000000000E+01     4.038565338E+02    -4.306595399E+00
     1151     2.628619808E+01     4.046211308E+02     1.092207640E+00
     1152     2.628755932E+01     4.045098521E+02    -2.555029173E+00
     1153     2.812500000E+01     4.031002448E+02     3.296118493E+00
     1154     1.875000000E+01     3.995039434E+02     5.997040426E+00
     1155     1.500000000E+01     4.018990496E+02     2.941617658E+00
     1156     1.500000000E+01     3.959020092E+02     7.445561055E+00
     1157     1.500000000E+01     4.037549286E+02     7.494246173E+00
     1158     1.500000000E+01     3.988682977E+02     1.116424124E+01
     1159     1.875000000E+01     3.981934574E+02     6.786149868E+00
     1160     1.875370061E+01     4.010752111E+02     4.397932474E+00
     1161     1.874999992E+01     4.007858056E+02     9.724139736E+00
     1162     1.859509895E+01     3.961214595E+02     9.098175373E+00
     1163     1.730004703E+01     4.016065662E+02     6.432833785E+00
     1164     2.250000000E+01     3.981934574E+02     6.786149868E+00
     1165     2.250370061E+01     4.010752111E+02     4.397932474E+00
     1166     2.249999992E+01     4.007858056E+02     9.724139736E+00
     1167     2.105004703E+01     4.016065662E+02     6.432833785E+00
     1168     2.437500000E+01     4.016294360E+02     6.745643300E+00
     1169     1.500000000E+01     4.009970404E+02    -4.503943397E+00
     1170     1.500000000E+01     3.939658789E+02    -1.094787970E+01
     1171     1.500000000E+01     3.995256013E+02    -1.237615614E+01
     1172     1.855299841E+01     3.966242015E+02    -7.322019505E+00
     1173     1.871778317E+01     3.996562628E+02    -5.879559252E+00
     1174     1.500000000E+01     4.016045621E+02    -7.305115613E+00
     1175     1.705742314E+01     3.957988441E+02    -8.996202681E+00
     1176     1.906095259E+01     3.999796646E+02    -8.461900158E+00
     1177     1.500000000E+01     4.052257374E+02     4.044721367E+00
     1178     1.500000000E+01     4.081471109E+02    -8.965400250E-01
     1179     1.871778317E+01     4.019722215E+02    -2.763716289E+00
     1180     1.875370061E+01     4.024602534E+02     7.711156943E-01
     1181     1.500000000E+01     4.038565338E+02    -4.306595399E+00
     1182     1.878619808E+01     4.046211308E+02     1.092207640E+00
     1183     1.878755932E+01     4.045098521E+02    -2.555029173E+00
     1184     1.730004703E+01     4.030773751E+02     2.983308978E+00
     1185     3.000000000E+01     3.890029596E+02     4.503943397E+00
     1186     2.250000000E+01     3.920583823E+02     6.899049612E+00
     1187     3.000000000E+01     3.957692479E+02     1.114680678E+01
     1188     3.000000000E+01     3.910954141E+02     1.465698535E+01
     1189     2.625000000E+01     3.903730101E+02     5.902623524E+00
     1190     2.625000000E+01     3.943725403E+02     7.473706864E+00
     1191     3.000000000E+01     3.840350296E+02     9.239956351E+00
     1192     2.582329336E+01     3.895262448E+02     1.023334079E+01
     1193     2.609509895E+01     3.923986790E+02     9.549179966E+00
     1194     2.747708419E+01     3.875400285E+02     7.587600351E+00
     1195     2.250000000E+01     3.875544389E+02     9.020091862E-01
     1196     3.000000000E+01     3.830848979E+02    -2.775961731E+00
     1197     2.625000000E+01     3.880415974E+02     2.798326971E+00
     1198     2.531250000E+01     3.875746831E+02    -1.055779034E+00
     1199     3.000000000E+01     3.817830579E+02     6.241436138E+00
     1200     2.632199052E+01     3.825521472E+02     2.033602909E+00
     1201     2.500000000E+01     3.850699140E+02     2.670350189E-01
     1202     2.783957816E+01     3.861321507E+02    -2.140209990E+00
     1203     2.747708419E+01     3.852880568E+02     4.589080138E+00
     1204     1.500000000E+01     3.890029596E+02     4.503943397E+00
     1205     1.500000000E+01     3.951455172E+02     1.161524583E+01
     1206     1.875000000E+01     3.903730101E+02     5.902623524E+00
     1207     1.875000000E+01     3.943725403E+02     7.473706864E+00
     1208     1.500000000E+01     3.869752755E+02     6.482244817E+00
     1209     1.500000000E+01     3.899921374E+02     1.013324445E+01
     1210     1.859509895E+01     3.923986790E+02     9.549179966E+00
     1211     1.500000000E+01     3.824627136E+02    -2.308684054E+00
     1212     1.875000000E+01     3.880415974E+02     2.798326971E+00
     1213     1.781250000E+01     3.875746831E+02    -1.055779034E+00
     1214     1.500000000E+01     3.847233038E+02     3.483724604E+00
     1215     1.750000000E+01     3.850699140E+02     2.670350189E-01
     1216     3.000000000E+01    -5.369707590E+01     3.196526368E+02
     1217     2.250000000E+01    -4.979282443E+01     3.152924727E+02
     1218     2.250000000E+01    -5.369707590E+01     3.196526368E+02
     1219     3.000000000E+01    -4.243633779E+01     3.097675476E+02
     1220     2.250000000E+01    -4.571775935E+01     3.122319860E+02
     1221     3.000000000E+01    -4.218465616E+01     3.189581584E+02
     1222     3.000000000E+01    -4.673528959E+01     3.223758054E+02
     1223     2.570410284E+01    -4.451117735E+01     3.160394940E+02
     1224     2.495770756E+01    -4.737219133E+01     3.186216919E+02
     1225     2.733987526E+01    -4.574810028E+01     3.193989157E+02
     1226     2.657366702E+01    -4.910233475E+01     3.215123256E+02
     1227     3.000000000E+01    -5.531319248E+01     3.310188198E+02
     1228     2.250000000E+01    -5.277901849E+01     3.362944403E+02
     1229     2.250000000E+01    -5.531319248E+01     3.310188198E+02
     1230     3.000000000E+01    -4.841885441E+01     3.401986918E+02
     1231     2.250000000E+01    -4.841885441E+01     3.401986918E+02
     1232     3.000000000E+01    -4.822838662E+01     3.328767893E+02
     1233     2.612057566E+01    -4.820979146E+01     3.354512342E+02
     1234     2.657366702E+01    -5.059543178E+01     3.320133095E+02
     1235     2.250000000E+01    -5.563557138E+01     3.251749955E+02
     1236     3.000000000E+01    -4.965666306E+01     3.273170668E+02
     1237     2.657366702E+01    -5.202370822E+01     3.264535870E+02
     1238     1.500000000E+01    -5.531319248E+01     3.310188198E+02
     1239     1.500000000E+01    -4.841885441E+01     3.401986918E+02
     1240     1.500000000E+01    -4.991671781E+01     3.341447733E+02
     1241     1.862057566E+01    -4.820979146E+01     3.354512342E+02
     1242     1.907366702E+01    -5.059543178E+01     3.320133095E+02
     1243     1.500000000E+01    -5.369707590E+01     3.196526368E+02
     1244     1.500000000E+01    -4.571775935E+01     3.122319860E+02
     1245     1.820410284E+01    -4.451117735E+01     3.160394940E+02
     1246     1.745770756E+01    -4.737219133E+01     3.186216919E+02
     1247     1.500000000E+01    -5.134499425E+01     3.285850509E+02
     1248     1.745770756E+01    -5.029356481E+01     3.235629533E+02
     1249     1.907366702E+01    -5.202370822E+01     3.264535870E+02
     1250     3.000000000E+01    -3.705267142E+01     3.418148084E+02
     1251     2.250000000E+01    -3.177705084E+01     3.392806344E+02
     1252     2.250000000E+01    -3.705267142E+01     3.418148084E+02
     1253     3.000000000E+01    -2.188981397E+01     3.318550458E+02
     1254     3.000000000E+01    -3.317676937E+01     3.309522392E+02
     1255     3.000000000E+01    -3.772740279E+01     3.343698863E+02
     1256     2.550000000E+01    -2.754403287E+01     3.361015207E+02
     1257     2.574847738E+01    -3.014120097E+01     3.330993365E+02
     1258     2.578443044E+01    -3.318661650E+01     3.364310795E+02
     1259     2.612057566E+01    -3.770880763E+01     3.369443313E+02
     1260     2.250000000E+01    -4.289649570E+01     3.421371873E+02
     1261     3.000000000E+01    -4.328712522E+01     3.357981627E+02
     1262     2.612057566E+01    -4.326853006E+01     3.383726077E+02
     1263     1.500000000E+01    -3.705267142E+01     3.418148084E+02
     1264     1.500000000E+01    -2.801776651E+01     3.364573078E+02
     1265     1.800000000E+01    -2.754403287E+01     3.361015207E+02
     1266     1.828443044E+01    -3.318661650E+01     3.364310795E+02
     1267     1.500000000E+01    -4.497545642E+01     3.370661468E+02
     1268     1.828443044E+01    -3.874633893E+01     3.378593559E+02
     1269     1.862057566E+01    -4.326853006E+01     3.383726077E+02
     1270     1.500000000E+01     4.031192829E+02     1.266144699E+01
     1271     1.875000000E+01     4.080059137E+02     8.991451921E+00
     1272     1.500000000E+01     4.119101652E+02     4.631287842E+00
     1273     1.874999992E+01     4.050367908E+02     1.122134548E+01
     1274     1.878619808E+01     4.074013072E+02     6.038938194E+00
     1275     1.730004703E+01     4.058575514E+02     7.930039532E+00
     1276     1.500000000E+01     3.933460212E+02     2.000143712E+01
     1277     1.500000000E+01     3.930792722E+02     1.484944067E+01
     1278     1.874999998E+01     3.971571662E+02     1.713916171E+01
     1279     1.874999992E+01     4.001501599E+02     1.489134055E+01
     1280     1.859509895E+01     3.954858138E+02     1.426537619E+01
     1281     1.500000000E+01     3.818178903E+02     2.865938255E+01
     1282     2.250000000E+01     3.892959181E+02     2.304317663E+01
     1283     2.250000000E+01     3.798133617E+02     3.016483905E+01
     1284     1.500000000E+01     3.807460143E+02     2.044728540E+01
     1285     1.500000000E+01     3.881926414E+02     1.851943574E+01
     1286     1.874999998E+01     3.922705353E+02     2.080915677E+01
     1287     1.832329336E+01     3.877267488E+02     1.861953207E+01
     1288     1.500000000E+01     3.600352857E+02     4.501872176E+01
     1289     2.250000000E+01     3.731718617E+02     3.515278942E+01
     1290     2.250000000E+01     3.602447987E+02     2.610211844E+01
     1291     1.500000000E+01     3.567399041E+02     2.873439129E+01
     1292     1.500000000E+01     3.741045143E+02     2.543523577E+01
     1293     1.500000000E+01     3.278332371E+02     6.920335178E+01
     1294     2.250000000E+01     3.580307570E+02     4.652417826E+01
     1295     2.250000000E+01     3.425302531E+02     5.816548583E+01
     1296     2.250000000E+01     3.284069417E+02     5.001323053E+01
     1297     2.250000000E+01     3.451036940E+02     3.747350729E+01
     1298     1.500000000E+01     3.254938004E+02     5.220108026E+01
     1299     1.500000000E+01     3.415987994E+02     4.010578013E+01
     1300     1.500000000E+01     2.927514299E+02     9.555076032E+01
     1301     2.250000000E+01     3.254693093E+02     7.097872702E+01
     1302     2.250000000E+01     3.085516159E+02     8.368438316E+01
     1303     2.250000000E+01     2.936937341E+02     7.608381053E+01
     1304     2.250000000E+01     3.113459978E+02     6.282647171E+01
     1305     1.500000000E+01     2.923278576E+02     7.710962156E+01
     1306     1.500000000E+01     3.084328566E+02     6.501432144E+01
     1307     1.500000000E+01     2.560984275E+02     1.230781799E+02
     1308     2.250000000E+01     2.905307525E+02     9.721855051E+01
     1309     2.250000000E+01     2.729044643E+02     1.104563809E+02
     1310     2.250000000E+01     2.564294562E+02     1.040703149E+02
     1311     2.250000000E+01     2.756728707E+02     8.961797789E+01
     1312     1.500000000E+01     2.559660977E+02     1.044183100E+02
     1313     1.500000000E+01     2.743069942E+02     9.064378892E+01
     1314     1.500000000E+01     2.185285118E+02     1.512942267E+02
     1315     2.250000000E+01     2.542723254E+02     1.244496331E+02
     1316     2.250000000E+01     2.358374741E+02     1.382947169E+02
     1317     2.250000000E+01     2.185539028E+02     1.325159042E+02
     1318     2.250000000E+01     2.377973172E+02     1.180635672E+02
     1319     1.500000000E+01     2.180905442E+02     1.328638993E+02
     1320     1.500000000E+01     2.373339587E+02     1.184115622E+02
     1321     1.500000000E+01     1.806529584E+02     1.797398160E+02
     1322     2.250000000E+01     2.168996973E+02     1.525175115E+02
     1323     2.250000000E+01     1.980605644E+02     1.666662219E+02
     1324     2.250000000E+01     1.806749084E+02     1.609640777E+02
     1325     2.250000000E+01     1.996161260E+02     1.467386988E+02
     1326     1.500000000E+01     1.799093530E+02     1.615390310E+02
     1327     1.500000000E+01     1.991527675E+02     1.470866939E+02
     1328     1.500000000E+01     1.424717672E+02     2.084149477E+02
     1329     2.250000000E+01     1.791227877E+02     1.808890165E+02
     1330     2.250000000E+01     1.600815140E+02     1.951895403E+02
     1331     2.250000000E+01     1.427959141E+02     1.894122511E+02
     1332     2.250000000E+01     1.617371317E+02     1.751868723E+02
     1333     1.500000000E+01     1.417281618E+02     1.902141627E+02
     1334     1.500000000E+01     1.609715763E+02     1.757618256E+02
     1335     1.500000000E+01     1.039849383E+02     2.373196218E+02
     1336     2.250000000E+01     1.408380996E+02     2.096418773E+02
     1337     2.250000000E+01     1.217968259E+02     2.239424011E+02
     1338     2.250000000E+01     1.049134789E+02     2.178630088E+02
     1339     2.250000000E+01     1.235524997E+02     2.038645882E+02
     1340     1.500000000E+01     1.039730411E+02     2.185693037E+02
     1341     1.500000000E+01     1.224847474E+02     2.046664997E+02
     1342     1.500000000E+01     6.690785682E+01     2.651655365E+02
     1343     2.250000000E+01     1.025534114E+02     2.383947381E+02
     1344     2.250000000E+01     8.370225574E+01     2.525524779E+02
     1345     2.250000000E+01     6.729441940E+01     2.461159641E+02
     1346     2.250000000E+01     8.567006445E+01     2.323153459E+02
     1347     1.500000000E+01     6.621792034E+01     2.469244447E+02
     1348     1.500000000E+01     8.472962661E+01     2.330216407E+02
     1349     1.500000000E+01     3.490529563E+01     2.892003460E+02
     1350     2.250000000E+01     6.586858878E+01     2.659460556E+02
     1351     2.250000000E+01     4.811407437E+01     2.792801875E+02
     1352     2.250000000E+01     3.161185873E+01     2.729145551E+02
     1353     2.250000000E+01     4.946075244E+01     2.595095417E+02
     1354     1.500000000E+01     3.092119762E+01     2.734332607E+02
     1355     1.500000000E+01     4.838425338E+01     2.603180223E+02
     1356     1.500000000E+01     6.567507161E+00     3.104828097E+02
     1357     2.250000000E+01     3.394518014E+01     2.899214193E+02
     1358     2.250000000E+01     1.915604614E+01     3.010284684E+02
     1359     2.250000000E+01     1.744296450E+01     2.835557869E+02
     1360     1.500000000E+01     5.135947405E+00     2.927986975E+02
     1361     1.500000000E+01     1.675230339E+01     2.840744925E+02
     1362     1.500000000E+01     4.075538583E+00     3.035646716E+02
     1363     1.500000000E+01    -1.217065030E+01     3.245556848E+02
     1364     2.250000000E+01     4.987151909E+00     3.116697003E+02
     1365     2.250000000E+01    -9.801982085E+00     3.227767493E+02
     1366     1.500000000E+01    -1.398042075E+01     3.209513137E+02
     1367     1.500000000E+01    -1.009335565E+01     3.142059035E+02
     1368     1.743673013E+01    -1.510826865E+01     3.212536402E+02
     1369     1.500000000E+01    -2.049919786E+01     3.308106546E+02
     1370     2.250000000E+01    -1.437124531E+01     3.262083925E+02
     1371     1.500000000E+01    -1.854968398E+01     3.243829569E+02
     1372     1.500000000E+01    -2.066817347E+01     3.275999415E+02
     1373     1.800000000E+01    -2.002546422E+01     3.304548675E+02
     1374     1.743673013E+01    -1.967753188E+01     3.246852834E+02
     1375     1.500000000E+01    -2.442745780E+01     3.304232681E+02
     1376     1.800000000E+01    -2.378474854E+01     3.332781941E+02
     1377     3.000000000E+01     4.037430136E+02     1.219300793E+01
     1378     2.625000000E+01     4.080059137E+02     8.991451921E+00
     1379     3.000000000E+01     4.119101652E+02     4.631287842E+00
     1380     2.624999992E+01     4.050367908E+02     1.122134548E+01
     1381     2.628619808E+01     4.074013072E+02     6.038938194E+00
     1382     2.812500000E+01     4.058804212E+02     8.242849047E+00
     1383     3.000000000E+01     3.948062797E+02     1.890474251E+01
     1384     2.625000000E+01     3.981151166E+02     1.134375565E+01
     1385     2.624999998E+01     3.977808969E+02     1.667072265E+01
     1386     2.624999992E+01     4.007738907E+02     1.442290149E+01
     1387     2.609509895E+01     3.961095446E+02     1.379693713E+01
     1388     2.812500000E+01     4.016175210E+02     1.144440506E+01
     1389     3.000000000E+01     3.806498895E+02     2.953658350E+01
     1390     2.250000000E+01     3.815825421E+02     1.981902985E+01
     1391     3.000000000E+01     3.830720614E+02     1.699789209E+01
     1392     2.624999998E+01     3.931070631E+02     2.018090123E+01
     1393     2.582329336E+01     3.885632766E+02     1.799127652E+01
     1394     2.609509895E+01     3.914357108E+02     1.730711570E+01
     1395     2.747708419E+01     3.865770603E+02     1.534553609E+01
     1396     3.000000000E+01     3.556668292E+02     4.829955350E+01
     1397     3.000000000E+01     3.582402700E+02     2.760757495E+01
     1398     2.250000000E+01     3.720999856E+02     2.694069227E+01
     1399     3.000000000E+01     3.735895050E+02     2.411955451E+01
     1400     3.000000000E+01     3.232486319E+02     7.264651721E+01
     1401     3.000000000E+01     3.260430139E+02     5.178860576E+01
     1402     3.000000000E+01     3.427397662E+02     3.924888252E+01
     1403     3.000000000E+01     2.887046504E+02     9.859000376E+01
     1404     3.000000000E+01     2.914730567E+02     7.775160072E+01
     1405     3.000000000E+01     3.091253205E+02     6.449426190E+01
     1406     3.000000000E+01     2.526435109E+02     1.256729179E+02
     1407     3.000000000E+01     2.546033541E+02     1.054417682E+02
     1408     3.000000000E+01     2.738467685E+02     9.098943114E+01
     1409     3.000000000E+01     2.153695267E+02     1.536667121E+02
     1410     3.000000000E+01     2.169250883E+02     1.337391890E+02
     1411     3.000000000E+01     2.361685027E+02     1.192868519E+02
     1412     3.000000000E+01     1.774891201E+02     1.821159462E+02
     1413     3.000000000E+01     1.791447378E+02     1.621132782E+02
     1414     3.000000000E+01     1.980859554E+02     1.478878994E+02
     1415     3.000000000E+01     1.394065727E+02     2.107169936E+02
     1416     3.000000000E+01     1.411622465E+02     1.906391808E+02
     1417     3.000000000E+01     1.601034641E+02     1.764138020E+02
     1418     3.000000000E+01     1.015141433E+02     2.391752572E+02
     1419     3.000000000E+01     1.034819521E+02     2.189381251E+02
     1420     3.000000000E+01     1.221209728E+02     2.049397045E+02
     1421     3.000000000E+01     6.490847329E+01     2.666671289E+02
     1422     3.000000000E+01     6.625515136E+01     2.468964831E+02
     1423     3.000000000E+01     8.463079641E+01     2.330958649E+02
     1424     3.000000000E+01     3.236482489E+01     2.911083099E+02
     1425     3.000000000E+01     3.065174324E+01     2.736356284E+02
     1426     3.000000000E+01     4.850063695E+01     2.602306150E+02
     1427     3.000000000E+01     2.786556898E+00     3.133224080E+02
     1428     3.000000000E+01     3.183798062E+00     2.942648157E+02
     1429     3.000000000E+01     1.586260925E+01     2.847426775E+02
     1430     2.250000000E+01     3.555592153E+00     2.939855880E+02
     1431     2.250000000E+01     2.495183332E+00     3.047515622E+02
     1432     3.000000000E+01    -2.354121413E+01     3.143360398E+02
     1433     3.000000000E+01    -1.160533593E+01     3.053718648E+02
     1434     2.250000000E+01    -1.229395066E+01     3.158586112E+02
     1435     3.000000000E+01    -2.328953250E+01     3.235266506E+02
     1436     2.550000000E+01    -1.765679600E+01     3.286759321E+02
     1437     2.574847738E+01    -2.025396410E+01     3.256737478E+02
     1438     2.493673013E+01    -1.730886366E+01     3.229063480E+02
     1439     2.572929069E+01    -2.080631804E+01     3.189241971E+02
     1440     2.625000000E+01     4.119101652E+02     4.631287842E+00
     1441     1.875000000E+01     4.119101652E+02     4.631287842E+00
     1442     2.249999992E+01     4.050367908E+02     1.122134548E+01
     1443     2.253619808E+01     4.074013072E+02     6.038938194E+00
     1444     2.105004703E+01     4.058575514E+02     7.930039532E+00
     1445     2.437500000E+01     4.058804212E+02     8.242849047E+00
     1446     3.000000000E+01     4.135262818E+02    -6.734895144E+00
     1447     2.250000000E+01     4.109921078E+02    -1.201051573E+01
     1448     2.250000000E+01     4.135262818E+02    -6.734895144E+00
     1449     2.250000000E+01     4.066319437E+02    -1.591476720E+01
     1450     3.000000000E+01     4.066319437E+02    -1.591476720E+01
     1451     3.000000000E+01     4.081298071E+02    -9.860848669E+00
     1452     2.656095259E+01     4.065049097E+02    -1.101763321E+01
     1453     2.628755932E+01     4.087831255E+02    -8.109282443E+00
     1454     2.250000000E+01     4.138486607E+02    -8.910708637E-01
     1455     3.000000000E+01     4.095580836E+02    -4.301126238E+00
     1456     2.628619808E+01     4.103226806E+02     1.097676801E+00
     1457     2.628755932E+01     4.102114019E+02    -2.549560012E+00
     1458     1.500000000E+01     4.135262818E+02    -6.734895144E+00
     1459     1.500000000E+01     4.066319437E+02    -1.591476720E+01
     1460     1.500000000E+01     4.081298071E+02    -9.860848669E+00
     1461     1.906095259E+01     4.065049097E+02    -1.101763321E+01
     1462     1.878755932E+01     4.087831255E+02    -8.109282443E+00
     1463     1.500000000E+01     4.095580836E+02    -4.301126238E+00
     1464     1.878619808E+01     4.103226806E+02     1.097676801E+00
     1465     1.878755932E+01     4.102114019E+02    -2.549560012E+00
     1466     3.000000000E+01     3.843027485E+02    -1.072532122E+01
     1467     2.625000000E+01     3.899901402E+02    -1.499670978E+01
     1468     3.000000000E+01     3.952657607E+02    -1.753088378E+01
     1469     2.624999999E+01     3.864405428E+02    -1.233086392E+01
     1470     2.783957816E+01     3.873500013E+02    -1.008956948E+01
     1471     2.795521483E+01     3.916002186E+02    -1.275142876E+01
     1472     3.000000000E+01    -2.314397296E+01     2.952784474E+02
     1473     2.250000000E+01    -3.836127271E+01     3.067070609E+02
     1474     2.250000000E+01    -3.346466240E+01     3.030295709E+02
     1475     2.250000000E+01    -2.383258769E+01     3.057651939E+02
     1476     3.000000000E+01    -3.482816953E+01     3.134332333E+02
     1477     2.570410284E+01    -3.715469072E+01     3.105145689E+02
     1478     2.572929069E+01    -3.234495507E+01     3.088307798E+02
     1479     3.000000000E+01     1.470716416E+00     2.767921342E+02
     1480     2.250000000E+01    -2.152878421E+01     2.940653960E+02
     1481     2.250000000E+01    -1.083630068E+01     2.860350448E+02
     1482     2.250000000E+01    -1.189670950E+01     2.968010189E+02
     1483     3.000000000E+01     3.199842131E+01     2.538649826E+02
     1484     2.250000000E+01     1.842510507E+00     2.765129066E+02
     1485     2.250000000E+01     1.345886649E+01     2.677887016E+02
     1486     2.250000000E+01     3.092192225E+01     2.546734632E+02
     1487     3.000000000E+01     6.822296007E+01     2.266593511E+02
     1488     2.250000000E+01     4.877081596E+01     2.412684499E+02
     1489     2.250000000E+01     6.728252223E+01     2.273656459E+02
     1490     3.000000000E+01     1.052376258E+02     1.988603123E+02
     1491     2.250000000E+01     8.565816728E+01     2.135650277E+02
     1492     2.250000000E+01     1.041698736E+02     1.996622238E+02
     1493     3.000000000E+01     1.428178642E+02     1.706365128E+02
     1494     2.250000000E+01     1.228088943E+02     1.856638032E+02
     1495     2.250000000E+01     1.420523088E+02     1.712114661E+02
     1496     3.000000000E+01     1.807002994E+02     1.421857552E+02
     1497     2.250000000E+01     1.609935264E+02     1.569860873E+02
     1498     2.250000000E+01     1.802369408E+02     1.425337503E+02
     1499     3.000000000E+01     2.188849314E+02     1.135080393E+02
     1500     2.250000000E+01     1.991781584E+02     1.283083714E+02
     1501     2.250000000E+01     2.184215729E+02     1.138560344E+02
     1502     3.000000000E+01     2.573717604E+02     8.460336516E+01
     1503     2.250000000E+01     2.376649874E+02     9.940369730E+01
     1504     2.250000000E+01     2.560058840E+02     8.562917619E+01
     1505     3.000000000E+01     2.942674387E+02     5.689368927E+01
     1506     2.250000000E+01     2.752492984E+02     7.117683913E+01
     1507     2.250000000E+01     2.913542974E+02     5.908153901E+01
     1508     3.000000000E+01     3.286164547E+02     3.109662721E+01
     1509     2.250000000E+01     3.090065612E+02     4.582420018E+01
     1510     2.250000000E+01     3.251115602E+02     3.372890006E+01
     1511     3.000000000E+01     3.562768903E+02     1.032287423E+01
     1512     2.250000000E+01     3.418083124E+02     2.118917682E+01
     1513     2.250000000E+01     3.556774138E+02     1.077309769E+01
     1514     2.250000000E+01     3.591729226E+02     1.789002130E+01
     1515     3.000000000E+01     3.606624419E+02     1.506888353E+01
     1516     3.000000000E+01     3.729279653E+02    -2.182544079E+00
     1517     2.250000000E+01     3.666410972E+02     2.539067946E+00
     1518     3.000000000E+01     3.716261253E+02     6.834853789E+00
     1519     2.625000000E+01     3.708362353E+02    -6.115969658E-01
     1520     2.632199052E+01     3.723952146E+02     2.627020560E+00
     1521     3.000000000E+01     3.773135169E+02     2.563465221E+00
     1522     2.624999999E+01     3.807531512E+02    -8.059475351E+00
     1523     2.625000000E+01     3.765236270E+02    -4.882985534E+00
     1524     2.632199052E+01     3.780826062E+02    -1.644368008E+00
     1525     2.783957816E+01     3.816626097E+02    -5.818180907E+00
     1526     1.500000000E+01     3.870284211E+02    -1.277237676E+01
     1527     1.875000000E+01     3.899901402E+02    -1.499670978E+01
     1528     1.500000000E+01     3.952657607E+02    -1.753088378E+01
     1529     1.705742314E+01     3.918231054E+02    -1.304503277E+01
     1530     1.500000000E+01    -3.674608396E+01     3.054940094E+02
     1531     1.820410284E+01    -4.043611227E+01     3.129790073E+02
     1532     1.822929069E+01    -3.562637663E+01     3.112952182E+02
     1533     1.500000000E+01    -2.115699012E+01     2.937861683E+02
     1534     1.500000000E+01    -2.891149933E+01     3.081132849E+02
     1535     1.500000000E+01    -2.221739894E+01     3.045521424E+02
     1536     1.822929069E+01    -3.072976632E+01     3.076177283E+02
     1537     1.500000000E+01     1.151849396E+00     2.770316122E+02
     1538     1.500000000E+01    -1.152491541E+01     2.965217912E+02
     1539     1.500000000E+01     3.023126113E+01     2.551921688E+02
     1540     1.500000000E+01     6.620602316E+01     2.281741265E+02
     1541     1.500000000E+01     1.032294357E+02     2.003685187E+02
     1542     1.500000000E+01     1.409845565E+02     1.720133777E+02
     1543     1.500000000E+01     1.794713854E+02     1.431087036E+02
     1544     1.500000000E+01     2.179582144E+02     1.142040294E+02
     1545     1.500000000E+01     2.555425254E+02     8.597717127E+01
     1546     1.500000000E+01     2.899884210E+02     6.010735004E+01
     1547     1.500000000E+01     3.221984189E+02     3.591674979E+01
     1548     1.500000000E+01     3.521725193E+02     1.340537053E+01
     1549     1.500000000E+01     3.556680280E+02     2.052229415E+01
     1550     1.500000000E+01     3.717063044E+02    -1.265042947E+00
     1551     1.500000000E+01     3.695371294E+02     1.010621501E+01
     1552     1.500000000E+01     3.739668947E+02     4.527365712E+00
     1553     2.250000000E+01     3.710266488E+02     7.285077245E+00
     1554     1.875000000E+01     3.702367588E+02    -1.613735097E-01
     1555     1.882199052E+01     3.717957380E+02     3.077244016E+00
     1556     1.500000000E+01     3.807188451E+02    -8.033710512E+00
     1557     1.500000000E+01     3.796315785E+02     2.730313631E-01
     1558     1.874999999E+01     3.801309669E+02    -7.592197675E+00
     1559     1.875000000E+01     3.759014426E+02    -4.415707858E+00
     1560     1.882199052E+01     3.774604218E+02    -1.177090332E+00
     1561     1.750000000E+01     3.799781886E+02    -2.943658222E+00
     1562     1.875000000E+01     3.870284211E+02    -1.277237676E+01
     1563     1.781250000E+01     3.860838262E+02    -6.744830693E+00
     1564     1.874999999E+01     3.834788238E+02    -1.010653089E+01
     1565     1.750000000E+01     3.833260455E+02    -5.457991438E+00
     1566     1.705742314E+01     3.888613863E+02    -1.082069974E+01
     1567     1.875000000E+01     3.952657607E+02    -1.753088378E+01
     1568     2.625000000E+01     3.952657607E+02    -1.753088378E+01
     1569     2.249999999E+01     3.864405428E+02    -1.233086392E+01
     1570     2.420521483E+01     3.916002186E+02    -1.275142876E+01
     1571     2.080742314E+01     3.918231054E+02    -1.304503277E+01
     1572     2.250000000E+01     4.011095850E+02    -1.785326267E+01
     1573     1.500000000E+01     4.031885457E+02    -1.278222214E+01
     1574     1.705742314E+01     3.973828278E+02    -1.447330921E+01
     1575     1.906095259E+01     4.015636483E+02    -1.393900669E+01
     1576     3.000000000E+01     4.031885457E+02    -1.278222214E+01
     1577     2.795521483E+01     3.971599410E+02    -1.417970520E+01
     1578     2.455742314E+01     3.973828278E+02    -1.447330921E+01
     1579     2.656095259E+01     4.015636483E+02    -1.393900669E+01
     1580     1.875000000E+01     3.854475642E+02     5.284691709E+00
     1581     1.875000000E+01     3.884644260E+02     8.935691346E+00
     1582     2.207329336E+01     3.879985334E+02     9.035787679E+00
     1583     2.234509895E+01     3.908709676E+02     8.351626858E+00
     1584     2.125000000E+01     3.857941743E+02     2.068002124E+00
     1585     2.372708419E+01     3.860123171E+02     6.390047243E+00
     1586     2.156249999E+01     3.854959480E+02    -6.303317857E+00
     1587     2.031250000E+01     3.853431697E+02    -1.654778403E+00
     1588     2.315207816E+01     3.864054064E+02    -4.062023412E+00
     1589     2.249999992E+01     3.994088937E+02     1.037209320E+01
     1590     2.234509895E+01     3.947445476E+02     9.746128835E+00
     1591     2.437500000E+01     4.002525241E+02     7.393596762E+00
     1592     2.412874801E+01     3.943134276E+02    -7.468508441E+00
     1593     2.603096443E+01     3.932981986E+02    -8.915222398E+00
     1594     2.227078158E+01     3.984969479E+02    -6.634859130E+00
     1595     2.400821323E+01     3.942309010E+02    -9.000964782E+00
     1596     2.061042154E+01     3.944537878E+02    -9.294568790E+00
     1597     2.261395099E+01     3.986346082E+02    -8.760266267E+00
     1598     2.247148378E+01     4.024114327E+02    -1.149202049E+00
     1599     1.871778317E+01     4.031545051E+02    -6.077652517E+00
     1600     2.621778317E+01     4.031545051E+02    -6.077652517E+00
     1601     2.277873576E+01     4.015296076E+02    -7.234437062E+00
     1602     2.250534249E+01     4.038078235E+02    -4.326086291E+00
     1603     2.253989869E+01     4.044501747E+02     2.746143305E+00
     1604     2.254125993E+01     4.043388960E+02    -9.010935082E-01
     1605     2.105374765E+01     4.029064190E+02     4.637244643E+00
     1606     2.437870061E+01     4.029292887E+02     4.950054158E+00
     1607     6.663501774E+00    -3.305062423E+01     3.177808358E+02
     1608     3.317508872E+00    -3.304654627E+01     3.177831805E+02
     1609     7.369638365E+00    -3.612363452E+01     3.203732493E+02
     1610     3.008099653E+00    -3.657959628E+01     3.207020529E+02
     1611     6.663501774E+00    -2.955517124E+01     3.222959748E+02
     1612     3.317508872E+00    -2.955392583E+01     3.223005109E+02
     1613     7.369638365E+00    -3.286712599E+01     3.245295809E+02
     1614     3.008099653E+00    -3.332308774E+01     3.248583844E+02
     1615     4.981010647E+00    -3.082693987E+01     3.197310411E+02
     1616     9.033140139E+00    -3.361317614E+01     3.218156088E+02
     1617     5.687147237E+00    -3.361032060E+01     3.218193469E+02
     1618     1.325608525E+00    -3.406628235E+01     3.221481504E+02
     1619     6.663853658E+00    -4.401237368E+01     3.262945674E+02
     1620     3.319268292E+00    -4.401018006E+01     3.263024338E+02
     1621     7.369638365E+00    -4.031868211E+01     3.236787665E+02
     1622     3.008099653E+00    -4.077464387E+01     3.240075700E+02
     1623     6.663853658E+00    -4.054351038E+01     3.307753003E+02
     1624     3.319268292E+00    -4.053643984E+01     3.307793870E+02
     1625     7.369638365E+00    -3.708596487E+01     3.278112078E+02
     1626     3.008099653E+00    -3.754192663E+01     3.281400113E+02
     1627     4.983121950E+00    -4.273552594E+01     3.288516348E+02
     1628     9.033492023E+00    -3.956852590E+01     3.263745342E+02
     1629     4.671953311E+00    -4.002448765E+01     3.267033377E+02
     1630     1.327367945E+00    -4.001951397E+01     3.267098150E+02
     1631     1.500000000E+01    -2.316648973E+01     3.175943181E+02
     1632     1.500000000E+01    -1.647238933E+01     3.140331756E+02
     1633     1.500000000E+01    -2.247794392E+01     3.239955705E+02
     1634     1.743673013E+01    -2.148730233E+01     3.210809124E+02
     1635     1.500000000E+01     3.774624035E+02     1.164428932E+01
     1636     1.500000000E+01     3.804792653E+02     1.529528896E+01
     1637     2.250000000E+01     3.745221575E+02     1.440200086E+01
     1638     1.882199052E+01     3.752912468E+02     1.019416763E+01
     1639     1.832329336E+01     3.800133727E+02     1.539538529E+01
     1640     1.997708419E+01     3.780271564E+02     1.274964486E+01
     1641     1.500000000E+01    -1.927942463E+01     3.108489078E+02
     1642     1.750568903E+01    -2.847339607E+01     3.170923308E+02
     1643     1.743673013E+01    -2.429433762E+01     3.178966446E+02
     1644     1.822929069E+01    -2.779179201E+01     3.139144937E+02
     1645     1.906095259E+01     4.036426090E+02    -8.867966158E+00
     1646     1.878755932E+01     4.059208248E+02    -5.959615386E+00
     1647     1.743673013E+01    -1.760023723E+01     3.143355021E+02
     1648     1.822929069E+01    -2.109769161E+01     3.103533513E+02
     1649     1.798211776E+01    -4.505161236E+01     3.304692594E+02
     1650     1.862057566E+01    -4.534749078E+01     3.333015672E+02
     1651     1.907366702E+01    -4.773313110E+01     3.298636424E+02
     1652     1.500000000E+01     3.849090306E+02     9.716439658E+00
     1653     1.882199052E+01     3.797210121E+02     4.615318326E+00
     1654     1.832329336E+01     3.844431380E+02     9.816535991E+00
     1655     1.750000000E+01     3.822387789E+02     2.848750436E+00
     1656     1.997708419E+01     3.824569217E+02     7.170795555E+00
     1657     1.874999998E+01     3.920037864E+02     1.565716033E+01
     1658     1.832329336E+01     3.874599998E+02     1.346753563E+01
     1659     1.859509895E+01     3.903324340E+02     1.278337481E+01
     1660     1.800000000E+01    -2.395372416E+01     3.300674811E+02
     1661     1.824847738E+01    -2.655089226E+01     3.270652968E+02
     1662     1.743673013E+01    -2.360579182E+01     3.242978970E+02
     1663     3.000000000E+01    -3.912712132E+01     3.260414911E+02
     1664     2.570410284E+01    -3.690300909E+01     3.197051797E+02
     1665     2.500568903E+01    -3.277487750E+01     3.211992277E+02
     1666     2.574847738E+01    -3.154091950E+01     3.247709413E+02
     1667     2.578443044E+01    -3.458633503E+01     3.281026843E+02
     1668     2.493673013E+01    -2.859581906E+01     3.220035415E+02
     1669     2.572929069E+01    -3.209327344E+01     3.180213906E+02
     1670     2.391946919E+01    -3.554716692E+01     3.232109468E+02
     1671     2.733987526E+01    -3.813993201E+01     3.230646014E+02
     1672     2.632199052E+01     3.767807661E+02     7.373029860E+00
     1673     2.747708419E+01     3.795166758E+02     9.928507089E+00
     1674     2.548211776E+01    -4.336328116E+01     3.292012753E+02
     1675     2.578443044E+01    -3.913696845E+01     3.315203314E+02
     1676     2.612057566E+01    -4.365915959E+01     3.320335831E+02
     1677     2.733987526E+01    -4.269056544E+01     3.264822485E+02
     1678     2.657366702E+01    -4.604479991E+01     3.285956584E+02
     1679     2.656095259E+01     4.036426090E+02    -8.867966158E+00
     1680     2.628755932E+01     4.059208248E+02    -5.959615386E+00
     1681     2.249999999E+01     3.786614213E+02    -6.488528238E+00
     1682     2.124999999E+01     3.827381673E+02    -5.016478602E+00
     1683     2.408957815E+01     3.838004040E+02    -7.423723611E+00
     1684     2.420521482E+01     3.880506212E+02    -1.008558289E+01
     1685     2.080742313E+01     3.882735080E+02    -1.037918690E+01
     1686     2.257199052E+01     3.759908762E+02    -7.342089516E-02
     1687     2.124999999E+01     3.785086430E+02    -1.839988785E+00
     1688     2.408957816E+01     3.795708798E+02    -4.247233794E+00
     1689     2.124847738E+01    -2.590818300E+01     3.299202228E+02
     1690     2.128443044E+01    -2.895359853E+01     3.332519658E+02
     1691     2.043673013E+01    -2.296308256E+01     3.271528229E+02
     1692     2.249999990E+01     3.990746741E+02     1.569906021E+01
     1693     2.207329335E+01     3.915378938E+02     1.575725666E+01
     1694     2.234509894E+01     3.944103280E+02     1.507309584E+01
     1695     2.234509887E+01     3.974033217E+02     1.282527468E+01
     1696     2.105004695E+01     4.028884284E+02     1.015993309E+01
     1697     2.437499992E+01     4.029112982E+02     1.047274261E+01
     1698    -1.991900347E+00    -3.704770412E+01     3.244227243E+02
     1699     5.377738018E+00    -3.685251745E+01     3.242327172E+02
     1700     1.378910756E+01    -3.645720082E+01     3.238509815E+02
     1701     2.070979187E+01    -3.510139869E+01     3.182805633E+02
     1702     2.066181041E+01    -4.209054426E+01     3.193687132E+02
     1703     2.143339354E+01    -3.441979463E+01     3.151027262E+02
     1704     1.962357204E+01    -3.787368811E+01     3.202922824E+02
     1705     2.304397811E+01    -4.046645320E+01     3.201459371E+02
     1706     2.075416641E+01    -2.973930911E+01     3.233463249E+02
     1707     1.994241916E+01    -2.679420867E+01     3.205789251E+02
     1708     2.073497972E+01    -3.029166305E+01     3.165967742E+02
     1709     1.892515822E+01    -3.374555653E+01     3.217863304E+02
     1710     2.153290782E+01    -3.155076663E+01     3.302497815E+02
     1711     2.068520751E+01    -2.556025067E+01     3.241506387E+02
     1712     1.966794657E+01    -3.251159853E+01     3.253580440E+02
     1713     2.126654820E+01    -3.882249487E+01     3.312624685E+02
     1714     2.160269342E+01    -4.334468601E+01     3.317757203E+02
     1715     2.043982532E+01    -4.400018291E+01     3.254471618E+02
     1716     1.940158695E+01    -3.978332677E+01     3.263707310E+02
     1717     2.282199302E+01    -4.237609186E+01     3.262243856E+02
     1718     2.205578477E+01    -4.573032633E+01     3.283377955E+02
     1719     2.190500610E+01    -3.911837329E+01     3.340947763E+02
     1720     1.970389964E+01    -3.555701405E+01     3.286897870E+02
     1721     2.312430571E+01    -3.814977914E+01     3.285434417E+02
     1722     2.066602082E+01    -2.611260461E+01     3.174010880E+02
     1723     2.132199052E+01     3.800676222E+02     1.398628741E+00
     1724     2.416156868E+01     3.811298590E+02    -1.008616268E+00
     1725     2.379907471E+01     3.802857651E+02     5.720673860E+00
     1726     2.191839232E+01     3.898665414E+02     1.288347114E+01
     1727     2.330037756E+01     3.850078910E+02     1.092189152E+01
     1728     2.283957816E+01     3.836476258E+02    -2.775184157E+00
     1729     2.247708419E+01     3.828035319E+02     3.954105970E+00
     1730     2.579479299E+01     3.889600797E+02    -7.844288450E+00
     1731     2.251263796E+01     3.934331838E+02    -1.079975174E+01
     1732     2.451616741E+01     3.976140042E+02    -1.026544922E+01
     1733     2.111837573E+01     3.978368910E+02    -1.055905323E+01
     1734     2.257375740E+01     4.066854219E+02    -5.608123468E-01
     1735     2.108624511E+01     4.052529448E+02     4.977525805E+00
     1736     2.441119808E+01     4.052758146E+02     5.290335320E+00
     1737     2.284851190E+01     4.042959274E+02    -7.116399931E+00
     1738     2.269424267E+01    -4.602620475E+01     3.311701033E+02
     1739     1.887717675E+01    -4.073470209E+01     3.228744802E+02
     1740     2.229758283E+01    -4.332746718E+01     3.227281349E+02
     1741     2.153137458E+01    -4.668170165E+01     3.248415448E+02
     1742     2.125934446E+01    -3.911061104E+01     3.236517041E+02
     1743     2.391354228E+01    -4.505761060E+01     3.256187687E+02
     1744     2.292504703E+01     4.037320588E+02     7.181436658E+00
     1745     1.500000000E+01    -4.025000000E+02     0.000000000E+00
     1746     0.000000000E+00    -4.025000000E+02     0.000000000E+00
     1747     7.500000000E+00    -4.025000000E+02     4.249123839E-15
     1748     1.500000000E+01    -3.875000000E+02     0.000000000E+00
     1749     1.500000000E+01    -3.987500000E+02    -6.495190528E+00
     1750     1.500000000E+01    -3.912500000E+02    -6.495190528E+00
     1751     0.000000000E+00    -3.875000000E+02     0.000000000E+00
     1752     7.500000000E+00    -3.875000000E+02     0.000000000E+00
     1753     0.000000000E+00    -3.987500000E+02    -6.495190528E+00
     1754     0.000000000E+00    -3.912500000E+02    -6.495190528E+00
     1755     1.500000000E+01    -3.912500000E+02     6.495190528E+00
     1756     1.500000000E+01    -3.987500000E+02     6.495190528E+00
     1757     0.000000000E+00    -3.912500000E+02     6.495190528E+00
     1758     0.000000000E+00    -3.987500000E+02     6.495190528E+00
     1759     1.500000000E+01     4.025000000E+02     0.000000000E+00
     1760     3.400000000E+01     4.025000000E+02    -0.000000000E+00
     1761     2.133333333E+01     4.025000000E+02    -5.053195275E-15
     1762     2.766666667E+01     4.025000000E+02    -1.010639055E-14
     1763     1.500000000E+01     3.875000000E+02     0.000000000E+00
     1764     1.500000000E+01     3.987500000E+02     6.495190528E+00
     1765     1.500000000E+01     3.912500000E+02     6.495190528E+00
     1766     3.400000000E+01     3.875000000E+02     0.000000000E+00
     1767     2.133333333E+01     3.875000000E+02     4.249123839E-15
     1768     2.766666667E+01     3.875000000E+02     4.249123839E-15
     1769     3.400000000E+01     4.010676275E+02     4.408389392E+00
     1770     3.400000000E+01     3.973176275E+02     7.132923872E+00
     1771     3.400000000E+01     3.926823725E+02     7.132923872E+00
     1772     3.400000000E+01     3.889323725E+02     4.408389392E+00
     1773     1.500000000E+01     3.912500000E+02    -6.495190528E+00
     1774     1.500000000E+01     3.987500000E+02    -6.495190528E+00
     1775     3.400000000E+01     3.889323725E+02    -4.408389392E+00
     1776     3.400000000E+01     3.926823725E+02    -7.132923872E+00
     1777     3.400000000E+01     3.973176275E+02    -7.132923872E+00
     1778     3.400000000E+01     4.010676275E+02    -4.408389392E+00
     1779     3.500000000E+01     3.885000000E+02    -0.000000000E+00
     1780     3.500000000E+01     4.015000000E+02    -0.000000000E+00
     1781     3.500000000E+01     3.904038059E+02    -4.596194078E+00
     1782     3.500000000E+01     3.950000000E+02    -6.500000000E+00
     1783     3.500000000E+01     3.995961941E+02    -4.596194078E+00
     1784     3.500000000E+01     3.995961941E+02     4.596194078E+00
     1785     3.500000000E+01     3.950000000E+02     6.500000000E+00
     1786     3.500000000E+01     3.904038059E+02     4.596194078E+00
     1787     1.500000000E+01     4.000000000E+02     1.500000000E+01
     1788     1.500000000E+01     4.150000000E+02    -0.000000000E+00
     1789     1.500000000E+01     4.106066017E+02     1.060660172E+01
     1790     0.000000000E+00     4.150000000E+02    -0.000000000E+00
     1791     0.000000000E+00     4.000000000E+02     1.500000000E+01
     1792     0.000000000E+00     4.106066017E+02     1.060660172E+01
     1793     1.500000000E+01     4.000000000E+02    -1.500000000E+01
     1794     1.500000000E+01     4.106066017E+02    -1.060660172E+01
     1795     0.000000000E+00     4.000000000E+02    -1.500000000E+01
     1796     0.000000000E+00     4.106066017E+02    -1.060660172E+01
     1797     0.000000000E+00    -4.000000000E+02     1.500000000E+01
     1798     1.500000000E+01    -4.000000000E+02     1.500000000E+01
     1799     7.500000000E+00    -4.000000000E+02     1.500000000E+01
     1800     1.500000000E+01     3.863216642E+02     1.500000000E+01
     1801     1.500000000E+01     3.726433284E+02     1.500000000E+01
     1802     1.500000000E+01     3.403490644E+02     1.500000000E+01
     1803     1.500000000E+01     3.001357934E+02     1.500000000E+01
     1804     1.500000000E+01     2.559630189E+02     1.500000000E+01
     1805     1.500000000E+01     2.098104926E+02     1.500000000E+01
     1806     1.500000000E+01     1.636579663E+02     1.500000000E+01
     1807     1.500000000E+01     1.155256883E+02     1.500000000E+01
     1808     1.500000000E+01     6.739341024E+01     1.500000000E+01
     1809     1.500000000E+01     1.926113220E+01     1.500000000E+01
     1810     1.500000000E+01    -2.887114584E+01     1.500000000E+01
     1811     1.500000000E+01    -7.700342388E+01     1.500000000E+01
     1812     1.500000000E+01    -1.251357019E+02     1.500000000E+01
     1813     1.500000000E+01    -1.732679800E+02     1.500000000E+01
     1814     1.500000000E+01    -2.214002580E+02     1.500000000E+01
     1815     1.500000000E+01    -2.664790817E+02     1.500000000E+01
     1816     1.500000000E+01    -3.075527763E+02     1.500000000E+01
     1817     1.500000000E+01    -3.416671024E+02     1.500000000E+01
     1818     1.500000000E+01    -3.757814285E+02     1.500000000E+01
     1819     1.500000000E+01    -3.884696958E+02     1.500000000E+01
     1820     0.000000000E+00     3.766119442E+02     1.500000000E+01
     1821     0.000000000E+00     3.453646011E+02     1.500000000E+01
     1822     0.000000000E+00     3.079312023E+02     1.500000000E+01
     1823     0.000000000E+00     2.662765699E+02     1.500000000E+01
     1824     0.000000000E+00     2.225113206E+02     1.500000000E+01
     1825     0.000000000E+00     1.765625569E+02     1.500000000E+01
     1826     0.000000000E+00     1.306137932E+02     1.500000000E+01
     1827     0.000000000E+00     8.248151517E+01     1.500000000E+01
     1828     0.000000000E+00     3.434923713E+01     1.500000000E+01
     1829     0.000000000E+00    -1.378304091E+01     1.500000000E+01
     1830     0.000000000E+00    -6.191531895E+01     1.500000000E+01
     1831     0.000000000E+00    -1.100475970E+02     1.500000000E+01
     1832     0.000000000E+00    -1.581798750E+02     1.500000000E+01
     1833     0.000000000E+00    -2.063121531E+02     1.500000000E+01
     1834     0.000000000E+00    -2.528380420E+02     1.500000000E+01
     1835     0.000000000E+00    -2.937125948E+02     1.500000000E+01
     1836     0.000000000E+00    -3.317614793E+02     1.500000000E+01
     1837     0.000000000E+00    -3.698103639E+02     1.500000000E+01
     1838     0.000000000E+00    -3.850262571E+02     1.500000000E+01
     1839     1.500000000E+01    -4.150000000E+02    -0.000000000E+00
     1840     1.500000000E+01    -4.106066017E+02     1.060660172E+01
     1841     0.000000000E+00    -4.150000000E+02    -0.000000000E+00
     1842     0.000000000E+00    -4.106066017E+02     1.060660172E+01
     1843     0.000000000E+00    -4.000000000E+02    -1.500000000E+01
     1844     1.500000000E+01    -4.000000000E+02    -1.500000000E+01
     1845     7.500000000E+00    -4.000000000E+02    -1.500000000E+01
     1846     0.000000000E+00    -3.863663706E+02    -1.500000000E+01
     1847     0.000000000E+00    -3.727327413E+02    -1.500000000E+01
     1848     0.000000000E+00    -3.456469570E+02    -1.500000000E+01
     1849     0.000000000E+00    -3.080379258E+02    -1.500000000E+01
     1850     0.000000000E+00    -2.664826771E+02    -1.500000000E+01
     1851     0.000000000E+00    -2.203235079E+02    -1.500000000E+01
     1852     0.000000000E+00    -1.731777842E+02    -1.500000000E+01
     1853     0.000000000E+00    -1.255387834E+02    -1.500000000E+01
     1854     0.000000000E+00    -7.789978253E+01    -1.500000000E+01
     1855     0.000000000E+00    -2.976750449E+01    -1.500000000E+01
     1856     0.000000000E+00     1.836477355E+01    -1.500000000E+01
     1857     0.000000000E+00     6.649705158E+01    -1.500000000E+01
     1858     0.000000000E+00     1.146293296E+02    -1.500000000E+01
     1859     0.000000000E+00     1.627616077E+02    -1.500000000E+01
     1860     0.000000000E+00     2.108938857E+02    -1.500000000E+01
     1861     0.000000000E+00     2.577441886E+02    -1.500000000E+01
     1862     0.000000000E+00     3.016758045E+02    -1.500000000E+01
     1863     0.000000000E+00     3.395926783E+02    -1.500000000E+01
     1864     0.000000000E+00     3.736529456E+02    -1.500000000E+01
     1865     1.500000000E+01    -3.904591281E+02    -1.500000000E+01
     1866     1.500000000E+01    -3.756613907E+02    -1.500000000E+01
     1867     1.500000000E+01    -3.458553195E+02    -1.500000000E+01
     1868     1.500000000E+01    -3.090505529E+02    -1.500000000E+01
     1869     1.500000000E+01    -2.676642345E+02    -1.500000000E+01
     1870     1.500000000E+01    -2.234460384E+02    -1.500000000E+01
     1871     1.500000000E+01    -1.775413522E+02    -1.500000000E+01
     1872     1.500000000E+01    -1.316366661E+02    -1.500000000E+01
     1873     1.500000000E+01    -8.404549009E+01    -1.500000000E+01
     1874     1.500000000E+01    -3.591321205E+01    -1.500000000E+01
     1875     1.500000000E+01     1.221906599E+01    -1.500000000E+01
     1876     1.500000000E+01     6.035134402E+01    -1.500000000E+01
     1877     1.500000000E+01     1.084836221E+02    -1.500000000E+01
     1878     1.500000000E+01     1.566159001E+02    -1.500000000E+01
     1879     1.500000000E+01     2.047481781E+02    -1.500000000E+01
     1880     1.500000000E+01     2.514775410E+02    -1.500000000E+01
     1881     1.500000000E+01     2.926543674E+02    -1.500000000E+01
     1882     1.500000000E+01     3.263047614E+02    -1.500000000E+01
     1883     1.500000000E+01     3.573108548E+02    -1.500000000E+01
     1884     1.500000000E+01     3.808418873E+02    -1.500000000E+01
     1885     1.500000000E+01    -4.106066017E+02    -1.060660172E+01
     1886     0.000000000E+00    -4.106066017E+02    -1.060660172E+01
     1887     3.500000000E+01     4.010052170E+02     2.487442310E+00
     1888     3.500000000E+01     3.889947830E+02     2.487442310E+00
     1889     3.500000000E+01     4.010052170E+02    -2.487442310E+00
     1890     3.500000000E+01     3.889947830E+02    -2.487442310E+00
     1891     2.971125307E+01     3.903322185E+02    -5.870418699E+00
     1892     2.888215485E+01     3.935753820E+02    -7.363454594E+00
     1893     3.001908015E+01     4.003666945E+02    -5.239140248E+00
     1894     2.455021816E+01     3.979528885E+02    -6.894233051E+00
     1895     2.450051031E+01     3.902394992E+02    -5.795483750E+00
     1896     3.001587874E+01     4.003684218E+02     5.237370232E+00
     1897     2.925013500E+01     3.935713698E+02     7.362677210E+00
     1898     2.964538196E+01     3.901984485E+02     5.761519177E+00
     1899     2.458738033E+01     3.979545674E+02     6.893513705E+00
     1900     2.450675588E+01     3.902362649E+02     5.792825578E+00
     1901     7.500000000E+00    -3.950000000E+02     7.500000000E+00
     1902     7.500000000E+00    -3.950000000E+02    -7.500000000E+00
     1903     1.500000000E+01    -3.705994427E+02    -1.105498841E-02
     1904     1.500000000E+01    -3.840523685E+02    -7.337730565E+00
     1905     1.500000000E+01    -3.827201134E+02     7.296827108E+00
     1906     1.500000000E+01    -4.053713203E+02     6.420358449E+00
     1907     1.500000000E+01    -4.053713203E+02    -6.420358449E+00
     1908     1.500000000E+01     3.831309080E+02     6.719783074E+00
     1909     1.500000000E+01     3.756309450E+02    -3.749999916E+00
     1910     0.000000000E+00     3.874168914E+02     0.000000000E+00
     1911     0.000000000E+00    -3.672470233E+02    -2.870881810E-02
     1912     0.000000000E+00     3.645278121E+02     0.000000000E+00
     1913     0.000000000E+00     4.039383491E+02    -3.343968621E-12
     1914     0.000000000E+00    -3.823522776E+02    -7.499999832E+00
     1915     0.000000000E+00    -3.809253440E+02     7.299038106E+00
     1916     7.499999975E+00    -3.835816569E+02    -1.500000000E+01
     1917     7.499999873E+00    -3.926886539E+02    -1.500000000E+01
     1918     3.500000000E+01     3.949999958E+02     0.000000000E+00
     1919     6.378257596E+00     3.838581340E+02    -6.767525755E+00
     1920     8.383600116E+00     3.856872707E+02     3.866509885E+00
     1921     7.924538140E+00     3.973013826E+02    -7.263708342E+00
     1922     1.866023666E+01     3.946254915E+02     1.501356708E-01
     1923     8.649542935E+00     3.955493073E+02     6.581939115E+00
     1924     8.030423620E+00     4.072249478E+02    -3.573207769E+00
     1925     2.450000000E+01     3.931905201E+02     7.940993448E-04
     1926     3.111491981E+01     3.938859648E+02     3.133978500E+00
     1927     3.099905872E+01     3.939087665E+02    -3.144638782E+00
     1928     3.236569628E+01     3.990864123E+02    -5.615032314E-02
     1929     7.499999992E+00    -3.773252629E+02    -5.017961806E+00
     1930     7.434561969E+00    -3.790704120E+02     5.683512556E+00
     1931     6.978065986E+00    -3.857635798E+02    -4.542934919E+00
     1932     5.124412134E+00    -3.867423067E+02     6.610179686E+00
     1933     8.076092643E+00    -3.926908135E+02     1.074940308E+01
     1934     7.533269787E+00    -4.025900566E+02     8.338215802E+00
     1935     6.821863233E+00    -4.009667859E+02    -1.060916408E+01
     1936     8.399912158E+00    -4.073645932E+02     2.281638941E+00
     1937     1.005797066E+01    -3.854442283E+02     7.813555451E+00
     1938     3.236040314E+01     3.906130531E+02     7.949108467E-02
     1939     1.087462222E+01     3.948121804E+02     2.088698991E-01
     1940     2.817138412E+01     3.978484117E+02     6.931615478E-03
     1941     6.257614078E+00    -4.071356774E+02    -4.379243643E+00
     1942     8.734806942E+00     4.037594494E+02     3.316468874E+00
     1943     9.505338328E+00     3.881771803E+02    -2.803658426E+00
     1944     3.248713338E+01     3.967821517E+02     4.158582232E+00
     1945     3.245008431E+01     3.967855046E+02    -4.186078926E+00
     1946     1.013103721E+01    -3.898123217E+02    -9.120905497E+00
     1947     1.125000000E+01    -3.824126315E+02    -2.508980903E+00
     1948     1.125000000E+01    -4.025000000E+02     4.249123839E-15
     1949     1.500000000E+01    -4.014951905E+02    -3.750000000E+00
     1950     1.500000000E+01    -4.014951905E+02     3.750000000E+00
     1951     1.500000000E+01    -4.087500000E+02     0.000000000E+00
     1952     1.500000000E+01    -4.039356602E+02     3.210179225E+00
     1953     1.500000000E+01    -4.039356602E+02    -3.210179225E+00
     1954     1.169995608E+01    -4.049322966E+02     1.140819470E+00
     1955     3.750000000E+00    -4.025000000E+02     4.249123839E-15
     1956     0.000000000E+00    -4.014951905E+02    -3.750000000E+00
     1957     0.000000000E+00    -4.014951905E+02     3.750000000E+00
     1958     0.000000000E+00    -4.087500000E+02     0.000000000E+00
     1959     0.000000000E+00    -4.065533009E+02     5.303300859E+00
     1960     0.000000000E+00    -4.065533009E+02    -5.303300859E+00
     1961     3.766634893E+00    -4.025450283E+02     4.169107901E+00
     1962     4.199956079E+00    -4.049322966E+02     1.140819470E+00
     1963     3.128807039E+00    -4.048178387E+02    -2.189621821E+00
     1964     1.125000000E+01    -4.014951905E+02    -3.750000000E+00
     1965     3.750000000E+00    -4.014951905E+02    -3.750000000E+00
     1966     1.125000000E+01    -4.014951905E+02     3.750000000E+00
     1967     3.750000000E+00    -4.014951905E+02     3.750000000E+00
     1968     1.125000000E+01    -4.039356602E+02     3.210179225E+00
     1969     1.125000000E+01    -4.039356602E+02    -3.210179225E+00
     1970     7.516634893E+00    -4.025450283E+02     4.169107901E+00
     1971     7.949956079E+00    -4.049322966E+02     1.140819470E+00
     1972     6.878807039E+00    -4.048178387E+02    -2.189621821E+00
     1973     1.500000000E+01    -3.885048095E+02    -3.750000000E+00
     1974     1.125000000E+01    -3.875000000E+02     0.000000000E+00
     1975     1.500000000E+01    -3.885048095E+02     3.750000000E+00
     1976     1.500000000E+01    -3.790497214E+02    -5.527494206E-03
     1977     1.500000000E+01    -3.857761843E+02    -3.668865283E+00
     1978     1.500000000E+01    -3.851100567E+02     3.648413554E+00
     1979     1.252898533E+01    -3.864721142E+02     3.906777725E+00
     1980     1.312500000E+01    -3.849563157E+02    -1.254490451E+00
     1981     1.500000000E+01    -3.950000000E+02    -7.500000000E+00
     1982     7.500000000E+00    -3.987500000E+02    -6.495190528E+00
     1983     1.500000000E+01    -3.993750000E+02    -1.074759526E+01
     1984     1.500000000E+01    -3.946045641E+02    -1.074759526E+01
     1985     1.125000000E+01    -3.969411428E+02    -7.244443697E+00
     1986     1.500000000E+01    -4.020606602E+02    -6.457774489E+00
     1987     1.091093162E+01    -3.998583929E+02    -8.552177303E+00
     1988     1.062880704E+01    -4.029428387E+02    -5.437217086E+00
     1989     1.125000000E+01    -3.885048095E+02    -3.750000000E+00
     1990     7.500000000E+00    -3.912500000E+02    -6.495190528E+00
     1991     1.500000000E+01    -3.908545641E+02    -1.074759526E+01
     1992     1.125000000E+01    -3.930588572E+02    -7.244443697E+00
     1993     1.500000000E+01    -3.876511843E+02    -6.916460547E+00
     1994     1.098903299E+01    -3.885067899E+02    -5.519062724E+00
     1995     1.256551860E+01    -3.905311608E+02    -7.808048013E+00
     1996     1.312500000E+01    -3.868313157E+02    -4.502085716E+00
     1997     3.750000000E+00    -3.875000000E+02     0.000000000E+00
     1998     0.000000000E+00    -3.885048095E+02    -3.750000000E+00
     1999     0.000000000E+00    -3.885048095E+02     3.750000000E+00
     2000     0.000000000E+00    -3.773735117E+02    -1.435440905E-02
     2001     0.000000000E+00    -3.849261388E+02    -3.749999916E+00
     2002     0.000000000E+00    -3.842126720E+02     3.649519053E+00
     2003     3.749999996E+00    -3.824126315E+02    -2.508980903E+00
     2004     3.489032993E+00    -3.866317899E+02    -2.271467459E+00
     2005     2.562206067E+00    -3.871211533E+02     3.305089843E+00
     2006     3.750000000E+00    -3.885048095E+02    -3.750000000E+00
     2007     1.125000000E+01    -3.885048095E+02     3.750000000E+00
     2008     3.750000000E+00    -3.885048095E+02     3.750000000E+00
     2009     3.750000000E+00    -3.842126720E+02     3.649519053E+00
     2010     7.499999996E+00    -3.824126315E+02    -2.508980903E+00
     2011     7.467280984E+00    -3.832852060E+02     2.841756278E+00
     2012     7.239032993E+00    -3.866317899E+02    -2.271467459E+00
     2013     6.312206067E+00    -3.871211533E+02     3.305089843E+00
     2014     8.778985330E+00    -3.864721142E+02     3.906777725E+00
     2015     9.374999998E+00    -3.849563157E+02    -1.254490451E+00
     2016     0.000000000E+00    -3.950000000E+02    -7.500000000E+00
     2017     0.000000000E+00    -3.993750000E+02    -1.074759526E+01
     2018     0.000000000E+00    -4.046783009E+02    -8.550896123E+00
     2019     3.750000000E+00    -3.969411428E+02    -7.244443697E+00
     2020     3.410931616E+00    -3.998583929E+02    -8.552177303E+00
     2021     3.128807039E+00    -4.029428387E+02    -5.437217086E+00
     2022     0.000000000E+00    -3.956250000E+02    -1.074759526E+01
     2023     0.000000000E+00    -3.888081853E+02    -1.074759526E+01
     2024     3.750000000E+00    -3.930588572E+02    -7.244443697E+00
     2025     0.000000000E+00    -3.868011388E+02    -6.997595180E+00
     2026     3.749999936E+00    -3.919693270E+02    -1.074759526E+01
     2027     3.489032993E+00    -3.885067899E+02    -5.519062724E+00
     2028     5.065518604E+00    -3.905311608E+02    -7.808048013E+00
     2029     1.500000000E+01    -3.950000000E+02     7.500000000E+00
     2030     7.500000000E+00    -3.912500000E+02     6.495190528E+00
     2031     1.500000000E+01    -3.956250000E+02     1.074759526E+01
     2032     1.500000000E+01    -3.898598479E+02     1.074759526E+01
     2033     1.125000000E+01    -3.930588572E+02     7.244443697E+00
     2034     1.500000000E+01    -3.869850567E+02     6.896008818E+00
     2035     1.006220607E+01    -3.889961533E+02     6.552685107E+00
     2036     1.153804632E+01    -3.919704068E+02     8.622296803E+00
     2037     1.252898533E+01    -3.883471142E+02     7.154372990E+00
     2038     7.500000000E+00    -3.987500000E+02     6.495190528E+00
     2039     1.500000000E+01    -3.993750000E+02     1.074759526E+01
     2040     1.125000000E+01    -3.993750000E+02     1.074759526E+01
     2041     1.125000000E+01    -3.969411428E+02     7.244443697E+00
     2042     1.500000000E+01    -4.020606602E+02     6.457774489E+00
     2043     1.153804632E+01    -3.957204068E+02     8.622296803E+00
     2044     1.126663489E+01    -4.006700283E+02     7.416703165E+00
     2045     0.000000000E+00    -3.950000000E+02     7.500000000E+00
     2046     0.000000000E+00    -3.956250000E+02     1.074759526E+01
     2047     0.000000000E+00    -3.881381286E+02     1.074759526E+01
     2048     3.750000000E+00    -3.930588572E+02     7.244443697E+00
     2049     0.000000000E+00    -3.860876720E+02     6.897114317E+00
     2050     2.562206067E+00    -3.889961533E+02     6.552685107E+00
     2051     4.038046321E+00    -3.919704068E+02     8.622296803E+00
     2052     0.000000000E+00    -3.993750000E+02     1.074759526E+01
     2053     0.000000000E+00    -4.046783009E+02     8.550896123E+00
     2054     3.750000000E+00    -3.969411428E+02     7.244443697E+00
     2055     3.766634893E+00    -4.006700283E+02     7.416703165E+00
     2056     1.816666667E+01     4.025000000E+02    -2.526597638E-15
     2057     1.500000000E+01     4.014951905E+02     3.750000000E+00
     2058     1.500000000E+01     4.014951905E+02    -3.750000000E+00
     2059     1.500000000E+01     4.087500000E+02     0.000000000E+00
     2060     1.500000000E+01     4.065533009E+02     5.303300859E+00
     2061     1.500000000E+01     4.065533009E+02    -5.303300859E+00
     2062     1.683011833E+01     3.985627458E+02     7.506783542E-02
     2063     1.151521181E+01     4.048624739E+02    -1.786603884E+00
     2064     1.293731111E+01     3.986560902E+02     1.044349495E-01
     2065     1.186740347E+01     4.031297247E+02     1.658234437E+00
     2066     3.083333333E+01     4.025000000E+02    -1.263298819E-14
     2067     3.400000000E+01     4.021329239E+02     2.317627458E+00
     2068     3.400000000E+01     4.021329239E+02    -2.317627458E+00
     2069     3.470710678E+01     4.022071068E+02    -1.709205170E-11
     2070     3.480677170E+01     4.019735653E+02     1.284417823E+00
     2071     3.480677170E+01     4.019735653E+02    -1.284417823E+00
     2072     3.318284814E+01     4.007932061E+02    -2.807516157E-02
     2073     2.450000000E+01     4.025000000E+02    -7.579792913E-15
     2074     1.816666667E+01     4.014951905E+02     3.750000000E+00
     2075     1.816666667E+01     4.014951905E+02    -3.750000000E+00
     2076     2.294177575E+01     4.012608571E+02    -4.129366542E+00
     2077     2.296035683E+01     4.012613599E+02     4.128604132E+00
     2078     1.999678500E+01     3.985627458E+02     7.506783542E-02
     2079     2.291666667E+01     3.978452600E+02     3.970496724E-04
     2080     2.475235873E+01     4.001742059E+02     3.465807739E-03
     2081     3.083333333E+01     4.021329239E+02     2.317627458E+00
     2082     3.083333333E+01     4.021329239E+02    -2.317627458E+00
     2083     2.884287341E+01     4.019462295E+02    -2.828408698E+00
     2084     2.610844242E+01     4.012608571E+02    -4.129366542E+00
     2085     2.884127271E+01     4.019466958E+02     2.827263359E+00
     2086     2.612702350E+01     4.012613599E+02     4.128604132E+00
     2087     3.001618147E+01     4.007932061E+02    -2.807516157E-02
     2088     2.791902539E+01     4.001742059E+02     3.465807739E-03
     2089     1.500000000E+01     3.885048095E+02     3.750000000E+00
     2090     1.816666667E+01     3.875000000E+02     4.249123839E-15
     2091     1.500000000E+01     3.885048095E+02    -3.750000000E+00
     2092     1.500000000E+01     3.853154540E+02     3.359891537E+00
     2093     1.500000000E+01     3.815654725E+02    -1.874999958E+00
     2094     1.169180006E+01     3.865936353E+02     1.933254942E+00
     2095     1.683011833E+01     3.910627458E+02     7.506783542E-02
     2096     1.293731111E+01     3.911560902E+02     1.044349495E-01
     2097     1.225266916E+01     3.878385902E+02    -1.401829213E+00
     2098     1.500000000E+01     3.950000000E+02     7.500000000E+00
     2099     1.500000000E+01     3.993750000E+02     1.074759526E+01
     2100     1.500000000E+01     4.046783009E+02     8.550896123E+00
     2101     1.979369016E+01     3.983581947E+02     6.706156015E+00
     2102     1.683011833E+01     3.966877458E+02     3.322663100E+00
     2103     1.182477147E+01     3.971496536E+02     6.538564822E+00
     2104     1.293731111E+01     3.967810902E+02     3.352030214E+00
     2105     1.186740347E+01     4.012547247E+02     4.905829701E+00
     2106     1.816666667E+01     3.885048095E+02     3.750000000E+00
     2107     1.500000000E+01     3.956250000E+02     1.074759526E+01
     2108     1.500000000E+01     3.887858321E+02     1.074759526E+01
     2109     1.979369016E+01     3.945552039E+02     7.486798810E+00
     2110     1.975337794E+01     3.907286711E+02     6.164880344E+00
     2111     1.500000000E+01     3.871904540E+02     6.607486801E+00
     2112     1.169180006E+01     3.884686353E+02     5.180850207E+00
     2113     1.683011833E+01     3.929377458E+02     3.322663100E+00
     2114     1.182477147E+01     3.933996536E+02     6.538564822E+00
     2115     1.293731111E+01     3.930310902E+02     3.352030214E+00
     2116     3.083333333E+01     3.875000000E+02     4.249123839E-15
     2117     3.400000000E+01     3.878670761E+02     2.317627458E+00
     2118     3.400000000E+01     3.878670761E+02    -2.317627458E+00
     2119     3.470710678E+01     3.877928932E+02     1.707488856E-11
     2120     3.480677170E+01     3.880264347E+02     1.284417823E+00
     2121     3.480677170E+01     3.880264347E+02    -1.284417823E+00
     2122     3.318020157E+01     3.890565266E+02     3.974554233E-02
     2123     2.450000000E+01     3.875000000E+02     4.249123839E-15
     2124     1.816666667E+01     3.885048095E+02    -3.750000000E+00
     2125     2.291692182E+01     3.882193748E+02    -3.205171120E+00
     2126     2.292004461E+01     3.882184805E+02     3.203278553E+00
     2127     1.999678500E+01     3.910627458E+02     7.506783542E-02
     2128     2.291666667E+01     3.903452600E+02     3.970496724E-04
     2129     3.083333333E+01     3.878670761E+02     2.317627458E+00
     2130     3.083333333E+01     3.878670761E+02    -2.317627458E+00
     2131     2.868895987E+01     3.882450625E+02    -3.258959851E+00
     2132     2.608358849E+01     3.882193748E+02    -3.205171120E+00
     2133     2.865602431E+01     3.882080328E+02     3.181066156E+00
     2134     2.608671127E+01     3.882184805E+02     3.203278553E+00
     2135     2.608333333E+01     3.903452600E+02     3.970496724E-04
     2136     3.001353490E+01     3.890565266E+02     3.974554233E-02
     2137     3.400000000E+01     3.994083894E+02     6.067627458E+00
     2138     3.472244643E+01     4.004945723E+02     4.639643943E+00
     2139     3.474201796E+01     4.012262855E+02     3.556363000E+00
     2140     3.200793937E+01     4.007330278E+02     4.835534284E+00
     2141     3.318284814E+01     4.000770199E+02     2.176119535E+00
     2142     3.324356669E+01     3.989248896E+02     4.283485812E+00
     2143     3.400000000E+01     3.950000000E+02     7.500000000E+00
     2144     3.485173596E+01     3.985667896E+02     6.050965533E+00
     2145     3.477004040E+01     3.961963111E+02     7.037031635E+00
     2146     3.200793937E+01     3.989581712E+02     6.370469421E+00
     2147     3.162506750E+01     3.954591031E+02     7.485935100E+00
     2148     2.929369016E+01     3.976388140E+02     7.020445920E+00
     2149     3.324356669E+01     3.970498896E+02     5.645753052E+00
     2150     3.400000000E+01     3.905916106E+02     6.067627458E+00
     2151     3.477004040E+01     3.938036889E+02     7.037031635E+00
     2152     3.485173596E+01     3.914332104E+02     6.050965533E+00
     2153     3.162506750E+01     3.931233518E+02     7.261418023E+00
     2154     3.182269098E+01     3.913749669E+02     6.565754720E+00
     2155     3.255745990E+01     3.932841687E+02     5.133451186E+00
     2156     3.324356669E+01     3.947322621E+02     5.645753052E+00
     2157     3.472244643E+01     3.895054277E+02     4.639643943E+00
     2158     3.474201796E+01     3.887737145E+02     3.556363000E+00
     2159     3.182269098E+01     3.895234589E+02     5.124206979E+00
     2160     3.255745990E+01     3.914091687E+02     3.771183946E+00
     2161     3.318020157E+01     3.897727128E+02     2.243940238E+00
     2162     1.500000000E+01     3.950000000E+02    -7.500000000E+00
     2163     1.500000000E+01     3.956250000E+02    -1.074759526E+01
     2164     1.500000000E+01     3.860459436E+02    -1.074759526E+01
     2165     1.977510908E+01     3.945542922E+02    -7.486744592E+00
     2166     1.975025516E+01     3.907303919E+02    -6.166072213E+00
     2167     1.500000000E+01     3.834404725E+02    -5.122595222E+00
     2168     1.068912880E+01     3.875540670E+02    -6.631358142E+00
     2169     1.146226907E+01     3.942756913E+02    -6.879449435E+00
     2170     1.683011833E+01     3.929377458E+02    -3.172527429E+00
     2171     1.293731111E+01     3.930310902E+02    -3.143160315E+00
     2172     1.225266916E+01     3.897135902E+02    -4.649424477E+00
     2173     1.500000000E+01     3.993750000E+02    -1.074759526E+01
     2174     1.500000000E+01     4.046783009E+02    -8.550896123E+00
     2175     1.977510908E+01     3.983573781E+02    -6.706564890E+00
     2176     1.146226907E+01     3.980256913E+02    -6.879449435E+00
     2177     1.683011833E+01     3.966877458E+02    -3.172527429E+00
     2178     1.151521181E+01     4.029874739E+02    -5.034199148E+00
     2179     1.293731111E+01     3.967810902E+02    -3.143160315E+00
     2180     1.186740347E+01     4.012547247E+02    -1.589360827E+00
     2181     3.400000000E+01     3.905916106E+02    -6.067627458E+00
     2182     3.472244643E+01     3.895054277E+02    -4.639643943E+00
     2183     3.474201796E+01     3.887737145E+02    -3.556363000E+00
     2184     3.185562653E+01     3.895827466E+02    -5.186845487E+00
     2185     3.249952936E+01     3.914205695E+02    -3.776514087E+00
     2186     3.318020157E+01     3.897727128E+02    -2.164449154E+00
     2187     3.400000000E+01     3.950000000E+02    -7.500000000E+00
     2188     3.485173596E+01     3.914332104E+02    -6.050965533E+00
     2189     3.477004040E+01     3.938036889E+02    -7.037031635E+00
     2190     3.185562653E+01     3.914507093E+02    -6.607006548E+00
     2191     3.144107743E+01     3.931253303E+02    -7.261929057E+00
     2192     3.249952936E+01     3.932955695E+02    -5.138781327E+00
     2193     3.322504215E+01     3.947339386E+02    -5.659501399E+00
     2194     3.400000000E+01     3.994083894E+02    -6.067627458E+00
     2195     3.477004040E+01     3.961963111E+02    -7.037031635E+00
     2196     3.485173596E+01     3.985667896E+02    -6.050965533E+00
     2197     3.144107743E+01     3.954611427E+02    -7.485809737E+00
     2198     3.200954008E+01     3.989571208E+02    -6.371121962E+00
     2199     2.927510908E+01     3.976379591E+02    -7.020767194E+00
     2200     3.322504215E+01     3.970515660E+02    -5.659501399E+00
     2201     3.472244643E+01     4.004945723E+02    -4.639643943E+00
     2202     3.474201796E+01     4.012262855E+02    -3.556363000E+00
     2203     3.200954008E+01     4.007322305E+02    -4.836479485E+00
     2204     3.318284814E+01     4.000770199E+02    -2.232269858E+00
     2205     3.322504215E+01     3.989265660E+02    -4.297234159E+00
     2206     3.500000000E+01     3.886248957E+02     1.268087093E+00
     2207     3.500000000E+01     3.886248957E+02    -1.268087093E+00
     2208     3.500000000E+01     3.917499979E+02     0.000000000E+00
     2209     3.368020157E+01     3.895565266E+02     3.974554233E-02
     2210     3.500000000E+01     4.013751043E+02     1.268087093E+00
     2211     3.500000000E+01     4.013751043E+02    -1.268087093E+00
     2212     3.500000000E+01     3.982499979E+02     0.000000000E+00
     2213     3.368284814E+01     4.002932061E+02    -2.807516157E-02
     2214     3.500000000E+01     3.925125577E+02    -6.005216961E+00
     2215     3.500000000E+01     3.895954475E+02    -3.611206515E+00
     2216     3.500000000E+01     3.927019009E+02    -2.298097039E+00
     2217     3.299952936E+01     3.921562862E+02    -3.870416430E+00
     2218     3.368020157E+01     3.905084295E+02    -2.258351497E+00
     2219     3.372504215E+01     3.935946553E+02    -4.391136502E+00
     2220     3.500000000E+01     3.974874423E+02    -6.005216961E+00
     2221     3.500000000E+01     3.949999979E+02    -3.250000000E+00
     2222     3.372504215E+01     3.958927523E+02    -5.343039463E+00
     2223     3.500000000E+01     4.004045525E+02    -3.611206515E+00
     2224     3.500000000E+01     3.972980950E+02    -2.298097039E+00
     2225     3.372504215E+01     3.981908494E+02    -4.391136502E+00
     2226     3.500000000E+01     3.974874423E+02     6.005216961E+00
     2227     3.500000000E+01     4.004045525E+02     3.611206515E+00
     2228     3.500000000E+01     3.972980950E+02     2.298097039E+00
     2229     3.374356669E+01     3.981891729E+02     4.377388155E+00
     2230     3.500000000E+01     3.925125577E+02     6.005216961E+00
     2231     3.500000000E+01     3.949999979E+02     3.250000000E+00
     2232     3.374356669E+01     3.958910759E+02     5.329291116E+00
     2233     3.500000000E+01     3.895954475E+02     3.611206515E+00
     2234     3.500000000E+01     3.927019009E+02     2.298097039E+00
     2235     3.305745990E+01     3.921448853E+02     3.865086289E+00
     2236     3.368020157E+01     3.905084295E+02     2.337842581E+00
     2237     3.374356669E+01     3.935929788E+02     4.377388155E+00
     2238     1.500000000E+01     4.057402515E+02     1.385819299E+01
     2239     7.500000000E+00     4.000000000E+02     1.500000000E+01
     2240     7.500000000E+00     4.057402515E+02     1.385819299E+01
     2241     1.500000000E+01     3.931608321E+02     1.500000000E+01
     2242     1.182477147E+01     3.977746536E+02     1.079096956E+01
     2243     1.186740347E+01     4.018797247E+02     9.158234437E+00
     2244     1.500000000E+01     4.138581930E+02     5.740251485E+00
     2245     7.500000000E+00     4.150000000E+02    -4.719456163E-14
     2246     7.500000000E+00     4.138581930E+02     5.740251485E+00
     2247     1.500000000E+01     4.138581930E+02    -5.740251485E+00
     2248     7.500000000E+00     4.138581930E+02    -5.740251485E+00
     2249     1.151521181E+01     4.111124739E+02    -1.786603884E+00
     2250     1.186740347E+01     4.093797247E+02     1.658234437E+00
     2251     7.500000000E+00     4.106066017E+02     1.060660172E+01
     2252     1.186740347E+01     4.071830256E+02     6.961535296E+00
     2253     0.000000000E+00     4.138581930E+02     5.740251485E+00
     2254     0.000000000E+00     4.138581930E+02    -5.740251485E+00
     2255     0.000000000E+00     4.094691746E+02    -1.671984310E-12
     2256     4.015211810E+00     4.111124739E+02    -1.786603884E+00
     2257     4.367403471E+00     4.093797247E+02     1.658234437E+00
     2258     0.000000000E+00     4.057402515E+02     1.385819299E+01
     2259     7.500000000E+00     3.931608321E+02     1.500000000E+01
     2260     0.000000000E+00     3.883059721E+02     1.500000000E+01
     2261     0.000000000E+00     3.937084457E+02     7.500000000E+00
     2262     0.000000000E+00     4.019691746E+02     7.500000000E+00
     2263     4.191800058E+00     3.928436353E+02     9.433254942E+00
     2264     4.324771468E+00     3.977746536E+02     1.079096956E+01
     2265     4.367403471E+00     4.018797247E+02     9.158234437E+00
     2266     0.000000000E+00     4.072724754E+02     5.303300859E+00
     2267     4.367403471E+00     4.071830256E+02     6.961535296E+00
     2268     1.500000000E+01     4.057402515E+02    -1.385819299E+01
     2269     7.500000000E+00     4.000000000E+02    -1.500000000E+01
     2270     7.500000000E+00     4.057402515E+02    -1.385819299E+01
     2271     1.500000000E+01     3.904209436E+02    -1.500000000E+01
     2272     1.146226907E+01     3.986506913E+02    -1.113185417E+01
     2273     7.500000000E+00     4.106066017E+02    -1.060660172E+01
     2274     1.146226907E+01     4.039539922E+02    -8.935155030E+00
     2275     1.151521181E+01     4.089157748E+02    -7.089904743E+00
     2276     0.000000000E+00     4.057402515E+02    -1.385819299E+01
     2277     0.000000000E+00     3.868264728E+02    -1.500000000E+01
     2278     7.500000000E+00     3.904209436E+02    -1.500000000E+01
     2279     0.000000000E+00     3.937084457E+02    -7.500000000E+00
     2280     0.000000000E+00     4.019691746E+02    -7.500000000E+00
     2281     3.189128798E+00     3.919290670E+02    -1.088376288E+01
     2282     3.962269070E+00     3.986506913E+02    -1.113185417E+01
     2283     0.000000000E+00     4.072724754E+02    -5.303300859E+00
     2284     3.962269070E+00     4.039539922E+02    -8.935155030E+00
     2285     4.015211810E+00     4.089157748E+02    -7.089904743E+00
     2286     3.750000000E+00    -4.000000000E+02     1.500000000E+01
     2287     0.000000000E+00    -3.925131286E+02     1.500000000E+01
     2288     0.000000000E+00    -4.057402515E+02     1.385819299E+01
     2289     3.750000000E+00    -3.975000000E+02     1.125000000E+01
     2290     4.038046321E+00    -3.963454068E+02     1.287470154E+01
     2291     3.766634893E+00    -4.012950283E+02     1.166910790E+01
     2292     1.125000000E+01    -4.000000000E+02     1.500000000E+01
     2293     1.500000000E+01    -3.942348479E+02     1.500000000E+01
     2294     1.500000000E+01    -4.057402515E+02     1.385819299E+01
     2295     1.500000000E+01    -4.026856602E+02     1.071017922E+01
     2296     1.153804632E+01    -3.963454068E+02     1.287470154E+01
     2297     1.126663489E+01    -4.012950283E+02     1.166910790E+01
     2298     1.125000000E+01    -3.942348479E+02     1.500000000E+01
     2299     3.750000000E+00    -3.925131286E+02     1.500000000E+01
     2300     1.125000000E+01    -4.057402515E+02     1.385819299E+01
     2301     3.750000000E+00    -4.057402515E+02     1.385819299E+01
     2302     7.500000000E+00    -3.975000000E+02     1.125000000E+01
     2303     7.788046321E+00    -3.963454068E+02     1.287470154E+01
     2304     7.516634893E+00    -4.012950283E+02     1.166910790E+01
     2305     1.500000000E+01     3.794824963E+02     1.500000000E+01
     2306     7.500000000E+00     3.814668042E+02     1.500000000E+01
     2307     1.500000000E+01     3.847262861E+02     1.085989154E+01
     2308     1.169180006E+01     3.860044674E+02     9.433254942E+00
     2309     1.182477147E+01     3.909354857E+02     1.079096956E+01
     2310     1.500000000E+01     3.564961964E+02     1.500000000E+01
     2311     7.500000000E+00     3.746276363E+02     1.500000000E+01
     2312     7.500000000E+00     3.590039647E+02     1.500000000E+01
     2313     1.500000000E+01     3.778871182E+02     1.085989154E+01
     2314     1.500000000E+01     3.741371367E+02     5.625000042E+00
     2315     7.500000000E+00     3.685855703E+02     7.500000000E+00
     2316     1.500000000E+01     3.202424289E+02     1.500000000E+01
     2317     7.500000000E+00     3.428568327E+02     1.500000000E+01
     2318     7.500000000E+00     3.241401334E+02     1.500000000E+01
     2319     7.500000000E+00     3.399708714E+02     0.000000000E+00
     2320     1.500000000E+01     3.333269129E+02     0.000000000E+00
     2321     1.500000000E+01     3.488299596E+02     0.000000000E+00
     2322     1.500000000E+01     3.579900047E+02     5.625000042E+00
     2323     7.500000000E+00     3.524384383E+02     7.500000000E+00
     2324     1.500000000E+01     2.780494061E+02     1.500000000E+01
     2325     7.500000000E+00     3.040334979E+02     1.500000000E+01
     2326     7.500000000E+00     2.832061816E+02     1.500000000E+01
     2327     7.500000000E+00     3.009057990E+02     0.000000000E+00
     2328     1.500000000E+01     2.963950804E+02     0.000000000E+00
     2329     1.500000000E+01     3.132202774E+02     0.000000000E+00
     2330     1.500000000E+01     2.328867557E+02     1.500000000E+01
     2331     7.500000000E+00     2.611197944E+02     1.500000000E+01
     2332     7.500000000E+00     2.392371697E+02     1.500000000E+01
     2333     7.500000000E+00     2.568536037E+02     0.000000000E+00
     2334     1.500000000E+01     2.537202800E+02     0.000000000E+00
     2335     1.500000000E+01     2.743086932E+02     0.000000000E+00
     2336     1.500000000E+01     1.867342295E+02     1.500000000E+01
     2337     7.500000000E+00     2.161609066E+02     1.500000000E+01
     2338     7.500000000E+00     1.931865247E+02     1.500000000E+01
     2339     7.500000000E+00     2.103521891E+02     0.000000000E+00
     2340     1.500000000E+01     2.072793354E+02     0.000000000E+00
     2341     1.500000000E+01     2.306440168E+02     0.000000000E+00
     2342     1.500000000E+01     1.395918273E+02     1.500000000E+01
     2343     7.500000000E+00     1.701102616E+02     1.500000000E+01
     2344     7.500000000E+00     1.471358798E+02     1.500000000E+01
     2345     7.500000000E+00     1.632097870E+02     0.000000000E+00
     2346     1.500000000E+01     1.601369332E+02     0.000000000E+00
     2347     1.500000000E+01     1.842030722E+02     0.000000000E+00
     2348     1.500000000E+01     9.145954926E+01     1.500000000E+01
     2349     7.500000000E+00     1.230697407E+02     1.500000000E+01
     2350     7.500000000E+00     9.900360172E+01     1.500000000E+01
     2351     7.500000000E+00     1.150775090E+02     0.000000000E+00
     2352     1.500000000E+01     1.120046552E+02     0.000000000E+00
     2353     1.500000000E+01     1.360707942E+02     0.000000000E+00
     2354     1.500000000E+01     4.332727122E+01     1.500000000E+01
     2355     7.500000000E+00     7.493746271E+01     1.500000000E+01
     2356     7.500000000E+00     5.087132369E+01     1.500000000E+01
     2357     7.500000000E+00     6.694523091E+01     0.000000000E+00
     2358     1.500000000E+01     6.387237713E+01     0.000000000E+00
     2359     1.500000000E+01     8.793851615E+01     0.000000000E+00
     2360     1.500000000E+01    -4.805006818E+00     1.500000000E+01
     2361     7.500000000E+00     2.680518467E+01     1.500000000E+01
     2362     7.500000000E+00     2.739045647E+00     1.500000000E+01
     2363     7.500000000E+00     1.881295287E+01     0.000000000E+00
     2364     1.500000000E+01     1.574009909E+01     0.000000000E+00
     2365     1.500000000E+01     3.980623811E+01     0.000000000E+00
     2366     1.500000000E+01    -5.293728486E+01     1.500000000E+01
     2367     7.500000000E+00    -2.132709337E+01     1.500000000E+01
     2368     7.500000000E+00    -4.539323239E+01     1.500000000E+01
     2369     7.500000000E+00    -2.931932516E+01     0.000000000E+00
     2370     1.500000000E+01    -3.239217894E+01     0.000000000E+00
     2371     1.500000000E+01    -8.326039925E+00     0.000000000E+00
     2372     1.500000000E+01    -1.010695629E+02     1.500000000E+01
     2373     7.500000000E+00    -6.945937141E+01     1.500000000E+01
     2374     7.500000000E+00    -9.352551043E+01     1.500000000E+01
     2375     7.500000000E+00    -7.745160320E+01     0.000000000E+00
     2376     1.500000000E+01    -8.052445698E+01     0.000000000E+00
     2377     1.500000000E+01    -5.645831796E+01     0.000000000E+00
     2378     1.500000000E+01    -1.492018409E+02     1.500000000E+01
     2379     7.500000000E+00    -1.175916494E+02     1.500000000E+01
     2380     7.500000000E+00    -1.416577885E+02     1.500000000E+01
     2381     7.500000000E+00    -1.253372426E+02     0.000000000E+00
     2382     1.500000000E+01    -1.283861840E+02     0.000000000E+00
     2383     1.500000000E+01    -1.045905960E+02     0.000000000E+00
     2384     1.500000000E+01    -1.973341190E+02     1.500000000E+01
     2385     7.500000000E+00    -1.657239275E+02     1.500000000E+01
     2386     7.500000000E+00    -1.897900665E+02     1.500000000E+01
     2387     7.500000000E+00    -1.732228821E+02     0.000000000E+00
     2388     1.500000000E+01    -1.754046661E+02     0.000000000E+00
     2389     1.500000000E+01    -1.524523230E+02     0.000000000E+00
     2390     1.500000000E+01    -2.439396699E+02     1.500000000E+01
     2391     7.500000000E+00    -2.138562055E+02     1.500000000E+01
     2392     7.500000000E+00    -2.371191500E+02     1.500000000E+01
     2393     7.500000000E+00    -2.208618829E+02     0.000000000E+00
     2394     1.500000000E+01    -2.224231482E+02     0.000000000E+00
     2395     1.500000000E+01    -1.994708051E+02     0.000000000E+00
     2396     1.500000000E+01    -2.870159290E+02     1.500000000E+01
     2397     7.500000000E+00    -2.596585619E+02     1.500000000E+01
     2398     7.500000000E+00    -2.800958382E+02     1.500000000E+01
     2399     7.500000000E+00    -2.664808794E+02     0.000000000E+00
     2400     1.500000000E+01    -2.670716581E+02     0.000000000E+00
     2401     1.500000000E+01    -2.449625600E+02     0.000000000E+00
     2402     1.500000000E+01    -3.246099394E+02     1.500000000E+01
     2403     7.500000000E+00    -3.006326855E+02     1.500000000E+01
     2404     7.500000000E+00    -3.196571278E+02     1.500000000E+01
     2405     7.500000000E+00    -3.077953511E+02     0.000000000E+00
     2406     1.500000000E+01    -3.083016646E+02     0.000000000E+00
     2407     1.500000000E+01    -2.876085054E+02     0.000000000E+00
     2408     1.500000000E+01    -3.587242655E+02     1.500000000E+01
     2409     7.500000000E+00    -3.367142909E+02     1.500000000E+01
     2410     7.500000000E+00    -3.557387332E+02     1.500000000E+01
     2411     7.500000000E+00    -3.436570297E+02     0.000000000E+00
     2412     1.500000000E+01    -3.437612109E+02     0.000000000E+00
     2413     1.500000000E+01    -3.253588276E+02     0.000000000E+00
     2414     1.500000000E+01    -3.561332726E+02     7.494472506E+00
     2415     7.500000000E+00    -3.544570629E+02     7.485645591E+00
     2416     1.500000000E+01    -3.821255621E+02     1.500000000E+01
     2417     7.500000000E+00    -3.727958962E+02     1.500000000E+01
     2418     7.500000000E+00    -3.804038428E+02     1.500000000E+01
     2419     1.500000000E+01    -3.731904356E+02     7.494472506E+00
     2420     1.500000000E+01    -3.792507710E+02     1.114841355E+01
     2421     1.121728098E+01    -3.774259203E+02     1.034175628E+01
     2422     1.252898533E+01    -3.806128284E+02     1.140677773E+01
     2423     7.500000000E+00    -3.867479765E+02     1.500000000E+01
     2424     1.500000000E+01    -3.855949046E+02     1.114841355E+01
     2425     1.153804632E+01    -3.905802547E+02     1.287470154E+01
     2426     1.252898533E+01    -3.869569621E+02     1.140677773E+01
     2427     0.000000000E+00     3.609882727E+02     1.500000000E+01
     2428     7.500000000E+00     3.798714261E+02     1.085989154E+01
     2429     7.500000000E+00     3.761214446E+02     5.625000042E+00
     2430     0.000000000E+00     3.820144178E+02     7.500000000E+00
     2431     0.000000000E+00     3.705698782E+02     7.500000000E+00
     2432     4.191800058E+00     3.811496075E+02     9.433254942E+00
     2433     0.000000000E+00     3.266479017E+02     1.500000000E+01
     2434     0.000000000E+00     3.424786397E+02     0.000000000E+00
     2435     0.000000000E+00     3.549462066E+02     7.500000000E+00
     2436     0.000000000E+00     2.871038861E+02     1.500000000E+01
     2437     0.000000000E+00     3.048035034E+02     0.000000000E+00
     2438     0.000000000E+00     3.237619403E+02     0.000000000E+00
     2439     7.500000000E+00     3.171179818E+02     0.000000000E+00
     2440     0.000000000E+00     2.443939452E+02     1.500000000E+01
     2441     0.000000000E+00     2.620103792E+02     0.000000000E+00
     2442     0.000000000E+00     2.839761872E+02     0.000000000E+00
     2443     7.500000000E+00     2.794654687E+02     0.000000000E+00
     2444     0.000000000E+00     1.995369387E+02     1.500000000E+01
     2445     0.000000000E+00     2.167026031E+02     0.000000000E+00
     2446     0.000000000E+00     2.401277546E+02     0.000000000E+00
     2447     7.500000000E+00     2.369944308E+02     0.000000000E+00
     2448     0.000000000E+00     1.535881750E+02     1.500000000E+01
     2449     0.000000000E+00     1.696620823E+02     0.000000000E+00
     2450     0.000000000E+00     1.937282213E+02     0.000000000E+00
     2451     7.500000000E+00     1.906553675E+02     0.000000000E+00
     2452     0.000000000E+00     1.065476542E+02     1.500000000E+01
     2453     0.000000000E+00     1.226215614E+02     0.000000000E+00
     2454     0.000000000E+00     1.466877004E+02     0.000000000E+00
     2455     7.500000000E+00     1.436148467E+02     0.000000000E+00
     2456     0.000000000E+00     5.841537615E+01     1.500000000E+01
     2457     0.000000000E+00     7.448928338E+01     0.000000000E+00
     2458     0.000000000E+00     9.855542240E+01     0.000000000E+00
     2459     7.500000000E+00     9.548256862E+01     0.000000000E+00
     2460     0.000000000E+00     1.028309811E+01     1.500000000E+01
     2461     0.000000000E+00     2.635700534E+01     0.000000000E+00
     2462     0.000000000E+00     5.042314436E+01     0.000000000E+00
     2463     7.500000000E+00     4.735029058E+01     0.000000000E+00
     2464     0.000000000E+00    -3.784917993E+01     1.500000000E+01
     2465     0.000000000E+00    -2.177527270E+01     0.000000000E+00
     2466     0.000000000E+00     2.290866319E+00     0.000000000E+00
     2467     7.500000000E+00    -7.819874607E-01     0.000000000E+00
     2468     0.000000000E+00    -8.598145797E+01     1.500000000E+01
     2469     0.000000000E+00    -6.990755074E+01     0.000000000E+00
     2470     0.000000000E+00    -4.584141172E+01     0.000000000E+00
     2471     7.500000000E+00    -4.891426550E+01     0.000000000E+00
     2472     0.000000000E+00    -1.341137360E+02     1.500000000E+01
     2473     0.000000000E+00    -1.177931902E+02     0.000000000E+00
     2474     0.000000000E+00    -9.397368976E+01     0.000000000E+00
     2475     7.500000000E+00    -9.704654354E+01     0.000000000E+00
     2476     0.000000000E+00    -1.822460140E+02     1.500000000E+01
     2477     0.000000000E+00    -1.656788296E+02     0.000000000E+00
     2478     0.000000000E+00    -1.418593292E+02     0.000000000E+00
     2479     7.500000000E+00    -1.449082706E+02     0.000000000E+00
     2480     0.000000000E+00    -2.295750976E+02     1.500000000E+01
     2481     0.000000000E+00    -2.133178305E+02     0.000000000E+00
     2482     0.000000000E+00    -1.897449686E+02     0.000000000E+00
     2483     7.500000000E+00    -1.919267527E+02     0.000000000E+00
     2484     0.000000000E+00    -2.732753184E+02     1.500000000E+01
     2485     0.000000000E+00    -2.596603596E+02     0.000000000E+00
     2486     0.000000000E+00    -2.365807750E+02     0.000000000E+00
     2487     7.500000000E+00    -2.381420402E+02     0.000000000E+00
     2488     0.000000000E+00    -3.127370371E+02     1.500000000E+01
     2489     0.000000000E+00    -3.008752603E+02     0.000000000E+00
     2490     0.000000000E+00    -2.800976359E+02     0.000000000E+00
     2491     7.500000000E+00    -2.806884147E+02     0.000000000E+00
     2492     0.000000000E+00    -3.507859216E+02     1.500000000E+01
     2493     0.000000000E+00    -3.387042182E+02     0.000000000E+00
     2494     0.000000000E+00    -3.198997026E+02     0.000000000E+00
     2495     7.500000000E+00    -3.204060161E+02     0.000000000E+00
     2496     0.000000000E+00    -3.495042513E+02     7.485645591E+00
     2497     0.000000000E+00    -3.774183105E+02     1.500000000E+01
     2498     7.500000000E+00    -3.702049033E+02     7.494472506E+00
     2499     0.000000000E+00    -3.685286936E+02     7.485645591E+00
     2500     0.000000000E+00    -3.753678540E+02     1.114951905E+01
     2501     3.717280984E+00    -3.744403880E+02     1.034175628E+01
     2502     0.000000000E+00    -3.829758006E+02     1.114951905E+01
     2503     3.717280984E+00    -3.820483346E+02     1.034175628E+01
     2504     2.562206067E+00    -3.858842819E+02     1.080508984E+01
     2505     4.038046321E+00    -3.888585353E+02     1.287470154E+01
     2506     5.028985330E+00    -3.852352427E+02     1.140677773E+01
     2507     1.500000000E+01    -4.138581930E+02     5.740251485E+00
     2508     7.500000000E+00    -4.150000000E+02    -2.836115674E-14
     2509     7.500000000E+00    -4.138581930E+02     5.740251485E+00
     2510     1.500000000E+01    -4.138581930E+02    -5.740251485E+00
     2511     7.500000000E+00    -4.138581930E+02    -5.740251485E+00
     2512     1.500000000E+01    -4.101856602E+02     3.210179225E+00
     2513     1.500000000E+01    -4.101856602E+02    -3.210179225E+00
     2514     1.169995608E+01    -4.111822966E+02     1.140819470E+00
     2515     1.062880704E+01    -4.110678387E+02    -2.189621821E+00
     2516     7.500000000E+00    -4.106066017E+02     1.060660172E+01
     2517     1.500000000E+01    -4.079889610E+02     8.513480084E+00
     2518     1.126663489E+01    -4.065983292E+02     9.472408760E+00
     2519     1.169995608E+01    -4.089855975E+02     6.444120329E+00
     2520     0.000000000E+00    -4.138581930E+02     5.740251485E+00
     2521     0.000000000E+00    -4.138581930E+02    -5.740251485E+00
     2522     4.199956079E+00    -4.111822966E+02     1.140819470E+00
     2523     3.128807039E+00    -4.110678387E+02    -2.189621821E+00
     2524     3.766634893E+00    -4.065983292E+02     9.472408760E+00
     2525     4.199956079E+00    -4.089855975E+02     6.444120329E+00
     2526     3.750000000E+00    -4.000000000E+02    -1.500000000E+01
     2527     0.000000000E+00    -3.931831853E+02    -1.500000000E+01
     2528     0.000000000E+00    -4.057402515E+02    -1.385819299E+01
     2529     3.750000000E+00    -3.975000000E+02    -1.125000000E+01
     2530     3.749999936E+00    -3.963443270E+02    -1.500000000E+01
     2531     3.410931616E+00    -4.004833929E+02    -1.280458204E+01
     2532     1.125000000E+01    -4.000000000E+02    -1.500000000E+01
     2533     1.500000000E+01    -3.952295641E+02    -1.500000000E+01
     2534     1.500000000E+01    -4.057402515E+02    -1.385819299E+01
     2535     1.125000000E+01    -3.975000000E+02    -1.125000000E+01
     2536     1.500000000E+01    -4.026856602E+02    -1.071017922E+01
     2537     1.124999994E+01    -3.963443270E+02    -1.500000000E+01
     2538     1.091093162E+01    -4.004833929E+02    -1.280458204E+01
     2539     1.125000000E+01    -4.057402515E+02    -1.385819299E+01
     2540     3.750000000E+00    -4.057402515E+02    -1.385819299E+01
     2541     7.500000000E+00    -3.975000000E+02    -1.125000000E+01
     2542     7.499999936E+00    -3.963443270E+02    -1.500000000E+01
     2543     7.160931616E+00    -4.004833929E+02    -1.280458204E+01
     2544     0.000000000E+00    -3.795495559E+02    -1.500000000E+01
     2545     0.000000000E+00    -3.843593241E+02    -1.124999992E+01
     2546     3.749999987E+00    -3.849740138E+02    -1.500000000E+01
     2547     3.749999936E+00    -3.895275123E+02    -1.500000000E+01
     2548     3.489032993E+00    -3.860649752E+02    -9.771467459E+00
     2549     0.000000000E+00    -3.591898491E+02    -1.500000000E+01
     2550     7.500000000E+00    -3.741970660E+02    -1.500000000E+01
     2551     7.500000000E+00    -3.592940304E+02    -1.500000000E+01
     2552     7.500000000E+00    -3.716660920E+02    -7.505527494E+00
     2553     0.000000000E+00    -3.699898823E+02    -7.514354409E+00
     2554     0.000000000E+00    -3.775425094E+02    -1.124999992E+01
     2555     3.749999987E+00    -3.781571991E+02    -1.500000000E+01
     2556     3.749999996E+00    -3.750290021E+02    -1.000898090E+01
     2557     0.000000000E+00    -3.268424414E+02    -1.500000000E+01
     2558     7.500000000E+00    -3.457511382E+02    -1.500000000E+01
     2559     7.500000000E+00    -3.273487549E+02    -1.500000000E+01
     2560     0.000000000E+00    -3.564469902E+02    -7.514354409E+00
     2561     0.000000000E+00    -2.872603015E+02    -1.500000000E+01
     2562     7.500000000E+00    -3.085442394E+02    -1.500000000E+01
     2563     7.500000000E+00    -2.878510802E+02    -1.500000000E+01
     2564     0.000000000E+00    -2.434030925E+02    -1.500000000E+01
     2565     7.500000000E+00    -2.670734558E+02    -1.500000000E+01
     2566     7.500000000E+00    -2.449643577E+02    -1.500000000E+01
     2567     0.000000000E+00    -1.967506460E+02    -1.500000000E+01
     2568     7.500000000E+00    -2.218847731E+02    -1.500000000E+01
     2569     7.500000000E+00    -1.989324300E+02    -1.500000000E+01
     2570     0.000000000E+00    -1.493582838E+02    -1.500000000E+01
     2571     7.500000000E+00    -1.753595682E+02    -1.500000000E+01
     2572     7.500000000E+00    -1.524072252E+02    -1.500000000E+01
     2573     0.000000000E+00    -1.017192830E+02    -1.500000000E+01
     2574     7.500000000E+00    -1.285877248E+02    -1.500000000E+01
     2575     7.500000000E+00    -1.047921367E+02    -1.500000000E+01
     2576     0.000000000E+00    -5.383364351E+01    -1.500000000E+01
     2577     7.500000000E+00    -8.097263631E+01    -1.500000000E+01
     2578     7.500000000E+00    -5.690649729E+01    -1.500000000E+01
     2579     0.000000000E+00    -5.701365473E+00    -1.500000000E+01
     2580     7.500000000E+00    -3.284035827E+01    -1.500000000E+01
     2581     7.500000000E+00    -8.774219253E+00    -1.500000000E+01
     2582     0.000000000E+00     4.243091257E+01    -1.500000000E+01
     2583     7.500000000E+00     1.529191977E+01    -1.500000000E+01
     2584     7.500000000E+00     3.935805879E+01    -1.500000000E+01
     2585     0.000000000E+00     9.056319060E+01    -1.500000000E+01
     2586     7.500000000E+00     6.342419780E+01    -1.500000000E+01
     2587     7.500000000E+00     8.749033682E+01    -1.500000000E+01
     2588     0.000000000E+00     1.386954686E+02    -1.500000000E+01
     2589     7.500000000E+00     1.115564758E+02    -1.500000000E+01
     2590     7.500000000E+00     1.356226149E+02    -1.500000000E+01
     2591     0.000000000E+00     1.868277467E+02    -1.500000000E+01
     2592     7.500000000E+00     1.596887539E+02    -1.500000000E+01
     2593     7.500000000E+00     1.837548929E+02    -1.500000000E+01
     2594     0.000000000E+00     2.343190371E+02    -1.500000000E+01
     2595     7.500000000E+00     2.078210319E+02    -1.500000000E+01
     2596     7.500000000E+00     2.311857134E+02    -1.500000000E+01
     2597     0.000000000E+00     2.797099966E+02    -1.500000000E+01
     2598     7.500000000E+00     2.546108648E+02    -1.500000000E+01
     2599     7.500000000E+00     2.751992780E+02    -1.500000000E+01
     2600     0.000000000E+00     3.206342414E+02    -1.500000000E+01
     2601     7.500000000E+00     2.971650860E+02    -1.500000000E+01
     2602     7.500000000E+00     3.139902829E+02    -1.500000000E+01
     2603     0.000000000E+00     3.566228120E+02    -1.500000000E+01
     2604     7.500000000E+00     3.329487198E+02    -1.500000000E+01
     2605     7.500000000E+00     3.484517665E+02    -1.500000000E+01
     2606     0.000000000E+00     3.520602452E+02    -7.500000000E+00
     2607     7.500000000E+00     3.654819002E+02    -1.500000000E+01
     2608     7.500000000E+00     3.772474165E+02    -1.500000000E+01
     2609     7.500000000E+00     3.746419453E+02    -9.374999958E+00
     2610     0.000000000E+00     3.805349185E+02    -7.500000000E+00
     2611     0.000000000E+00     3.690903789E+02    -7.500000000E+00
     2612     3.189128798E+00     3.787555398E+02    -1.088376288E+01
     2613     1.500000000E+01    -3.830602594E+02    -1.500000000E+01
     2614     1.125000000E+01    -3.927295641E+02    -1.125000000E+01
     2615     1.500000000E+01    -3.872557483E+02    -1.116886528E+01
     2616     1.124999999E+01    -3.870203925E+02    -1.500000000E+01
     2617     1.124999994E+01    -3.915738910E+02    -1.500000000E+01
     2618     1.256551860E+01    -3.901357249E+02    -1.206045275E+01
     2619     1.500000000E+01    -3.607583551E+02    -1.500000000E+01
     2620     1.500000000E+01    -3.731304167E+02    -7.505527494E+00
     2621     1.500000000E+01    -3.798568796E+02    -1.116886528E+01
     2622     1.124999999E+01    -3.796215238E+02    -1.500000000E+01
     2623     1.125000000E+01    -3.764933268E+02    -1.000898090E+01
     2624     1.256551860E+01    -3.827368562E+02    -1.206045275E+01
     2625     1.500000000E+01    -3.274529362E+02    -1.500000000E+01
     2626     1.500000000E+01    -3.582273811E+02    -7.505527494E+00
     2627     7.500000000E+00    -3.565511714E+02    -7.514354409E+00
     2628     1.500000000E+01    -2.883573937E+02    -1.500000000E+01
     2629     1.500000000E+01    -2.455551364E+02    -1.500000000E+01
     2630     1.500000000E+01    -2.004936953E+02    -1.500000000E+01
     2631     1.500000000E+01    -1.545890092E+02    -1.500000000E+01
     2632     1.500000000E+01    -1.078410781E+02    -1.500000000E+01
     2633     1.500000000E+01    -5.997935107E+01    -1.500000000E+01
     2634     1.500000000E+01    -1.184707303E+01    -1.500000000E+01
     2635     1.500000000E+01     3.628520501E+01    -1.500000000E+01
     2636     1.500000000E+01     8.441748304E+01    -1.500000000E+01
     2637     1.500000000E+01     1.325497611E+02    -1.500000000E+01
     2638     1.500000000E+01     1.806820391E+02    -1.500000000E+01
     2639     1.500000000E+01     2.281128596E+02    -1.500000000E+01
     2640     1.500000000E+01     2.720659542E+02    -1.500000000E+01
     2641     1.500000000E+01     3.094795644E+02    -1.500000000E+01
     2642     1.500000000E+01     3.418078081E+02    -1.500000000E+01
     2643     1.500000000E+01     3.690763710E+02    -1.500000000E+01
     2644     1.500000000E+01     3.664708999E+02    -9.374999958E+00
     2645     7.500000000E+00     3.609193334E+02    -7.500000000E+00
     2646     1.500000000E+01     3.782364161E+02    -9.374999958E+00
     2647     1.068912880E+01     3.823500106E+02    -1.088376288E+01
     2648     1.146226907E+01     3.890716350E+02    -1.113185417E+01
     2649     7.500000000E+00    -4.106066017E+02    -1.060660172E+01
     2650     1.500000000E+01    -4.079889610E+02    -8.513480084E+00
     2651     1.091093162E+01    -4.057866938E+02    -1.060788290E+01
     2652     1.062880704E+01    -4.088711395E+02    -7.492922680E+00
     2653     3.410931616E+00    -4.057866938E+02    -1.060788290E+01
     2654     3.128807039E+00    -4.088711395E+02    -7.492922680E+00
     2655     3.500000000E+01     3.980026064E+02     1.243721155E+00
     2656     3.368284814E+01     4.000458146E+02     1.215645994E+00
     2657     3.374356669E+01     3.988936843E+02     3.323012271E+00
     2658     3.500000000E+01     3.919973894E+02     1.243721155E+00
     2659     3.368020157E+01     3.898039181E+02     1.283466698E+00
     2660     3.500000000E+01     3.980026064E+02    -1.243721155E+00
     2661     3.368284814E+01     4.000458146E+02    -1.271796317E+00
     2662     3.372504215E+01     3.988953608E+02    -3.336760618E+00
     2663     3.500000000E+01     3.919973894E+02    -1.243721155E+00
     2664     3.368020157E+01     3.898039181E+02    -1.203975613E+00
     2665     2.929670396E+01     3.918636610E+02    -6.812736454E+00
     2666     2.710588169E+01     3.902857099E+02    -5.833135452E+00
     2667     2.710562653E+01     3.917613693E+02    -2.934812300E+00
     2668     3.035515589E+01     3.921204925E+02    -4.507528740E+00
     2669     3.103582810E+01     3.904726358E+02    -2.895463807E+00
     2670     2.671618651E+01     3.957993403E+02    -7.457282017E+00
     2671     2.669133258E+01     3.918096149E+02    -6.787594798E+00
     2672     2.669107743E+01     3.933829511E+02    -3.681330247E+00
     2673     2.994060679E+01     3.937420743E+02    -5.254046688E+00
     2674     3.066611958E+01     3.951804433E+02    -5.774766760E+00
     2675     2.728464916E+01     3.992413086E+02    -6.185572058E+00
     2676     3.119238822E+01     3.997265534E+02    -2.647645285E+00
     2677     2.909523214E+01     3.991075531E+02    -2.616104316E+00
     2678     3.123458223E+01     3.985760995E+02    -4.712609587E+00
     2679     2.452536424E+01     3.939423242E+02    -7.425046932E+00
     2680     2.160522741E+01     3.962891900E+02    -3.372048690E+00
     2681     2.452510908E+01     3.955717043E+02    -3.446719476E+00
     2682     2.777463844E+01     3.959308275E+02    -5.019435917E+00
     2683     2.636080114E+01     3.979006501E+02    -3.443650718E+00
     2684     2.850015124E+01     3.973691966E+02    -5.540155989E+00
     2685     2.158037348E+01     3.924324954E+02    -2.822674039E+00
     2686     2.450025516E+01     3.917150096E+02    -2.897344825E+00
     2687     2.730162954E+01     3.992430815E+02     6.184356033E+00
     2688     3.119078751E+01     3.997274171E+02     2.590609955E+00
     2689     2.909363143E+01     3.991084168E+02     2.622150924E+00
     2690     3.125150606E+01     3.985752868E+02     4.697976232E+00
     2691     2.944775848E+01     3.917836795E+02     6.775343695E+00
     2692     2.691875766E+01     3.957982166E+02     7.457402383E+00
     2693     2.687844544E+01     3.918058717E+02     6.785834104E+00
     2694     2.687506750E+01     3.933809449E+02     3.681735655E+00
     2695     3.018252740E+01     3.937286673E+02     5.248327855E+00
     2696     3.086863419E+01     3.951767608E+02     5.760629721E+00
     2697     2.707606892E+01     3.902173311E+02     5.777203320E+00
     2698     2.707269098E+01     3.916944843E+02     2.881156638E+00
     2699     3.038015088E+01     3.920422066E+02     4.447748838E+00
     2700     3.100289255E+01     3.904057508E+02     2.920505131E+00
     2701     2.454706810E+01     3.939411561E+02     7.424880439E+00
     2702     2.162380849E+01     3.962900295E+02     3.521824688E+00
     2703     2.454369016E+01     3.955725438E+02     3.447153902E+00
     2704     2.785115007E+01     3.959202661E+02     5.013746103E+00
     2705     2.637938222E+01     3.979014896E+02     3.450222660E+00
     2706     2.853725685E+01     3.973683596E+02     5.526047969E+00
     2707     2.158349627E+01     3.924308782E+02     2.971480624E+00
     2708     2.450337794E+01     3.917133925E+02     2.896809839E+00
     2709     7.788046321E+00    -3.938454068E+02     9.124701539E+00
     2710     7.516634893E+00    -3.987950283E+02     7.919107901E+00
     2711     7.499999936E+00    -3.938443270E+02    -1.125000000E+01
     2712     7.160931616E+00    -3.979833929E+02    -9.054582039E+00
     2713     8.815518604E+00    -3.924061608E+02    -8.310452749E+00
     2714     1.500000000E+01    -3.773259056E+02    -3.674392777E+00
     2715     1.500000000E+01    -3.766597781E+02     3.642886060E+00
     2716     7.500000000E+00    -3.689232330E+02    -1.988190325E-02
     2717     1.125000000E+01    -3.739623528E+02    -2.514508397E+00
     2718     1.121728098E+01    -3.748349274E+02     2.836228784E+00
     2719     1.312500000E+01    -3.765060371E+02    -1.260017946E+00
     2720     1.125000000E+01    -3.806888157E+02    -6.177846185E+00
     2721     1.256551860E+01    -3.869323451E+02    -8.229318031E+00
     2722     1.312500000E+01    -3.832325000E+02    -4.923355734E+00
     2723     1.121728098E+01    -3.808952627E+02     6.490169832E+00
     2724     1.252898533E+01    -3.840821709E+02     7.555191279E+00
     2725     1.312500000E+01    -3.825663724E+02     2.393923103E+00
     2726     1.126663489E+01    -4.039806885E+02     7.379287125E+00
     2727     1.169995608E+01    -4.063679568E+02     4.350998695E+00
     2728     1.091093162E+01    -4.031690531E+02    -8.514761264E+00
     2729     1.169995608E+01    -4.063679568E+02    -2.069359754E+00
     2730     1.062880704E+01    -4.062534989E+02    -5.399801046E+00
     2731     1.500000000E+01     3.793809265E+02     1.484891579E+00
     2732     1.169180006E+01     3.844090893E+02     5.293146480E+00
     2733     7.500000000E+00     3.700793785E+02    -1.874999958E+00
     2734     1.068912880E+01     3.797445395E+02    -5.258762835E+00
     2735     1.169180006E+01     3.806591078E+02     5.825498439E-02
     2736     1.225266916E+01     3.819040626E+02    -3.276829171E+00
     2737     0.000000000E+00     3.759723518E+02     0.000000000E+00
     2738     0.000000000E+00     3.956776203E+02    -1.671984310E-12
     2739     3.189128798E+00     3.856375127E+02    -3.383762877E+00
     2740     4.191800058E+00     3.865520810E+02     1.933254942E+00
     2741     3.962269070E+00     3.923591370E+02    -3.631854171E+00
     2742     4.324771468E+00     3.914830993E+02     3.290969557E+00
     2743     5.437311111E+00     3.911145359E+02     1.044349495E-01
     2744     4.752669164E+00     3.877970358E+02    -1.401829213E+00
     2745     0.000000000E+00    -3.747996505E+02    -3.764354325E+00
     2746     0.000000000E+00    -3.740861837E+02     3.635164644E+00
     2747     3.749999996E+00    -3.722861431E+02    -2.523335312E+00
     2748     3.717280984E+00    -3.731587177E+02     2.827401869E+00
     2749     3.189128798E+00     3.741929731E+02    -3.383762877E+00
     2750     4.191800058E+00     3.751075414E+02     1.933254942E+00
     2751     3.962269070E+00     4.006198659E+02    -3.631854171E+00
     2752     4.324771468E+00     3.997438282E+02     3.290969557E+00
     2753     4.015211810E+00     4.055816485E+02    -1.786603884E+00
     2754     5.437311111E+00     3.993752648E+02     1.044349495E-01
     2755     4.367403471E+00     4.038488993E+02     1.658234437E+00
     2756     3.749999987E+00    -3.829669673E+02    -1.124999992E+01
     2757     3.749999996E+00    -3.798387703E+02    -6.258980819E+00
     2758     3.489032993E+00    -3.840579287E+02    -6.021467376E+00
     2759     3.749999996E+00    -3.791253035E+02     1.140538150E+00
     2760     3.717280984E+00    -3.799978780E+02     6.491275331E+00
     2761     2.562206067E+00    -3.838338254E+02     6.954608896E+00
     2762     7.499999924E+00    -3.881351554E+02    -1.500000000E+01
     2763     7.499999983E+00    -3.804534599E+02    -1.000898090E+01
     2764     7.239032980E+00    -3.846726184E+02    -9.771467459E+00
     2765     8.815518591E+00    -3.866969893E+02    -1.206045275E+01
     2766     7.239032929E+00    -3.892261169E+02    -9.771467459E+00
     2767     8.815518540E+00    -3.912504878E+02    -1.206045275E+01
     2768     3.305745990E+01     3.944429803E+02     1.566989250E+00
     2769     3.299952936E+01     3.944543812E+02    -1.572319391E+00
     2770     3.368284814E+01     3.970432040E+02    -2.807516157E-02
     2771     3.368020157E+01     3.928065245E+02     3.974554233E-02
     2772     3.374356669E+01     3.958910738E+02     2.079291116E+00
     2773     3.372504215E+01     3.958927502E+02    -2.093039463E+00
     2774     7.380928856E+00     3.847727023E+02    -1.450507935E+00
     2775     7.151397868E+00     3.905797583E+02    -7.015617048E+00
     2776     7.941797962E+00     3.860176572E+02    -4.785592090E+00
     2777     8.516571526E+00     3.906182890E+02     5.224224500E+00
     2778     9.629111169E+00     3.902497256E+02     2.037689892E+00
     2779     8.944469222E+00     3.869322255E+02     5.314257295E-01
     2780     7.977480880E+00     4.022631652E+02    -5.418458055E+00
     2781     9.399580181E+00     3.960567815E+02    -3.527419222E+00
     2782     8.329672541E+00     4.005304160E+02    -1.973619734E+00
     2783     8.714938234E+00     3.927392815E+02    -5.033683384E+00
     2784     2.158011833E+01     3.939080058E+02     7.546488509E-02
     2785     1.476742944E+01     3.947188360E+02     1.795027850E-01
     2786     9.762082579E+00     3.951807439E+02     3.395404507E+00
     2787     8.692174939E+00     3.996543784E+02     4.949203994E+00
     2788     8.382615281E+00     4.054921986E+02    -1.283694472E-01
     2789     2.780745990E+01     3.935382424E+02     1.567386299E+00
     2790     2.774952936E+01     3.935496433E+02    -1.571922341E+00
     2791     2.843020157E+01     3.919017866E+02     4.014259201E-02
     2792     2.633569206E+01     3.955194659E+02     3.862857411E-03
     2793     3.105698926E+01     3.938973657E+02    -5.330141113E-03
     2794     3.174030804E+01     3.964861885E+02     1.538914088E+00
     2795     3.173766147E+01     3.922495090E+02     1.606734792E+00
     2796     2.964315197E+01     3.958671882E+02     1.570455058E+00
     2797     3.180102659E+01     3.953340582E+02     3.646280366E+00
     2798     3.168237750E+01     3.964975894E+02    -1.600394552E+00
     2799     3.167973093E+01     3.922609098E+02    -1.532573849E+00
     2800     2.958522142E+01     3.958785891E+02    -1.568853583E+00
     2801     3.172457152E+01     3.953471356E+02    -3.665358854E+00
     2802     3.026854020E+01     3.984674120E+02    -2.460935383E-02
     2803     3.242641483E+01     3.979342820E+02     2.051215955E+00
     2804     3.240789029E+01     3.979359585E+02    -2.121114625E+00
     2805     7.467280980E+00    -3.781978375E+02     3.327753755E-01
     2806     7.239032989E+00    -3.815444214E+02    -4.780448362E+00
     2807     8.815518600E+00    -3.835687923E+02    -7.069433651E+00
     2808     9.374999994E+00    -3.798689472E+02    -3.763471354E+00
     2809     6.279487051E+00    -3.829063594E+02     6.146846121E+00
     2810     8.746266314E+00    -3.822573202E+02     6.748534004E+00
     2811     9.342280982E+00    -3.807415218E+02     1.587265827E+00
     2812     8.554551597E+00    -3.877879507E+02    -6.831920208E+00
     2813     9.114032991E+00    -3.840881056E+02    -3.525957911E+00
     2814     6.600252388E+00    -3.897165601E+02     8.679791382E+00
     2815     7.591191396E+00    -3.860932675E+02     7.211867568E+00
     2816     9.067031651E+00    -3.890675209E+02     9.281479264E+00
     2817     7.966590973E+00    -4.049773249E+02     5.309927371E+00
     2818     6.539738655E+00    -4.040512316E+02    -7.494203861E+00
     2819     7.328763118E+00    -4.072501353E+02    -1.048802351E+00
     2820     1.065398533E+01    -3.839284299E+02     2.652287274E+00
     2821     9.804714582E+00     3.992858149E+02     1.762669387E+00
     2822     1.018998028E+01     3.914946804E+02    -1.297394263E+00
     2823     3.032925875E+01     3.973152817E+02     2.082756924E+00
     2824     3.031073422E+01     3.973169582E+02    -2.089573655E+00
     2825     1.069051860E+01    -3.861124766E+02    -5.814943200E+00
-1
/com,*********** Nodes for all Remote Points ***********
nblock,3
(1i9,3e20.9e3)
     2826    -7.499999832E+00    -4.574780004E+02     1.645372282E+02
     2827    -7.499999832E+00    -4.574780004E+02     1.645372282E+02
     2828    -2.499999991E+01    -3.950000000E+02     2.754185768E-10
     2829    -2.499999991E+01    -3.950000000E+02     2.754185768E-10
     2830     2.450000100E+01     3.950000000E+02     0.000000000E+00
     2831     2.450000100E+01     3.950000000E+02     0.000000000E+00
     2832     4.999999888E+00    -3.678691068E+01     3.242839246E+02
     2833     4.999999888E+00    -3.678691068E+01     3.242839246E+02
-1
/wb,elem,start            !  set before creation of elements
/com,*********** Elements for Body 1 'input' ***********
et,1,187
MAT,1 $ TYPE,1 $ REAL,1 $ SECNUM,1 $ ESYS,0    ! ELEMNODES = 10
eblock,21,COMPACT,,411
(21i9)
        1       37      105      144      138      421      731      426      425      729      812
        2       37      144      114      138      426      760      423      425      812      759
        3      114      144      136      138      760      810      758      759      812      808
        4      105      136      144      138      728      810      731      729      808      812
        5       37      108      144      105      422      744      426      421      725      731
        6      105      108      144      135      725      744      731      727      742      807
        7       37      144      108      133      426      744      422      424      802      741
        8       37      114      144      133      423      760      426      424      757      802
        9      120      136      144      135      776      810      778      775      804      807
       10      108      144      120      133      744      778      740      741      802      774
       11      114      120      144      133      756      778      760      757      774      802
       12      114      144      120      136      760      778      756      758      810      776
       13       13      143       36      130      245      415      235      242      798      414
       14       13      104      143      120      238      724      245      240      722      777
       15       13       36      143      104      235      415      245      238      413      724
       16       34      143      104      133      408      724      406      407      801      723
       17      104      143      120      133      724      777      722      723      801      774
       18       34      143       36      104      408      415      404      406      724      413
       19       31      143      108      135      391      743      386      389      806      742
       20       31      130      143      135      388      798      391      389      797      806
       21       32      143       34      133      399      408      393      398      801      407
       22       32       36       34      143      394      404      393      399      415      408
       23       31       33      143      130      380      403      391      388      402      798
       24       31       33      108      143      380      401      386      391      403      743
       25       33       36      143      130      400      415      403      402      414      798
       26       32      108      143      133      397      743      399      398      741      801
       27      108      120      143      133      740      777      743      741      774      801
       28       32       36      143       33      394      415      399      392      400      403
       29       32      143      108       33      399      743      397      392      403      401
       30       49       58       85      142      493      535      495      497      539      656
       31       23       85      142       49      324      656      326      322      495      497
       32       23       85       24      142      324      327      319      326      656      330
       33       49       57       58      142      492      529      493      497      532      539
       34       23      142       57       49      326      532      323      322      497      492
       35       26      129      142       88      346      795      347      343      666      668
       36       26       57      142      129      341      532      347      346      531      795
       37       58      142      111      141      539      752      536      538      813      751
       38       23       26      142       88      320      347      326      325      343      668
       39       23       26       57      142      320      341      323      326      347      532
       40       57       58      142      111      529      539      532      530      536      752
       41       57      111      142      129      530      752      532      531      750      795
       42       24       88      142      141      328      668      330      329      667      813
       43       23      142       24       88      326      330      319      325      668      328
       44       20       85       41      141      297      439      295      298      655      441
       45       41      141       85       58      441      655      439      437      538      535
       46       41      141       58       48      441      538      437      436      490      487
       47       20      141       41       48      298      441      295      296      490      436
       48       20       24       85      141      293      327      297      298      329      655
       49       48      141       58      111      490      538      487      488      751      536
       50       46       54       75      102      471      518      473      474      519      623
       51       45       67       76       75      467      586      469      468      585      622
       52       23       29       85       49      321      369      324      322      366      495
       53       21      106       86       22      306      658      304      300      314      312
       54       44       68       53       52      461      513      460      459      506      505
       55       44       77       76       68      463      626      462      461      589      588
       56       44       76       53       68      462      514      460      461      588      513
       57       53       76       67       68      514      586      512      513      588      584
       58       43       77       44       52      455      463      452      454      508      459
       59       25      101       26       86      337      344      332      335      657      342
       60       44       76       45       53      462      469      458      460      514      465
       61       20       27       41       85      294      350      295      297      353      439
       62       44       52       77       68      459      508      463      461      506      589
       63       52       69       77       68      507      591      508      506      587      589
       64       46       55       54      102      472      515      471      474      522      519
       65       45       54       75       46      466      518      468      464      471      473
       66       54      102       66       75      519      582      516      518      623      581
       67       45       67       54       53      467      517      466      465      512      511
       68       45       76       67       53      469      586      467      465      514      512
       69       18       84       30       63      278      376      275      276      562      373
       70        5        9      113        7      176      216      180      175      195      201
       71        5       13      113        9      177      239      180      176      213      216
       72        1       89      113       14      151      672      153      148      248      251
       73       14       89      113       90      248      672      251      249      670      677
       74       13       90       14      113      236      249      233      239      677      251
       75        6       94       96      113      185      689      186      189      690      698
       76        6      113       96        7      189      698      186      183      201      198
       77        1      113       94        6      153      690      152      147      189      185
       78        1      114       39       14      154      432      149      148      252      246
       79       37       39       71      114      417      431      419      423      432      603
       80        1       71       39      114      150      431      149      154      603      432
       81       14       39       40      114      246      430      247      252      432      434
       82       26      101      115       86      344      714      345      342      657      659
       83       22       86       26      115      312      342      309      316      659      345
       84       86      116      101      115      660      715      657      659      761      714
       85       21       86      106      116      304      658      306      307      660      734
       86       25      101       86      116      337      657      335      338      715      660
       87       21       25       86      116      301      335      304      307      338      660
       88       21       87       25      116      305      336      301      307      662      338
       89       28       30       84      117      357      376      361      363      378      652
       90       28      117       72       81      363      610      358      359      648      608
       91       72      117       79       81      610      638      607      608      648      635
       92       79      117       80       81      638      644      634      635      648      641
       93       19       79      117       84      284      638      288      285      636      652
       94       17      117       72       28      270      610      268      267      363      358
       95       63       80       79      117      561      634      560      563      644      638
       96       63      117       79       84      563      638      560      562      652      636
       97       19       84      117       28      285      652      288      283      361      363
       98       17       19      117       28      265      288      270      267      283      363
       99       58       62      118       60      534      557      537      533      547      549
      100       27       29      118       85      349      371      355      353      369      654
      101       49       85       58      118      495      535      493      496      654      537
      102       29      118       85       49      371      654      369      366      496      495
      103       49       58       62      118      493      534      494      496      537      557
      104       29       62      118       49      367      557      371      366      494      496
      105       27      118       41       85      355      440      350      353      654      439
      106       41       85      118       58      439      654      440      437      535      537
      107       41       58      118       60      437      537      440      438      533      549
      108       27       41      118       60      350      440      355      351      438      549
      109       69      100       99      119      594      706      593      595      710      707
      110       69       78      119       77      592      630      595      591      627      628
      111       43       78       77      119      456      627      455      457      630      628
      112       42      119       78       43      447      630      445      442      457      456
      113       52       69       99      119      507      593      509      510      595      707
      114       69      119       78       70      595      630      592      590      599      597
      115       69      100      119       70      594      710      595      590      598      599
      116       52       77       69      119      508      591      507      510      628      595
      117       43       77       52      119      455      508      454      457      628      510
      118       42       51      119       43      444      503      447      442      453      457
      119       51       99      119       52      502      707      503      501      509      510
      120       43       52       51      119      454      501      453      457      510      503
      121       13       14      104      120      233      250      238      240      253      722
      122       70       78       71      121      597      601      596      600      631      604
      123       70       71      100      121      596      602      598      600      604      711
      124        6      100       71      121      188      602      184      190      711      604
      125       70      121      100      119      600      711      598      599      771      710
      126       70       78      121      119      597      631      600      599      630      771
      127       25       87      122      116      336      663      339      338      662      765
      128       25       64       65      122      333      565      334      339      568      576
      129       18      122       64       25      280      568      277      274      339      333
      130       18       87      122       25      279      663      280      274      336      339
      131       59      123       82       61      546      650      544      541      555      553
      132       30       80      123      103      374      645      379      377      643      721
      133       30      123       80      117      379      645      374      378      768      644
      134       59      109      123       60      545      745      546      540      548      550
      135       15       16       93      124      256      262      258      260      264      686
      136       15      112       16      124      259      263      256      260      753      264
      137        4       16      124       91      170      264      173      171      261      680
      138       16       93      124       91      262      686      264      261      679      680
      139        2      112      124       16      160      753      161      159      263      264
      140        2       16      124        4      159      264      161      157      170      173
      141        2        4      124       11      157      173      161      158      169      228
      142        2      124      112       11      161      753      160      158      228      227
      143       15       93       92      124      258      682      257      260      686      684
      144       10       15       92      124      219      257      220      222      260      684
      145        8      124      112       15      211      753      210      209      260      259
      146        8      124       15       10      211      260      209      207      222      219
      147        7       51       99      125      197      502      200      202      504      708
      148        7       50       51      125      196      498      197      202      499      504
      149       42       51       50      125      444      498      443      448      504      499
      150       42       51      125      119      444      504      448      447      503      772
      151       51       99      125      119      502      708      504      503      707      772
      152        5       35       50      126      178      410      179      181      411      500
      153       31       50       35      126      384      410      381      387      500      411
      154        5      126       50        7      181      500      179      175      203      196
      155        7      126       50      125      203      500      196      202      784      499
      156       17       72      127       73      268      611      271      269      606      614
      157       72      110      127       73      609      747      611      606      613      614
      158       72      110       79      127      609      637      607      611      747      639
      159       17       19      127      117      265      289      271      270      288      769
      160       17      127       72      117      271      611      268      270      769      610
      161       19       79      127      117      284      639      289      288      638      769
      162       72      127       79      117      611      639      607      610      769      638
      163       64      128       79      110      569      640      566      567      748      637
      164       19       79      128      127      284      640      290      289      639      791
      165       79      110      128      127      637      748      640      639      747      791
      166       63       79       64      128      560      566      559      564      640      569
      167       87      110      128      122      661      748      664      663      746      781
      168       64      128      110      122      569      748      567      568      781      746
      169       18      128       87       19      281      664      279      273      290      286
      170       63       79      128       84      560      640      564      562      636      653
      171       19      128       79       84      290      640      284      285      653      636
      172       18       64      128       63      277      569      281      276      559      564
      173       18      128       64      122      281      569      277      280      781      568
      174       18       87      128      122      279      664      281      280      663      781
      175       18       63      128       84      276      564      281      278      562      653
      176       18      128       19       84      281      290      273      278      653      285
      177       26       57      129       56      341      531      346      340      524      527
      178       56       57      129      111      524      531      527      526      530      750
      179       47       56      129      111      481      527      484      483      526      750
      180       26      129      101       56      346      716      344      340      527      525
      181       26      101      129      115      344      716      346      345      714      762
      182       22      129      107      115      317      737      315      316      762      736
      183       31       36       33      130      382      400      380      388      414      402
      184       13       36       35      130      235      409      234      242      414      412
      185       31       35       36      130      381      409      382      388      412      414
      186       31       35      130      126      381      412      388      387      411      787
      187        3       94      131       95      165      691      168      166      688      695
      188        3      131       94      113      168      691      165      167      754      690
      189        3       95      131        4      166      695      168      162      172      174
      190        4       95      131      124      172      695      174      173      694      783
      191       94       96      131       95      689      699      691      688      692      695
      192       94      131       96      113      691      699      689      690      754      698
      193       96      131       97      113      699      703      696      698      754      701
      194        3      131       89       91      168      673      163      164      681      671
      195        3       89      131      113      163      673      168      167      672      754
      196        3        4      131       91      162      174      168      164      171      681
      197        4      131       91      124      174      681      171      173      783      680
      198        9       97      131      113      215      703      217      216      701      754
      199       96      131       98       97      699      705      697      696      703      700
      200       95       98       96      131      693      697      692      695      705      699
      201       95       98      131      124      693      705      695      694      704      783
      202       97      131       98      124      703      705      700      702      783      704
      203       89       91      131       90      671      681      673      670      674      678
      204       89       90      131      113      670      678      673      672      677      754
      205       90       93       91      131      676      679      674      678      687      681
      206       91      131       93      124      681      687      679      680      783      686
      207        9       10       92      131      212      220      214      217      223      685
      208        9       97       10      131      215      221      212      217      703      223
      209       10      131       97      124      223      703      221      222      783      702
      210       10       92      131      124      220      685      223      222      684      783
      211       99      119      132      125      707      773      709      708      772      785
      212       42      132      119      125      450      773      447      448      785      772
      213        7       99      132      125      200      709      204      202      708      785
      214       99      100      132      119      706      712      709      707      710      773
      215      100      132      119      121      712      773      710      711      779      771
      216        6       99      132        7      187      709      191      183      200      204
      217        6       99      100      132      187      706      188      191      709      712
      218        6      132      100      121      191      712      188      190      779      711
      219       37      133       38       40      424      429      416      418      435      427
      220       14       40      133      114      247      435      254      252      434      757
      221       14      114      133      120      252      757      254      253      756      774
      222       32       38      133       40      395      429      398      396      427      435
      223       37      108       38      133      422      428      416      424      741      429
      224       14      133       40      104      254      435      247      250      723      433
      225       14      133      104      120      254      723      250      253      774      722
      226       32       38      108      133      395      428      397      398      429      741
      227       32      133       34       40      398      407      393      396      435      405
      228       34       40      133      104      405      435      407      406      433      723
      229       46       47       55      134      470      480      472      477      485      523
      230       46       47      134      107      470      485      477      476      482      738
      231       47       55      134       56      480      523      485      481      520      528
      232       55      134      101      102      523      717      521      522      719      713
      233       46       55      102      134      472      522      474      477      523      719
      234       55      101      134       56      521      717      523      520      525      528
      235       47       56      134      129      481      528      485      484      527      793
      236      101      115      134      129      714      763      717      716      762      793
      237       56      101      134      129      525      717      528      527      716      793
      238       13      126      135      130      241      788      243      242      787      797
      239       31      135      126      130      389      788      387      388      797      787
      240       31      135      108      105      389      742      386      385      727      725
      241        1        6      136      113      147      192      155      153      189      755
      242        1      136       14      113      155      255      148      153      755      251
      243        1       14      136      114      148      255      155      154      252      758
      244        6        7      136      113      183      205      192      189      201      755
      245       14      136      114      120      255      758      252      253      776      756
      246       13      136      120      135      244      776      240      243      804      775
      247        5      136        7      113      182      205      175      180      755      201
      248       13       14      136      113      233      255      244      239      251      755
      249       13      136       14      120      244      255      233      240      776      253
      250        5       13      136      113      177      244      182      180      239      755
      251      101      137      102      134      718      720      713      717      803      719
      252       46      102      137      134      474      720      478      477      719      803
      253      101      115      137      134      714      764      718      717      763      803
      254       65      101      137      102      572      718      577      573      713      720
      255       74      106      137      116      617      735      620      619      734      766
      256      106      115      137      116      733      764      735      734      761      766
      257      101      137      115      116      718      764      714      715      766      761
      258       46      102       75      137      474      623      473      478      720      625
      259       46       75      106      137      473      624      475      478      625      735
      260      106      107      137      115      732      739      735      733      736      764
      261      107      137      115      134      739      764      736      738      803      763
      262       65       74      137      116      571      620      577      575      619      766
      263       74      137      106       75      620      735      617      616      625      624
      264       37      138       78      105      425      633      420      421      729      629
      265       37       71       78      138      419      601      420      425      605      633
      266       37       71      138      114      419      605      425      423      603      759
      267        6      121      138      132      190      780      193      191      779      799
      268        1      138      114      136      156      759      154      155      808      758
      269        1      138       71      114      156      605      150      154      759      603
      270        1        6      138      136      147      193      156      155      192      808
      271       73       74      110      139      612      618      613      615      621      749
      272       73      139      110      127      615      749      613      614      792      747
      273       21       74       73      139      303      612      302      308      621      615
      274       65      110       74      139      574      618      571      578      749      621
      275       65      139       74      116      578      621      571      575      767      619
      276       65      139      116      122      578      767      575      576      782      765
      277       21      139       87      116      308      665      305      307      767      662
      278       87      116      139      122      662      767      665      663      765      782
      279       87      139      110      122      665      749      661      663      782      746
      280      105      140      136      138      730      809      728      729      811      808
      281      105      132      140      138      726      800      730      729      799      811
      282        7      125      140      126      202      786      206      203      784      790
      283        7      140      125      132      206      786      202      204      800      785
      284       31      140      105       42      390      730      385      383      451      446
      285       31      105      140      135      385      730      390      389      727      805
      286        6      140        7      132      194      206      183      191      800      204
      287        6        7      140      136      183      206      194      192      205      809
      288        6      136      140      138      192      809      194      193      808      811
      289        6      140      132      138      194      800      191      193      811      799
      290       31      140      126      135      390      790      387      389      805      788
      291       25       65      116      122      334      575      338      339      576      765
      292        6       71      138      121      184      605      193      190      604      780
      293        1      138        6       71      156      193      147      150      605      184
      294       30       63      117       80      373      563      378      374      561      644
      295       30      117       63       84      378      563      373      376      652      562
      296        7       97      113       96      199      701      201      198      696      698
      297        7      113       97        9      201      701      199      195      216      215
      298        1        3      113       89      146      167      153      151      163      672
      299        1      113        3       94      153      167      146      152      690      165
      300       11       95      124       98      225      694      228      226      693      704
      301        4       11       95      124      169      225      172      173      228      694
      302       12      124       97       98      232      702      229      230      704      700
      303       10       97       12      124      221      229      218      222      702      232
      304       45       54       67       75      466      517      467      468      518      585
      305       54       67       75       66      517      585      518      516      579      581
      306       22      129       26       88      317      346      309      313      666      343
      307       86      115      106      116      659      733      658      660      761      734
      308       28       81      123      117      359      649      364      363      648      768
      309       28      123       81      109      364      649      359      362      745      647
      310       28       30      123       83      357      379      364      360      375      651
      311       80       81      123       82      641      649      645      642      646      650
      312       80      123       81      117      645      649      641      644      768      648
      313       27      123       29       83      356      372      349      352      651      368
      314       27       60      123      109      351      550      356      354      548      745
      315       27      123       60      118      356      550      351      355      770      549
      316       59       81      123      109      543      649      546      545      647      745
      317       59      123       81       82      546      649      543      544      650      646
      318       61      123       80      103      555      645      552      554      721      643
      319       61       80      123       82      552      645      555      553      642      650
      320       29      123       30       83      372      379      365      368      651      375
      321       29       30      123      103      365      379      372      370      377      721
      322       27       28      123       83      348      364      356      352      360      651
      323       27      123       28      109      356      364      348      354      745      362
      324       11       12      124      112      224      232      228      227      231      753
      325       11      124       12       98      228      232      224      226      704      230
      326        8      124       12      112      211      232      208      210      753      231
      327        8       12      124       10      208      232      211      207      218      222
      328       92       93      131      124      682      687      685      684      686      783
      329       90       92       93      131      675      682      676      678      685      687
      330       47      107      129      134      482      737      484      485      738      793
      331      107      129      134      115      737      793      738      736      762      763
      332        5       13       35      126      177      234      178      181      241      411
      333       13       35      126      130      234      411      241      242      412      787
      334       42      140      132      125      451      800      450      448      786      785
      335       42      132      140      105      450      800      451      446      726      730
      336       37       40      114      133      418      434      423      424      435      757
      337       37      114       40       39      423      434      418      417      432      430
      338       46      107      137      106      476      739      478      475      732      735
      339       21      116       74      139      307      619      303      308      767      621
      340       21       74      116      106      303      619      307      306      617      734
      341       65      122      110      139      576      746      574      578      782      749
      342       64      110       65      122      567      574      565      568      746      576
      343       22      115      106       86      316      733      314      312      659      658
      344       22      106      115      107      314      733      316      315      732      736
      345       42       78      132      105      445      632      450      446      629      726
      346       65      137      101      116      577      718      572      575      766      715
      347       78      119      132      121      630      773      632      631      771      779
      348       78      105      138      132      629      729      633      632      726      799
      349       78      138      121      132      633      780      631      632      799      779
      350       46      137      107      134      478      739      476      477      803      738
      351       31       50      126       42      384      500      387      383      443      449
      352       42       50      126      125      443      500      449      448      499      784
      353       71       78      138      121      601      633      605      604      631      780
      354       22       26      129      115      309      346      317      316      345      762
      355       42      140      125      126      451      786      448      449      790      784
      356       66      137       74       75      583      620      580      581      625      616
      357       29      123       62      103      372      558      367      370      721      556
      358       27       29      123      118      349      372      356      355      371      770
      359       28      123       30      117      364      379      357      363      768      378
      360       29       62      123      118      367      558      372      371      557      770
      361       59      123       62       60      546      558      542      540      550      547
      362       60      123       62      118      550      558      547      549      770      557
      363       61      103       62      123      554      556      551      555      721      558
      364       42      132       78      119      450      632      445      447      773      630
      365       59       62      123       61      542      558      546      541      551      555
      366       65      137       66      102      577      583      570      573      720      582
      367       65       74       66      137      571      580      570      577      620      583
      368       66      137       75      102      583      625      581      582      720      623
      369       25      116       65      101      338      575      334      337      715      572
      370       31      140       42      126      390      451      383      387      790      449
      371      105      136      135      144      728      804      727      731      810      807
      372      105      135      136      140      727      804      728      730      805      809
      373      108      135      120      144      742      775      740      744      807      778
      374      108      120      135      143      740      775      742      743      777      806
      375       13      135      143      130      243      806      245      242      797      798
      376       13      143      135      120      245      806      243      240      777      775
      377       58       85      142      141      535      656      539      538      655      813
      378       24      142       85      141      330      656      327      329      813      655
      379      111      141      142      129      751      813      752      750      794      795
      380       88      142      141      129      668      813      667      666      795      794
      381       22      129       47      107      317      484      310      315      737      482
      382       20       24      141      145      293      329      298      299      331      814
      383       24      141      145       88      329      814      331      328      667      669
      384       22       47      145       48      310      486      318      311      479      491
      385       22       88      145      129      313      669      318      317      666      796
      386       88      141      145      129      667      814      669      666      794      796
      387       20       22      145       48      292      318      299      296      311      491
      388       20      145      141       48      299      814      298      296      491      490
      389       22       47      129      145      310      484      317      318      486      796
      390       90      113       92      131      677      683      675      678      754      685
      391        9      131       92      113      217      685      214      216      754      683
      392       13      113       92       90      239      683      237      236      677      675
      393        9       92       13      113      214      237      213      216      683      239
      394       19      110      128       87      287      748      290      286      661      664
      395       19      128      110      127      290      748      287      289      791      747
      396       19      139      110       87      291      749      287      286      665      661
      397       19      110      139      127      287      749      291      289      747      792
      398       19       21      139       87      282      308      291      286      305      665
      399       17      139       73      127      272      615      269      271      792      614
      400       17       73      139       21      269      615      272      266      302      308
      401       17       19      139      127      265      291      272      271      289      792
      402       17      139       19       21      272      291      265      266      308      282
      403      126      140      136      135      790      809      789      788      805      804
      404        5      136       13      126      182      244      177      181      789      241
      405       13      126      136      135      241      789      244      243      788      804
      406        5      136      126        7      182      789      181      175      205      203
      407        7      136      126      140      205      789      203      206      809      790
      408       48      129      145      141      489      796      491      490      794      814
      409       47      145       48      129      486      491      479      484      796      489
      410       48      111      129      141      488      750      489      490      751      794
      411       47       48      111      129      479      488      483      484      489      750
-1
secnum,1    ! reset the section ID to default
! Material Id = {B10E69BA-3015-4DC3-8B12-583DBC8CBDF9}
/com,*********** Elements for Body 2 'output' ***********
et,2,187
MAT,2 $ TYPE,2 $ REAL,2 $ SECNUM,2 $ ESYS,0    ! ELEMNODES = 10
eblock,21,COMPACT,,438
(21i9)
      412      933      987      976      986     1606     1736     1603     1605     1744     1735
      413      887      976      987      986     1443     1736     1445     1444     1735     1744
      414      836      987      872      976     1153     1382     1146     1151     1736     1381
      415      836      933      987      976     1149     1606     1153     1151     1603     1736
      416      838      987      933      986     1168     1606     1165     1167     1744     1605
      417      872      987      887      976     1382     1445     1378     1381     1736     1443
      418      834      987      929      873     1136     1591     1134     1133     1388     1384
      419      873      929      959      987     1384     1589     1386     1388     1591     1697
      420      834      987      836      933     1136     1153     1129     1135     1606     1149
      421      834      872      836      987     1132     1146     1129     1136     1382     1153
      422      838      959      987      986     1166     1697     1168     1167     1696     1744
      423      887      987      959      986     1445     1697     1442     1444     1744     1696
      424      838      987      959      929     1168     1697     1166     1164     1591     1589
      425      834      987      838      929     1136     1168     1130     1134     1591     1164
      426      872      959      987      873     1380     1697     1382     1377     1386     1388
      427      834      872      987      873     1132     1382     1136     1133     1377     1388
      428      834      838      987      933     1130     1168     1136     1135     1165     1606
      429      872      987      959      887     1382     1697     1380     1378     1445     1442
      430      840      855      986      976     1177     1275     1184     1182     1274     1735
      431      840      986      933      976     1184     1605     1180     1182     1735     1603
      432      855      887      986      976     1271     1444     1275     1274     1443     1735
      433      837      986      933      840     1163     1605     1160     1155     1184     1180
      434      837      855      986      840     1157     1275     1163     1155     1177     1184
      435      837      986      838      933     1163     1167     1154     1160     1605     1165
      436      855      959      986      887     1273     1696     1275     1271     1442     1444
      437      927      985      948      972     1585     1656     1580     1584     1729     1655
      438      948      985      969      972     1656     1725     1653     1655     1729     1723
      439      943      985      952      969     1640     1673     1637     1638     1725     1672
      440      927      948      985      970     1580     1656     1585     1582     1654     1727
      441      841      927      985      970     1189     1585     1194     1192     1582     1727
      442      842      985      927      972     1203     1585     1197     1201     1729     1584
      443      842      969      985      972     1200     1725     1203     1201     1723     1729
      444      841      985      842      952     1194     1203     1185     1191     1673     1199
      445      841      985      927      842     1194     1585     1189     1185     1203     1197
      446      820      984      980      966     1035     1741     1033     1032     1718     1715
      447      820      984      850      980     1035     1249     1027     1033     1741     1248
      448      820      947      984      966     1030     1651     1035     1032     1649     1718
      449      820      850      984      947     1027     1249     1035     1030     1247     1651
      450      845      980      984      983     1224     1741     1226     1225     1740     1743
      451      848      984      947      979     1242     1651     1240     1241     1738     1650
      452      947      984      966      979     1651     1718     1649     1650     1738     1714
      453      848      850      947      984     1238     1247     1240     1242     1249     1651
      454      966      984      980      983     1718     1741     1715     1717     1743     1740
      455      845      984      953      983     1226     1678     1222     1225     1743     1677
      456      845      953      984      847     1222     1678     1226     1216     1236     1237
      457      846      984      848      979     1234     1242     1228     1233     1738     1241
      458      846      850      848      984     1229     1238     1228     1234     1249     1242
      459      953      984      966      983     1678     1718     1674     1677     1743     1717
      460      846      953      984      979     1232     1678     1234     1233     1676     1738
      461      953      966      984      979     1674     1718     1678     1676     1714     1738
      462      846      847      850      984     1227     1235     1229     1234     1237     1249
      463      846      953      847      984     1232     1236     1227     1234     1678     1237
      464      870      950      957      871     1372     1660     1373     1369     1375     1376
      465      893      946      894      909     1475     1482     1472     1474     1535     1480
      466      869      946      885      886     1367     1431     1364     1365     1434     1427
      467      885      946      894      886     1431     1482     1428     1427     1434     1433
      468      894      946      910      909     1482     1538     1481     1480     1535     1533
      469      868      946      885      869     1362     1431     1358     1356     1367     1364
      470      885      946      910      894     1431     1538     1430     1428     1482     1481
      471      868      946      910      885     1362     1538     1360     1358     1431     1430
      472      885      910      895      894     1430     1484     1429     1428     1481     1479
      473      868      895      884      885     1359     1425     1357     1358     1429     1424
      474      867      912      895      911     1355     1486     1352     1354     1539     1485
      475      867      884      896      883     1351     1426     1353     1350     1421     1422
      476      866      912      913      896     1347     1540     1348     1345     1488     1489
      477      866      883      897      882     1344     1423     1346     1343     1418     1419
      478      865      897      913      914     1338     1491     1340     1341     1492     1541
      479      865      882      898      881     1337     1420     1339     1336     1415     1416
      480      864      915      898      914     1334     1495     1331     1333     1542     1494
      481      864      899      880      881     1332     1413     1329     1330     1417     1412
      482      863      915      916      899     1326     1543     1327     1324     1497     1498
      483      863      880      900      879     1323     1414     1325     1322     1409     1410
      484      862      917      900      916     1320     1501     1317     1319     1544     1500
      485      862      901      878      879     1318     1407     1315     1316     1411     1406
      486      861      918      901      917     1313     1504     1310     1312     1545     1503
      487      861      902      877      878     1311     1404     1308     1309     1408     1403
      488      860      919      902      918     1306     1507     1303     1305     1546     1506
      489      860      877      903      876     1302     1405     1304     1301     1400     1401
      490      859      919      920      903     1298     1547     1299     1296     1509     1510
      491      859      876      904      875     1295     1402     1297     1294     1396     1397
      492      858      943      904      920     1292     1514     1290     1291     1549     1512
      493      858      875      904      943     1289     1397     1290     1292     1398     1514
      494      904      943      921      920     1514     1551     1513     1512     1549     1548
      495      857      875      858      943     1283     1289     1281     1284     1398     1292
      496      874      943      952      875     1390     1637     1391     1389     1398     1399
      497      857      875      943      874     1283     1398     1284     1282     1389     1390
      498      856      958      857      949     1278     1286     1276     1277     1657     1285
      499      843      949      948      927     1209     1652     1208     1206     1581     1580
      500      843      948      844      927     1208     1214     1204     1206     1580     1212
      501      834      841      873      929     1131     1187     1133     1134     1190     1384
      502      833      928      923      955     1122     1563     1121     1125     1586     1564
      503      832      923      833      928     1115     1121     1110     1116     1563     1122
      504      835      932      836      954     1142     1148     1137     1143     1600     1150
      505      839      840      932      945     1169     1179     1173     1174     1181     1599
      506      815      828      817      961      990     1004      988      993     1088     1007
      507      815      817      820      961      988     1003      989      993     1007     1031
      508      817      934      961      828     1005     1609     1007     1004     1085     1088
      509      828      936      934      961     1086     1607     1085     1088     1616     1609
      510      827      961      936      828     1078     1616     1074     1072     1088     1086
      511      819      823      827      961     1015     1053     1016     1021     1056     1078
      512      823      827      961      935     1053     1078     1056     1054     1073     1613
      513      827      936      961      935     1074     1616     1078     1073     1611     1613
      514      819      821      823      961     1014     1036     1015     1021     1042     1056
      515      820      961      940      821     1031     1628     1029     1025     1042     1040
      516      935      936      961      937     1611     1616     1613     1612     1615     1617
      517      934      961      936      937     1609     1616     1607     1608     1617     1615
      518      818      962      825      938     1013     1067     1009     1012     1622     1064
      519      825      962      941      938     1067     1630     1065     1064     1622     1620
      520      816      962      825      818     1001     1067      998      997     1013     1009
      521      816      825      962      960      998     1067     1001     1000     1066     1698
      522      825      962      960      826     1067     1698     1066     1063     1071     1070
      523      825      941      962      826     1065     1630     1067     1063     1069     1071
      524      934      937      962      961     1608     1618     1610     1609     1617     1699
      525      817      962      818      938     1008     1013     1002     1006     1622     1012
      526      817      962      938      961     1008     1622     1006     1007     1699     1621
      527      816      830      962      818      999     1101     1001      997     1010     1013
      528      816      962      830      960     1001     1101      999     1000     1698     1100
      529      935      962      937      961     1614     1618     1612     1613     1699     1617
      530      822      960      962      826     1050     1698     1051     1048     1070     1071
      531      822      826      962      824     1048     1071     1051     1047     1058     1062
      532      824      826      962      939     1058     1071     1062     1061     1068     1626
      533      826      941      962      939     1069     1630     1071     1068     1624     1626
      534      823      824      962      939     1052     1062     1057     1055     1061     1626
      535      823      939      962      961     1055     1626     1057     1056     1625     1699
      536      938      962      941      940     1622     1630     1620     1619     1629     1627
      537      939      940      941      962     1623     1627     1624     1626     1629     1630
      538      939      940      962      961     1623     1629     1626     1625     1628     1699
      539      938      962      940      961     1622     1629     1619     1621     1699     1628
      540      845      893      908      963     1219     1473     1220     1223     1477     1531
      541      845      951      893      963     1221     1476     1219     1223     1664     1477
      542      845      908      849      963     1220     1244     1217     1223     1531     1245
      543      815      849      908      963      991     1244      992      994     1245     1531
      544      815      908      828      963      992     1083      990      994     1531     1089
      545      827      944      964      828     1076     1642     1079     1072     1087     1090
      546      819      965      827      950     1022     1080     1016     1019     1661     1077
      547      820      947      966      821     1030     1649     1032     1025     1041     1043
      548      819      821      967      853     1014     1044     1023     1017     1037     1266
      549      821      967      853      854     1044     1266     1037     1038     1268     1263
      550      851      853      957      967     1251     1265     1256     1258     1266     1690
      551      819      957      967      965     1020     1690     1023     1022     1689     1710
      552      851      951      953      967     1254     1663     1255     1258     1667     1675
      553      827      964      968      965     1079     1707     1081     1080     1706     1711
      554      951      968      964      965     1668     1707     1665     1666     1711     1706
      555      869      946      886      968     1367     1434     1365     1368     1647     1438
      556      869      942      946      968     1366     1632     1367     1368     1634     1647
      557      942      944      946      968     1631     1641     1632     1634     1643     1647
      558      827      968      944      942     1081     1643     1076     1075     1634     1631
      559      827      944      968      964     1076     1643     1081     1079     1642     1707
      560      827      968      942      950     1081     1634     1075     1077     1662     1633
      561      827      968      950      965     1081     1662     1077     1080     1711     1661
      562      870      957      968      886     1373     1691     1374     1370     1436     1438
      563      950      968      957      965     1662     1691     1660     1661     1711     1689
      564      869      886      870      968     1365     1370     1363     1368     1438     1374
      565      869      870      942      968     1363     1371     1366     1368     1374     1634
      566      870      942      968      950     1371     1634     1374     1372     1633     1662
      567      870      968      957      950     1374     1691     1373     1372     1662     1660
      568      905      956      969      906     1519     1686     1520     1516     1523     1524
      569      905      969      952      906     1520     1672     1518     1516     1524     1521
      570      921      969      948      943     1555     1653     1552     1551     1638     1635
      571      921      952      969      943     1553     1672     1555     1551     1637     1638
      572      905      952      969      921     1518     1672     1520     1517     1553     1555
      573      905      921      969      956     1517     1555     1520     1519     1554     1686
      574      921      922      948      969     1550     1557     1552     1555     1560     1653
      575      921      922      969      956     1550     1560     1555     1554     1559     1686
      576      927      949      948      970     1581     1652     1580     1582     1658     1654
      577      857      970      943      949     1287     1639     1284     1285     1658     1636
      578      857      958      970      949     1286     1693     1287     1285     1657     1658
      579      857      970      958      874     1287     1693     1286     1282     1393     1392
      580      857      943      970      874     1284     1639     1287     1282     1390     1393
      581      943      970      948      949     1639     1654     1635     1636     1658     1652
      582      949      971      958      970     1659     1694     1657     1658     1726     1693
      583      843      949      971      856     1209     1659     1210     1205     1277     1280
      584      856      958      949      971     1278     1657     1277     1280     1694     1659
      585      841      843      971      929     1186     1210     1193     1190     1207     1590
      586      843      971      949      927     1210     1659     1209     1206     1583     1581
      587      927      971      949      970     1583     1659     1581     1582     1726     1658
      588      841      929      971      873     1190     1590     1193     1187     1384     1387
      589      874      958      971      970     1392     1694     1394     1393     1693     1726
      590      837      843      971      856     1156     1210     1162     1158     1205     1280
      591      837      971      843      929     1162     1210     1156     1159     1590     1207
      592      856      959      958      971     1279     1692     1278     1280     1695     1694
      593      841      971      843      927     1193     1210     1186     1189     1583     1206
      594      841      971      927      970     1193     1583     1189     1192     1726     1582
      595      873      959      929      971     1386     1589     1384     1387     1695     1590
      596      873      958      959      971     1385     1692     1386     1387     1694     1695
      597      873      874      958      971     1383     1392     1385     1387     1394     1694
      598      841      971      874      873     1193     1394     1188     1187     1387     1383
      599      832      922      972      844     1114     1561     1118     1112     1211     1215
      600      832      844      972      928     1112     1215     1118     1116     1213     1587
      601      922      956      972      969     1559     1687     1561     1560     1686     1723
      602      842      972      844      928     1201     1215     1195     1198     1587     1213
      603      844      948      922      972     1214     1557     1211     1215     1655     1561
      604      922      972      948      969     1561     1655     1557     1560     1723     1653
      605      832      922      923      972     1114     1556     1115     1118     1561     1565
      606      832      972      923      928     1118     1565     1115     1116     1587     1563
      607      922      972      956      955     1561     1687     1559     1558     1682     1681
      608      842      844      972      927     1195     1215     1201     1197     1212     1584
      609      844      948      972      927     1214     1655     1215     1212     1580     1584
      610      922      923      972      955     1556     1565     1561     1558     1564     1682
      611      923      972      955      928     1565     1682     1564     1563     1587     1586
      612      831      842      973      906     1104     1202     1108     1106     1196     1525
      613      831      973      892      906     1108     1470     1105     1106     1525     1466
      614      892      973      955      906     1470     1683     1469     1466     1525     1522
      615      833      955      973      928     1125     1683     1126     1122     1586     1588
      616      833      973      842      928     1126     1202     1120     1122     1588     1198
      617      831      842      833      973     1104     1120     1102     1108     1202     1126
      618      842      928      973      972     1198     1588     1202     1201     1587     1728
      619      928      955      973      972     1586     1683     1588     1587     1682     1728
      620      842      973      906      969     1202     1525     1196     1200     1724     1524
      621      842      973      969      972     1202     1724     1200     1201     1728     1723
      622      906      955      956      973     1522     1681     1523     1525     1683     1688
      623      955      956      973      972     1681     1688     1683     1682     1687     1728
      624      906      973      956      969     1525     1688     1523     1524     1724     1686
      625      956      969      973      972     1686     1724     1688     1687     1723     1728
      626      892      974      926      924     1471     1577     1468     1467     1570     1568
      627      835      926      892      974     1139     1468     1138     1144     1577     1471
      628      892      955      974      924     1469     1684     1471     1467     1569     1570
      629      835      930      931      974     1140     1592     1141     1144     1593     1595
      630      831      974      930      835     1109     1593     1107     1103     1144     1140
      631      831      892      974      835     1105     1471     1109     1103     1138     1144
      632      833      930      974      931     1123     1593     1127     1124     1592     1595
      633      831      833      930      974     1102     1123     1107     1109     1127     1593
      634      831      974      892      973     1109     1471     1105     1108     1730     1470
      635      892      974      955      973     1471     1684     1469     1470     1730     1683
      636      831      833      974      973     1102     1127     1109     1108     1126     1730
      637      833      955      974      973     1125     1684     1127     1126     1683     1730
      638      907      975      924      925     1529     1571     1527     1528     1574     1567
      639      839      975      907      925     1175     1529     1170     1171     1574     1528
      640      833      975      931      974     1128     1596     1124     1127     1731     1595
      641      832      839      975      907     1111     1175     1119     1113     1170     1529
      642      832      975      839      931     1119     1175     1111     1117     1596     1172
      643      832      975      923      907     1119     1566     1115     1113     1529     1526
      644      907      975      923      924     1529     1566     1526     1527     1571     1562
      645      832      833      975      931     1110     1128     1119     1117     1124     1596
      646      832      833      923      975     1110     1121     1115     1119     1128     1566
      647      833      923      975      955     1121     1566     1128     1125     1564     1685
      648      923      975      955      924     1566     1685     1564     1562     1571     1569
      649      887      976      891      889     1443     1464     1441     1440     1456     1454
      650      855      976      891      887     1274     1464     1272     1271     1443     1441
      651      872      976      887      889     1381     1443     1378     1379     1456     1440
      652      840      891      855      976     1178     1272     1177     1182     1464     1274
      653      836      976      872      889     1151     1381     1146     1147     1456     1379
      654      888      925      926      977     1449     1572     1450     1452     1575     1579
      655      888      977      926      954     1452     1579     1450     1451     1679     1576
      656      888      890      925      977     1447     1459     1449     1452     1461     1575
      657      890      977      945      925     1461     1645     1460     1459     1575     1573
      658      835      926      977      954     1139     1579     1145     1143     1576     1679
      659      835      977      926      974     1145     1579     1139     1144     1732     1577
      660      835      977      932      954     1145     1601     1142     1143     1679     1600
      661      839      932      977      945     1173     1601     1176     1174     1599     1645
      662      839      977      932      931     1176     1601     1173     1172     1597     1594
      663      931      977      974      975     1597     1732     1595     1596     1733     1731
      664      835      931      932      977     1141     1594     1142     1145     1597     1601
      665      835      931      977      974     1141     1597     1145     1144     1595     1732
      666      839      977      931      975     1176     1597     1172     1175     1733     1596
      667      839      945      977      925     1174     1645     1176     1171     1573     1575
      668      839      925      977      975     1171     1575     1176     1175     1574     1733
      669      888      978      890      977     1453     1462     1447     1452     1737     1461
      670      888      891      890      978     1448     1458     1447     1453     1465     1462
      671      890      978      945      977     1462     1646     1460     1461     1737     1645
      672      888      891      978      889     1448     1465     1453     1446     1454     1457
      673      889      891      978      976     1454     1465     1457     1456     1464     1734
      674      890      945      978      891     1460     1646     1462     1458     1463     1465
      675      888      978      954      889     1453     1680     1451     1446     1457     1455
      676      888      954      978      977     1451     1680     1453     1452     1679     1737
      677      932      945      978      977     1599     1646     1602     1601     1645     1737
      678      840      945      891      978     1181     1463     1178     1183     1646     1465
      679      840      978      891      976     1183     1465     1178     1182     1734     1464
      680      836      954      978      889     1150     1680     1152     1147     1455     1457
      681      836      889      978      976     1147     1457     1152     1151     1456     1734
      682      932      978      954      977     1602     1680     1600     1601     1737     1679
      683      840      932      945      978     1179     1599     1181     1183     1602     1646
      684      836      932      978      954     1148     1602     1152     1150     1600     1680
      685      840      933      932      978     1180     1598     1179     1183     1604     1602
      686      840      933      978      976     1180     1604     1183     1182     1603     1734
      687      836      978      932      933     1152     1602     1148     1149     1604     1598
      688      836      978      933      976     1152     1604     1149     1151     1734     1603
      689      846      852      979      854     1230     1262     1233     1231     1260     1269
      690      953      966      979      967     1674     1714     1676     1675     1713     1719
      691      821      979      966      967     1045     1714     1043     1044     1719     1713
      692      821      854      979      967     1038     1269     1045     1044     1268     1719
      693      851      852      854      979     1250     1260     1252     1259     1262     1269
      694      846      979      848      854     1233     1241     1228     1231     1269     1239
      695      846      953      979      852     1232     1676     1233     1230     1261     1262
      696      851      953      852      979     1255     1261     1250     1259     1676     1262
      697      851      953      979      967     1255     1676     1259     1258     1675     1719
      698      821      947      979      854     1041     1650     1045     1038     1267     1269
      699      821      979      947      966     1045     1650     1041     1043     1714     1649
      700      848      979      947      854     1241     1650     1240     1239     1269     1267
      701      845      849      980      963     1217     1246     1224     1223     1245     1702
      702      815      820      849      980      989     1026      991      995     1033     1246
      703      815      980      849      963      995     1246      991      994     1702     1245
      704      845      849      850      980     1217     1243     1218     1224     1246     1248
      705      820      850      849      980     1027     1243     1026     1033     1248     1246
      706      944      964      981      968     1642     1708     1644     1643     1707     1722
      707      951      981      964      968     1669     1708     1665     1668     1722     1707
      708      944      981      946      968     1644     1648     1641     1643     1722     1647
      709      893      981      946      909     1478     1648     1475     1474     1536     1535
      710      909      946      944      981     1535     1641     1534     1536     1648     1644
      711      893      951      981      963     1476     1669     1478     1477     1664     1703
      712      951      981      963      964     1669     1703     1664     1665     1708     1701
      713      828      909      944      981     1084     1534     1087     1091     1536     1644
      714      828      963      981      964     1089     1703     1091     1090     1701     1708
      715      828      981      944      964     1091     1644     1087     1090     1708     1642
      716      893      908      981      909     1473     1532     1478     1474     1530     1536
      717      893      981      908      963     1478     1532     1473     1477     1703     1531
      718      828      908      909      981     1083     1530     1084     1091     1532     1536
      719      828      908      981      963     1083     1532     1091     1089     1531     1703
      720      820      982      821      966     1034     1046     1025     1032     1716     1043
      721      820      982      966      980     1034     1716     1032     1033     1739     1715
      722      815      982      820      980      996     1034      989      995     1739     1033
      723      815      820      982      961      989     1034      996      993     1031     1700
      724      815      963      982      980      994     1704      996      995     1702     1739
      725      821      966      982      967     1043     1716     1046     1044     1713     1720
      726      815      982      828      961      996     1092      990      993     1700     1088
      727      819      982      821      961     1024     1046     1014     1021     1700     1042
      728      820      821      982      961     1025     1046     1034     1031     1042     1700
      729      815      828      982      963      990     1092      996      994     1089     1704
      730      819      982      827      965     1024     1082     1016     1022     1712     1080
      731      819      982      965      967     1024     1712     1022     1023     1720     1710
      732      819      821      982      967     1014     1046     1024     1023     1044     1720
      733      951      965      982      967     1666     1712     1670     1667     1710     1720
      734      819      827      982      961     1016     1082     1024     1021     1078     1700
      735      827      828      982      961     1072     1092     1082     1078     1088     1700
      736      828      982      963      964     1092     1704     1089     1090     1709     1701
      737      827      982      828      964     1082     1092     1072     1079     1709     1090
      738      827      982      964      965     1082     1709     1079     1080     1712     1706
      739      951      964      982      965     1665     1709     1670     1666     1706     1712
      740      845      953      951      983     1222     1663     1221     1225     1677     1671
      741      845      983      951      963     1225     1671     1221     1223     1705     1664
      742      845      983      963      980     1225     1705     1223     1224     1740     1702
      743      963      980      983      982     1702     1740     1705     1704     1739     1742
      744      953      983      966      967     1677     1717     1674     1675     1721     1713
      745      951      983      953      967     1671     1677     1663     1667     1721     1675
      746      966      983      980      982     1717     1740     1715     1716     1742     1739
      747      966      967      983      982     1713     1721     1717     1716     1720     1742
      748      951      983      967      982     1671     1721     1667     1670     1742     1720
      749      886      893      946      894     1432     1475     1434     1433     1472     1482
      750      817      938      820      961     1006     1028     1003     1007     1621     1031
      751      820      961      938      940     1031     1621     1028     1029     1628     1619
      752      821      961      939      823     1042     1625     1039     1036     1056     1055
      753      821      939      961      940     1039     1625     1042     1040     1623     1628
      754      830      962      934      937     1101     1610     1098     1099     1618     1608
      755      818      934      830      962     1011     1098     1010     1013     1610     1101
      756      829      935      962      937     1094     1614     1097     1095     1612     1618
      757      824      829      935      962     1059     1094     1060     1062     1097     1614
      758      868      910      895      885     1360     1484     1359     1358     1430     1429
      759      868      895      910      911     1359     1484     1360     1361     1485     1537
      760      867      868      895      884     1349     1359     1352     1351     1357     1425
      761      867      895      868      911     1352     1359     1349     1354     1485     1361
      762      867      895      896      884     1352     1483     1353     1351     1425     1426
      763      867      896      895      912     1353     1483     1352     1355     1488     1486
      764      866      896      867      912     1345     1353     1342     1347     1488     1355
      765      866      867      896      883     1342     1353     1345     1344     1350     1422
      766      866      896      897      883     1345     1487     1346     1344     1422     1423
      767      866      897      896      913     1346     1487     1345     1348     1491     1489
      768      865      897      866      913     1338     1346     1335     1340     1491     1348
      769      865      866      897      882     1335     1346     1338     1337     1343     1419
      770      865      897      898      882     1338     1490     1339     1337     1419     1420
      771      865      898      897      914     1339     1490     1338     1341     1494     1492
      772      864      865      898      881     1328     1339     1331     1330     1336     1416
      773      864      898      865      914     1331     1339     1328     1333     1494     1341
      774      864      898      899      881     1331     1493     1332     1330     1416     1417
      775      864      899      898      915     1332     1493     1331     1334     1497     1495
      776      863      864      899      880     1321     1332     1324     1323     1329     1413
      777      863      899      864      915     1324     1332     1321     1326     1497     1334
      778      863      899      900      880     1324     1496     1325     1323     1413     1414
      779      863      900      899      916     1325     1496     1324     1327     1500     1498
      780      862      863      900      879     1314     1325     1317     1316     1322     1410
      781      862      900      863      916     1317     1325     1314     1319     1500     1327
      782      862      900      901      879     1317     1499     1318     1316     1410     1411
      783      862      901      900      917     1318     1499     1317     1320     1503     1501
      784      861      862      901      878     1307     1318     1310     1309     1315     1407
      785      861      901      862      917     1310     1318     1307     1312     1503     1320
      786      861      901      902      878     1310     1502     1311     1309     1407     1408
      787      861      902      901      918     1311     1502     1310     1313     1506     1504
      788      860      861      902      877     1300     1311     1303     1302     1308     1404
      789      860      902      861      918     1303     1311     1300     1305     1506     1313
      790      860      902      903      877     1303     1505     1304     1302     1404     1405
      791      860      903      902      919     1304     1505     1303     1306     1509     1507
      792      859      903      860      919     1296     1304     1293     1298     1509     1306
      793      859      860      903      876     1293     1304     1296     1295     1301     1401
      794      859      903      904      876     1296     1508     1297     1295     1401     1402
      795      859      904      903      920     1297     1508     1296     1299     1512     1510
      796      858      904      859      920     1290     1297     1288     1291     1512     1299
      797      858      859      904      875     1288     1297     1290     1289     1294     1397
      798      904      921      952      905     1513     1553     1515     1511     1517     1518
      799      904      952      921      943     1515     1553     1513     1514     1637     1551
      800      837      959      971      929     1161     1695     1162     1159     1589     1590
      801      837      971      959      856     1162     1695     1161     1158     1280     1279
      802      817      962      934      818     1008     1610     1005     1002     1013     1011
      803      817      934      962      961     1005     1610     1008     1007     1609     1699
      804      823      962      935      961     1057     1614     1054     1056     1699     1613
      805      823      935      962      824     1054     1614     1057     1052     1060     1062
      806      829      962      830      937     1097     1101     1093     1095     1618     1099
      807      829      830      962      960     1093     1101     1097     1096     1100     1698
      808      822      962      829      824     1051     1097     1049     1047     1062     1059
      809      822      829      962      960     1049     1097     1051     1050     1096     1698
      810      819      950      957      965     1019     1660     1020     1022     1661     1689
      811      819      957      950      871     1020     1660     1019     1018     1376     1375
      812      819      957      853      967     1020     1265     1017     1023     1690     1266
      813      819      853      957      871     1017     1265     1020     1018     1264     1376
      814      924      955      974      975     1569     1684     1570     1571     1685     1731
      815      833      974      955      975     1127     1684     1125     1128     1731     1685
      816      851      967      854      853     1258     1268     1252     1251     1266     1263
      817      951      982      963      983     1670     1704     1664     1671     1742     1705
      818      951      963      982      964     1664     1704     1670     1665     1701     1709
      819      851      965      886      951     1257     1437     1253     1254     1666     1435
      820      851      886      965      957     1253     1437     1257     1256     1436     1689
      821      886      893      951      981     1432     1476     1435     1439     1478     1669
      822      886      957      968      965     1436     1691     1438     1437     1689     1711
      823      851      951      967      965     1254     1667     1258     1257     1666     1710
      824      851      967      957      965     1258     1690     1256     1257     1710     1689
      825      875      952      904      943     1399     1515     1397     1398     1637     1514
      826      841      874      971      970     1188     1394     1193     1192     1393     1726
      827      924      926      975      974     1568     1578     1571     1570     1577     1731
      828      924      975      926      925     1571     1578     1568     1567     1574     1572
      829      926      974      977      975     1577     1732     1579     1578     1731     1733
      830      925      926      977      975     1572     1579     1575     1574     1578     1733
      831      886      981      951      968     1439     1669     1435     1438     1722     1668
      832      886      946      893      981     1434     1475     1432     1439     1648     1478
      833      886      946      981      968     1434     1648     1439     1438     1647     1722
      834      886      968      951      965     1438     1668     1435     1437     1711     1666
      835      851      854      967      979     1252     1268     1258     1259     1269     1719
      836      841      985      952      874     1194     1673     1191     1188     1395     1391
      837      841      985      874      970     1194     1395     1188     1192     1727     1393
      838      837      855      959      986     1157     1273     1161     1163     1275     1696
      839      837      959      855      856     1161     1273     1157     1158     1279     1270
      840      837      959      838      986     1161     1166     1154     1163     1696     1167
      841      837      838      959      929     1154     1166     1161     1159     1164     1589
      842      874      985      943      970     1395     1640     1390     1393     1727     1639
      843      874      943      985      952     1390     1640     1395     1391     1637     1673
      844      943      948      985      969     1635     1656     1640     1638     1653     1725
      845      943      985      948      970     1640     1656     1635     1639     1727     1654
      846      845      850      984      980     1218     1249     1226     1224     1248     1741
      847      845      984      850      847     1226     1249     1218     1216     1237     1235
      848      842      969      952      985     1200     1672     1199     1203     1725     1673
      849      842      952      969      906     1199     1672     1200     1196     1521     1524
-1
secnum,1    ! reset the section ID to default
! Material Id = {20C03509-CAF9-4D11-9F87-5D122F2089E5}
/com,*********** Elements for Body 3 'coupler' ***********
et,3,187
MAT,3 $ TYPE,3 $ REAL,3 $ SECNUM,3 $ ESYS,0    ! ELEMNODES = 10
eblock,21,COMPACT,,501
(21i9)
      850     1750     1931     1947     1946     1994     2813     1996     1995     2812     2825
      851     1750     1752     1947     1931     1989     2015     1996     1994     2012     2813
      852     1904     1947     1929     1946     2722     2808     2720     2721     2825     2807
      853     1929     1947     1931     1946     2808     2813     2806     2807     2825     2812
      854     1750     1947     1904     1946     1996     2722     1993     1995     2825     2721
      855     1752     1929     1947     1931     2010     2808     2015     2012     2806     2813
      856     1748     1750     1752     1947     1973     1989     1974     1980     1996     2015
      857     1748     1904     1750     1947     1977     1993     1973     1980     2722     1996
      858     1905     1930     1947     1937     2723     2811     2725     2724     2810     2820
      859     1748     1905     1947     1937     1978     2725     1980     1979     2724     2820
      860     1748     1947     1752     1937     1980     2015     1974     1979     2820     2014
      861     1752     1947     1930     1937     2015     2811     2011     2014     2820     2810
      862     1903     1947     1905     1930     2719     2725     2715     2718     2811     2723
      863     1748     1903     1947     1905     1976     2719     1980     1978     2715     2725
      864     1752     1947     1929     1930     2015     2808     2010     2011     2811     2805
      865     1903     1904     1947     1929     2714     2722     2719     2717     2720     2808
      866     1748     1904     1947     1903     1977     2722     1980     1976     2714     2719
      867     1903     1929     1947     1930     2717     2808     2719     2718     2805     2811
      868     1750     1754     1946     1902     1990     2028     1995     1992     2024     2713
      869     1754     1917     1946     1902     2026     2767     2028     2024     2711     2713
      870     1916     1946     1929     1931     2765     2807     2763     2764     2812     2806
      871     1916     1917     1946     1931     2762     2767     2765     2764     2766     2812
      872     1750     1946     1865     1902     1995     2618     1991     1992     2713     2614
      873     1865     1946     1917     1902     2618     2767     2617     2614     2713     2711
      874     1865     1916     1946     1866     2616     2765     2618     2613     2622     2624
      875     1865     1946     1904     1866     2618     2721     2615     2613     2624     2621
      876     1865     1917     1946     1916     2617     2767     2618     2616     2762     2765
      877     1750     1865     1946     1904     1991     2618     1995     1993     2615     2721
      878     1777     1894     1945     1893     2199     2684     2200     2198     2675     2678
      879     1892     1945     1894     1927     2674     2684     2670     2673     2801     2682
      880     1777     1945     1894     1892     2200     2684     2199     2197     2674     2670
      881     1776     1945     1892     1927     2193     2674     2191     2192     2801     2673
      882     1776     1945     1777     1892     2193     2200     2187     2191     2674     2197
      883     1776     1777     1945     1782     2187     2200     2193     2189     2195     2222
      884     1783     1945     1918     1889     2225     2773     2224     2223     2662     2660
      885     1782     1945     1918     1783     2222     2773     2221     2220     2225     2224
      886     1777     1945     1782     1783     2200     2222     2195     2196     2225     2220
      887     1778     1893     1945     1928     2203     2678     2205     2204     2676     2804
      888     1918     1945     1927     1928     2773     2801     2769     2770     2804     2798
      889     1893     1945     1928     1940     2678     2804     2676     2677     2824     2802
      890     1927     1928     1945     1940     2798     2804     2801     2800     2802     2824
      891     1770     1944     1899     1896     2149     2706     2148     2146     2690     2687
      892     1897     1899     1944     1926     2692     2706     2696     2695     2704     2797
      893     1770     1899     1944     1897     2148     2706     2149     2147     2692     2696
      894     1771     1897     1944     1926     2153     2696     2156     2155     2695     2797
      895     1770     1944     1771     1897     2149     2156     2143     2147     2696     2153
      896     1769     1887     1944     1928     2139     2657     2142     2141     2656     2803
      897     1769     1887     1784     1944     2139     2227     2138     2142     2657     2229
      898     1784     1887     1918     1944     2227     2655     2228     2229     2657     2772
      899     1770     1771     1944     1785     2143     2156     2149     2145     2151     2232
      900     1784     1918     1785     1944     2228     2231     2226     2229     2772     2232
      901     1769     1944     1896     1928     2142     2690     2140     2141     2803     2688
      902     1926     1944     1928     1940     2797     2803     2794     2796     2823     2802
      903     1896     1928     1944     1940     2688     2803     2690     2689     2802     2823
      904     1918     1926     1944     1928     2768     2797     2772     2770     2794     2803
      905     1770     1785     1944     1784     2145     2232     2149     2144     2226     2229
      906     1910     1920     1943     1939     2740     2779     2744     2743     2778     2822
      907     1910     1919     1943     1920     2739     2776     2744     2740     2774     2779
      908     1763     1943     1909     1920     2097     2736     2093     2094     2779     2735
      909     1909     1943     1919     1920     2736     2776     2734     2735     2779     2774
      910     1910     1943     1919     1921     2744     2776     2739     2741     2783     2775
      911     1763     1920     1939     1943     2094     2778     2096     2097     2779     2822
      912     1763     1773     1909     1943     2091     2167     2093     2097     2172     2736
      913     1773     1921     1943     1939     2169     2783     2172     2171     2781     2822
      914     1773     1919     1943     1921     2168     2776     2172     2169     2775     2783
      915     1763     1939     1773     1943     2096     2171     2091     2097     2822     2172
      916     1864     1912     1883     1909     2611     2645     2607     2609     2733     2644
      917     1864     1909     1883     1884     2609     2644     2607     2608     2646     2643
      918     1863     1864     1912     1883     2603     2611     2606     2605     2607     2645
      919     1801     1909     1912     1820     2314     2733     2315     2311     2429     2431
      920     1801     1912     1802     1821     2315     2323     2310     2312     2435     2317
      921     1801     1912     1821     1820     2315     2435     2312     2311     2431     2427
      922     1801     1909     1820     1908     2314     2429     2311     2313     2731     2428
      923     1802     1863     1883     1882     2319     2605     2321     2320     2604     2642
      924     1800     1908     1801     1820     2307     2313     2305     2306     2428     2311
      925     1802     1822     1882     1803     2318     2439     2320     2316     2325     2329
      926     1822     1882     1862     1863     2439     2602     2437     2438     2604     2600
      927     1803     1862     1822     1882     2327     2437     2325     2329     2602     2439
      928     1803     1822     1862     1823     2325     2437     2327     2326     2436     2442
      929     1803     1881     1862     1882     2328     2601     2327     2329     2641     2602
      930     1803     1862     1881     1823     2327     2601     2328     2326     2442     2443
      931     1823     1881     1861     1862     2443     2599     2441     2442     2601     2597
      932     1803     1881     1804     1823     2328     2335     2324     2326     2443     2331
      933     1804     1824     1861     1880     2332     2446     2333     2334     2447     2598
      934     1804     1824     1823     1861     2332     2440     2331     2333     2446     2441
      935     1804     1805     1824     1880     2330     2337     2332     2334     2341     2447
      936     1824     1860     1861     1880     2445     2594     2446     2447     2596     2598
      937     1805     1824     1860     1825     2337     2445     2339     2338     2444     2450
      938     1805     1860     1879     1825     2339     2595     2340     2338     2450     2451
      939     1825     1879     1859     1860     2451     2593     2449     2450     2595     2591
      940     1805     1879     1806     1825     2340     2347     2336     2338     2451     2343
      941     1806     1826     1859     1878     2344     2454     2345     2346     2455     2592
      942     1806     1859     1826     1825     2345     2454     2344     2343     2449     2448
      943     1806     1807     1826     1878     2342     2349     2344     2346     2353     2455
      944     1826     1858     1859     1878     2453     2588     2454     2455     2590     2592
      945     1807     1877     1827     1858     2352     2459     2350     2351     2589     2458
      946     1807     1858     1827     1826     2351     2458     2350     2349     2453     2452
      947     1827     1877     1857     1858     2459     2587     2457     2458     2589     2585
      948     1807     1827     1877     1808     2350     2459     2352     2348     2355     2359
      949     1808     1828     1857     1876     2356     2462     2357     2358     2463     2586
      950     1808     1857     1828     1827     2357     2462     2356     2355     2457     2456
      951     1808     1809     1828     1876     2354     2361     2356     2358     2365     2463
      952     1828     1856     1857     1876     2461     2582     2462     2463     2584     2586
      953     1809     1829     1828     1856     2362     2460     2361     2363     2466     2461
      954     1809     1875     1829     1856     2364     2467     2362     2363     2583     2466
      955     1829     1875     1855     1856     2467     2581     2465     2466     2583     2579
      956     1809     1829     1875     1810     2362     2467     2364     2360     2367     2371
      957     1810     1829     1855     1830     2367     2465     2369     2368     2464     2470
      958     1810     1830     1855     1874     2368     2470     2369     2370     2471     2580
      959     1810     1811     1830     1874     2366     2373     2368     2370     2377     2471
      960     1830     1854     1855     1874     2469     2576     2470     2471     2578     2580
      961     1811     1831     1830     1854     2374     2468     2373     2375     2474     2469
      962     1811     1873     1831     1854     2376     2475     2374     2375     2577     2474
      963     1831     1873     1853     1854     2475     2575     2473     2474     2577     2573
      964     1811     1831     1873     1812     2374     2475     2376     2372     2379     2383
      965     1812     1832     1831     1853     2380     2472     2379     2381     2478     2473
      966     1812     1872     1832     1853     2382     2479     2380     2381     2574     2478
      967     1832     1872     1852     1853     2479     2572     2477     2478     2574     2570
      968     1812     1872     1813     1832     2382     2389     2378     2380     2479     2385
      969     1813     1852     1833     1832     2387     2482     2386     2385     2477     2476
      970     1813     1833     1852     1871     2386     2482     2387     2388     2483     2571
      971     1813     1833     1871     1814     2386     2483     2388     2384     2391     2395
      972     1833     1852     1871     1851     2482     2571     2483     2481     2567     2569
      973     1814     1833     1851     1834     2391     2481     2393     2392     2480     2486
      974     1814     1851     1870     1834     2393     2568     2394     2392     2486     2487
      975     1834     1870     1850     1851     2487     2566     2485     2486     2568     2564
      976     1814     1870     1815     1834     2394     2401     2390     2392     2487     2397
      977     1815     1835     1850     1869     2398     2490     2399     2400     2491     2565
      978     1815     1850     1835     1834     2399     2490     2398     2397     2485     2484
      979     1835     1850     1869     1849     2490     2565     2491     2489     2561     2563
      980     1815     1835     1869     1816     2398     2491     2400     2396     2403     2407
      981     1816     1835     1849     1836     2403     2489     2405     2404     2488     2494
      982     1816     1849     1868     1836     2405     2562     2406     2404     2494     2495
      983     1836     1868     1848     1849     2495     2559     2493     2494     2562     2557
      984     1816     1868     1817     1836     2406     2413     2402     2404     2495     2409
      985     1817     1911     1848     1867     2415     2560     2411     2412     2627     2558
      986     1817     1848     1911     1836     2411     2560     2415     2409     2493     2496
      987     1847     1867     1848     1911     2551     2558     2549     2553     2627     2560
      988     1817     1911     1867     1903     2415     2627     2412     2414     2716     2626
      989     1817     1911     1837     1836     2415     2499     2410     2409     2496     2492
      990     1847     1911     1903     1867     2553     2716     2552     2551     2627     2626
      991     1817     1837     1911     1903     2410     2499     2415     2414     2498     2716
      992     1847     1867     1903     1866     2551     2626     2552     2550     2619     2620
      993     1817     1837     1903     1818     2410     2498     2414     2408     2417     2419
      994     1846     1847     1914     1916     2544     2554     2545     2546     2555     2756
      995     1754     1846     1917     1843     2023     2547     2026     2022     2527     2530
      996     1754     1902     1843     1917     2024     2529     2022     2026     2711     2530
      997     1843     1902     1845     1917     2529     2541     2526     2530     2711     2542
      998     1753     1843     1754     1902     2017     2022     2016     2019     2529     2024
      999     1844     1902     1865     1917     2535     2614     2533     2537     2711     2617
     1000     1749     1750     1865     1902     1981     1991     1984     1985     1992     2614
     1001     1844     1845     1902     1917     2532     2541     2535     2537     2542     2711
     1002     1749     1865     1844     1902     1984     2533     1983     1985     2614     2535
     1003     1745     1906     1756     1747     1952     2042     1950     1948     1968     1966
     1004     1745     1749     1907     1747     1949     1986     1953     1948     1964     1969
     1005     1795     1864     1884     1919     2277     2608     2278     2281     2612     2647
     1006     1795     1910     1864     1919     2279     2610     2277     2281     2739     2612
     1007     1864     1919     1909     1884     2612     2734     2609     2608     2647     2646
     1008     1864     1919     1910     1912     2612     2739     2610     2611     2749     2737
     1009     1864     1919     1912     1909     2612     2749     2611     2609     2734     2733
     1010     1765     1920     1908     1800     2112     2732     2111     2108     2308     2307
     1011     1763     1920     1908     1765     2094     2732     2092     2089     2112     2111
     1012     1800     1908     1820     1920     2307     2428     2306     2308     2732     2432
     1013     1791     1910     1920     1820     2261     2740     2263     2260     2430     2432
     1014     1820     1908     1909     1920     2428     2731     2429     2432     2732     2735
     1015     1763     1909     1908     1920     2093     2731     2092     2094     2735     2732
     1016     1795     1910     1921     1913     2279     2741     2282     2280     2738     2751
     1017     1773     1793     1921     1774     2163     2272     2169     2162     2173     2176
     1018     1795     1921     1910     1919     2282     2741     2279     2281     2775     2739
     1019     1795     1913     1921     1796     2280     2751     2282     2276     2283     2284
     1020     1793     1795     1921     1796     2269     2282     2272     2270     2276     2284
     1021     1793     1796     1921     1794     2270     2284     2272     2268     2273     2274
     1022     1774     1793     1921     1794     2173     2272     2176     2174     2268     2274
     1023     1793     1884     1921     1795     2271     2648     2272     2269     2278     2282
     1024     1773     1921     1793     1884     2169     2272     2163     2164     2648     2271
     1025     1773     1921     1884     1919     2169     2648     2164     2168     2775     2647
     1026     1763     1767     1922     1765     2090     2127     2095     2089     2106     2113
     1027     1759     1761     1764     1922     2056     2074     2057     2062     2078     2102
     1028     1763     1767     1773     1922     2090     2124     2091     2095     2127     2170
     1029     1764     1765     1922     1899     2098     2113     2102     2101     2109     2702
     1030     1761     1764     1922     1899     2074     2102     2078     2077     2101     2702
     1031     1759     1774     1761     1922     2058     2075     2056     2062     2177     2078
     1032     1765     1900     1767     1922     2110     2126     2106     2113     2707     2127
     1033     1765     1900     1922     1899     2110     2707     2113     2109     2701     2702
     1034     1773     1774     1922     1894     2162     2177     2170     2165     2175     2680
     1035     1761     1922     1774     1894     2078     2177     2075     2076     2680     2175
     1036     1773     1894     1922     1895     2165     2680     2170     2166     2679     2685
     1037     1767     1773     1922     1895     2124     2170     2127     2125     2166     2685
     1038     1791     1910     1913     1923     2261     2738     2262     2264     2742     2752
     1039     1791     1910     1923     1920     2261     2742     2264     2263     2740     2777
     1040     1764     1787     1923     1765     2099     2242     2103     2098     2107     2114
     1041     1765     1800     1923     1920     2108     2309     2114     2112     2308     2777
     1042     1765     1787     1923     1800     2107     2242     2114     2108     2241     2309
     1043     1787     1791     1923     1800     2239     2264     2242     2241     2259     2309
     1044     1788     1796     1794     1924     2248     2273     2247     2249     2285     2275
     1045     1794     1924     1796     1921     2275     2285     2273     2274     2780     2284
     1046     1796     1924     1913     1921     2285     2753     2283     2284     2780     2751
     1047     1759     1794     1924     1788     2061     2275     2063     2059     2247     2249
     1048     1790     1924     1913     1796     2256     2753     2255     2254     2285     2283
     1049     1788     1790     1796     1924     2245     2254     2248     2249     2256     2285
     1050     1759     1774     1924     1794     2058     2178     2063     2061     2174     2275
     1051     1774     1924     1794     1921     2178     2275     2174     2176     2780     2274
     1052     1894     1895     1925     1922     2679     2686     2681     2680     2685     2784
     1053     1767     1925     1895     1922     2128     2686     2125     2127     2784     2685
     1054     1767     1900     1925     1922     2126     2708     2128     2127     2707     2784
     1055     1899     1925     1900     1922     2703     2708     2701     2702     2784     2707
     1056     1767     1925     1900     1768     2128     2708     2126     2123     2135     2134
     1057     1767     1925     1768     1895     2128     2135     2123     2125     2686     2132
     1058     1761     1925     1899     1922     2079     2703     2077     2078     2784     2702
     1059     1761     1894     1925     1922     2076     2681     2079     2078     2680     2784
     1060     1897     1900     1899     1925     2693     2701     2692     2694     2708     2703
     1061     1892     1925     1894     1895     2672     2681     2670     2671     2686     2679
     1062     1768     1925     1900     1898     2135     2708     2134     2133     2698     2697
     1063     1768     1925     1891     1895     2135     2667     2131     2132     2686     2666
     1064     1771     1926     1898     1897     2155     2699     2154     2153     2695     2691
     1065     1776     1892     1891     1927     2191     2665     2190     2192     2673     2668
     1066     1780     1918     1928     1889     2212     2770     2213     2211     2660     2661
     1067     1780     1887     1928     1918     2210     2656     2213     2212     2655     2770
     1068     1760     1780     1928     1889     2069     2213     2072     2071     2211     2661
     1069     1760     1780     1887     1928     2069     2210     2070     2072     2213     2656
     1070     1760     1928     1778     1889     2072     2204     2068     2071     2661     2202
     1071     1760     1928     1887     1769     2072     2656     2070     2067     2141     2139
     1072     1866     1929     1904     1903     2623     2720     2621     2620     2717     2714
     1073     1847     1929     1866     1903     2556     2623     2550     2552     2717     2620
     1074     1847     1916     1929     1914     2555     2763     2556     2554     2756     2757
     1075     1847     1929     1916     1866     2556     2763     2555     2550     2623     2622
     1076     1847     1929     1911     1914     2556     2747     2553     2554     2757     2745
     1077     1847     1911     1929     1903     2553     2747     2556     2552     2716     2717
     1078     1751     1911     1929     1914     2000     2747     2003     2001     2745     2757
     1079     1751     1752     1929     1915     1997     2010     2003     2002     2009     2759
     1080     1751     1915     1929     1911     2002     2759     2003     2000     2746     2747
     1081     1818     1905     1930     1903     2420     2723     2421     2419     2715     2718
     1082     1818     1930     1837     1903     2421     2501     2417     2419     2718     2498
     1083     1837     1915     1930     1838     2500     2760     2501     2497     2502     2503
     1084     1818     1838     1837     1930     2418     2497     2417     2421     2503     2501
     1085     1837     1930     1915     1911     2501     2760     2500     2499     2748     2746
     1086     1837     1930     1911     1903     2501     2748     2499     2498     2718     2716
     1087     1903     1930     1911     1929     2718     2748     2716     2717     2805     2747
     1088     1911     1930     1915     1929     2748     2760     2746     2747     2805     2759
     1089     1752     1915     1930     1929     2009     2760     2011     2010     2759     2805
     1090     1751     1754     1931     1752     1998     2027     2004     1997     2006     2012
     1091     1751     1931     1754     1914     2004     2027     1998     2001     2758     2025
     1092     1846     1931     1916     1914     2548     2764     2546     2545     2758     2756
     1093     1754     1931     1846     1914     2027     2548     2023     2025     2758     2545
     1094     1754     1846     1931     1917     2023     2548     2027     2026     2547     2766
     1095     1846     1931     1917     1916     2548     2766     2547     2546     2764     2762
     1096     1750     1931     1754     1752     1994     2027     1990     1989     2012     2006
     1097     1751     1931     1914     1929     2004     2758     2001     2003     2806     2757
     1098     1751     1752     1931     1929     1997     2012     2004     2003     2010     2806
     1099     1914     1931     1916     1929     2758     2764     2756     2757     2806     2763
     1100     1752     1915     1932     1930     2009     2761     2013     2011     2760     2809
     1101     1751     1932     1752     1915     2005     2013     1997     2002     2761     2009
     1102     1751     1932     1915     1757     2005     2761     2002     1999     2050     2049
     1103     1751     1752     1932     1757     1997     2013     2005     1999     2008     2050
     1104     1752     1755     1932     1757     2007     2035     2013     2008     2030     2050
     1105     1757     1932     1915     1838     2050     2761     2049     2047     2504     2502
     1106     1799     1933     1838     1819     2303     2505     2299     2298     2425     2423
     1107     1797     1799     1901     1933     2286     2302     2289     2290     2303     2709
     1108     1797     1799     1933     1838     2286     2303     2290     2287     2299     2505
     1109     1798     1933     1799     1819     2296     2303     2292     2293     2425     2298
     1110     1757     1797     1933     1838     2046     2290     2051     2047     2287     2505
     1111     1757     1838     1933     1932     2047     2505     2051     2050     2504     2814
     1112     1755     1933     1798     1819     2036     2296     2031     2032     2425     2293
     1113     1755     1756     1798     1933     2029     2039     2031     2036     2043     2296
     1114     1755     1901     1756     1933     2033     2041     2029     2036     2709     2043
     1115     1758     1842     1934     1797     2053     2524     2055     2052     2288     2291
     1116     1797     1799     1842     1934     2286     2301     2288     2291     2304     2524
     1117     1799     1842     1934     1840     2301     2524     2304     2300     2516     2518
     1118     1747     1906     1756     1934     1968     2042     1966     1970     2726     2044
     1119     1747     1756     1758     1934     1966     2038     1967     1970     2044     2055
     1120     1746     1842     1934     1758     1959     2524     1961     1957     2053     2055
     1121     1746     1758     1934     1747     1957     2055     1961     1955     1967     1970
     1122     1756     1934     1799     1901     2044     2304     2040     2041     2710     2302
     1123     1756     1799     1934     1798     2040     2304     2044     2039     2292     2297
     1124     1756     1798     1934     1906     2039     2297     2044     2042     2295     2726
     1125     1845     1935     1886     1885     2543     2653     2540     2539     2651     2649
     1126     1843     1886     1845     1935     2528     2540     2526     2531     2653     2543
     1127     1753     1886     1843     1935     2018     2528     2017     2020     2653     2531
     1128     1749     1844     1907     1935     1983     2536     1986     1987     2538     2728
     1129     1747     1936     1906     1934     1971     2727     1968     1970     2817     2726
     1130     1746     1936     1747     1934     1962     1971     1955     1961     2817     1970
     1131     1839     1842     1936     1841     2509     2525     2514     2508     2520     2522
     1132     1745     1839     1906     1936     1951     2512     1952     1954     2514     2727
     1133     1745     1936     1906     1747     1954     2727     1952     1948     1971     1968
     1134     1839     1906     1936     1840     2512     2727     2514     2507     2517     2519
     1135     1840     1906     1936     1934     2517     2727     2519     2518     2726     2817
     1136     1746     1936     1842     1841     1962     2525     1959     1958     2522     2520
     1137     1746     1842     1936     1934     1959     2525     1962     1961     2524     2817
     1138     1839     1936     1842     1840     2514     2525     2509     2507     2519     2516
     1139     1840     1936     1842     1934     2519     2525     2516     2518     2817     2524
     1140     1745     1907     1839     1936     1953     2513     1951     1954     2729     2514
     1141     1745     1907     1936     1747     1953     2729     1954     1948     1969     1971
     1142     1838     1932     1937     1933     2504     2815     2506     2505     2814     2816
     1143     1819     1838     1937     1933     2423     2506     2426     2425     2505     2816
     1144     1752     1937     1930     1932     2014     2810     2011     2013     2815     2809
     1145     1752     1755     1937     1932     2007     2037     2014     2013     2035     2815
     1146     1755     1905     1937     1819     2034     2724     2037     2032     2424     2426
     1147     1755     1819     1937     1933     2032     2426     2037     2036     2425     2816
     1148     1818     1838     1937     1819     2418     2506     2422     2416     2423     2426
     1149     1818     1937     1838     1930     2422     2506     2418     2421     2810     2503
     1150     1818     1937     1905     1819     2422     2724     2420     2416     2426     2424
     1151     1818     1905     1937     1930     2420     2724     2422     2421     2723     2810
     1152     1748     1937     1752     1755     1979     2014     1974     1975     2037     2007
     1153     1748     1905     1937     1755     1978     2724     1979     1975     2034     2037
     1154     1925     1926     1938     1927     2789     2795     2791     2790     2793     2799
     1155     1766     1768     1938     1775     2116     2136     2122     2118     2130     2186
     1156     1768     1938     1898     1772     2136     2700     2133     2129     2161     2159
     1157     1766     1938     1768     1772     2122     2136     2116     2117     2161     2129
     1158     1772     1938     1898     1926     2161     2700     2159     2160     2795     2699
     1159     1766     1779     1938     1888     2119     2209     2122     2120     2206     2659
     1160     1918     1938     1926     1927     2771     2795     2768     2769     2799     2793
     1161     1766     1938     1779     1890     2122     2209     2119     2121     2664     2207
     1162     1766     1775     1938     1890     2118     2186     2122     2121     2183     2664
     1163     1768     1891     1938     1775     2131     2669     2136     2130     2184     2186
     1164     1775     1891     1938     1927     2184     2669     2186     2185     2668     2799
     1165     1766     1888     1938     1772     2120     2659     2122     2117     2158     2161
     1166     1779     1938     1888     1918     2209     2659     2206     2208     2771     2658
     1167     1779     1938     1918     1890     2209     2771     2208     2207     2664     2663
     1168     1772     1786     1888     1938     2157     2233     2158     2161     2236     2659
     1169     1772     1786     1938     1926     2157     2236     2161     2160     2235     2795
     1170     1786     1918     1888     1938     2234     2658     2233     2236     2771     2659
     1171     1786     1918     1938     1926     2234     2771     2236     2235     2768     2795
     1172     1781     1890     1918     1938     2215     2663     2216     2218     2664     2771
     1173     1781     1938     1918     1927     2218     2771     2216     2217     2799     2769
     1174     1765     1939     1920     1923     2115     2778     2112     2114     2786     2777
     1175     1910     1920     1939     1923     2740     2778     2743     2742     2777     2786
     1176     1773     1939     1774     1921     2171     2179     2162     2169     2781     2176
     1177     1773     1774     1939     1922     2162     2179     2171     2170     2177     2785
     1178     1763     1773     1939     1922     2091     2171     2096     2095     2170     2785
     1179     1763     1765     1939     1920     2089     2115     2096     2094     2112     2778
     1180     1763     1939     1765     1922     2096     2115     2089     2095     2785     2113
     1181     1764     1765     1939     1922     2098     2115     2104     2102     2113     2785
     1182     1764     1939     1765     1923     2104     2115     2098     2103     2786     2114
     1183     1759     1939     1774     1922     2064     2179     2058     2062     2785     2177
     1184     1759     1764     1939     1922     2057     2104     2064     2062     2102     2785
     1185     1910     1939     1913     1923     2743     2754     2738     2742     2786     2752
     1186     1762     1896     1940     1928     2085     2689     2088     2087     2688     2802
     1187     1925     1940     1926     1927     2792     2796     2789     2790     2800     2793
     1188     1762     1899     1940     1896     2086     2705     2088     2085     2687     2689
     1189     1762     1940     1893     1928     2088     2677     2083     2087     2802     2676
     1190     1761     1940     1762     1899     2080     2088     2073     2077     2705     2086
     1191     1761     1940     1899     1925     2080     2705     2077     2079     2792     2703
     1192     1762     1894     1893     1940     2084     2675     2083     2088     2683     2677
     1193     1761     1940     1894     1762     2080     2683     2076     2073     2088     2084
     1194     1761     1894     1940     1925     2076     2683     2080     2079     2681     2792
     1195     1746     1886     1941     1841     1960     2654     1963     1958     2521     2523
     1196     1885     1886     1941     1935     2649     2654     2652     2651     2653     2818
     1197     1746     1841     1941     1936     1958     2523     1963     1962     2522     2819
     1198     1839     1941     1886     1841     2515     2654     2511     2508     2523     2521
     1199     1839     1941     1841     1936     2515     2523     2508     2514     2819     2522
     1200     1746     1941     1886     1753     1963     2654     1960     1956     2021     2018
     1201     1753     1941     1886     1935     2021     2654     2018     2020     2818     2653
     1202     1885     1941     1907     1935     2652     2730     2650     2651     2818     2728
     1203     1839     1886     1941     1885     2511     2654     2515     2510     2649     2652
     1204     1746     1941     1747     1936     1963     1972     1955     1962     2819     1971
     1205     1839     1941     1907     1885     2515     2730     2513     2510     2652     2650
     1206     1839     1907     1941     1936     2513     2730     2515     2514     2729     2819
     1207     1759     1942     1764     1789     2065     2105     2057     2060     2252     2100
     1208     1913     1942     1923     1939     2755     2787     2752     2754     2821     2786
     1209     1759     1788     1942     1789     2059     2250     2065     2060     2244     2252
     1210     1759     1942     1788     1924     2065     2250     2059     2063     2788     2249
     1211     1764     1942     1787     1789     2105     2243     2099     2100     2252     2238
     1212     1764     1787     1942     1923     2099     2243     2105     2103     2242     2787
     1213     1764     1923     1942     1939     2103     2787     2105     2104     2786     2821
     1214     1759     1764     1942     1939     2057     2105     2065     2064     2104     2821
     1215     1791     1913     1792     1942     2262     2266     2258     2265     2755     2267
     1216     1791     1913     1942     1923     2262     2755     2265     2264     2752     2787
     1217     1788     1792     1942     1789     2246     2267     2250     2244     2251     2252
     1218     1790     1792     1913     1942     2253     2266     2255     2257     2267     2755
     1219     1790     1942     1913     1924     2257     2755     2255     2256     2788     2753
     1220     1913     1942     1921     1924     2755     2782     2751     2753     2788     2780
     1221     1913     1921     1942     1939     2751     2782     2755     2754     2781     2821
     1222     1788     1792     1790     1942     2246     2253     2245     2250     2267     2257
     1223     1788     1942     1790     1924     2250     2257     2245     2249     2788     2256
     1224     1774     1921     1942     1924     2176     2782     2180     2178     2780     2788
     1225     1759     1774     1942     1924     2058     2180     2065     2063     2178     2788
     1226     1775     1781     1938     1890     2182     2218     2186     2183     2215     2664
     1227     1775     1938     1781     1927     2186     2218     2182     2185     2799     2217
     1228     1791     1920     1800     1820     2263     2308     2259     2260     2432     2306
     1229     1802     1863     1912     1883     2319     2606     2323     2321     2605     2645
     1230     1802     1912     1863     1821     2323     2606     2319     2317     2435     2434
     1231     1802     1822     1863     1882     2318     2438     2319     2320     2439     2604
     1232     1802     1863     1822     1821     2319     2438     2318     2317     2434     2433
     1233     1804     1881     1861     1823     2335     2599     2333     2331     2443     2441
     1234     1804     1861     1881     1880     2333     2599     2335     2334     2598     2640
     1235     1805     1880     1860     1824     2341     2596     2339     2337     2447     2445
     1236     1805     1860     1880     1879     2339     2596     2341     2340     2595     2639
     1237     1771     1926     1772     1898     2155     2160     2150     2154     2699     2159
     1238     1771     1772     1926     1786     2150     2160     2155     2152     2157     2235
     1239     1775     1776     1927     1781     2181     2192     2185     2182     2188     2217
     1240     1775     1927     1776     1891     2185     2192     2181     2184     2668     2190
     1241     1762     1778     1928     1893     2082     2204     2087     2083     2203     2676
     1242     1760     1762     1778     1928     2066     2082     2068     2072     2087     2204
     1243     1762     1928     1769     1896     2087     2141     2081     2085     2688     2140
     1244     1760     1769     1762     1928     2067     2081     2066     2072     2141     2087
     1245     1806     1879     1859     1825     2347     2593     2345     2343     2451     2449
     1246     1806     1859     1879     1878     2345     2593     2347     2346     2592     2638
     1247     1807     1858     1878     1877     2351     2590     2353     2352     2589     2637
     1248     1807     1878     1858     1826     2353     2590     2351     2349     2455     2453
     1249     1808     1877     1857     1827     2359     2587     2357     2355     2459     2457
     1250     1808     1857     1877     1876     2357     2587     2359     2358     2586     2636
     1251     1809     1856     1876     1875     2363     2584     2365     2364     2583     2635
     1252     1809     1876     1856     1828     2365     2584     2363     2361     2463     2461
     1253     1810     1875     1855     1829     2371     2581     2369     2367     2467     2465
     1254     1810     1855     1875     1874     2369     2581     2371     2370     2580     2634
     1255     1811     1854     1874     1873     2375     2578     2377     2376     2577     2633
     1256     1811     1874     1854     1830     2377     2578     2375     2373     2471     2469
     1257     1812     1873     1853     1831     2383     2575     2381     2379     2475     2473
     1258     1812     1853     1873     1872     2381     2575     2383     2382     2574     2632
     1259     1813     1852     1872     1871     2387     2572     2389     2388     2571     2631
     1260     1813     1872     1852     1832     2389     2572     2387     2385     2479     2477
     1261     1814     1851     1871     1870     2393     2569     2395     2394     2568     2630
     1262     1814     1871     1851     1833     2395     2569     2393     2391     2483     2481
     1263     1815     1870     1850     1834     2401     2566     2399     2397     2487     2485
     1264     1815     1850     1870     1869     2399     2566     2401     2400     2565     2629
     1265     1816     1869     1849     1835     2407     2563     2405     2403     2491     2489
     1266     1816     1849     1869     1868     2405     2563     2407     2406     2562     2628
     1267     1817     1868     1848     1836     2413     2559     2411     2409     2495     2493
     1268     1817     1848     1868     1867     2411     2559     2413     2412     2558     2625
     1269     1758     1901     1797     1934     2054     2289     2052     2055     2710     2291
     1270     1797     1934     1901     1799     2291     2710     2289     2286     2304     2302
     1271     1756     1933     1799     1798     2043     2303     2040     2039     2296     2292
     1272     1756     1799     1933     1901     2040     2303     2043     2041     2302     2709
     1273     1843     1902     1935     1845     2529     2712     2531     2526     2541     2543
     1274     1753     1843     1902     1935     2017     2529     2019     2020     2531     2712
     1275     1844     1935     1902     1845     2538     2712     2535     2532     2543     2541
     1276     1749     1902     1844     1935     1985     2535     1983     1987     2712     2538
     1277     1798     1934     1840     1799     2297     2518     2294     2292     2304     2300
     1278     1798     1840     1934     1906     2294     2518     2297     2295     2517     2726
     1279     1844     1935     1885     1907     2538     2651     2534     2536     2728     2650
     1280     1844     1885     1935     1845     2534     2651     2538     2532     2539     2543
     1281     1787     1942     1792     1789     2243     2267     2240     2238     2252     2251
     1282     1897     1925     1898     1900     2694     2698     2691     2693     2708     2697
     1283     1897     1898     1925     1926     2691     2698     2694     2695     2699     2789
     1284     1768     1925     1898     1938     2135     2698     2133     2136     2791     2700
     1285     1898     1938     1925     1926     2700     2791     2698     2699     2795     2789
     1286     1891     1892     1925     1927     2665     2672     2667     2668     2673     2790
     1287     1891     1925     1892     1895     2667     2672     2665     2666     2686     2671
     1288     1891     1925     1938     1927     2667     2791     2669     2668     2790     2799
     1289     1768     1891     1925     1938     2131     2667     2135     2136     2669     2791
     1290     1757     1901     1797     1758     2048     2289     2046     2045     2054     2052
     1291     1757     1797     1901     1933     2046     2289     2048     2051     2290     2709
     1292     1746     1753     1747     1941     1956     1965     1955     1963     2021     1972
     1293     1747     1941     1907     1936     1972     2730     1969     1971     2819     2729
     1294     1838     1930     1932     1915     2503     2809     2504     2502     2760     2761
     1295     1838     1932     1930     1937     2504     2809     2503     2506     2815     2810
     1296     1755     1932     1933     1937     2035     2814     2036     2037     2815     2816
     1297     1759     1774     1939     1942     2058     2179     2064     2065     2180     2821
     1298     1774     1939     1942     1921     2179     2821     2180     2176     2781     2782
     1299     1918     1927     1926     1928     2769     2793     2768     2770     2798     2794
     1300     1926     1928     1927     1940     2794     2798     2793     2796     2802     2800
     1301     1897     1926     1925     1899     2695     2789     2694     2692     2704     2703
     1302     1899     1926     1925     1940     2704     2789     2703     2705     2796     2792
     1303     1894     1925     1927     1940     2681     2790     2682     2683     2792     2800
     1304     1892     1925     1927     1894     2672     2790     2673     2670     2681     2682
     1305     1787     1942     1791     1792     2243     2265     2239     2240     2267     2258
     1306     1787     1791     1942     1923     2239     2265     2243     2242     2264     2787
     1307     1802     1883     1912     1909     2321     2645     2323     2322     2644     2733
     1308     1801     1802     1912     1909     2310     2323     2315     2314     2322     2733
     1309     1791     1800     1920     1923     2259     2308     2263     2264     2309     2777
     1310     1795     1884     1921     1919     2278     2648     2282     2281     2647     2775
     1311     1820     1909     1912     1920     2429     2733     2431     2432     2735     2750
     1312     1820     1912     1910     1920     2431     2737     2430     2432     2750     2740
     1313     1909     1912     1920     1919     2733     2750     2735     2734     2749     2774
     1314     1910     1920     1912     1919     2740     2750     2737     2739     2774     2749
     1315     1887     1918     1944     1928     2655     2772     2657     2656     2770     2803
     1316     1785     1944     1918     1786     2232     2772     2231     2230     2237     2234
     1317     1786     1944     1918     1926     2237     2772     2234     2235     2797     2768
     1318     1889     1945     1918     1928     2662     2773     2660     2661     2804     2770
     1319     1781     1918     1782     1945     2216     2221     2214     2219     2773     2222
     1320     1781     1918     1945     1927     2216     2773     2219     2217     2769     2801
     1321     1750     1946     1754     1931     1995     2028     1990     1994     2812     2027
     1322     1866     1946     1929     1916     2624     2807     2623     2622     2765     2763
     1323     1866     1929     1946     1904     2623     2807     2624     2621     2720     2721
     1324     1893     1894     1945     1940     2675     2684     2678     2677     2683     2824
     1325     1894     1945     1940     1927     2684     2824     2683     2682     2801     2800
     1326     1776     1781     1945     1927     2188     2219     2193     2192     2217     2801
     1327     1776     1945     1781     1782     2193     2219     2188     2189     2222     2214
     1328     1778     1945     1889     1928     2205     2662     2202     2204     2804     2661
     1329     1778     1889     1945     1783     2202     2662     2205     2201     2223     2225
     1330     1777     1945     1778     1893     2200     2205     2194     2198     2678     2203
     1331     1777     1778     1945     1783     2194     2205     2200     2196     2201     2225
     1332     1899     1940     1944     1926     2705     2823     2706     2704     2796     2797
     1333     1896     1944     1899     1940     2690     2706     2687     2689     2823     2705
     1334     1771     1786     1944     1785     2152     2237     2156     2151     2230     2232
     1335     1771     1944     1786     1926     2156     2237     2152     2155     2797     2235
     1336     1769     1770     1944     1784     2137     2149     2142     2138     2144     2229
     1337     1769     1944     1770     1896     2142     2149     2137     2140     2690     2146
     1338     1910     1939     1921     1913     2743     2781     2741     2738     2754     2751
     1339     1910     1921     1939     1943     2741     2781     2743     2744     2783     2822
     1340     1773     1909     1919     1884     2167     2734     2168     2164     2646     2647
     1341     1773     1919     1909     1943     2168     2734     2167     2172     2776     2736
     1342     1755     1757     1933     1932     2030     2051     2036     2035     2050     2814
     1343     1755     1933     1757     1901     2036     2051     2030     2033     2709     2048
     1344     1754     1946     1917     1931     2028     2767     2026     2027     2812     2766
     1345     1756     1934     1901     1758     2044     2710     2041     2038     2055     2054
     1346     1749     1902     1935     1753     1985     2712     1987     1982     2019     2020
     1347     1749     1941     1753     1935     1988     2021     1982     1987     2818     2020
     1348     1747     1941     1753     1749     1972     2021     1965     1964     1988     1982
     1349     1749     1907     1941     1935     1986     2730     1988     1987     2728     2818
     1350     1747     1941     1749     1907     1972     1988     1964     1969     2730     1986
-1
secnum,1    ! reset the section ID to default
! Material Id = {5CB05E89-8AF6-46F9-9204-A01AEEACC69F}
/wb,elem,end               !  done creating elements
toffst,273.15,      ! Temperature offset from absolute zero
/com,*********** Set Reference Temperature ***********
tref,22.
/wb,mat,start              !  starting to send materials
/com,*********** Send Materials ***********
Temperature = 'TEMP' ! Temperature
MP,DENS,1,7.85e-09,	! tonne mm^-3
MP,ALPX,1,1.2e-05,	! C^-1
MP,C,1,434000000,	! mm^2 s^-2 C^-1
MP,KXX,1,60.5,	! tonne mm s^-3 C^-1
MP,RSVX,1,0.00017,	! ohm mm
MP,EX,1,200000,	! tonne s^-2 mm^-1
MP,NUXY,1,0.3,
MP,MURX,1,10000,
MP,UVID,1,e6a87136-1f4d-4826-957a-334df7653c21
MP,UMID,1,59002a79-71c2-428e-906b-55d7dbee100e

Temperature = 'TEMP' ! Temperature
MP,DENS,2,7.85e-09,	! tonne mm^-3
MP,ALPX,2,1.2e-05,	! C^-1
MP,C,2,434000000,	! mm^2 s^-2 C^-1
MP,KXX,2,60.5,	! tonne mm s^-3 C^-1
MP,RSVX,2,0.00017,	! ohm mm
MP,EX,2,200000,	! tonne s^-2 mm^-1
MP,NUXY,2,0.3,
MP,MURX,2,10000,
MP,UVID,2,e6a87136-1f4d-4826-957a-334df7653c21
MP,UMID,2,59002a79-71c2-428e-906b-55d7dbee100e

Temperature = 'TEMP' ! Temperature
MP,DENS,3,7.85e-09,	! tonne mm^-3
MP,ALPX,3,1.2e-05,	! C^-1
MP,C,3,434000000,	! mm^2 s^-2 C^-1
MP,KXX,3,60.5,	! tonne mm s^-3 C^-1
MP,RSVX,3,0.00017,	! ohm mm
MP,EX,3,200000,	! tonne s^-2 mm^-1
MP,NUXY,3,0.3,
MP,MURX,3,10000,
MP,UVID,3,e6a87136-1f4d-4826-957a-334df7653c21
MP,UMID,3,59002a79-71c2-428e-906b-55d7dbee100e

/wb,mat,end                !  done sending materials
!************************* Model Summary ********************
! input,	Structural Steel,	matid,	1
! output,	Structural Steel,	matid,	2
! coupler,	Structural Steel,	matid,	3
!************************* End Model Summary ********************
! get the diagonal of the bounding box. Needed later for other things
*get,_xmin,node,,mnloc,x
*get,_ymin,node,,mnloc,y
*get,_zmin,node,,mnloc,z
*get,_xmax,node,,mxloc,x
*get,_ymax,node,,mxloc,y
*get,_zmax,node,,mxloc,z
_ASMDIAG=(_xmax-_xmin)*(_xmax-_xmin)+(_ymax-_ymin)*(_ymax-_ymin)+(_zmax-_zmin)*(_zmax-_zmin)
_ASMDIAG=SQRT(_ASMDIAG)
/wb,contact,start          !  starting to send contact
/wb,contact,end            !  done creating contacts
/golist
/wb,load,start             !  starting to send loads
/com,*********** Create Remote Point "Internal Remote Point 2" ***********
! -------- Remote Point Used by "Revolute - Ground To input" --------
*set,tid,5
*set,cid,4
et,cid,174
et,tid,170
keyo,tid,2,1               ! Don't fix the pilot node
keyo,tid,4,0               ! Activate all DOF's due to large deformation
keyo,cid,12,5              ! Bonded Contact 
keyo,cid,4,1               ! Deformable RBE3 style load
keyo,cid,2,2               ! MPC style contact
MAT,4 $ TYPE,4 $ REAL,4 $ SECNUM,4 $ ESYS,0    ! ELEMNODES = 8
eblock,21,COMPACT,,30
(21i9)
     2229       17       19       28       28      265      283       28      267
     2230       19       84       28       28      285      361       28      283
     2231       27       29       85       85      349      369       85      353
     2232       28       83       27       27      360      352       27      348
     2233       27       85       20       20      353      297       20      294
     2234       27       83       29       29      352      368       29      349
     2235       30       84       18       18      376      278       18      275
     2236       84       19       18       18      285      273       18      278
     2237       24       20       85       85      293      297       85      327
     2238       24       85       23       23      327      324       23      319
     2239       30       29       83       83      365      368       83      375
     2240       29       23       85       85      321      324       85      369
     2241       28       30       83       83      357      375       83      360
     2242       28       84       30       30      361      376       30      357
     2243       87       19       21       21      286      282       21      305
     2244       19       17       21       21      265      266       21      282
     2245       22       88       26       26      313      343       26      309
     2246       86       21       22       22      304      300       22      312
     2247       20       24      145      145      293      331      145      299
     2248       22       26       86       86      309      342       86      312
     2249       87       25       18       18      336      274       18      279
     2250       19       87       18       18      286      279       18      273
     2251       22       20      145      145      292      299      145      318
     2252       88       24       23       23      328      319       23      325
     2253       23       26       88       88      320      343       88      325
     2254       26       25       86       86      332      335       86      342
     2255       21       86       25       25      304      335       25      301
     2256       21       25       87       87      301      336       87      305
     2257       88       22      145      145      313      318      145      669
     2258       24       88      145      145      328      669      145      331
-1
secnum,1    ! reset the section ID to default
*set,_npilot,2827
_npilot63=_npilot
type,tid
mat ,cid
real,cid
tshape,pilo
en,2259,_npilot
tshape
csys,12
nrot,2827
csys,0
/com,*********** Create Remote Point "Internal Remote Point 3" ***********
! -------- Remote Point Used by "Revolute - input To coupler" --------
*set,tid,7
*set,cid,6
et,cid,174
et,tid,170
keyo,tid,2,1               ! Don't fix the pilot node
keyo,tid,4,0               ! Activate all DOF's due to large deformation
keyo,cid,12,5              ! Bonded Contact 
keyo,cid,4,1               ! Deformable RBE3 style load
keyo,cid,2,2               ! MPC style contact
MAT,6 $ TYPE,6 $ REAL,6 $ SECNUM,6 $ ESYS,0    ! ELEMNODES = 8
eblock,21,COMPACT,,40
(21i9)
     2260        3        1       94       94      146      152       94      165
     2261        3       94       95       95      165      688       95      166
     2262       94        1        6        6      152      147        6      185
     2263       96        6        7        7      186      183        7      198
     2264        4        3       95       95      162      166       95      172
     2265        4       95       11       11      172      225       11      169
     2266        2        4       11       11      157      169       11      158
     2267        5        9        7        7      176      195        7      175
     2268        9       10       97       97      212      221       97      215
     2269        9       97        7        7      215      199        7      195
     2270       97       10       12       12      221      218       12      229
     2271       10        8       12       12      207      208       12      218
     2272       96        7       97       97      198      199       97      696
     2273       95       96       98       98      692      697       98      693
     2274       95       98       11       11      693      226       11      225
     2275       98       96       97       97      697      696       97      700
     2276       98       97       12       12      700      229       12      230
     2277       98       12       11       11      230      224       11      226
     2278        6       96       94       94      186      689       94      185
     2279       96       95       94       94      692      688       94      689
     2280        1       89       14       14      151      248       14      148
     2281        1        3       89       89      146      163       89      151
     2282       89        3       91       91      163      164       91      671
     2283       14       90       13       13      249      236       13      233
     2284        3        4       91       91      162      171       91      164
     2285       91        4       16       16      171      170       16      261
     2286        4        2       16       16      157      159       16      170
     2287        9        5       13       13      176      177       13      213
     2288       10        9       92       92      212      214       92      220
     2289       10       92       15       15      220      257       15      219
     2290       92        9       13       13      214      213       13      237
     2291        8       10       15       15      207      219       15      209
     2292       13       90       92       92      236      675       92      237
     2293       90       91       93       93      674      679       93      676
     2294       93       91       16       16      679      261       16      262
     2295       90       93       92       92      676      682       92      675
     2296       92       93       15       15      682      258       15      257
     2297       15       93       16       16      258      262       16      256
     2298       89       90       14       14      670      249       14      248
     2299       91       90       89       89      674      670       89      671
-1
secnum,1    ! reset the section ID to default
*set,_npilot,2828
_npilot69=_npilot
type,tid
mat ,cid
real,cid
tshape,pilo
en,2300,_npilot
tshape
csys,13
nrot,2828
csys,0
/com,*********** Create Remote Point "Internal Remote Point 4" ***********
! -------- Remote Point Used by "Revolute - input To coupler" --------
*set,tid,9
*set,cid,8
et,cid,174
et,tid,170
keyo,tid,2,1               ! Don't fix the pilot node
keyo,tid,4,0               ! Activate all DOF's due to large deformation
keyo,cid,12,5              ! Bonded Contact 
keyo,cid,4,1               ! Deformable RBE3 style load
keyo,cid,2,2               ! MPC style contact
MAT,8 $ TYPE,8 $ REAL,8 $ SECNUM,8 $ ESYS,0    ! ELEMNODES = 8
eblock,21,COMPACT,,20
(21i9)
     2301     1750     1754     1902     1902     1990     2024     1902     1992
     2302     1750     1752     1754     1754     1989     2006     1754     1990
     2303     1747     1745     1749     1749     1948     1949     1749     1964
     2304     1746     1747     1753     1753     1955     1965     1753     1956
     2305     1748     1752     1750     1750     1974     1989     1750     1973
     2306     1752     1751     1754     1754     1997     1998     1754     2006
     2307     1749     1750     1902     1902     1981     1992     1902     1985
     2308     1749     1902     1753     1753     1985     2019     1753     1982
     2309     1754     1753     1902     1902     2016     2019     1902     2024
     2310     1747     1749     1753     1753     1964     1982     1753     1965
     2311     1747     1746     1758     1758     1955     1957     1758     1967
     2312     1745     1747     1756     1756     1948     1966     1756     1950
     2313     1752     1748     1755     1755     1974     1975     1755     2007
     2314     1751     1752     1757     1757     1997     2008     1757     1999
     2315     1755     1756     1901     1901     2029     2041     1901     2033
     2316     1756     1758     1901     1901     2038     2054     1901     2041
     2317     1758     1757     1901     1901     2045     2048     1901     2054
     2318     1747     1758     1756     1756     1967     2038     1756     1966
     2319     1755     1901     1757     1757     2033     2048     1757     2030
     2320     1752     1755     1757     1757     2007     2030     1757     2008
-1
secnum,1    ! reset the section ID to default
*set,_npilot,2829
_npilot70=_npilot
type,tid
mat ,cid
real,cid
tshape,pilo
en,2321,_npilot
tshape
csys,13
nrot,2829
csys,0
/com,*********** Create Remote Point "Internal Remote Point 5" ***********
! -------- Remote Point Used by "Revolute - coupler To output" --------
*set,tid,11
*set,cid,10
et,cid,174
et,tid,170
keyo,tid,2,1               ! Don't fix the pilot node
keyo,tid,4,0               ! Activate all DOF's due to large deformation
keyo,cid,12,5              ! Bonded Contact 
keyo,cid,4,1               ! Deformable RBE3 style load
keyo,cid,2,2               ! MPC style contact
MAT,10 $ TYPE,10 $ REAL,10 $ SECNUM,10 $ ESYS,0    ! ELEMNODES = 8
eblock,21,COMPACT,,44
(21i9)
     2322     1770     1769     1896     1896     2137     2140     1896     2146
     2323     1769     1760     1762     1762     2067     2066     1762     2081
     2324     1771     1770     1897     1897     2143     2147     1897     2153
     2325     1766     1772     1768     1768     2117     2129     1768     2116
     2326     1772     1771     1898     1898     2150     2154     1898     2159
     2327     1896     1769     1762     1762     2140     2081     1762     2085
     2328     1898     1771     1897     1897     2154     2153     1897     2691
     2329     1898     1897     1900     1900     2691     2693     1900     2697
     2330     1772     1898     1768     1768     2159     2133     1768     2129
     2331     1761     1759     1764     1764     2056     2057     1764     2074
     2332     1762     1761     1899     1899     2073     2077     1899     2086
     2333     1767     1768     1900     1900     2123     2134     1900     2126
     2334     1898     1900     1768     1768     2697     2134     1768     2133
     2335     1900     1897     1899     1899     2693     2692     1899     2701
     2336     1900     1899     1765     1765     2701     2109     1765     2110
     2337     1899     1896     1762     1762     2687     2085     1762     2086
     2338     1764     1765     1899     1899     2098     2109     1899     2101
     2339     1764     1899     1761     1761     2101     2077     1761     2074
     2340     1765     1767     1900     1900     2106     2126     1900     2110
     2341     1763     1767     1765     1765     2090     2106     1765     2089
     2342     1770     1896     1899     1899     2146     2687     1899     2148
     2343     1770     1899     1897     1897     2148     2692     1897     2147
     2344     1760     1778     1762     1762     2068     2082     1762     2066
     2345     1776     1775     1891     1891     2181     2184     1891     2190
     2346     1775     1766     1768     1768     2118     2116     1768     2130
     2347     1777     1776     1892     1892     2187     2191     1892     2197
     2348     1778     1777     1893     1893     2194     2198     1893     2203
     2349     1778     1893     1762     1762     2203     2083     1762     2082
     2350     1776     1891     1892     1892     2190     2665     1892     2191
     2351     1892     1891     1895     1895     2665     2666     1895     2671
     2352     1891     1775     1768     1768     2184     2130     1768     2131
     2353     1759     1761     1774     1774     2056     2075     1774     2058
     2354     1761     1762     1894     1894     2073     2084     1894     2076
     2355     1768     1767     1895     1895     2123     2125     1895     2132
     2356     1895     1891     1768     1768     2666     2131     1768     2132
     2357     1892     1895     1894     1894     2671     2679     1894     2670
     2358     1894     1895     1773     1773     2679     2166     1773     2165
     2359     1893     1894     1762     1762     2675     2084     1762     2083
     2360     1773     1774     1894     1894     2162     2175     1894     2165
     2361     1894     1774     1761     1761     2175     2075     1761     2076
     2362     1767     1773     1895     1895     2124     2166     1895     2125
     2363     1763     1773     1767     1767     2091     2124     1767     2090
     2364     1777     1894     1893     1893     2199     2675     1893     2198
     2365     1777     1892     1894     1894     2197     2670     1894     2199
-1
secnum,1    ! reset the section ID to default
*set,_npilot,2830
_npilot77=_npilot
type,tid
mat ,cid
real,cid
tshape,pilo
en,2366,_npilot
tshape
csys,14
nrot,2830
csys,0
/com,*********** Create Remote Point "Internal Remote Point 6" ***********
! -------- Remote Point Used by "Revolute - coupler To output" --------
*set,tid,13
*set,cid,12
et,cid,174
et,tid,170
keyo,tid,2,1               ! Don't fix the pilot node
keyo,tid,4,0               ! Activate all DOF's due to large deformation
keyo,cid,12,5              ! Bonded Contact 
keyo,cid,4,1               ! Deformable RBE3 style load
keyo,cid,2,2               ! MPC style contact
MAT,12 $ TYPE,12 $ REAL,12 $ SECNUM,12 $ ESYS,0    ! ELEMNODES = 8
eblock,21,COMPACT,,30
(21i9)
     2367      831      833      842      842     1102     1120      842     1104
     2368      833      928      842      842     1122     1198      842     1120
     2369      841      843      929      929     1186     1207      929     1190
     2370      842      927      841      841     1197     1189      841     1185
     2371      841      927      843      843     1189     1206      843     1186
     2372      844      928      832      832     1213     1116      832     1112
     2373      841      929      834      834     1190     1134      834     1131
     2374      928      833      832      832     1122     1110      832     1116
     2375      838      834      929      929     1130     1134      929     1164
     2376      838      929      837      837     1164     1159      837     1154
     2377      843      837      929      929     1156     1159      929     1207
     2378      844      843      927      927     1204     1206      927     1212
     2379      842      844      927      927     1195     1212      927     1197
     2380      842      928      844      844     1198     1213      844     1195
     2381      833      930      931      931     1123     1592      931     1124
     2382      833      831      930      930     1102     1107      930     1123
     2383      835      931      930      930     1141     1592      930     1140
     2384      835      932      931      931     1142     1594      931     1141
     2385      930      831      835      835     1107     1103      835     1140
     2386      839      931      932      932     1172     1594      932     1173
     2387      839      932      840      840     1173     1179      840     1169
     2388      932      835      836      836     1142     1137      836     1148
     2389      932      836      933      933     1148     1149      933     1598
     2390      932      933      840      840     1598     1180      840     1179
     2391      833      931      832      832     1124     1117      832     1110
     2392      933      836      834      834     1149     1129      834     1135
     2393      832      931      839      839     1117     1172      839     1111
     2394      834      838      933      933     1130     1165      933     1135
     2395      933      838      837      837     1165     1154      837     1160
     2396      837      840      933      933     1155     1180      933     1160
-1
secnum,1    ! reset the section ID to default
*set,_npilot,2831
_npilot78=_npilot
type,tid
mat ,cid
real,cid
tshape,pilo
en,2397,_npilot
tshape
csys,14
nrot,2831
csys,0
/com,*********** Create Remote Point "Internal Remote Point 8" ***********
! -------- Remote Point Used by "Revolute - Ground To output" --------
*set,tid,15
*set,cid,14
et,cid,174
et,tid,170
keyo,tid,2,1               ! Don't fix the pilot node
keyo,tid,4,0               ! Activate all DOF's due to large deformation
keyo,cid,12,5              ! Bonded Contact 
keyo,cid,4,1               ! Deformable RBE3 style load
keyo,cid,2,2               ! MPC style contact
MAT,14 $ TYPE,14 $ REAL,14 $ SECNUM,14 $ ESYS,0    ! ELEMNODES = 8
eblock,21,COMPACT,,36
(21i9)
     2398      817      815      820      820      988      989      820     1003
     2399      818      817      938      938     1002     1006      938     1012
     2400      819      823      821      821     1015     1036      821     1014
     2401      823      824      939      939     1052     1061      939     1055
     2402      816      818      825      825      997     1009      825      998
     2403      824      822      826      826     1047     1048      826     1058
     2404      823      939      821      821     1055     1039      821     1036
     2405      939      824      826      826     1061     1058      826     1068
     2406      818      938      825      825     1012     1064      825     1009
     2407      938      817      820      820     1006     1003      820     1028
     2408      820      821      940      940     1025     1040      940     1029
     2409      820      940      938      938     1029     1619      938     1028
     2410      938      940      941      941     1619     1627      941     1620
     2411      938      941      825      825     1620     1065      825     1064
     2412      825      941      826      826     1065     1069      826     1063
     2413      826      941      939      939     1069     1624      939     1068
     2414      939      941      940      940     1624     1627      940     1623
     2415      939      940      821      821     1623     1040      821     1039
     2416      817      818      934      934     1002     1011      934     1005
     2417      815      817      828      828      988     1004      828      990
     2418      817      934      828      828     1005     1085      828     1004
     2419      934      818      830      830     1011     1010      830     1098
     2420      823      819      827      827     1015     1016      827     1053
     2421      824      823      935      935     1052     1054      935     1060
     2422      818      816      830      830      997      999      830     1010
     2423      822      824      829      829     1047     1059      829     1049
     2424      824      935      829      829     1060     1094      829     1059
     2425      935      823      827      827     1054     1053      827     1073
     2426      827      828      936      936     1072     1086      936     1074
     2427      936      828      934      934     1086     1085      934     1607
     2428      936      934      937      937     1607     1608      937     1615
     2429      937      934      830      830     1608     1098      830     1099
     2430      937      830      829      829     1099     1093      829     1095
     2431      937      829      935      935     1095     1094      935     1612
     2432      937      935      936      936     1612     1611      936     1615
     2433      936      935      827      827     1611     1073      827     1074
-1
secnum,1    ! reset the section ID to default
*set,_npilot,2833
_npilot86=_npilot
type,tid
mat ,cid
real,cid
tshape,pilo
en,2434,_npilot
tshape
csys,15
nrot,2833
csys,0
/com,*********** Create Joint "Revolute - Ground To input" ***********
/com,            Real Constant Set For Above Joint Is 16
! Joint Element Type Declaration and Definition using MPC184
*set,_jid,16
et,_jid,184
keyo,_jid,1,6           ! Revolute Joint
keyo,_jid,4,1           ! Z Axis is revolute axis
sectype,_jid, joint, revo, _wbjoint
secjoint,,12,12
mat,_jid
real,_jid
type,_jid
secnum,_jid
en,2217,,2827        ! body to ground joint
/com,*********** Create Joint "Revolute - input To coupler" ***********
/com,            Real Constant Set For Above Joint Is 17
! Joint Element Type Declaration and Definition using MPC184
*set,_jid,17
et,_jid,184
keyo,_jid,1,6           ! Revolute Joint
keyo,_jid,4,1           ! Z Axis is revolute axis
sectype,_jid, joint, revo, _wbjoint
secjoint,,13,13
mat,_jid
real,_jid
type,_jid
secnum,_jid
en,2218,2828,2829      ! body to body joint
/com,*********** Create Joint "Revolute - coupler To output" ***********
/com,            Real Constant Set For Above Joint Is 18
! Joint Element Type Declaration and Definition using MPC184
*set,_jid,18
et,_jid,184
keyo,_jid,1,6           ! Revolute Joint
keyo,_jid,4,1           ! Z Axis is revolute axis
sectype,_jid, joint, revo, _wbjoint
secjoint,,14,14
mat,_jid
real,_jid
type,_jid
secnum,_jid
en,2219,2830,2831      ! body to body joint
/com,*********** Create Joint "Revolute - Ground To output" ***********
/com,            Real Constant Set For Above Joint Is 19
! Joint Element Type Declaration and Definition using MPC184
*set,_jid,19
et,_jid,184
keyo,_jid,1,6           ! Revolute Joint
keyo,_jid,4,1           ! Z Axis is revolute axis
sectype,_jid, joint, revo, _wbjoint
secjoint,,15,15
mat,_jid
real,_jid
type,_jid
secnum,_jid
en,2220,,2833        ! body to ground joint
/com,*********** Create Joint Drivers **********

*DIM,_loadvari91,TABLE,3,1,1,TIME, , , 0
! Time values
*TAXIS,_loadvari91(1),1,0.,1.,45.
! Load values
_loadvari91(1,1,1) = 1.74532925199433e-002
_loadvari91(2,1,1) = 1.74532925199433e-002
_loadvari91(3,1,1) = 6.28318530717959


/gst,on,on
fini
*get,_numnode,node,0,count
*get,_numelem,elem,0,count
*get, _MAXELEMNUM, elem, 0, NUM, MAX
*get, _MAXNODENUM, node, 0, NUM, MAX
*get, _MAXELEMTYPE, etyp, 0, NUM, MAX
*get, _MAXREALCONST, rcon, 0, NUM, MAX
/go
/wb,load,end               !  done creating loads
/com,--- Number of total nodes = %_numnode%
/com,--- Number of contact elements = 200
/com,--- Number of spring elements = 0
/com,--- Number of bearing elements = 0
/com,--- Number of solid elements = 1350
/com,--- Number of condensed parts = 0
/com,--- Number of total elements = %_numelem%
*get,_wallbsol,active,,time,wall
/com,****************************************************************************
/com,*************************    SOLUTION       ********************************
/com,****************************************************************************
/solu
antype,4                   ! transient analysis
nlgeom,on                  ! Turn on Large Deformation Effects
kbc,1                      ! stepped BC's
_thickRatio=  0     ! Ratio of thick parts in the model
eqsl,sparse,,,,,1
cntr,print,1               ! print out contact info and also make no initial contact an error
cncheck,dmp		!	Enable program controlled contact splitting for distributed memory parallel run
dmpoption,emat,no             ! Don't combine emat file for DANSYS
dmpoption,esav,no             ! Don't combine esav file for DANSYS
trnopt,full,,,,,hht        ! HHT time integration method
tintp, mosp			! Choose transient integration settings for moderate speed application
nldiag,cont,iter           ! print out contact info each equilibrium iteration
rescontrol,define,last,last,,dele	   ! Program Controlled
/com,****************************************************
/com,******************* SOLVE FOR LS 1 OF 45 ****************
/nopr
/gopr
esel,s,type,,16
dj,all,rotz,%_loadvari91%
esel,all
autots,on                   ! User turned on automatic time stepping
deltim,0.5,0.5,0.5,OFF
time,1.
timint,on                  ! Turn on time integration effects
outres,erase
outres,all,none
outres,nsol,all,
outres,rsol,all
outres,eangl,all
outres,etmp,all
outres,veng,all
outres,strs,all,
outres,epel,all,
outres,eppl,all,
outres,cont,all,
outres,v,all,
outres,a,all,
/nopr
esel,s,type,,16
esel,a,type,,17,19
cm,_elmisc,elem
esel,all
/gopr
outres,misc,all,_elmisc
! *********** WB SOLVE COMMAND ***********
! check interactive state
*get,ANSINTER_,active,,int
*if,ANSINTER_,ne,0,then
/eof
*endif
solve
/com *************** Write FE CONNECTORS ********* 
CEWRITE,file,ce,,INTE
/com,****************************************************
/com,*************** FINISHED SOLVE FOR LS 1 *************
/com,****************************************************
/com,******************* SOLVE FOR LS 2 OF 45 ****************
/nopr
/gopr
autots,on                   ! User turned on automatic time stepping
deltim,0.5,0.5,0.5,OFF
time,2.
timint,on                  ! Turn on time integration effects
outres,erase
outres,all,none
outres,nsol,all,
outres,rsol,all
outres,eangl,all
outres,etmp,all
outres,veng,all
outres,strs,all,
outres,epel,all,
outres,eppl,all,
outres,cont,all,
outres,v,all,
outres,a,all,
outres,misc,all,_elmisc
solve
/com,****************************************************
/com,*************** FINISHED SOLVE FOR LS 2 *************
/com,****************************************************
/com,******************* SOLVE FOR LS 3 OF 45 ****************
/nopr
/gopr
autots,on                   ! User turned on automatic time stepping
deltim,0.5,0.5,0.5,OFF
time,3.
timint,on                  ! Turn on time integration effects
outres,erase
outres,all,none
outres,nsol,all,
outres,rsol,all
outres,eangl,all
outres,etmp,all
outres,veng,all
outres,strs,all,
outres,epel,all,
outres,eppl,all,
outres,cont,all,
outres,v,all,
outres,a,all,
outres,misc,all,_elmisc
solve
/com,****************************************************
/com,*************** FINISHED SOLVE FOR LS 3 *************
/com,****************************************************
/com,******************* SOLVE FOR LS 4 OF 45 ****************
/nopr
/gopr
autots,on                   ! User turned on automatic time stepping
deltim,0.5,0.5,0.5,OFF
time,4.
timint,on                  ! Turn on time integration effects
outres,erase
outres,all,none
outres,nsol,all,
outres,rsol,all
outres,eangl,all
outres,etmp,all
outres,veng,all
outres,strs,all,
outres,epel,all,
outres,eppl,all,
outres,cont,all,
outres,v,all,
outres,a,all,
outres,misc,all,_elmisc
solve
/com,****************************************************
/com,*************** FINISHED SOLVE FOR LS 4 *************
/com,****************************************************
/com,******************* SOLVE FOR LS 5 OF 45 ****************
/nopr
/gopr
autots,on                   ! User turned on automatic time stepping
deltim,0.5,0.5,0.5,OFF
time,5.
timint,on                  ! Turn on time integration effects
outres,erase
outres,all,none
outres,nsol,all,
outres,rsol,all
outres,eangl,all
outres,etmp,all
outres,veng,all
outres,strs,all,
outres,epel,all,
outres,eppl,all,
outres,cont,all,
outres,v,all,
outres,a,all,
outres,misc,all,_elmisc
solve
/com,****************************************************
/com,*************** FINISHED SOLVE FOR LS 5 *************
/com,****************************************************
/com,******************* SOLVE FOR LS 6 OF 45 ****************
/nopr
/gopr
autots,on                   ! User turned on automatic time stepping
deltim,0.5,0.5,0.5,OFF
time,6.
timint,on                  ! Turn on time integration effects
outres,erase
outres,all,none
outres,nsol,all,
outres,rsol,all
outres,eangl,all
outres,etmp,all
outres,veng,all
outres,strs,all,
outres,epel,all,
outres,eppl,all,
outres,cont,all,
outres,v,all,
outres,a,all,
outres,misc,all,_elmisc
solve
/com,****************************************************
/com,*************** FINISHED SOLVE FOR LS 6 *************
/com,****************************************************
/com,******************* SOLVE FOR LS 7 OF 45 ****************
/nopr
/gopr
autots,on                   ! User turned on automatic time stepping
deltim,0.5,0.5,0.5,OFF
time,7.
timint,on                  ! Turn on time integration effects
outres,erase
outres,all,none
outres,nsol,all,
outres,rsol,all
outres,eangl,all
outres,etmp,all
outres,veng,all
outres,strs,all,
outres,epel,all,
outres,eppl,all,
outres,cont,all,
outres,v,all,
outres,a,all,
outres,misc,all,_elmisc
solve
/com,****************************************************
/com,*************** FINISHED SOLVE FOR LS 7 *************
/com,****************************************************
/com,******************* SOLVE FOR LS 8 OF 45 ****************
/nopr
/gopr
autots,on                   ! User turned on automatic time stepping
deltim,0.5,0.5,0.5,OFF
time,8.
timint,on                  ! Turn on time integration effects
outres,erase
outres,all,none
outres,nsol,all,
outres,rsol,all
outres,eangl,all
outres,etmp,all
outres,veng,all
outres,strs,all,
outres,epel,all,
outres,eppl,all,
outres,cont,all,
outres,v,all,
outres,a,all,
outres,misc,all,_elmisc
solve
/com,****************************************************
/com,*************** FINISHED SOLVE FOR LS 8 *************
/com,****************************************************
/com,******************* SOLVE FOR LS 9 OF 45 ****************
/nopr
/gopr
autots,on                   ! User turned on automatic time stepping
deltim,0.5,0.5,0.5,OFF
time,9.
timint,on                  ! Turn on time integration effects
outres,erase
outres,all,none
outres,nsol,all,
outres,rsol,all
outres,eangl,all
outres,etmp,all
outres,veng,all
outres,strs,all,
outres,epel,all,
outres,eppl,all,
outres,cont,all,
outres,v,all,
outres,a,all,
outres,misc,all,_elmisc
solve
/com,****************************************************
/com,*************** FINISHED SOLVE FOR LS 9 *************
/com,****************************************************
/com,******************* SOLVE FOR LS 10 OF 45 ****************
/nopr
/gopr
autots,on                   ! User turned on automatic time stepping
deltim,0.5,0.5,0.5,OFF
time,10.
timint,on                  ! Turn on time integration effects
outres,erase
outres,all,none
outres,nsol,all,
outres,rsol,all
outres,eangl,all
outres,etmp,all
outres,veng,all
outres,strs,all,
outres,epel,all,
outres,eppl,all,
outres,cont,all,
outres,v,all,
outres,a,all,
outres,misc,all,_elmisc
solve
/com,****************************************************
/com,*************** FINISHED SOLVE FOR LS 10 *************
/com,****************************************************
/com,******************* SOLVE FOR LS 11 OF 45 ****************
/nopr
/gopr
autots,on                   ! User turned on automatic time stepping
deltim,0.5,0.5,0.5,OFF
time,11.
timint,on                  ! Turn on time integration effects
outres,erase
outres,all,none
outres,nsol,all,
outres,rsol,all
outres,eangl,all
outres,etmp,all
outres,veng,all
outres,strs,all,
outres,epel,all,
outres,eppl,all,
outres,cont,all,
outres,v,all,
outres,a,all,
outres,misc,all,_elmisc
solve
/com,****************************************************
/com,*************** FINISHED SOLVE FOR LS 11 *************
/com,****************************************************
/com,******************* SOLVE FOR LS 12 OF 45 ****************
/nopr
/gopr
autots,on                   ! User turned on automatic time stepping
deltim,0.5,0.5,0.5,OFF
time,12.
timint,on                  ! Turn on time integration effects
outres,erase
outres,all,none
outres,nsol,all,
outres,rsol,all
outres,eangl,all
outres,etmp,all
outres,veng,all
outres,strs,all,
outres,epel,all,
outres,eppl,all,
outres,cont,all,
outres,v,all,
outres,a,all,
outres,misc,all,_elmisc
solve
/com,****************************************************
/com,*************** FINISHED SOLVE FOR LS 12 *************
/com,****************************************************
/com,******************* SOLVE FOR LS 13 OF 45 ****************
/nopr
/gopr
autots,on                   ! User turned on automatic time stepping
deltim,0.5,0.5,0.5,OFF
time,13.
timint,on                  ! Turn on time integration effects
outres,erase
outres,all,none
outres,nsol,all,
outres,rsol,all
outres,eangl,all
outres,etmp,all
outres,veng,all
outres,strs,all,
outres,epel,all,
outres,eppl,all,
outres,cont,all,
outres,v,all,
outres,a,all,
outres,misc,all,_elmisc
solve
/com,****************************************************
/com,*************** FINISHED SOLVE FOR LS 13 *************
/com,****************************************************
/com,******************* SOLVE FOR LS 14 OF 45 ****************
/nopr
/gopr
autots,on                   ! User turned on automatic time stepping
deltim,0.5,0.5,0.5,OFF
time,14.
timint,on                  ! Turn on time integration effects
outres,erase
outres,all,none
outres,nsol,all,
outres,rsol,all
outres,eangl,all
outres,etmp,all
outres,veng,all
outres,strs,all,
outres,epel,all,
outres,eppl,all,
outres,cont,all,
outres,v,all,
outres,a,all,
outres,misc,all,_elmisc
solve
/com,****************************************************
/com,*************** FINISHED SOLVE FOR LS 14 *************
/com,****************************************************
/com,******************* SOLVE FOR LS 15 OF 45 ****************
/nopr
/gopr
autots,on                   ! User turned on automatic time stepping
deltim,0.5,0.5,0.5,OFF
time,15.
timint,on                  ! Turn on time integration effects
outres,erase
outres,all,none
outres,nsol,all,
outres,rsol,all
outres,eangl,all
outres,etmp,all
outres,veng,all
outres,strs,all,
outres,epel,all,
outres,eppl,all,
outres,cont,all,
outres,v,all,
outres,a,all,
outres,misc,all,_elmisc
solve
/com,****************************************************
/com,*************** FINISHED SOLVE FOR LS 15 *************
/com,****************************************************
/com,******************* SOLVE FOR LS 16 OF 45 ****************
/nopr
/gopr
autots,on                   ! User turned on automatic time stepping
deltim,0.5,0.5,0.5,OFF
time,16.
timint,on                  ! Turn on time integration effects
outres,erase
outres,all,none
outres,nsol,all,
outres,rsol,all
outres,eangl,all
outres,etmp,all
outres,veng,all
outres,strs,all,
outres,epel,all,
outres,eppl,all,
outres,cont,all,
outres,v,all,
outres,a,all,
outres,misc,all,_elmisc
solve
/com,****************************************************
/com,*************** FINISHED SOLVE FOR LS 16 *************
/com,****************************************************
/com,******************* SOLVE FOR LS 17 OF 45 ****************
/nopr
/gopr
autots,on                   ! User turned on automatic time stepping
deltim,0.5,0.5,0.5,OFF
time,17.
timint,on                  ! Turn on time integration effects
outres,erase
outres,all,none
outres,nsol,all,
outres,rsol,all
outres,eangl,all
outres,etmp,all
outres,veng,all
outres,strs,all,
outres,epel,all,
outres,eppl,all,
outres,cont,all,
outres,v,all,
outres,a,all,
outres,misc,all,_elmisc
solve
/com,****************************************************
/com,*************** FINISHED SOLVE FOR LS 17 *************
/com,****************************************************
/com,******************* SOLVE FOR LS 18 OF 45 ****************
/nopr
/gopr
autots,on                   ! User turned on automatic time stepping
deltim,0.5,0.5,0.5,OFF
time,18.
timint,on                  ! Turn on time integration effects
outres,erase
outres,all,none
outres,nsol,all,
outres,rsol,all
outres,eangl,all
outres,etmp,all
outres,veng,all
outres,strs,all,
outres,epel,all,
outres,eppl,all,
outres,cont,all,
outres,v,all,
outres,a,all,
outres,misc,all,_elmisc
solve
/com,****************************************************
/com,*************** FINISHED SOLVE FOR LS 18 *************
/com,****************************************************
/com,******************* SOLVE FOR LS 19 OF 45 ****************
/nopr
/gopr
autots,on                   ! User turned on automatic time stepping
deltim,0.5,0.5,0.5,OFF
time,19.
timint,on                  ! Turn on time integration effects
outres,erase
outres,all,none
outres,nsol,all,
outres,rsol,all
outres,eangl,all
outres,etmp,all
outres,veng,all
outres,strs,all,
outres,epel,all,
outres,eppl,all,
outres,cont,all,
outres,v,all,
outres,a,all,
outres,misc,all,_elmisc
solve
/com,****************************************************
/com,*************** FINISHED SOLVE FOR LS 19 *************
/com,****************************************************
/com,******************* SOLVE FOR LS 20 OF 45 ****************
/nopr
/gopr
autots,on                   ! User turned on automatic time stepping
deltim,0.5,0.5,0.5,OFF
time,20.
timint,on                  ! Turn on time integration effects
outres,erase
outres,all,none
outres,nsol,all,
outres,rsol,all
outres,eangl,all
outres,etmp,all
outres,veng,all
outres,strs,all,
outres,epel,all,
outres,eppl,all,
outres,cont,all,
outres,v,all,
outres,a,all,
outres,misc,all,_elmisc
solve
/com,****************************************************
/com,*************** FINISHED SOLVE FOR LS 20 *************
/com,****************************************************
/com,******************* SOLVE FOR LS 21 OF 45 ****************
/nopr
/gopr
autots,on                   ! User turned on automatic time stepping
deltim,0.5,0.5,0.5,OFF
time,21.
timint,on                  ! Turn on time integration effects
outres,erase
outres,all,none
outres,nsol,all,
outres,rsol,all
outres,eangl,all
outres,etmp,all
outres,veng,all
outres,strs,all,
outres,epel,all,
outres,eppl,all,
outres,cont,all,
outres,v,all,
outres,a,all,
outres,misc,all,_elmisc
solve
/com,****************************************************
/com,*************** FINISHED SOLVE FOR LS 21 *************
/com,****************************************************
/com,******************* SOLVE FOR LS 22 OF 45 ****************
/nopr
/gopr
autots,on                   ! User turned on automatic time stepping
deltim,0.5,0.5,0.5,OFF
time,22.
timint,on                  ! Turn on time integration effects
outres,erase
outres,all,none
outres,nsol,all,
outres,rsol,all
outres,eangl,all
outres,etmp,all
outres,veng,all
outres,strs,all,
outres,epel,all,
outres,eppl,all,
outres,cont,all,
outres,v,all,
outres,a,all,
outres,misc,all,_elmisc
solve
/com,****************************************************
/com,*************** FINISHED SOLVE FOR LS 22 *************
/com,****************************************************
/com,******************* SOLVE FOR LS 23 OF 45 ****************
/nopr
/gopr
autots,on                   ! User turned on automatic time stepping
deltim,0.5,0.5,0.5,OFF
time,23.
timint,on                  ! Turn on time integration effects
outres,erase
outres,all,none
outres,nsol,all,
outres,rsol,all
outres,eangl,all
outres,etmp,all
outres,veng,all
outres,strs,all,
outres,epel,all,
outres,eppl,all,
outres,cont,all,
outres,v,all,
outres,a,all,
outres,misc,all,_elmisc
solve
/com,****************************************************
/com,*************** FINISHED SOLVE FOR LS 23 *************
/com,****************************************************
/com,******************* SOLVE FOR LS 24 OF 45 ****************
/nopr
/gopr
autots,on                   ! User turned on automatic time stepping
deltim,0.5,0.5,0.5,OFF
time,24.
timint,on                  ! Turn on time integration effects
outres,erase
outres,all,none
outres,nsol,all,
outres,rsol,all
outres,eangl,all
outres,etmp,all
outres,veng,all
outres,strs,all,
outres,epel,all,
outres,eppl,all,
outres,cont,all,
outres,v,all,
outres,a,all,
outres,misc,all,_elmisc
solve
/com,****************************************************
/com,*************** FINISHED SOLVE FOR LS 24 *************
/com,****************************************************
/com,******************* SOLVE FOR LS 25 OF 45 ****************
/nopr
/gopr
autots,on                   ! User turned on automatic time stepping
deltim,0.5,0.5,0.5,OFF
time,25.
timint,on                  ! Turn on time integration effects
outres,erase
outres,all,none
outres,nsol,all,
outres,rsol,all
outres,eangl,all
outres,etmp,all
outres,veng,all
outres,strs,all,
outres,epel,all,
outres,eppl,all,
outres,cont,all,
outres,v,all,
outres,a,all,
outres,misc,all,_elmisc
solve
/com,****************************************************
/com,*************** FINISHED SOLVE FOR LS 25 *************
/com,****************************************************
/com,******************* SOLVE FOR LS 26 OF 45 ****************
/nopr
/gopr
autots,on                   ! User turned on automatic time stepping
deltim,0.5,0.5,0.5,OFF
time,26.
timint,on                  ! Turn on time integration effects
outres,erase
outres,all,none
outres,nsol,all,
outres,rsol,all
outres,eangl,all
outres,etmp,all
outres,veng,all
outres,strs,all,
outres,epel,all,
outres,eppl,all,
outres,cont,all,
outres,v,all,
outres,a,all,
outres,misc,all,_elmisc
solve
/com,****************************************************
/com,*************** FINISHED SOLVE FOR LS 26 *************
/com,****************************************************
/com,******************* SOLVE FOR LS 27 OF 45 ****************
/nopr
/gopr
autots,on                   ! User turned on automatic time stepping
deltim,0.5,0.5,0.5,OFF
time,27.
timint,on                  ! Turn on time integration effects
outres,erase
outres,all,none
outres,nsol,all,
outres,rsol,all
outres,eangl,all
outres,etmp,all
outres,veng,all
outres,strs,all,
outres,epel,all,
outres,eppl,all,
outres,cont,all,
outres,v,all,
outres,a,all,
outres,misc,all,_elmisc
solve
/com,****************************************************
/com,*************** FINISHED SOLVE FOR LS 27 *************
/com,****************************************************
/com,******************* SOLVE FOR LS 28 OF 45 ****************
/nopr
/gopr
autots,on                   ! User turned on automatic time stepping
deltim,0.5,0.5,0.5,OFF
time,28.
timint,on                  ! Turn on time integration effects
outres,erase
outres,all,none
outres,nsol,all,
outres,rsol,all
outres,eangl,all
outres,etmp,all
outres,veng,all
outres,strs,all,
outres,epel,all,
outres,eppl,all,
outres,cont,all,
outres,v,all,
outres,a,all,
outres,misc,all,_elmisc
solve
/com,****************************************************
/com,*************** FINISHED SOLVE FOR LS 28 *************
/com,****************************************************
/com,******************* SOLVE FOR LS 29 OF 45 ****************
/nopr
/gopr
autots,on                   ! User turned on automatic time stepping
deltim,0.5,0.5,0.5,OFF
time,29.
timint,on                  ! Turn on time integration effects
outres,erase
outres,all,none
outres,nsol,all,
outres,rsol,all
outres,eangl,all
outres,etmp,all
outres,veng,all
outres,strs,all,
outres,epel,all,
outres,eppl,all,
outres,cont,all,
outres,v,all,
outres,a,all,
outres,misc,all,_elmisc
solve
/com,****************************************************
/com,*************** FINISHED SOLVE FOR LS 29 *************
/com,****************************************************
/com,******************* SOLVE FOR LS 30 OF 45 ****************
/nopr
/gopr
autots,on                   ! User turned on automatic time stepping
deltim,0.5,0.5,0.5,OFF
time,30.
timint,on                  ! Turn on time integration effects
outres,erase
outres,all,none
outres,nsol,all,
outres,rsol,all
outres,eangl,all
outres,etmp,all
outres,veng,all
outres,strs,all,
outres,epel,all,
outres,eppl,all,
outres,cont,all,
outres,v,all,
outres,a,all,
outres,misc,all,_elmisc
solve
/com,****************************************************
/com,*************** FINISHED SOLVE FOR LS 30 *************
/com,****************************************************
/com,******************* SOLVE FOR LS 31 OF 45 ****************
/nopr
/gopr
autots,on                   ! User turned on automatic time stepping
deltim,0.5,0.5,0.5,OFF
time,31.
timint,on                  ! Turn on time integration effects
outres,erase
outres,all,none
outres,nsol,all,
outres,rsol,all
outres,eangl,all
outres,etmp,all
outres,veng,all
outres,strs,all,
outres,epel,all,
outres,eppl,all,
outres,cont,all,
outres,v,all,
outres,a,all,
outres,misc,all,_elmisc
solve
/com,****************************************************
/com,*************** FINISHED SOLVE FOR LS 31 *************
/com,****************************************************
/com,******************* SOLVE FOR LS 32 OF 45 ****************
/nopr
/gopr
autots,on                   ! User turned on automatic time stepping
deltim,0.5,0.5,0.5,OFF
time,32.
timint,on                  ! Turn on time integration effects
outres,erase
outres,all,none
outres,nsol,all,
outres,rsol,all
outres,eangl,all
outres,etmp,all
outres,veng,all
outres,strs,all,
outres,epel,all,
outres,eppl,all,
outres,cont,all,
outres,v,all,
outres,a,all,
outres,misc,all,_elmisc
solve
/com,****************************************************
/com,*************** FINISHED SOLVE FOR LS 32 *************
/com,****************************************************
/com,******************* SOLVE FOR LS 33 OF 45 ****************
/nopr
/gopr
autots,on                   ! User turned on automatic time stepping
deltim,0.5,0.5,0.5,OFF
time,33.
timint,on                  ! Turn on time integration effects
outres,erase
outres,all,none
outres,nsol,all,
outres,rsol,all
outres,eangl,all
outres,etmp,all
outres,veng,all
outres,strs,all,
outres,epel,all,
outres,eppl,all,
outres,cont,all,
outres,v,all,
outres,a,all,
outres,misc,all,_elmisc
solve
/com,****************************************************
/com,*************** FINISHED SOLVE FOR LS 33 *************
/com,****************************************************
/com,******************* SOLVE FOR LS 34 OF 45 ****************
/nopr
/gopr
autots,on                   ! User turned on automatic time stepping
deltim,0.5,0.5,0.5,OFF
time,34.
timint,on                  ! Turn on time integration effects
outres,erase
outres,all,none
outres,nsol,all,
outres,rsol,all
outres,eangl,all
outres,etmp,all
outres,veng,all
outres,strs,all,
outres,epel,all,
outres,eppl,all,
outres,cont,all,
outres,v,all,
outres,a,all,
outres,misc,all,_elmisc
solve
/com,****************************************************
/com,*************** FINISHED SOLVE FOR LS 34 *************
/com,****************************************************
/com,******************* SOLVE FOR LS 35 OF 45 ****************
/nopr
/gopr
autots,on                   ! User turned on automatic time stepping
deltim,0.5,0.5,0.5,OFF
time,35.
timint,on                  ! Turn on time integration effects
outres,erase
outres,all,none
outres,nsol,all,
outres,rsol,all
outres,eangl,all
outres,etmp,all
outres,veng,all
outres,strs,all,
outres,epel,all,
outres,eppl,all,
outres,cont,all,
outres,v,all,
outres,a,all,
outres,misc,all,_elmisc
solve
/com,****************************************************
/com,*************** FINISHED SOLVE FOR LS 35 *************
/com,****************************************************
/com,******************* SOLVE FOR LS 36 OF 45 ****************
/nopr
/gopr
autots,on                   ! User turned on automatic time stepping
deltim,0.5,0.5,0.5,OFF
time,36.
timint,on                  ! Turn on time integration effects
outres,erase
outres,all,none
outres,nsol,all,
outres,rsol,all
outres,eangl,all
outres,etmp,all
outres,veng,all
outres,strs,all,
outres,epel,all,
outres,eppl,all,
outres,cont,all,
outres,v,all,
outres,a,all,
outres,misc,all,_elmisc
solve
/com,****************************************************
/com,*************** FINISHED SOLVE FOR LS 36 *************
/com,****************************************************
/com,******************* SOLVE FOR LS 37 OF 45 ****************
/nopr
/gopr
autots,on                   ! User turned on automatic time stepping
deltim,0.5,0.5,0.5,OFF
time,37.
timint,on                  ! Turn on time integration effects
outres,erase
outres,all,none
outres,nsol,all,
outres,rsol,all
outres,eangl,all
outres,etmp,all
outres,veng,all
outres,strs,all,
outres,epel,all,
outres,eppl,all,
outres,cont,all,
outres,v,all,
outres,a,all,
outres,misc,all,_elmisc
solve
/com,****************************************************
/com,*************** FINISHED SOLVE FOR LS 37 *************
/com,****************************************************
/com,******************* SOLVE FOR LS 38 OF 45 ****************
/nopr
/gopr
autots,on                   ! User turned on automatic time stepping
deltim,0.5,0.5,0.5,OFF
time,38.
timint,on                  ! Turn on time integration effects
outres,erase
outres,all,none
outres,nsol,all,
outres,rsol,all
outres,eangl,all
outres,etmp,all
outres,veng,all
outres,strs,all,
outres,epel,all,
outres,eppl,all,
outres,cont,all,
outres,v,all,
outres,a,all,
outres,misc,all,_elmisc
solve
/com,****************************************************
/com,*************** FINISHED SOLVE FOR LS 38 *************
/com,****************************************************
/com,******************* SOLVE FOR LS 39 OF 45 ****************
/nopr
/gopr
autots,on                   ! User turned on automatic time stepping
deltim,0.5,0.5,0.5,OFF
time,39.
timint,on                  ! Turn on time integration effects
outres,erase
outres,all,none
outres,nsol,all,
outres,rsol,all
outres,eangl,all
outres,etmp,all
outres,veng,all
outres,strs,all,
outres,epel,all,
outres,eppl,all,
outres,cont,all,
outres,v,all,
outres,a,all,
outres,misc,all,_elmisc
solve
/com,****************************************************
/com,*************** FINISHED SOLVE FOR LS 39 *************
/com,****************************************************
/com,******************* SOLVE FOR LS 40 OF 45 ****************
/nopr
/gopr
autots,on                   ! User turned on automatic time stepping
deltim,0.5,0.5,0.5,OFF
time,40.
timint,on                  ! Turn on time integration effects
outres,erase
outres,all,none
outres,nsol,all,
outres,rsol,all
outres,eangl,all
outres,etmp,all
outres,veng,all
outres,strs,all,
outres,epel,all,
outres,eppl,all,
outres,cont,all,
outres,v,all,
outres,a,all,
outres,misc,all,_elmisc
solve
/com,****************************************************
/com,*************** FINISHED SOLVE FOR LS 40 *************
/com,****************************************************
/com,******************* SOLVE FOR LS 41 OF 45 ****************
/nopr
/gopr
autots,on                   ! User turned on automatic time stepping
deltim,0.5,0.5,0.5,OFF
time,41.
timint,on                  ! Turn on time integration effects
outres,erase
outres,all,none
outres,nsol,all,
outres,rsol,all
outres,eangl,all
outres,etmp,all
outres,veng,all
outres,strs,all,
outres,epel,all,
outres,eppl,all,
outres,cont,all,
outres,v,all,
outres,a,all,
outres,misc,all,_elmisc
solve
/com,****************************************************
/com,*************** FINISHED SOLVE FOR LS 41 *************
/com,****************************************************
/com,******************* SOLVE FOR LS 42 OF 45 ****************
/nopr
/gopr
autots,on                   ! User turned on automatic time stepping
deltim,0.5,0.5,0.5,OFF
time,42.
timint,on                  ! Turn on time integration effects
outres,erase
outres,all,none
outres,nsol,all,
outres,rsol,all
outres,eangl,all
outres,etmp,all
outres,veng,all
outres,strs,all,
outres,epel,all,
outres,eppl,all,
outres,cont,all,
outres,v,all,
outres,a,all,
outres,misc,all,_elmisc
solve
/com,****************************************************
/com,*************** FINISHED SOLVE FOR LS 42 *************
/com,****************************************************
/com,******************* SOLVE FOR LS 43 OF 45 ****************
/nopr
/gopr
autots,on                   ! User turned on automatic time stepping
deltim,0.5,0.5,0.5,OFF
time,43.
timint,on                  ! Turn on time integration effects
outres,erase
outres,all,none
outres,nsol,all,
outres,rsol,all
outres,eangl,all
outres,etmp,all
outres,veng,all
outres,strs,all,
outres,epel,all,
outres,eppl,all,
outres,cont,all,
outres,v,all,
outres,a,all,
outres,misc,all,_elmisc
solve
/com,****************************************************
/com,*************** FINISHED SOLVE FOR LS 43 *************
/com,****************************************************
/com,******************* SOLVE FOR LS 44 OF 45 ****************
/nopr
/gopr
autots,on                   ! User turned on automatic time stepping
deltim,0.5,0.5,0.5,OFF
time,44.
timint,on                  ! Turn on time integration effects
outres,erase
outres,all,none
outres,nsol,all,
outres,rsol,all
outres,eangl,all
outres,etmp,all
outres,veng,all
outres,strs,all,
outres,epel,all,
outres,eppl,all,
outres,cont,all,
outres,v,all,
outres,a,all,
outres,misc,all,_elmisc
solve
/com,****************************************************
/com,*************** FINISHED SOLVE FOR LS 44 *************
/com,****************************************************
/com,******************* SOLVE FOR LS 45 OF 45 ****************
/nopr
/gopr
autots,on                   ! User turned on automatic time stepping
deltim,0.5,0.5,0.5,OFF
time,45.
timint,on                  ! Turn on time integration effects
outres,erase
outres,all,none
outres,nsol,all,
outres,rsol,all
outres,eangl,all
outres,etmp,all
outres,veng,all
outres,strs,all,
outres,epel,all,
outres,eppl,all,
outres,cont,all,
outres,v,all,
outres,a,all,
outres,misc,all,_elmisc
solve
/com,****************************************************
/com,*************** FINISHED SOLVE FOR LS 45 *************
fini
*get,_wallasol,active,,time,wall
/nopr
*get,_numnode,node,0,count
*get,_numelem,elem,0,count
*get, _MAXELEMNUM, elem, 0, NUM, MAX
*get, _MAXNODENUM, node, 0, NUM, MAX,,,INTERNAL
*get, _MAXELEMTYPE, etyp, 0, NUM, MAX
*get, _MAXREALCONST, rcon, 0, NUM, MAX
*get,_NSOLTHREADS,active,0,ntfs
*get,_NSOLPROCESSES,active,0,npfs
/gopr
/post1
xmlo,ENCODING,ISO-8859-1
xmlo,parm
/xml,parm,xml
fini
/gopr
*get,_walldone,active,,time,wall
_preptime=(_wallbsol-_wallstrt)*3600
_solvtime=(_wallasol-_wallbsol)*3600
_posttime=(_walldone-_wallasol)*3600
_totaltim=(_walldone-_wallstrt)*3600
*get,_dlbratio,active,0,solu,dlbr
*get,_combtime,active,0,solu,comb
*get,_ssmode,active,0,solu,ssmm
*get,_ndofs,active,0,solu,ndof
*get,_sol_end_time,active,0,set,time
*if,_sol_end_time,eq,45.000000,then
/fclean				!clean distributed files
*endif
/com,--- Total number of nodes = %_numnode%
/com,--- Total number of elements = %_numelem%
/com,--- Element load balance ratio = %_dlbratio%
/com,--- Time to combine distributed files = %_combtime%
/com,--- Sparse memory mode = %_ssmode%
/com,--- Number of DOF = %_ndofs%
/wb,file,end               ! done with WB generated input
