
 Ansys Mechanical Enterprise Academic Student      


 *------------------------------------------------------------------*
 |                                                                  |
 |   W E L C O M E   T O   T H E   A N S Y S (R)  P R O G R A M     |
 |                                                                  |
 *------------------------------------------------------------------*




 ***************************************************************
 *         ANSYS MAPDL 2026 R1          LEGAL NOTICES          *
 ***************************************************************
 *                                                             *
 * Copyright (c) 2026 Synopsys, Inc. and ANSYS, Inc.           *
 * All rights reserved.                                        *
 * Unauthorized use, distribution or duplication is            *
 * prohibited.                                                 *
 *                                                             *
 * Ansys is a registered trademark of Ansys, Inc. or its       *
 * subsidiaries in the United States or other countries.       *
 * See the Ansys, Inc. online documentation or the Ansys, Inc. *
 * documentation CD or online help for the complete Legal      *
 * Notice.                                                     *
 *                                                             *
 ***************************************************************
 *                                                             *
 * THIS ANSYS SOFTWARE PRODUCT AND PROGRAM DOCUMENTATION       *
 * INCLUDE TRADE SECRETS AND CONFIDENTIAL AND PROPRIETARY      *
 * PRODUCTS OF ANSYS, INC., ITS SUBSIDIARIES, OR LICENSORS.    *
 * The software products and documentation are furnished by    *
 * Ansys, Inc. or its subsidiaries under a software license    *
 * agreement that contains provisions concerning               *
 * non-disclosure, copying, length and nature of use,          *
 * compliance with exporting laws, warranties, disclaimers,    *
 * limitations of liability, and remedies, and other           *
 * provisions.  The software products and documentation may be *
 * used, disclosed, transferred, or copied only in accordance  *
 * with the terms and conditions of that software license      *
 * agreement.                                                  *
 *                                                             *
 * Ansys, Inc. is a UL registered                              *
 * ISO 9001:2015 company.                                      *
 *                                                             *
 ***************************************************************
 *                                                             *
 * This product is subject to U.S. laws governing export and   *
 * re-export.                                                  *
 *                                                             *
 * For U.S. Government users, except as specifically granted   *
 * by the Ansys, Inc. software license agreement, the use,     *
 * duplication, or disclosure by the United States Government  *
 * is subject to restrictions stated in the Ansys, Inc.        *
 * software license agreement and FAR 12.212 (for non-DOD      *
 * licenses).                                                  *
 *                                                             *
 ***************************************************************

 2026 R1 
     
 Point Releases and Patches installed:   
     
 Ansys, Inc. License Manager 2026 R1 
 Discovery (full install) 2026 R1
 Core WB Files 2026 R1   
 optiSLang Core UI 2026 R1   
 CFX (includes CFD-Post) 2026 R1 
 Chemkin 2026 R1 
 EnSight 2026 R1 
 FENSAP-ICE 2026 R1  
 Fluent (includes CFD-Post) 2026 R1  
 Polyflow (includes CFD-Post) 2026 R1
 Forte (includes EnSight) 2026 R1
 Rocky 2026 R1   
 TurboGrid 2026 R1   
 ACIS Geometry Interface 2026 R1 
 AutoCAD Geometry Interface 2026 R1  
 Catia, Version 4 Geometry Interface 2026 R1 
 Catia, Version 5 Geometry Interface 2026 R1 
 Catia, Version 6 Geometry Interface 2026 R1 
 Creo Elements/Direct Modeling Geometry Interface 2026 R1
 Creo Parametric Geometry Interface 2026 R1  
 Inventor Geometry Interface 2026 R1 
 JTOpen Geometry Interface 2026 R1   
 NX Geometry Interface 2026 R1   
 Parasolid Geometry Interface  2026 R1   
 Solid Edge Geometry Interface 2026 R1   
 SOLIDWORKS Geometry Interface 2026 R1   
 Speos 2026 R1   
 SpaceClaim 2026 R1  
 Speos RPC 2026 R1   
 Zemax OpticStudio 2026 R1   
 Dynamic Reporting 2026 R1   
 Aqwa 2026 R1
 Autodyn 2026 R1 
 Material Calibration App 2026 R1
 Mechanical Products 2026 R1 
 Motion 2026 R1  
 Academic Student 2026 R1


          *****  MAPDL COMMAND LINE ARGUMENTS  *****
  BATCH MODE REQUESTED (-b)    = NOLIST
  INPUT FILE COPY MODE (-c)    = COPY
  DISTRIBUTED MEMORY PARALLEL REQUESTED
       2 PARALLEL PROCESSES REQUESTED WITH SINGLE THREAD PER PROCESS
    TOTAL OF     2 CORES REQUESTED
  INPUT FILE NAME              = F:\CoME\Forth Semester\Practice FEM\Git_upload\06_Dynamic_Analysis\3_transient_analysis\06_3_ii_four_bar_mechanism\ansys\project_files\_ProjectScratch\Scr451E\dummy.dat
  OUTPUT FILE NAME             = F:\CoME\Forth Semester\Practice FEM\Git_upload\06_Dynamic_Analysis\3_transient_analysis\06_3_ii_four_bar_mechanism\ansys\project_files\_ProjectScratch\Scr451E\solve.out
  START-UP FILE MODE           = NOREAD
  STOP FILE MODE               = NOREAD

 RELEASE= 2026 R1              BUILD= 26.1      UP20260202   VERSION=WINDOWS x64 
 CURRENT JOBNAME=file0  09:03:27  AUG 09, 2026  Elapsed Time=       0.281


 PARAMETER _DS_PROGRESS =     999.0000000    

 /INPUT FILE= ds.dat  LINE=       0



 *** NOTE ***                            ELAPSED TIME =       5.937   TIME= 09:03:28
 The /CONFIG,NOELDB command is not valid in a distributed memory         
 parallel solution.  Command is ignored.                                 

 *GET  _WALLSTRT  FROM  ACTI  ITEM=TIME WALL  VALUE= 0.165444833E-02

 TITLE= 
 four_bar_mechanism--Transient (B5)                                            

  ACT Extensions:
      LSDYNA, 2026.1
      5f463412-bd3e-484b-87e7-cbc0a665e474, wbex
      ANSYSMotion, 2026.1
      20180725-3f81-49eb-9f31-41364844c769, wbex

 SET PARAMETER DIMENSIONS ON  _WB_PROJECTSCRATCH_DIR
  TYPE=STRI  DIMENSIONS=      248        1        1

 PARAMETER _WB_PROJECTSCRATCH_DIR(1) = F:\CoME\Forth Semester\Practice FEM\Git_upload\06_Dynamic_Analysis\3_transient_analysis\06_3_ii_four_bar_mechanism\ansys\project_files\_ProjectScratch\Scr451E\

 SET PARAMETER DIMENSIONS ON  _WB_SOLVERFILES_DIR
  TYPE=STRI  DIMENSIONS=      248        1        1

 PARAMETER _WB_SOLVERFILES_DIR(1) = F:\CoME\Forth Semester\Practice FEM\Git_upload\06_Dynamic_Analysis\3_transient_analysis\06_3_ii_four_bar_mechanism\ansys\project_files\four_bar_mechanism_files\dp0\SYS\MECH\

 SET PARAMETER DIMENSIONS ON  _WB_USERFILES_DIR
  TYPE=STRI  DIMENSIONS=      248        1        1

 PARAMETER _WB_USERFILES_DIR(1) = F:\CoME\Forth Semester\Practice FEM\Git_upload\06_Dynamic_Analysis\3_transient_analysis\06_3_ii_four_bar_mechanism\ansys\project_files\four_bar_mechanism_files\user_files\
 --- Data in consistent NMM units. See Solving Units in the help system for more

 MPA UNITS SPECIFIED FOR INTERNAL    
  LENGTH      = MILLIMETERS (mm)
  MASS        = TONNE (Mg)
  TIME        = SECONDS (sec)
  TEMPERATURE = CELSIUS (C)
  TOFFSET     = 273.0
  FORCE       = NEWTON (N)
  HEAT        = MILLIJOULES (mJ)

 INPUT  UNITS ARE ALSO SET TO MPA 

 *** MAPDL - ENGINEERING ANALYSIS SYSTEM  RELEASE 2026 R1          26.1     ***
 Ansys Mechanical Enterprise Academic Student      
 01055371  VERSION=WINDOWS x64   09:03:28  AUG 09, 2026 Elapsed Time=      5.969

 four_bar_mechanism--Transient (B5)                                            



          ***** MAPDL ANALYSIS DEFINITION (PREP7) *****
 *********** Send User Defined Coordinate System(s) ***********
 *********** Nodes for the whole assembly ***********
 *********** Nodes for all Remote Points ***********
 *********** Elements for Body 1 'input' ***********
 *********** Elements for Body 2 'output' ***********
 *********** Elements for Body 3 'coupler' ***********
 *********** Set Reference Temperature ***********
 *********** Send Materials ***********
 *********** Create Remote Point "Internal Remote Point 2" ***********
 *********** Create Remote Point "Internal Remote Point 3" ***********
 *********** Create Remote Point "Internal Remote Point 4" ***********
 *********** Create Remote Point "Internal Remote Point 5" ***********
 *********** Create Remote Point "Internal Remote Point 6" ***********
 *********** Create Remote Point "Internal Remote Point 8" ***********
 *********** Create Joint "Revolute - Ground To input" ***********
             Real Constant Set For Above Joint Is 16
 *********** Create Joint "Revolute - input To coupler" ***********
             Real Constant Set For Above Joint Is 17
 *********** Create Joint "Revolute - coupler To output" ***********
             Real Constant Set For Above Joint Is 18
 *********** Create Joint "Revolute - Ground To output" ***********
             Real Constant Set For Above Joint Is 19
 *********** Create Joint Drivers **********


 ***** ROUTINE COMPLETED *****  ELAPSED TIME =         6.094


 --- Number of total nodes = 2833
 --- Number of contact elements = 200
 --- Number of spring elements = 0
 --- Number of bearing elements = 0
 --- Number of solid elements = 1350
 --- Number of condensed parts = 0
 --- Number of total elements = 1560

 *GET  _WALLBSOL  FROM  ACTI  ITEM=TIME WALL  VALUE= 0.169338058E-02
 ****************************************************************************
 *************************    SOLUTION       ********************************
 ****************************************************************************

 *****  MAPDL SOLUTION ROUTINE  *****


 PERFORM A TRANSIENT ANALYSIS
  THIS WILL BE A NEW ANALYSIS

 LARGE DEFORMATION ANALYSIS

 STEP BOUNDARY CONDITION KEY= 1

 PARAMETER _THICKRATIO =     0.000000000    

 USE SPARSE MATRIX DIRECT SOLVER

 CONTACT INFORMATION PRINTOUT LEVEL       1

 CHECK INITIAL OPEN/CLOSED STATUS OF SELECTED CONTACT ELEMENTS
      AND LIST DETAILED CONTACT PAIR INFORMATION

 SPLIT CONTACT SURFACES AT SOLVE PHASE

    NUMBER OF SPLITTING TBD BY PROGRAM

 DO NOT COMBINE ELEMENT MATRIX FILES (.emat) AFTER DISTRIBUTED PARALLEL SOLUTION

 DO NOT COMBINE ELEMENT SAVE DATA FILES (.esav) AFTER DISTRIBUTED PARALLEL SOLUTION

 PERFORM A FULL TRANSIENT ANALYSIS
  USING HHT ALGORITHM

 USE SETTINGS FOR MODERATE SPEED DYNAMIC APPLICATIONS
 SECOND ORDER TRANSIENT PARAMETERS
   GAMMA= 0.1000      (ALPHA= 0.3025      DELTA= 0.6000      ALPHAF= 0.1000      ALPHAM=  0.000    )

 USE FIRST ORDER TRANSIENT PARAMETER THETA=  1.000    

 NLDIAG: Nonlinear diagnostics CONT option is set to ON. 
         Writing frequency : each ITERATION.

 DEFINE RESTART CONTROL FOR LOADSTEP LAST
 AT FREQUENCY OF LAST AND NUMBER FOR OVERWRITE IS   -1

 DELETE RESTART FILES OF ENDSTEP
 ****************************************************
 ******************* SOLVE FOR LS 1 OF 45 ****************

 PRINTOUT RESUMED BY /GOP

 SELECT       FOR ITEM=TYPE COMPONENT=    
  IN RANGE        16 TO         16 STEP          1

          1  ELEMENTS (OF       1560  DEFINED) SELECTED BY  ESEL  COMMAND.

 APPLIED BOUNDARY CONDITIONS OR FORCES FOR JOINT ELEMENTS

SPECIFIED VALUE FOR ALL SELECTED ELEMENTS
FORCE, MOMENT, DISPLACEMENT OR ROTATION LABEL = ROTZ
SET ACCORDING TO TABLE PARAMETER              = _LOADVARI91                                                                                                                                                                                                                                                     

 ALL SELECT   FOR ITEM=ELEM COMPONENT=    
  IN RANGE         1 TO       2434 STEP          1

       1560  ELEMENTS (OF       1560  DEFINED) SELECTED BY  ESEL  COMMAND.

 USE AUTOMATIC TIME STEPPING THIS LOAD STEP

 USE INITIAL TIME STEP SIZE OF 0.5000000     FOR ALL  DEGREES OF FREEDOM
 FOR AUTOMATIC TIME STEPPING:
   USE 0.5000000     AS THE MINIMUM TIME STEP SIZE
   USE 0.5000000     AS THE MAXIMUM TIME STEP SIZE

 TIME=  1.0000    

 INCLUDE TRANSIENT EFFECTS FOR  ALL DEGREES OF FREEDOM THIS LOAD STEP

 ERASE THE CURRENT DATABASE OUTPUT CONTROL TABLE.


 WRITE ALL  ITEMS TO THE DATABASE WITH A FREQUENCY OF NONE
   FOR ALL APPLICABLE ENTITIES

 WRITE NSOL ITEMS TO THE DATABASE WITH A FREQUENCY OF ALL 
   FOR ALL APPLICABLE ENTITIES

 WRITE RSOL ITEMS TO THE DATABASE WITH A FREQUENCY OF ALL 
   FOR ALL APPLICABLE ENTITIES

 WRITE EANG ITEMS TO THE DATABASE WITH A FREQUENCY OF ALL 
   FOR ALL APPLICABLE ENTITIES

 WRITE ETMP ITEMS TO THE DATABASE WITH A FREQUENCY OF ALL 
   FOR ALL APPLICABLE ENTITIES

 WRITE VENG ITEMS TO THE DATABASE WITH A FREQUENCY OF ALL 
   FOR ALL APPLICABLE ENTITIES

 WRITE STRS ITEMS TO THE DATABASE WITH A FREQUENCY OF ALL 
   FOR ALL APPLICABLE ENTITIES

 WRITE EPEL ITEMS TO THE DATABASE WITH A FREQUENCY OF ALL 
   FOR ALL APPLICABLE ENTITIES

 WRITE EPPL ITEMS TO THE DATABASE WITH A FREQUENCY OF ALL 
   FOR ALL APPLICABLE ENTITIES

 WRITE CONT ITEMS TO THE DATABASE WITH A FREQUENCY OF ALL 
   FOR ALL APPLICABLE ENTITIES

 WRITE V    ITEMS TO THE DATABASE WITH A FREQUENCY OF ALL 
   FOR ALL APPLICABLE ENTITIES

 WRITE A    ITEMS TO THE DATABASE WITH A FREQUENCY OF ALL 
   FOR ALL APPLICABLE ENTITIES

 PRINTOUT RESUMED BY /GOP

 WRITE MISC ITEMS TO THE DATABASE WITH A FREQUENCY OF ALL 
   FOR THE ENTITIES DEFINED BY COMPONENT _ELMISC 

 *GET  ANSINTER_  FROM  ACTI  ITEM=INT        VALUE=  0.00000000    

 *IF  ANSINTER_  ( =   0.00000     )  NE  
      0  ( =   0.00000     )  THEN    

 *ENDIF

 *** NOTE ***                            ELAPSED TIME =       6.220   TIME= 09:03:28
 The automatic domain decomposition logic has selected the MESH domain   
 decomposition method with 2 processes per solution.                     

 *****  MAPDL SOLVE    COMMAND  *****

 *** WARNING ***                         ELAPSED TIME =       6.261   TIME= 09:03:28
 Element shape checking is currently inactive.  Issue SHPP,ON or         
 SHPP,WARN to reactivate, if desired.                                    

 *** NOTE ***                            ELAPSED TIME =       6.283   TIME= 09:03:28
 The model data was checked and warning messages were found.             
  Please review output or errors file ( F:\CoME\Forth Semester\Practice  
 FEM\Git_upload\06_Dynamic_Analysis\3_transient_analysis\06_3_ii_four_ba 
 r_mechanism\ansys\project_files\_ProjectScratch\Scr451E\file0.err )     
 for these warning messages.                                             

 *** SELECTION OF ELEMENT TECHNOLOGIES FOR APPLICABLE ELEMENTS ***
      --- GIVE SUGGESTIONS AND RESET THE KEY OPTIONS ---

 ELEMENT TYPE         1 IS SOLID187. IT IS NOT ASSOCIATED WITH FULLY INCOMPRESSIBLE
 HYPERELASTIC MATERIALS. NO SUGGESTION IS AVAILABLE AND NO RESETTING IS NEEDED.

 ELEMENT TYPE         2 IS SOLID187. IT IS NOT ASSOCIATED WITH FULLY INCOMPRESSIBLE
 HYPERELASTIC MATERIALS. NO SUGGESTION IS AVAILABLE AND NO RESETTING IS NEEDED.

 ELEMENT TYPE         3 IS SOLID187. IT IS NOT ASSOCIATED WITH FULLY INCOMPRESSIBLE
 HYPERELASTIC MATERIALS. NO SUGGESTION IS AVAILABLE AND NO RESETTING IS NEEDED.



 *** MAPDL - ENGINEERING ANALYSIS SYSTEM  RELEASE 2026 R1          26.1     ***
 Ansys Mechanical Enterprise Academic Student      
 01055371  VERSION=WINDOWS x64   09:03:28  AUG 09, 2026 Elapsed Time=      6.291

 four_bar_mechanism--Transient (B5)                                            



                       S O L U T I O N   O P T I O N S

   PROBLEM DIMENSIONALITY. . . . . . . . . . . . .3-D                  
   DEGREES OF FREEDOM. . . . . . UX   UY   UZ   ROTX ROTY ROTZ
   ANALYSIS TYPE . . . . . . . . . . . . . . . . .TRANSIENT            
      SOLUTION METHOD. . . . . . . . . . . . . . .FULL                 
   OFFSET TEMPERATURE FROM ABSOLUTE ZERO . . . . .  273.15    
   NONLINEAR GEOMETRIC EFFECTS . . . . . . . . . .ON
   EQUATION SOLVER OPTION. . . . . . . . . . . . .SPARSE             
   NEWTON-RAPHSON OPTION . . . . . . . . . . . . .PROGRAM CHOSEN   
   GLOBALLY ASSEMBLED MATRIX . . . . . . . . . . .SYMMETRIC  

 *** WARNING ***                         ELAPSED TIME =       6.300   TIME= 09:03:28
 Material number 16 (used by element 2217) should normally have at least 
 one MP or one TB type command associated with it.  Output of energy by  
 material may not be available.                                          

 *** WARNING ***                         ELAPSED TIME =       6.304   TIME= 09:03:28
 No constraints have been defined using the D command.                   

 *** NOTE ***                            ELAPSED TIME =       6.307   TIME= 09:03:28
 The step data was checked and warning messages were found.              
  Please review output or errors file ( F:\CoME\Forth Semester\Practice  
 FEM\Git_upload\06_Dynamic_Analysis\3_transient_analysis\06_3_ii_four_ba 
 r_mechanism\ansys\project_files\_ProjectScratch\Scr451E\file0.err )     
 for these warning messages.                                             

 *** NOTE ***                            ELAPSED TIME =       6.308   TIME= 09:03:28
 This nonlinear analysis defaults to using the full Newton-Raphson       
 solution procedure.  This can be modified using the NROPT command.      

 TRIM CONTACT/TARGET SURFACE

 *** NOTE ***                            ELAPSED TIME =       6.323   TIME= 09:03:28
 Internal nodes from 2834 to 2851 are created.                           
 6 internal nodes are used for handling degrees of freedom on pilot      
 nodes of rigid target surfaces.                                         
 12 internal nodes are used for non-contact elements with mixed          
 formulation.                                                            

 *** NOTE ***                            ELAPSED TIME =       6.334   TIME= 09:03:28
 Internal nodes from 2834 to 2851 are created.                           
 6 internal nodes are used for handling degrees of freedom on pilot      
 nodes of rigid target surfaces.                                         
 12 internal nodes are used for non-contact elements with mixed          
 formulation.                                                            
 START TRIMMING SMALL/BONDED CONTACT PAIRS FOR DMP RUN.                  

 CHECK INITIAL OPEN/CLOSED STATUS OF SELECTED CONTACT ELEMENTS
      AND LIST DETAILED CONTACT PAIR INFORMATION

 *** NOTE ***                            ELAPSED TIME =       6.409   TIME= 09:03:28
 Internal nodes from 2834 to 2851 are created.                           
 6 internal nodes are used for handling degrees of freedom on pilot      
 nodes of rigid target surfaces.                                         
 12 internal nodes are used for non-contact elements with mixed          
 formulation.                                                            

 *** NOTE ***                            ELAPSED TIME =       6.419   TIME= 09:03:28
 Internal nodes from 2834 to 2851 are created.                           
 6 internal nodes are used for handling degrees of freedom on pilot      
 nodes of rigid target surfaces.                                         
 12 internal nodes are used for non-contact elements with mixed          
 formulation.                                                            

 *** NOTE ***                            ELAPSED TIME =       6.443   TIME= 09:03:28
 The largest contact pair has few number of contact elements than the    
 optimal domain size for the specified number of CPU domains.  As a      
 result, no contact pairs were split.                                    

 *** NOTE ***                            ELAPSED TIME =       6.444   TIME= 09:03:28
 The maximum number of contact elements in any single contact pair is 0, 
 which is smaller than the optimal domain size of 194 elements for the   
 given number of CPU domains (2).  Therefore, no contact pairs are       
 being split by the CNCH,DMP logic.                                      

 *** NOTE ***                            ELAPSED TIME =       6.452   TIME= 09:03:28
 Internal nodes from 2834 to 2851 are created.                           
 6 internal nodes are used for handling degrees of freedom on pilot      
 nodes of rigid target surfaces.                                         
 12 internal nodes are used for non-contact elements with mixed          
 formulation.                                                            

 *** NOTE ***                            ELAPSED TIME =       6.461   TIME= 09:03:28
 Internal nodes from 2834 to 2851 are created.                           
 6 internal nodes are used for handling degrees of freedom on pilot      
 nodes of rigid target surfaces.                                         
 12 internal nodes are used for non-contact elements with mixed          
 formulation.                                                            

 *** NOTE ***                            ELAPSED TIME =       6.490   TIME= 09:03:28
 Force-distributed-surface identified by real constant set 4 and         
 contact element type 4 has been set up.  The pilot node 2827 is used    
 to apply the force which connects to other element 2217.  Internal MPC  
 will be built.                                                          
 The used degrees of freedom set is  UX   UY   UZ   ROTX ROTY ROTZ
 ****************************************
  

 *** NOTE ***                            ELAPSED TIME =       6.490   TIME= 09:03:28
 Force-distributed-surface identified by real constant set 6 and         
 contact element type 6 has been set up.  The pilot node 2828 is used    
 to apply the force which connects to other element 2218.  Internal MPC  
 will be built.                                                          
 The used degrees of freedom set is  UX   UY   UZ   ROTX ROTY ROTZ
 ****************************************
  

 *** NOTE ***                            ELAPSED TIME =       6.490   TIME= 09:03:28
 Force-distributed-surface identified by real constant set 8 and         
 contact element type 8 has been set up.  The pilot node 2829 is used    
 to apply the force which connects to other element 2218.  Internal MPC  
 will be built.                                                          
 The used degrees of freedom set is  UX   UY   UZ   ROTX ROTY ROTZ
 ****************************************
  

 *** NOTE ***                            ELAPSED TIME =       6.491   TIME= 09:03:28
 Force-distributed-surface identified by real constant set 10 and        
 contact element type 10 has been set up.  The pilot node 2830 is used   
 to apply the force which connects to other element 2219.  Internal MPC  
 will be built.                                                          
 The used degrees of freedom set is  UX   UY   UZ   ROTX ROTY ROTZ
 ****************************************
  

 *** NOTE ***                            ELAPSED TIME =       6.491   TIME= 09:03:28
 Force-distributed-surface identified by real constant set 12 and        
 contact element type 12 has been set up.  The pilot node 2831 is used   
 to apply the force which connects to other element 2219.  Internal MPC  
 will be built.                                                          
 The used degrees of freedom set is  UX   UY   UZ   ROTX ROTY ROTZ
 ****************************************
  

 *** NOTE ***                            ELAPSED TIME =       6.491   TIME= 09:03:28
 Force-distributed-surface identified by real constant set 14 and        
 contact element type 14 has been set up.  The pilot node 2833 is used   
 to apply the force which connects to other element 2220.  Internal MPC  
 will be built.                                                          
 The used degrees of freedom set is  UX   UY   UZ   ROTX ROTY ROTZ
 ****************************************
  
  
  

 *** NOTE ***                            ELAPSED TIME =       6.499   TIME= 09:03:28
 Internal nodes from 2834 to 2851 are created.                           
 6 internal nodes are used for handling degrees of freedom on pilot      
 nodes of rigid target surfaces.                                         
 12 internal nodes are used for non-contact elements with mixed          
 formulation.                                                            

  
  
     D I S T R I B U T E D   D O M A I N   D E C O M P O S E R
  
  ...Number of elements: 1560
  ...Number of nodes:    2851
  ...Decompose to 2 CPU domains
  ...Element load balance ratio =     1.003


                      L O A D   S T E P   O P T I O N S

   LOAD STEP NUMBER. . . . . . . . . . . . . . . .     1
   TIME AT END OF THE LOAD STEP. . . . . . . . . .  1.0000    
   AUTOMATIC TIME STEPPING . . . . . . . . . . . .    ON
      STARTING TIME STEP SIZE. . . . . . . . . . . 0.50000    
      MINIMUM TIME STEP SIZE . . . . . . . . . . . 0.50000    
      MAXIMUM TIME STEP SIZE . . . . . . . . . . . 0.50000    
   MAXIMUM NUMBER OF EQUILIBRIUM ITERATIONS. . . .    15
   STEP CHANGE BOUNDARY CONDITIONS . . . . . . . .   YES
   STRESS-STIFFENING . . . . . . . . . . . . . . .    ON
   TRANSIENT (INERTIA) EFFECTS
      STRUCTURAL DOFS. . . . . . . . . . . . . . .    ON
   TRANSIENT INTEGRATION PARAMETERS
      GAMMA. . . . . . . . . . . . . . . . . . . . 0.10000    
      ALPHA. . . . . . . . . . . . . . . . . . . . 0.30250    
      DELTA. . . . . . . . . . . . . . . . . . . . 0.60000    
      USING HHT TIME INTEGRATION
      ALPHAF . . . . . . . . . . . . . . . . . . . 0.10000    
      ALPHAM . . . . . . . . . . . . . . . . . . .  0.0000    
   TERMINATE ANALYSIS IF NOT CONVERGED . . . . . .YES (EXIT)  
   CONVERGENCE CONTROLS. . . . . . . . . . . . . .USE DEFAULTS
   PRINT OUTPUT CONTROLS . . . . . . . . . . . . .NO PRINTOUT
   DATABASE OUTPUT CONTROLS
      ITEM     FREQUENCY   COMPONENT
       ALL       NONE               
      NSOL        ALL               
      RSOL        ALL               
      EANG        ALL               
      ETMP        ALL               
      VENG        ALL               
      STRS        ALL               
      EPEL        ALL               
      EPPL        ALL               
      CONT        ALL               
      V           ALL               
      A           ALL               
      MISC        ALL       _ELMISC 


 SOLUTION MONITORING INFO IS WRITTEN TO FILE= file.mntr                                                                                                                                                                                                                                                           

 *** NOTE ***                            ELAPSED TIME =       6.718   TIME= 09:03:29
 Force-distributed-surface identified by real constant set 4 and         
 contact element type 4 has been set up.  The pilot node 2827 is used    
 to apply the force which connects to other element 2217.  Internal MPC  
 will be built.                                                          
 The used degrees of freedom set is  UX   UY   UZ   ROTX ROTY ROTZ
 ****************************************
  

 *** NOTE ***                            ELAPSED TIME =       6.718   TIME= 09:03:29
 Force-distributed-surface identified by real constant set 6 and         
 contact element type 6 has been set up.  The pilot node 2828 is used    
 to apply the force which connects to other element 2218.  Internal MPC  
 will be built.                                                          
 The used degrees of freedom set is  UX   UY   UZ   ROTX ROTY ROTZ
 ****************************************
  

 *** NOTE ***                            ELAPSED TIME =       6.719   TIME= 09:03:29
 Force-distributed-surface identified by real constant set 14 and        
 contact element type 14 has been set up.  The pilot node 2833 is used   
 to apply the force which connects to other element 2220.  Internal MPC  
 will be built.                                                          
 The used degrees of freedom set is  UX   UY   UZ   ROTX ROTY ROTZ
 ****************************************
  
 MAXIMUM NUMBER OF EQUILIBRIUM ITERATIONS HAS BEEN MODIFIED              
  TO BE, NEQIT = 25, BY SOLUTION CONTROL LOGIC.                          


 *** WARNING ***                         ELAPSED TIME =       7.245   TIME= 09:03:29
 For element 2217 the element connectivity is 0 and 2827.  The node      
 which is identified as a 0 will be a grounded node.                     

 *** WARNING ***                         ELAPSED TIME =       7.291   TIME= 09:03:29
 For element 2220 the element connectivity is 0 and 2833.  The node      
 which is identified as a 0 will be a grounded node.                     
  
 The FEA model contains 0 external CE equations and 36 internal CE       
 equations.                                                              


                         ***********  PRECISE MASS SUMMARY  ***********

   TOTAL RIGID BODY MASS MATRIX ABOUT ORIGIN
               Translational mass               |   Coupled translational/rotational mass
        0.56961E-02    0.0000        0.0000     |     0.0000       0.39497      -0.55816E-01
         0.0000       0.56961E-02    0.0000     |   -0.39497        0.0000       0.61521E-01
         0.0000        0.0000       0.56961E-02 |    0.55816E-01  -0.61521E-01    0.0000    
     ------------------------------------------ | ------------------------------------------
                                                |         Rotational mass (inertia)
                                                |     481.09       -10.877       -7.0052    
                                                |    -10.877        84.718       -6.6238    
                                                |    -7.0052       -6.6238        399.10    

   TOTAL MASS = 0.56961E-02
     The mass principal axes coincide with the global Cartesian axes

   CENTER OF MASS (X,Y,Z)=    10.801        9.7989        69.340    

   TOTAL INERTIA ABOUT CENTER OF MASS
         453.16       -10.275       -2.7394    
        -10.275        56.667       -2.7535    
        -2.7394       -2.7535        397.88    

   PRINCIPAL INERTIAS =    453.55        56.377        397.78    
   ORIENTATION VECTORS OF THE INERTIA PRINCIPAL AXES IN GLOBAL CARTESIAN
     ( 0.999,-0.026,-0.048) ( 0.026, 1.000, 0.008) ( 0.048,-0.009, 0.999) 


  *** MASS SUMMARY BY ELEMENT TYPE ***

  TYPE      MASS
     1  0.747136E-03
     2  0.203296E-02
     3  0.291602E-02

 Range of element maximum matrix coefficients in global coordinates
 Maximum = 14438226.8 at element 111.                                    
 Minimum = 489745.475 at element 1064.                                   

   *** ELEMENT MATRIX FORMULATION TIMES
     TYPE    NUMBER     ENAME   TOTAL ELAPSED   AVG ELAPSED

        1       411  SOLID187          0.1171   0.000284925
        2       438  SOLID187          0.1007   0.000229815
        3       501  SOLID187          0.1219   0.000243264
        4        30  CONTA174          0.0022   0.000074030
        5         1  TARGE170          0.0000   0.000007500
        6        40  CONTA174          0.0029   0.000072705
        7         1  TARGE170          0.0000   0.000003000
        8        20  CONTA174          0.0047   0.000233775
        9         1  TARGE170          0.0000   0.000013600
       10        44  CONTA174          0.0029   0.000065468
       11         1  TARGE170          0.0000   0.000010000
       12        30  CONTA174          0.0017   0.000056787
       13         1  TARGE170          0.0000   0.000006300
       14        36  CONTA174          0.0020   0.000055547
       15         1  TARGE170          0.0000   0.000002700
       16         1    MPC184          0.0123   0.012329100
       17         1    MPC184          0.0002   0.000162300
       18         1    MPC184          0.0001   0.000145900
       19         1    MPC184          0.0003   0.000291800
 Elapsed Time at end of element matrix formulation = 7.3796196.          

 ALL CURRENT MAPDL DATA WRITTEN TO FILE NAME= file.rdb
  FOR POSSIBLE RESUME FROM THIS POINT
     FORCE CONVERGENCE VALUE  =   0.000      CRITERION=  0.5000E-04
     MOMENT CONVERGENCE VALUE =   0.000      CRITERION=  0.5000E-04

 DISTRIBUTED SPARSE MATRIX DIRECT SOLVER.
  Number of equations =        8502,    Maximum wavefront =    414


  Memory allocated on only this MPI rank (rank     0)
  -------------------------------------------------------------------
  Equation solver memory allocated                     =    23.466 MB
  Equation solver memory required for in-core mode     =    10.629 MB
  Equation solver memory required for out-of-core mode =     7.525 MB
  Total (solver and non-solver) memory allocated       =   416.767 MB


  Total memory summed across all MPI ranks on this machines
  -------------------------------------------------------------------
  Equation solver memory allocated                     =    46.733 MB
  Equation solver memory required for in-core mode     =    21.125 MB
  Equation solver memory required for out-of-core mode =    15.053 MB
  Total (solver and non-solver) memory allocated       =   558.494 MB

 *** NOTE ***                            ELAPSED TIME =       7.724   TIME= 09:03:30
 The Distributed Sparse Matrix Solver is currently running in the        
 in-core memory mode.  This memory mode uses the most amount of memory   
 in order to avoid using the hard drive as much as possible, which most  
 often results in the fastest solution time.  This mode is recommended   
 if enough physical memory is present to accommodate all of the solver   
 data.                                                                   

 *** WARNING ***                         ELAPSED TIME =       7.724   TIME= 09:03:30
 Pivoting has been activated for the Distributed Sparse Matrix Solver.   
 The memory required may greatly exceed the predicted amount.  In that   
 event, use the DSPOPTION command to change the memory mode and/or       
 memory size used by the Distributed Sparse Matrix Solver.               
 Distributed sparse solver maximum pivot= 21420004.8 at node 457 UX.     
 Distributed sparse solver minimum pivot= 59.4152678 at node 1803 UX.    
 Distributed sparse solver minimum pivot in absolute value= 59.4152678   
 at node 1803 UX.                                                        
     DISP CONVERGENCE VALUE   =   3.991      CRITERION=  0.1995    
    EQUIL ITER   1 COMPLETED.  NEW TRIANG MATRIX.  MAX DOF INC=  -3.991    
     DISP CONVERGENCE VALUE   =   3.991      CRITERION=  0.1995    
     LINE SEARCH PARAMETER =   1.000     SCALED MAX DOF INC =  -3.991    
     FORCE CONVERGENCE VALUE  =  0.8274E+05  CRITERION=  0.1592E-02
     MOMENT CONVERGENCE VALUE =  0.2484E-08  CRITERION=  0.2362     <<< CONVERGED
    EQUIL ITER   2 COMPLETED.  NEW TRIANG MATRIX.  MAX DOF INC=  0.2812E-01
     DISP CONVERGENCE VALUE   =  0.2811E-01  CRITERION=  0.1995     <<< CONVERGED
     LINE SEARCH PARAMETER =  0.9997     SCALED MAX DOF INC =  0.2811E-01
     FORCE CONVERGENCE VALUE  =   10.70      CRITERION=  0.9067E-03
     MOMENT CONVERGENCE VALUE =  0.3223E-11  CRITERION=  0.1972     <<< CONVERGED
    EQUIL ITER   3 COMPLETED.  NEW TRIANG MATRIX.  MAX DOF INC= -0.7823E-04
     DISP CONVERGENCE VALUE   =  0.7823E-04  CRITERION=  0.1995     <<< CONVERGED
     LINE SEARCH PARAMETER =   1.000     SCALED MAX DOF INC = -0.7823E-04
     FORCE CONVERGENCE VALUE  =  0.5871E-03  CRITERION=  0.1582E-02 <<< CONVERGED
     MOMENT CONVERGENCE VALUE =  0.7497E-14  CRITERION=  0.2355     <<< CONVERGED
    >>> SOLUTION CONVERGED AFTER EQUILIBRIUM ITERATION   3

   *** ELEMENT RESULT CALCULATION TIMES
     TYPE    NUMBER     ENAME   TOTAL ELAPSED   AVG ELAPSED

        1       411  SOLID187          0.1311   0.000318908
        2       438  SOLID187          0.1225   0.000279600
        3       501  SOLID187          0.1460   0.000291385
        4        30  CONTA174          0.0001   0.000001823
        6        40  CONTA174          0.0001   0.000002878
        8        20  CONTA174          0.0000   0.000001520
       10        44  CONTA174          0.0001   0.000001886
       12        30  CONTA174          0.0001   0.000001877
       14        36  CONTA174          0.0004   0.000011875
       16         1    MPC184          0.0008   0.000807700
       17         1    MPC184          0.0001   0.000110600
       18         1    MPC184          0.0001   0.000087500
       19         1    MPC184          0.0001   0.000061100

   *** NODAL LOAD CALCULATION TIMES
     TYPE    NUMBER     ENAME   TOTAL ELAPSED   AVG ELAPSED

        1       411  SOLID187          0.0289   0.000070298
        2       438  SOLID187          0.0223   0.000050961
        3       501  SOLID187          0.0291   0.000058082
        4        30  CONTA174          0.0000   0.000000000
        6        40  CONTA174          0.0000   0.000000000
        8        20  CONTA174          0.0000   0.000000000
       10        44  CONTA174          0.0000   0.000000000
       12        30  CONTA174          0.0000   0.000000000
       14        36  CONTA174          0.0000   0.000000000
       16         1    MPC184          0.0010   0.001035300
       17         1    MPC184          0.0000   0.000008700
       18         1    MPC184          0.0000   0.000007200
       19         1    MPC184          0.0000   0.000004500
 *** LOAD STEP     1   SUBSTEP     1  COMPLETED.    CUM ITER =      3
 *** TIME =  0.500000         TIME INC =  0.500000    
 *** RESPONSE FREQ =  28.64       PERIOD=  0.3491E-01  PTS/CYC = 0.70E-01
 *** AUTO STEP TIME:  NEXT TIME INC = 0.50000      UNCHANGED

     FORCE CONVERGENCE VALUE  =  0.4957E-01  CRITERION=  0.1582E-02
     MOMENT CONVERGENCE VALUE =  0.7516E-15  CRITERION=  0.2355    
     DISP CONVERGENCE VALUE   =  0.7335E-03  CRITERION=  0.1995     <<< CONVERGED
    EQUIL ITER   1 COMPLETED.  NEW TRIANG MATRIX.  MAX DOF INC=  0.7335E-03
     DISP CONVERGENCE VALUE   =  0.7335E-03  CRITERION=  0.1995     <<< CONVERGED
     LINE SEARCH PARAMETER =   1.000     SCALED MAX DOF INC =  0.7335E-03
     FORCE CONVERGENCE VALUE  =  0.2726E-02  CRITERION=  0.4809E-02 <<< CONVERGED
     MOMENT CONVERGENCE VALUE =  0.1546E-11  CRITERION=  0.7161     <<< CONVERGED
    EQUIL ITER   2 COMPLETED.  NEW TRIANG MATRIX.  MAX DOF INC= -0.5568E-08
     DISP CONVERGENCE VALUE   =  0.5568E-08  CRITERION=  0.1995     <<< CONVERGED
     LINE SEARCH PARAMETER =   1.000     SCALED MAX DOF INC = -0.5568E-08
     FORCE CONVERGENCE VALUE  =  0.3803E-10  CRITERION=  0.4809E-02 <<< CONVERGED
     MOMENT CONVERGENCE VALUE =  0.2300E-16  CRITERION=  0.7161     <<< CONVERGED
    >>> SOLUTION CONVERGED AFTER EQUILIBRIUM ITERATION   2
 *** LOAD STEP     1   SUBSTEP     2  COMPLETED.    CUM ITER =      5
 *** TIME =   1.00000         TIME INC =  0.500000    
 *** RESPONSE FREQ =  75.40       PERIOD=  0.1326E-01  PTS/CYC = 0.27E-01


 *** MAPDL BINARY FILE STATISTICS
  BUFFER SIZE USED= 16384
        0.062 MB WRITTEN ON ELEMENT MATRIX FILE: file0.emat
        2.438 MB WRITTEN ON ELEMENT SAVED DATA FILE: file0.esav
        2.125 MB WRITTEN ON ASSEMBLED MATRIX FILE: file0.full
        1.312 MB WRITTEN ON RESULTS FILE: file0.rst
 *************** Write FE CONNECTORS *********

 WRITE OUT CONSTRAINT EQUATIONS TO FILE= file.ce                                                                                                                                                                                                                                                             
 ****************************************************
 *************** FINISHED SOLVE FOR LS 1 *************
 ****************************************************
 ******************* SOLVE FOR LS 2 OF 45 ****************

 PRINTOUT RESUMED BY /GOP

 USE AUTOMATIC TIME STEPPING THIS LOAD STEP

 USE INITIAL TIME STEP SIZE OF 0.5000000     FOR ALL  DEGREES OF FREEDOM
 FOR AUTOMATIC TIME STEPPING:
   USE 0.5000000     AS THE MINIMUM TIME STEP SIZE
   USE 0.5000000     AS THE MAXIMUM TIME STEP SIZE

 TIME=  2.0000    

 INCLUDE TRANSIENT EFFECTS FOR  ALL DEGREES OF FREEDOM THIS LOAD STEP

 ERASE THE CURRENT DATABASE OUTPUT CONTROL TABLE.


 WRITE ALL  ITEMS TO THE DATABASE WITH A FREQUENCY OF NONE
   FOR ALL APPLICABLE ENTITIES

 WRITE NSOL ITEMS TO THE DATABASE WITH A FREQUENCY OF ALL 
   FOR ALL APPLICABLE ENTITIES

 WRITE RSOL ITEMS TO THE DATABASE WITH A FREQUENCY OF ALL 
   FOR ALL APPLICABLE ENTITIES

 WRITE EANG ITEMS TO THE DATABASE WITH A FREQUENCY OF ALL 
   FOR ALL APPLICABLE ENTITIES

 WRITE ETMP ITEMS TO THE DATABASE WITH A FREQUENCY OF ALL 
   FOR ALL APPLICABLE ENTITIES

 WRITE VENG ITEMS TO THE DATABASE WITH A FREQUENCY OF ALL 
   FOR ALL APPLICABLE ENTITIES

 WRITE STRS ITEMS TO THE DATABASE WITH A FREQUENCY OF ALL 
   FOR ALL APPLICABLE ENTITIES

 WRITE EPEL ITEMS TO THE DATABASE WITH A FREQUENCY OF ALL 
   FOR ALL APPLICABLE ENTITIES

 WRITE EPPL ITEMS TO THE DATABASE WITH A FREQUENCY OF ALL 
   FOR ALL APPLICABLE ENTITIES

 WRITE CONT ITEMS TO THE DATABASE WITH A FREQUENCY OF ALL 
   FOR ALL APPLICABLE ENTITIES

 WRITE V    ITEMS TO THE DATABASE WITH A FREQUENCY OF ALL 
   FOR ALL APPLICABLE ENTITIES

 WRITE A    ITEMS TO THE DATABASE WITH A FREQUENCY OF ALL 
   FOR ALL APPLICABLE ENTITIES

 WRITE MISC ITEMS TO THE DATABASE WITH A FREQUENCY OF ALL 
   FOR THE ENTITIES DEFINED BY COMPONENT _ELMISC 

 *****  MAPDL SOLVE    COMMAND  *****

 *** WARNING ***                         ELAPSED TIME =      11.642   TIME= 09:03:34
 Material number 16 (used by element 2217) should normally have at least 
 one MP or one TB type command associated with it.  Output of energy by  
 material may not be available.                                          

 *** NOTE ***                            ELAPSED TIME =      11.645   TIME= 09:03:34
 The step data was checked and warning messages were found.              
  Please review output or errors file ( F:\CoME\Forth Semester\Practice  
 FEM\Git_upload\06_Dynamic_Analysis\3_transient_analysis\06_3_ii_four_ba 
 r_mechanism\ansys\project_files\_ProjectScratch\Scr451E\file0.err )     
 for these warning messages.                                             

 *** NOTE ***                            ELAPSED TIME =      11.645   TIME= 09:03:34
 This nonlinear analysis defaults to using the full Newton-Raphson       
 solution procedure.  This can be modified using the NROPT command.      

 *** MAPDL - ENGINEERING ANALYSIS SYSTEM  RELEASE 2026 R1          26.1     ***
 Ansys Mechanical Enterprise Academic Student      
 01055371  VERSION=WINDOWS x64   09:03:34  AUG 09, 2026 Elapsed Time=     11.693

 four_bar_mechanism--Transient (B5)                                            



                      L O A D   S T E P   O P T I O N S

   LOAD STEP NUMBER. . . . . . . . . . . . . . . .     2
   TIME AT END OF THE LOAD STEP. . . . . . . . . .  2.0000    
   AUTOMATIC TIME STEPPING . . . . . . . . . . . .    ON
      STARTING TIME STEP SIZE. . . . . . . . . . . 0.50000    
      MINIMUM TIME STEP SIZE . . . . . . . . . . . 0.50000    
      MAXIMUM TIME STEP SIZE . . . . . . . . . . . 0.50000    
   MAXIMUM NUMBER OF EQUILIBRIUM ITERATIONS. . . .    15
   STEP CHANGE BOUNDARY CONDITIONS . . . . . . . .   YES
   STRESS-STIFFENING . . . . . . . . . . . . . . .    ON
   TRANSIENT (INERTIA) EFFECTS
      STRUCTURAL DOFS. . . . . . . . . . . . . . .    ON
   TRANSIENT INTEGRATION PARAMETERS
      GAMMA. . . . . . . . . . . . . . . . . . . . 0.10000    
      ALPHA. . . . . . . . . . . . . . . . . . . . 0.30250    
      DELTA. . . . . . . . . . . . . . . . . . . . 0.60000    
      USING HHT TIME INTEGRATION
      ALPHAF . . . . . . . . . . . . . . . . . . . 0.10000    
      ALPHAM . . . . . . . . . . . . . . . . . . .  0.0000    
   TERMINATE ANALYSIS IF NOT CONVERGED . . . . . .YES (EXIT)  
   CONVERGENCE CONTROLS. . . . . . . . . . . . . .USE DEFAULTS
   PRINT OUTPUT CONTROLS . . . . . . . . . . . . .NO PRINTOUT
   DATABASE OUTPUT CONTROLS
      ITEM     FREQUENCY   COMPONENT
       ALL       NONE               
      NSOL        ALL               
      RSOL        ALL               
      EANG        ALL               
      ETMP        ALL               
      VENG        ALL               
      STRS        ALL               
      EPEL        ALL               
      EPPL        ALL               
      CONT        ALL               
      V           ALL               
      A           ALL               
      MISC        ALL       _ELMISC 


 SOLUTION MONITORING INFO IS WRITTEN TO FILE= file.mntr                                                                                                                                                                                                                                                           
 MAXIMUM NUMBER OF EQUILIBRIUM ITERATIONS HAS BEEN MODIFIED              
  TO BE, NEQIT = 25, BY SOLUTION CONTROL LOGIC.                          

     FORCE CONVERGENCE VALUE  =  0.9111E-01  CRITERION=  0.4809E-02
     MOMENT CONVERGENCE VALUE =  0.8817E-16  CRITERION=  0.7161    
     DISP CONVERGENCE VALUE   =   16.14      CRITERION=  0.8071    
    EQUIL ITER   1 COMPLETED.  NEW TRIANG MATRIX.  MAX DOF INC=  -16.14    
     DISP CONVERGENCE VALUE   =   16.14      CRITERION=  0.8071    
     LINE SEARCH PARAMETER =   1.000     SCALED MAX DOF INC =  -16.14    
     CONSTRAINT CONDITIONS ARE NOT SATISFIED FOR      1 JOINT ELEMENTS WITH LAG MULT OPTION
     FORCE CONVERGENCE VALUE  =  0.1241E+07  CRITERION=  0.1418E-01
     MOMENT CONVERGENCE VALUE =  0.1082E-06  CRITERION=   2.106     <<< CONVERGED
    EQUIL ITER   2 COMPLETED.  NEW TRIANG MATRIX.  MAX DOF INC=  0.4778    
     DISP CONVERGENCE VALUE   =  0.4757      CRITERION=  0.8071     <<< CONVERGED
     LINE SEARCH PARAMETER =  0.9956     SCALED MAX DOF INC =  0.4757    
     FORCE CONVERGENCE VALUE  =   2658.      CRITERION=  0.3470    
     MOMENT CONVERGENCE VALUE =  0.4852E-08  CRITERION=   29.68     <<< CONVERGED
    EQUIL ITER   3 COMPLETED.  NEW TRIANG MATRIX.  MAX DOF INC= -0.8161E-02
     DISP CONVERGENCE VALUE   =  0.8157E-02  CRITERION=  0.8071     <<< CONVERGED
     LINE SEARCH PARAMETER =  0.9995     SCALED MAX DOF INC = -0.8157E-02
     FORCE CONVERGENCE VALUE  =   3.110      CRITERION=  0.1374E-01
     MOMENT CONVERGENCE VALUE =  0.6849E-09  CRITERION=   2.081     <<< CONVERGED
    EQUIL ITER   4 COMPLETED.  NEW TRIANG MATRIX.  MAX DOF INC= -0.1075E-03
     DISP CONVERGENCE VALUE   =  0.1074E-03  CRITERION=  0.8071     <<< CONVERGED
     LINE SEARCH PARAMETER =  0.9992     SCALED MAX DOF INC = -0.1074E-03
     FORCE CONVERGENCE VALUE  =  0.8477E-03  CRITERION=  0.1379E-01 <<< CONVERGED
     MOMENT CONVERGENCE VALUE =  0.5343E-12  CRITERION=   2.076     <<< CONVERGED
    >>> SOLUTION CONVERGED AFTER EQUILIBRIUM ITERATION   4
 *** LOAD STEP     2   SUBSTEP     1  COMPLETED.    CUM ITER =      9
 *** TIME =   1.50000         TIME INC =  0.500000    
 *** RESPONSE FREQ =  117.2       PERIOD=  0.8529E-02  PTS/CYC = 0.17E-01
 *** AUTO STEP TIME:  NEXT TIME INC = 0.50000      UNCHANGED

     FORCE CONVERGENCE VALUE  =  0.3250      CRITERION=  0.1379E-01
     MOMENT CONVERGENCE VALUE =  0.5936E-13  CRITERION=   2.076    
     DISP CONVERGENCE VALUE   =   15.57      CRITERION=  0.8071    
    EQUIL ITER   1 COMPLETED.  NEW TRIANG MATRIX.  MAX DOF INC=  -15.57    
     DISP CONVERGENCE VALUE   =  0.8148      CRITERION=  0.8071    
     LINE SEARCH PARAMETER =  0.5233E-01 SCALED MAX DOF INC = -0.8148    
     FORCE CONVERGENCE VALUE  =   3380.      CRITERION=  0.1200E-01
     MOMENT CONVERGENCE VALUE =  0.5279E-09  CRITERION=   1.807     <<< CONVERGED
    EQUIL ITER   2 COMPLETED.  NEW TRIANG MATRIX.  MAX DOF INC=  -14.63    
     DISP CONVERGENCE VALUE   =   14.63      CRITERION=  0.8071    
     LINE SEARCH PARAMETER =   1.000     SCALED MAX DOF INC =  -14.63    
     CONSTRAINT CONDITIONS ARE NOT SATISFIED FOR      2 JOINT ELEMENTS WITH LAG MULT OPTION
     FORCE CONVERGENCE VALUE  =  0.1096E+07  CRITERION=  0.2423    
     MOMENT CONVERGENCE VALUE =  0.1162E-05  CRITERION=   198.0     <<< CONVERGED
    EQUIL ITER   3 COMPLETED.  NEW TRIANG MATRIX.  MAX DOF INC=  0.4269    
     DISP CONVERGENCE VALUE   =  0.4251      CRITERION=  0.8071     <<< CONVERGED
     LINE SEARCH PARAMETER =  0.9959     SCALED MAX DOF INC =  0.4251    
     FORCE CONVERGENCE VALUE  =   2109.      CRITERION=  0.1812    
     MOMENT CONVERGENCE VALUE =  0.7980E-08  CRITERION=   138.8     <<< CONVERGED
    EQUIL ITER   4 COMPLETED.  NEW TRIANG MATRIX.  MAX DOF INC= -0.6620E-01
     DISP CONVERGENCE VALUE   =  0.6610E-01  CRITERION=  0.8071     <<< CONVERGED
     LINE SEARCH PARAMETER =  0.9986     SCALED MAX DOF INC = -0.6610E-01
     FORCE CONVERGENCE VALUE  =   37.11      CRITERION=  0.1920E-01
     MOMENT CONVERGENCE VALUE =  0.4122E-08  CRITERION=   2.814     <<< CONVERGED
    EQUIL ITER   5 COMPLETED.  NEW TRIANG MATRIX.  MAX DOF INC=  0.1162E-02
     DISP CONVERGENCE VALUE   =  0.1161E-02  CRITERION=  0.8071     <<< CONVERGED
     LINE SEARCH PARAMETER =  0.9990     SCALED MAX DOF INC =  0.1161E-02
     FORCE CONVERGENCE VALUE  =  0.1730E-01  CRITERION=  0.1998E-01 <<< CONVERGED
     MOMENT CONVERGENCE VALUE =  0.4117E-11  CRITERION=   3.011     <<< CONVERGED
    >>> SOLUTION CONVERGED AFTER EQUILIBRIUM ITERATION   5
 *** LOAD STEP     2   SUBSTEP     2  COMPLETED.    CUM ITER =     14
 *** TIME =   2.00000         TIME INC =  0.500000    
 *** RESPONSE FREQ =  118.0       PERIOD=  0.8472E-02  PTS/CYC = 0.17E-01
 ****************************************************
 *************** FINISHED SOLVE FOR LS 2 *************
 ****************************************************
 ******************* SOLVE FOR LS 3 OF 45 ****************

 PRINTOUT RESUMED BY /GOP

 USE AUTOMATIC TIME STEPPING THIS LOAD STEP

 USE INITIAL TIME STEP SIZE OF 0.5000000     FOR ALL  DEGREES OF FREEDOM
 FOR AUTOMATIC TIME STEPPING:
   USE 0.5000000     AS THE MINIMUM TIME STEP SIZE
   USE 0.5000000     AS THE MAXIMUM TIME STEP SIZE

 TIME=  3.0000    

 INCLUDE TRANSIENT EFFECTS FOR  ALL DEGREES OF FREEDOM THIS LOAD STEP

 ERASE THE CURRENT DATABASE OUTPUT CONTROL TABLE.


 WRITE ALL  ITEMS TO THE DATABASE WITH A FREQUENCY OF NONE
   FOR ALL APPLICABLE ENTITIES

 WRITE NSOL ITEMS TO THE DATABASE WITH A FREQUENCY OF ALL 
   FOR ALL APPLICABLE ENTITIES

 WRITE RSOL ITEMS TO THE DATABASE WITH A FREQUENCY OF ALL 
   FOR ALL APPLICABLE ENTITIES

 WRITE EANG ITEMS TO THE DATABASE WITH A FREQUENCY OF ALL 
   FOR ALL APPLICABLE ENTITIES

 WRITE ETMP ITEMS TO THE DATABASE WITH A FREQUENCY OF ALL 
   FOR ALL APPLICABLE ENTITIES

 WRITE VENG ITEMS TO THE DATABASE WITH A FREQUENCY OF ALL 
   FOR ALL APPLICABLE ENTITIES

 WRITE STRS ITEMS TO THE DATABASE WITH A FREQUENCY OF ALL 
   FOR ALL APPLICABLE ENTITIES

 WRITE EPEL ITEMS TO THE DATABASE WITH A FREQUENCY OF ALL 
   FOR ALL APPLICABLE ENTITIES

 WRITE EPPL ITEMS TO THE DATABASE WITH A FREQUENCY OF ALL 
   FOR ALL APPLICABLE ENTITIES

 WRITE CONT ITEMS TO THE DATABASE WITH A FREQUENCY OF ALL 
   FOR ALL APPLICABLE ENTITIES

 WRITE V    ITEMS TO THE DATABASE WITH A FREQUENCY OF ALL 
   FOR ALL APPLICABLE ENTITIES

 WRITE A    ITEMS TO THE DATABASE WITH A FREQUENCY OF ALL 
   FOR ALL APPLICABLE ENTITIES

 WRITE MISC ITEMS TO THE DATABASE WITH A FREQUENCY OF ALL 
   FOR THE ENTITIES DEFINED BY COMPONENT _ELMISC 

 *****  MAPDL SOLVE    COMMAND  *****

 *** WARNING ***                         ELAPSED TIME =      18.560   TIME= 09:03:40
 Material number 16 (used by element 2217) should normally have at least 
 one MP or one TB type command associated with it.  Output of energy by  
 material may not be available.                                          

 *** NOTE ***                            ELAPSED TIME =      18.564   TIME= 09:03:40
 The step data was checked and warning messages were found.              
  Please review output or errors file ( F:\CoME\Forth Semester\Practice  
 FEM\Git_upload\06_Dynamic_Analysis\3_transient_analysis\06_3_ii_four_ba 
 r_mechanism\ansys\project_files\_ProjectScratch\Scr451E\file0.err )     
 for these warning messages.                                             

 *** NOTE ***                            ELAPSED TIME =      18.564   TIME= 09:03:40
 This nonlinear analysis defaults to using the full Newton-Raphson       
 solution procedure.  This can be modified using the NROPT command.      

 *** MAPDL - ENGINEERING ANALYSIS SYSTEM  RELEASE 2026 R1          26.1     ***
 Ansys Mechanical Enterprise Academic Student      
 01055371  VERSION=WINDOWS x64   09:03:40  AUG 09, 2026 Elapsed Time=     18.596

 four_bar_mechanism--Transient (B5)                                            



                      L O A D   S T E P   O P T I O N S

   LOAD STEP NUMBER. . . . . . . . . . . . . . . .     3
   TIME AT END OF THE LOAD STEP. . . . . . . . . .  3.0000    
   AUTOMATIC TIME STEPPING . . . . . . . . . . . .    ON
      STARTING TIME STEP SIZE. . . . . . . . . . . 0.50000    
      MINIMUM TIME STEP SIZE . . . . . . . . . . . 0.50000    
      MAXIMUM TIME STEP SIZE . . . . . . . . . . . 0.50000    
   MAXIMUM NUMBER OF EQUILIBRIUM ITERATIONS. . . .    15
   STEP CHANGE BOUNDARY CONDITIONS . . . . . . . .   YES
   STRESS-STIFFENING . . . . . . . . . . . . . . .    ON
   TRANSIENT (INERTIA) EFFECTS
      STRUCTURAL DOFS. . . . . . . . . . . . . . .    ON
   TRANSIENT INTEGRATION PARAMETERS
      GAMMA. . . . . . . . . . . . . . . . . . . . 0.10000    
      ALPHA. . . . . . . . . . . . . . . . . . . . 0.30250    
      DELTA. . . . . . . . . . . . . . . . . . . . 0.60000    
      USING HHT TIME INTEGRATION
      ALPHAF . . . . . . . . . . . . . . . . . . . 0.10000    
      ALPHAM . . . . . . . . . . . . . . . . . . .  0.0000    
   TERMINATE ANALYSIS IF NOT CONVERGED . . . . . .YES (EXIT)  
   CONVERGENCE CONTROLS. . . . . . . . . . . . . .USE DEFAULTS
   PRINT OUTPUT CONTROLS . . . . . . . . . . . . .NO PRINTOUT
   DATABASE OUTPUT CONTROLS
      ITEM     FREQUENCY   COMPONENT
       ALL       NONE               
      NSOL        ALL               
      RSOL        ALL               
      EANG        ALL               
      ETMP        ALL               
      VENG        ALL               
      STRS        ALL               
      EPEL        ALL               
      EPPL        ALL               
      CONT        ALL               
      V           ALL               
      A           ALL               
      MISC        ALL       _ELMISC 


 SOLUTION MONITORING INFO IS WRITTEN TO FILE= file.mntr                                                                                                                                                                                                                                                           
 MAXIMUM NUMBER OF EQUILIBRIUM ITERATIONS HAS BEEN MODIFIED              
  TO BE, NEQIT = 25, BY SOLUTION CONTROL LOGIC.                          

     FORCE CONVERGENCE VALUE  =  0.3046      CRITERION=  0.1998E-01
     MOMENT CONVERGENCE VALUE =  0.4617E-12  CRITERION=   3.011    
     DISP CONVERGENCE VALUE   =   14.96      CRITERION=  0.8071    
    EQUIL ITER   1 COMPLETED.  NEW TRIANG MATRIX.  MAX DOF INC=  -14.96    
     DISP CONVERGENCE VALUE   =   14.96      CRITERION=  0.8071    
     LINE SEARCH PARAMETER =   1.000     SCALED MAX DOF INC =  -14.96    
     CONSTRAINT CONDITIONS ARE NOT SATISFIED FOR      2 JOINT ELEMENTS WITH LAG MULT OPTION
     FORCE CONVERGENCE VALUE  =  0.1231E+07  CRITERION=  0.2398E-01
     MOMENT CONVERGENCE VALUE =  0.2434E-06  CRITERION=   3.607     <<< CONVERGED
    EQUIL ITER   2 COMPLETED.  NEW TRIANG MATRIX.  MAX DOF INC=  0.4925    
     DISP CONVERGENCE VALUE   =  0.4903      CRITERION=  0.8071     <<< CONVERGED
     LINE SEARCH PARAMETER =  0.9955     SCALED MAX DOF INC =  0.4903    
     FORCE CONVERGENCE VALUE  =   2641.      CRITERION=  0.4252    
     MOMENT CONVERGENCE VALUE =  0.6725E-08  CRITERION=   26.68     <<< CONVERGED
    EQUIL ITER   3 COMPLETED.  NEW TRIANG MATRIX.  MAX DOF INC= -0.7044E-02
     DISP CONVERGENCE VALUE   =  0.7041E-02  CRITERION=  0.8071     <<< CONVERGED
     LINE SEARCH PARAMETER =  0.9995     SCALED MAX DOF INC = -0.7041E-02
     FORCE CONVERGENCE VALUE  =   2.845      CRITERION=  0.2310E-01
     MOMENT CONVERGENCE VALUE =  0.7670E-09  CRITERION=   3.499     <<< CONVERGED
    EQUIL ITER   4 COMPLETED.  NEW TRIANG MATRIX.  MAX DOF INC= -0.1458E-03
     DISP CONVERGENCE VALUE   =  0.1456E-03  CRITERION=  0.8071     <<< CONVERGED
     LINE SEARCH PARAMETER =  0.9993     SCALED MAX DOF INC = -0.1456E-03
     FORCE CONVERGENCE VALUE  =  0.7823E-03  CRITERION=  0.2320E-01 <<< CONVERGED
     MOMENT CONVERGENCE VALUE =  0.5492E-12  CRITERION=   3.499     <<< CONVERGED
    >>> SOLUTION CONVERGED AFTER EQUILIBRIUM ITERATION   4
 *** LOAD STEP     3   SUBSTEP     1  COMPLETED.    CUM ITER =     18
 *** TIME =   2.50000         TIME INC =  0.500000    
 *** RESPONSE FREQ =  118.9       PERIOD=  0.8411E-02  PTS/CYC = 0.17E-01
 *** AUTO STEP TIME:  NEXT TIME INC = 0.50000      UNCHANGED

     FORCE CONVERGENCE VALUE  =  0.4575      CRITERION=  0.2320E-01
     MOMENT CONVERGENCE VALUE =  0.9927E-13  CRITERION=   3.499    
     DISP CONVERGENCE VALUE   =   14.34      CRITERION=  0.8071    
    EQUIL ITER   1 COMPLETED.  NEW TRIANG MATRIX.  MAX DOF INC=  -14.34    
     DISP CONVERGENCE VALUE   =   1.003      CRITERION=  0.8071    
     LINE SEARCH PARAMETER =  0.6996E-01 SCALED MAX DOF INC =  -1.003    
     FORCE CONVERGENCE VALUE  =   5993.      CRITERION=  0.1981E-01
     MOMENT CONVERGENCE VALUE =  0.1295E-08  CRITERION=   2.988     <<< CONVERGED
    EQUIL ITER   2 COMPLETED.  NEW TRIANG MATRIX.  MAX DOF INC=  -13.15    
     DISP CONVERGENCE VALUE   =   13.15      CRITERION=  0.8071    
     LINE SEARCH PARAMETER =   1.000     SCALED MAX DOF INC =  -13.15    
     CONSTRAINT CONDITIONS ARE NOT SATISFIED FOR      2 JOINT ELEMENTS WITH LAG MULT OPTION
     FORCE CONVERGENCE VALUE  =  0.1037E+07  CRITERION=  0.3861    
     MOMENT CONVERGENCE VALUE =  0.1729E-05  CRITERION=   343.2     <<< CONVERGED
    EQUIL ITER   3 COMPLETED.  NEW TRIANG MATRIX.  MAX DOF INC=  0.4180    
     DISP CONVERGENCE VALUE   =  0.4164      CRITERION=  0.8071     <<< CONVERGED
     LINE SEARCH PARAMETER =  0.9961     SCALED MAX DOF INC =  0.4164    
     FORCE CONVERGENCE VALUE  =   1903.      CRITERION=  0.1264    
     MOMENT CONVERGENCE VALUE =  0.9543E-08  CRITERION=   218.3     <<< CONVERGED
    EQUIL ITER   4 COMPLETED.  NEW TRIANG MATRIX.  MAX DOF INC= -0.1053    
     DISP CONVERGENCE VALUE   =  0.1051      CRITERION=  0.8071     <<< CONVERGED
     LINE SEARCH PARAMETER =  0.9984     SCALED MAX DOF INC = -0.1051    
     FORCE CONVERGENCE VALUE  =   91.05      CRITERION=  0.2339E-01
     MOMENT CONVERGENCE VALUE =  0.1253E-07  CRITERION=   3.329     <<< CONVERGED
    EQUIL ITER   5 COMPLETED.  NEW TRIANG MATRIX.  MAX DOF INC=  0.1657E-02
     DISP CONVERGENCE VALUE   =  0.1655E-02  CRITERION=  0.8071     <<< CONVERGED
     LINE SEARCH PARAMETER =  0.9989     SCALED MAX DOF INC =  0.1655E-02
     FORCE CONVERGENCE VALUE  =  0.4112E-01  CRITERION=  0.2456E-01
     MOMENT CONVERGENCE VALUE =  0.1374E-10  CRITERION=   3.679     <<< CONVERGED
    EQUIL ITER   6 COMPLETED.  NEW TRIANG MATRIX.  MAX DOF INC=  0.2794E-05
     DISP CONVERGENCE VALUE   =  0.2793E-05  CRITERION=  0.8071     <<< CONVERGED
     LINE SEARCH PARAMETER =  0.9997     SCALED MAX DOF INC =  0.2793E-05
     FORCE CONVERGENCE VALUE  =  0.1803E-04  CRITERION=  0.2457E-01 <<< CONVERGED
     MOMENT CONVERGENCE VALUE =  0.4719E-14  CRITERION=   3.679     <<< CONVERGED
    >>> SOLUTION CONVERGED AFTER EQUILIBRIUM ITERATION   6
 *** LOAD STEP     3   SUBSTEP     2  COMPLETED.    CUM ITER =     24
 *** TIME =   3.00000         TIME INC =  0.500000    
 *** RESPONSE FREQ =  119.9       PERIOD=  0.8338E-02  PTS/CYC = 0.17E-01
 ****************************************************
 *************** FINISHED SOLVE FOR LS 3 *************
 ****************************************************
 ******************* SOLVE FOR LS 4 OF 45 ****************

 PRINTOUT RESUMED BY /GOP

 USE AUTOMATIC TIME STEPPING THIS LOAD STEP

 USE INITIAL TIME STEP SIZE OF 0.5000000     FOR ALL  DEGREES OF FREEDOM
 FOR AUTOMATIC TIME STEPPING:
   USE 0.5000000     AS THE MINIMUM TIME STEP SIZE
   USE 0.5000000     AS THE MAXIMUM TIME STEP SIZE

 TIME=  4.0000    

 INCLUDE TRANSIENT EFFECTS FOR  ALL DEGREES OF FREEDOM THIS LOAD STEP

 ERASE THE CURRENT DATABASE OUTPUT CONTROL TABLE.


 WRITE ALL  ITEMS TO THE DATABASE WITH A FREQUENCY OF NONE
   FOR ALL APPLICABLE ENTITIES

 WRITE NSOL ITEMS TO THE DATABASE WITH A FREQUENCY OF ALL 
   FOR ALL APPLICABLE ENTITIES

 WRITE RSOL ITEMS TO THE DATABASE WITH A FREQUENCY OF ALL 
   FOR ALL APPLICABLE ENTITIES

 WRITE EANG ITEMS TO THE DATABASE WITH A FREQUENCY OF ALL 
   FOR ALL APPLICABLE ENTITIES

 WRITE ETMP ITEMS TO THE DATABASE WITH A FREQUENCY OF ALL 
   FOR ALL APPLICABLE ENTITIES

 WRITE VENG ITEMS TO THE DATABASE WITH A FREQUENCY OF ALL 
   FOR ALL APPLICABLE ENTITIES

 WRITE STRS ITEMS TO THE DATABASE WITH A FREQUENCY OF ALL 
   FOR ALL APPLICABLE ENTITIES

 WRITE EPEL ITEMS TO THE DATABASE WITH A FREQUENCY OF ALL 
   FOR ALL APPLICABLE ENTITIES

 WRITE EPPL ITEMS TO THE DATABASE WITH A FREQUENCY OF ALL 
   FOR ALL APPLICABLE ENTITIES

 WRITE CONT ITEMS TO THE DATABASE WITH A FREQUENCY OF ALL 
   FOR ALL APPLICABLE ENTITIES

 WRITE V    ITEMS TO THE DATABASE WITH A FREQUENCY OF ALL 
   FOR ALL APPLICABLE ENTITIES

 WRITE A    ITEMS TO THE DATABASE WITH A FREQUENCY OF ALL 
   FOR ALL APPLICABLE ENTITIES

 WRITE MISC ITEMS TO THE DATABASE WITH A FREQUENCY OF ALL 
   FOR THE ENTITIES DEFINED BY COMPONENT _ELMISC 

 *****  MAPDL SOLVE    COMMAND  *****

 *** WARNING ***                         ELAPSED TIME =      25.786   TIME= 09:03:48
 Material number 16 (used by element 2217) should normally have at least 
 one MP or one TB type command associated with it.  Output of energy by  
 material may not be available.                                          

 *** NOTE ***                            ELAPSED TIME =      25.790   TIME= 09:03:48
 The step data was checked and warning messages were found.              
  Please review output or errors file ( F:\CoME\Forth Semester\Practice  
 FEM\Git_upload\06_Dynamic_Analysis\3_transient_analysis\06_3_ii_four_ba 
 r_mechanism\ansys\project_files\_ProjectScratch\Scr451E\file0.err )     
 for these warning messages.                                             

 *** NOTE ***                            ELAPSED TIME =      25.790   TIME= 09:03:48
 This nonlinear analysis defaults to using the full Newton-Raphson       
 solution procedure.  This can be modified using the NROPT command.      

 *** MAPDL - ENGINEERING ANALYSIS SYSTEM  RELEASE 2026 R1          26.1     ***
 Ansys Mechanical Enterprise Academic Student      
 01055371  VERSION=WINDOWS x64   09:03:48  AUG 09, 2026 Elapsed Time=     25.822

 four_bar_mechanism--Transient (B5)                                            



                      L O A D   S T E P   O P T I O N S

   LOAD STEP NUMBER. . . . . . . . . . . . . . . .     4
   TIME AT END OF THE LOAD STEP. . . . . . . . . .  4.0000    
   AUTOMATIC TIME STEPPING . . . . . . . . . . . .    ON
      STARTING TIME STEP SIZE. . . . . . . . . . . 0.50000    
      MINIMUM TIME STEP SIZE . . . . . . . . . . . 0.50000    
      MAXIMUM TIME STEP SIZE . . . . . . . . . . . 0.50000    
   MAXIMUM NUMBER OF EQUILIBRIUM ITERATIONS. . . .    15
   STEP CHANGE BOUNDARY CONDITIONS . . . . . . . .   YES
   STRESS-STIFFENING . . . . . . . . . . . . . . .    ON
   TRANSIENT (INERTIA) EFFECTS
      STRUCTURAL DOFS. . . . . . . . . . . . . . .    ON
   TRANSIENT INTEGRATION PARAMETERS
      GAMMA. . . . . . . . . . . . . . . . . . . . 0.10000    
      ALPHA. . . . . . . . . . . . . . . . . . . . 0.30250    
      DELTA. . . . . . . . . . . . . . . . . . . . 0.60000    
      USING HHT TIME INTEGRATION
      ALPHAF . . . . . . . . . . . . . . . . . . . 0.10000    
      ALPHAM . . . . . . . . . . . . . . . . . . .  0.0000    
   TERMINATE ANALYSIS IF NOT CONVERGED . . . . . .YES (EXIT)  
   CONVERGENCE CONTROLS. . . . . . . . . . . . . .USE DEFAULTS
   PRINT OUTPUT CONTROLS . . . . . . . . . . . . .NO PRINTOUT
   DATABASE OUTPUT CONTROLS
      ITEM     FREQUENCY   COMPONENT
       ALL       NONE               
      NSOL        ALL               
      RSOL        ALL               
      EANG        ALL               
      ETMP        ALL               
      VENG        ALL               
      STRS        ALL               
      EPEL        ALL               
      EPPL        ALL               
      CONT        ALL               
      V           ALL               
      A           ALL               
      MISC        ALL       _ELMISC 


 SOLUTION MONITORING INFO IS WRITTEN TO FILE= file.mntr                                                                                                                                                                                                                                                           
 MAXIMUM NUMBER OF EQUILIBRIUM ITERATIONS HAS BEEN MODIFIED              
  TO BE, NEQIT = 25, BY SOLUTION CONTROL LOGIC.                          

     FORCE CONVERGENCE VALUE  =  0.3775      CRITERION=  0.2457E-01
     MOMENT CONVERGENCE VALUE =  0.1154E-13  CRITERION=   3.679    
     DISP CONVERGENCE VALUE   =   13.93      CRITERION=  0.8071    
    EQUIL ITER   1 COMPLETED.  NEW TRIANG MATRIX.  MAX DOF INC=  -13.93    
     DISP CONVERGENCE VALUE   =   13.93      CRITERION=  0.8071    
     LINE SEARCH PARAMETER =   1.000     SCALED MAX DOF INC =  -13.93    
     CONSTRAINT CONDITIONS ARE NOT SATISFIED FOR      2 JOINT ELEMENTS WITH LAG MULT OPTION
     FORCE CONVERGENCE VALUE  =  0.1220E+07  CRITERION=  0.2520E-01
     MOMENT CONVERGENCE VALUE =  0.2676E-06  CRITERION=   3.799     <<< CONVERGED
    EQUIL ITER   2 COMPLETED.  NEW TRIANG MATRIX.  MAX DOF INC=  0.4991    
     DISP CONVERGENCE VALUE   =  0.4969      CRITERION=  0.8071     <<< CONVERGED
     LINE SEARCH PARAMETER =  0.9955     SCALED MAX DOF INC =  0.4969    
     FORCE CONVERGENCE VALUE  =   2619.      CRITERION=  0.4808    
     MOMENT CONVERGENCE VALUE =  0.7944E-08  CRITERION=   24.05     <<< CONVERGED
    EQUIL ITER   3 COMPLETED.  NEW TRIANG MATRIX.  MAX DOF INC= -0.6355E-02
     DISP CONVERGENCE VALUE   =  0.6352E-02  CRITERION=  0.8071     <<< CONVERGED
     LINE SEARCH PARAMETER =  0.9996     SCALED MAX DOF INC = -0.6352E-02
     FORCE CONVERGENCE VALUE  =   2.659      CRITERION=  0.2428E-01
     MOMENT CONVERGENCE VALUE =  0.8058E-09  CRITERION=   3.623     <<< CONVERGED
    EQUIL ITER   4 COMPLETED.  NEW TRIANG MATRIX.  MAX DOF INC= -0.1722E-03
     DISP CONVERGENCE VALUE   =  0.1721E-03  CRITERION=  0.8071     <<< CONVERGED
     LINE SEARCH PARAMETER =  0.9993     SCALED MAX DOF INC = -0.1721E-03
     FORCE CONVERGENCE VALUE  =  0.8162E-03  CRITERION=  0.2440E-01 <<< CONVERGED
     MOMENT CONVERGENCE VALUE =  0.5359E-12  CRITERION=   3.626     <<< CONVERGED
    >>> SOLUTION CONVERGED AFTER EQUILIBRIUM ITERATION   4
 *** LOAD STEP     4   SUBSTEP     1  COMPLETED.    CUM ITER =     28
 *** TIME =   3.50000         TIME INC =  0.500000    
 *** RESPONSE FREQ =  121.0       PERIOD=  0.8263E-02  PTS/CYC = 0.17E-01
 *** AUTO STEP TIME:  NEXT TIME INC = 0.50000      UNCHANGED

     FORCE CONVERGENCE VALUE  =  0.4742      CRITERION=  0.2440E-01
     MOMENT CONVERGENCE VALUE =  0.6063E-13  CRITERION=   3.626    
     DISP CONVERGENCE VALUE   =   14.16      CRITERION=  0.8071    
    EQUIL ITER   1 COMPLETED.  NEW TRIANG MATRIX.  MAX DOF INC=  -14.16    
     DISP CONVERGENCE VALUE   =  0.9905      CRITERION=  0.8071    
     LINE SEARCH PARAMETER =  0.6995E-01 SCALED MAX DOF INC = -0.9905    
     FORCE CONVERGENCE VALUE  =   5935.      CRITERION=  0.2101E-01
     MOMENT CONVERGENCE VALUE =  0.1259E-08  CRITERION=   3.119     <<< CONVERGED
    EQUIL ITER   2 COMPLETED.  NEW TRIANG MATRIX.  MAX DOF INC=  -13.04    
     DISP CONVERGENCE VALUE   =   13.04      CRITERION=  0.8071    
     LINE SEARCH PARAMETER =   1.000     SCALED MAX DOF INC =  -13.04    
     CONSTRAINT CONDITIONS ARE NOT SATISFIED FOR      2 JOINT ELEMENTS WITH LAG MULT OPTION
     FORCE CONVERGENCE VALUE  =  0.1027E+07  CRITERION=  0.3430    
     MOMENT CONVERGENCE VALUE =  0.1481E-05  CRITERION=   338.8     <<< CONVERGED
    EQUIL ITER   3 COMPLETED.  NEW TRIANG MATRIX.  MAX DOF INC=  0.4256    
     DISP CONVERGENCE VALUE   =  0.4240      CRITERION=  0.8071     <<< CONVERGED
     LINE SEARCH PARAMETER =  0.9961     SCALED MAX DOF INC =  0.4240    
     FORCE CONVERGENCE VALUE  =   1885.      CRITERION=  0.1832    
     MOMENT CONVERGENCE VALUE =  0.9314E-08  CRITERION=   212.9     <<< CONVERGED
    EQUIL ITER   4 COMPLETED.  NEW TRIANG MATRIX.  MAX DOF INC= -0.1030    
     DISP CONVERGENCE VALUE   =  0.1028      CRITERION=  0.8071     <<< CONVERGED
     LINE SEARCH PARAMETER =  0.9984     SCALED MAX DOF INC = -0.1028    
     FORCE CONVERGENCE VALUE  =   86.36      CRITERION=  0.2258E-01
     MOMENT CONVERGENCE VALUE =  0.9797E-08  CRITERION=   3.101     <<< CONVERGED
    EQUIL ITER   5 COMPLETED.  NEW TRIANG MATRIX.  MAX DOF INC=  0.1453E-02
     DISP CONVERGENCE VALUE   =  0.1451E-02  CRITERION=  0.8071     <<< CONVERGED
     LINE SEARCH PARAMETER =  0.9989     SCALED MAX DOF INC =  0.1451E-02
     FORCE CONVERGENCE VALUE  =  0.3650E-01  CRITERION=  0.2354E-01
     MOMENT CONVERGENCE VALUE =  0.1095E-10  CRITERION=   3.443     <<< CONVERGED
    EQUIL ITER   6 COMPLETED.  NEW TRIANG MATRIX.  MAX DOF INC=  0.2364E-05
     DISP CONVERGENCE VALUE   =  0.2363E-05  CRITERION=  0.8071     <<< CONVERGED
     LINE SEARCH PARAMETER =  0.9997     SCALED MAX DOF INC =  0.2363E-05
     FORCE CONVERGENCE VALUE  =  0.1513E-04  CRITERION=  0.2354E-01 <<< CONVERGED
     MOMENT CONVERGENCE VALUE =  0.3552E-14  CRITERION=   3.444     <<< CONVERGED
    >>> SOLUTION CONVERGED AFTER EQUILIBRIUM ITERATION   6
 *** LOAD STEP     4   SUBSTEP     2  COMPLETED.    CUM ITER =     34
 *** TIME =   4.00000         TIME INC =  0.500000    
 *** RESPONSE FREQ =  122.3       PERIOD=  0.8175E-02  PTS/CYC = 0.16E-01
 ****************************************************
 *************** FINISHED SOLVE FOR LS 4 *************
 ****************************************************
 ******************* SOLVE FOR LS 5 OF 45 ****************

 PRINTOUT RESUMED BY /GOP

 USE AUTOMATIC TIME STEPPING THIS LOAD STEP

 USE INITIAL TIME STEP SIZE OF 0.5000000     FOR ALL  DEGREES OF FREEDOM
 FOR AUTOMATIC TIME STEPPING:
   USE 0.5000000     AS THE MINIMUM TIME STEP SIZE
   USE 0.5000000     AS THE MAXIMUM TIME STEP SIZE

 TIME=  5.0000    

 INCLUDE TRANSIENT EFFECTS FOR  ALL DEGREES OF FREEDOM THIS LOAD STEP

 ERASE THE CURRENT DATABASE OUTPUT CONTROL TABLE.


 WRITE ALL  ITEMS TO THE DATABASE WITH A FREQUENCY OF NONE
   FOR ALL APPLICABLE ENTITIES

 WRITE NSOL ITEMS TO THE DATABASE WITH A FREQUENCY OF ALL 
   FOR ALL APPLICABLE ENTITIES

 WRITE RSOL ITEMS TO THE DATABASE WITH A FREQUENCY OF ALL 
   FOR ALL APPLICABLE ENTITIES

 WRITE EANG ITEMS TO THE DATABASE WITH A FREQUENCY OF ALL 
   FOR ALL APPLICABLE ENTITIES

 WRITE ETMP ITEMS TO THE DATABASE WITH A FREQUENCY OF ALL 
   FOR ALL APPLICABLE ENTITIES

 WRITE VENG ITEMS TO THE DATABASE WITH A FREQUENCY OF ALL 
   FOR ALL APPLICABLE ENTITIES

 WRITE STRS ITEMS TO THE DATABASE WITH A FREQUENCY OF ALL 
   FOR ALL APPLICABLE ENTITIES

 WRITE EPEL ITEMS TO THE DATABASE WITH A FREQUENCY OF ALL 
   FOR ALL APPLICABLE ENTITIES

 WRITE EPPL ITEMS TO THE DATABASE WITH A FREQUENCY OF ALL 
   FOR ALL APPLICABLE ENTITIES

 WRITE CONT ITEMS TO THE DATABASE WITH A FREQUENCY OF ALL 
   FOR ALL APPLICABLE ENTITIES

 WRITE V    ITEMS TO THE DATABASE WITH A FREQUENCY OF ALL 
   FOR ALL APPLICABLE ENTITIES

 WRITE A    ITEMS TO THE DATABASE WITH A FREQUENCY OF ALL 
   FOR ALL APPLICABLE ENTITIES

 WRITE MISC ITEMS TO THE DATABASE WITH A FREQUENCY OF ALL 
   FOR THE ENTITIES DEFINED BY COMPONENT _ELMISC 

 *****  MAPDL SOLVE    COMMAND  *****

 *** WARNING ***                         ELAPSED TIME =      33.055   TIME= 09:03:55
 Material number 16 (used by element 2217) should normally have at least 
 one MP or one TB type command associated with it.  Output of energy by  
 material may not be available.                                          

 *** NOTE ***                            ELAPSED TIME =      33.058   TIME= 09:03:55
 The step data was checked and warning messages were found.              
  Please review output or errors file ( F:\CoME\Forth Semester\Practice  
 FEM\Git_upload\06_Dynamic_Analysis\3_transient_analysis\06_3_ii_four_ba 
 r_mechanism\ansys\project_files\_ProjectScratch\Scr451E\file0.err )     
 for these warning messages.                                             

 *** NOTE ***                            ELAPSED TIME =      33.058   TIME= 09:03:55
 This nonlinear analysis defaults to using the full Newton-Raphson       
 solution procedure.  This can be modified using the NROPT command.      

 *** MAPDL - ENGINEERING ANALYSIS SYSTEM  RELEASE 2026 R1          26.1     ***
 Ansys Mechanical Enterprise Academic Student      
 01055371  VERSION=WINDOWS x64   09:03:55  AUG 09, 2026 Elapsed Time=     33.092

 four_bar_mechanism--Transient (B5)                                            



                      L O A D   S T E P   O P T I O N S

   LOAD STEP NUMBER. . . . . . . . . . . . . . . .     5
   TIME AT END OF THE LOAD STEP. . . . . . . . . .  5.0000    
   AUTOMATIC TIME STEPPING . . . . . . . . . . . .    ON
      STARTING TIME STEP SIZE. . . . . . . . . . . 0.50000    
      MINIMUM TIME STEP SIZE . . . . . . . . . . . 0.50000    
      MAXIMUM TIME STEP SIZE . . . . . . . . . . . 0.50000    
   MAXIMUM NUMBER OF EQUILIBRIUM ITERATIONS. . . .    15
   STEP CHANGE BOUNDARY CONDITIONS . . . . . . . .   YES
   STRESS-STIFFENING . . . . . . . . . . . . . . .    ON
   TRANSIENT (INERTIA) EFFECTS
      STRUCTURAL DOFS. . . . . . . . . . . . . . .    ON
   TRANSIENT INTEGRATION PARAMETERS
      GAMMA. . . . . . . . . . . . . . . . . . . . 0.10000    
      ALPHA. . . . . . . . . . . . . . . . . . . . 0.30250    
      DELTA. . . . . . . . . . . . . . . . . . . . 0.60000    
      USING HHT TIME INTEGRATION
      ALPHAF . . . . . . . . . . . . . . . . . . . 0.10000    
      ALPHAM . . . . . . . . . . . . . . . . . . .  0.0000    
   TERMINATE ANALYSIS IF NOT CONVERGED . . . . . .YES (EXIT)  
   CONVERGENCE CONTROLS. . . . . . . . . . . . . .USE DEFAULTS
   PRINT OUTPUT CONTROLS . . . . . . . . . . . . .NO PRINTOUT
   DATABASE OUTPUT CONTROLS
      ITEM     FREQUENCY   COMPONENT
       ALL       NONE               
      NSOL        ALL               
      RSOL        ALL               
      EANG        ALL               
      ETMP        ALL               
      VENG        ALL               
      STRS        ALL               
      EPEL        ALL               
      EPPL        ALL               
      CONT        ALL               
      V           ALL               
      A           ALL               
      MISC        ALL       _ELMISC 


 SOLUTION MONITORING INFO IS WRITTEN TO FILE= file.mntr                                                                                                                                                                                                                                                           
 MAXIMUM NUMBER OF EQUILIBRIUM ITERATIONS HAS BEEN MODIFIED              
  TO BE, NEQIT = 25, BY SOLUTION CONTROL LOGIC.                          

     FORCE CONVERGENCE VALUE  =  0.3653      CRITERION=  0.2354E-01
     MOMENT CONVERGENCE VALUE =  0.7025E-14  CRITERION=   3.444    
     DISP CONVERGENCE VALUE   =   14.33      CRITERION=  0.8071    
    EQUIL ITER   1 COMPLETED.  NEW TRIANG MATRIX.  MAX DOF INC=  -14.33    
     DISP CONVERGENCE VALUE   =   14.33      CRITERION=  0.8071    
     LINE SEARCH PARAMETER =   1.000     SCALED MAX DOF INC =  -14.33    
     CONSTRAINT CONDITIONS ARE NOT SATISFIED FOR      1 JOINT ELEMENTS WITH LAG MULT OPTION
     FORCE CONVERGENCE VALUE  =  0.1208E+07  CRITERION=  0.2266E-01
     MOMENT CONVERGENCE VALUE =  0.2409E-06  CRITERION=   3.366     <<< CONVERGED
    EQUIL ITER   2 COMPLETED.  NEW TRIANG MATRIX.  MAX DOF INC=  0.4959    
     DISP CONVERGENCE VALUE   =  0.4936      CRITERION=  0.8071     <<< CONVERGED
     LINE SEARCH PARAMETER =  0.9955     SCALED MAX DOF INC =  0.4936    
     FORCE CONVERGENCE VALUE  =   2593.      CRITERION=  0.5171    
     MOMENT CONVERGENCE VALUE =  0.8803E-08  CRITERION=   22.23     <<< CONVERGED
    EQUIL ITER   3 COMPLETED.  NEW TRIANG MATRIX.  MAX DOF INC= -0.6004E-02
     DISP CONVERGENCE VALUE   =  0.6002E-02  CRITERION=  0.8071     <<< CONVERGED
     LINE SEARCH PARAMETER =  0.9997     SCALED MAX DOF INC = -0.6002E-02
     FORCE CONVERGENCE VALUE  =   2.523      CRITERION=  0.2184E-01
     MOMENT CONVERGENCE VALUE =  0.8264E-09  CRITERION=   3.156     <<< CONVERGED
    EQUIL ITER   4 COMPLETED.  NEW TRIANG MATRIX.  MAX DOF INC= -0.1893E-03
     DISP CONVERGENCE VALUE   =  0.1891E-03  CRITERION=  0.8071     <<< CONVERGED
     LINE SEARCH PARAMETER =  0.9994     SCALED MAX DOF INC = -0.1891E-03
     FORCE CONVERGENCE VALUE  =  0.8791E-03  CRITERION=  0.2196E-01 <<< CONVERGED
     MOMENT CONVERGENCE VALUE =  0.5200E-12  CRITERION=   3.160     <<< CONVERGED
    >>> SOLUTION CONVERGED AFTER EQUILIBRIUM ITERATION   4
 *** LOAD STEP     5   SUBSTEP     1  COMPLETED.    CUM ITER =     38
 *** TIME =   4.50000         TIME INC =  0.500000    
 *** RESPONSE FREQ =  123.7       PERIOD=  0.8085E-02  PTS/CYC = 0.16E-01
 *** AUTO STEP TIME:  NEXT TIME INC = 0.50000      UNCHANGED

     FORCE CONVERGENCE VALUE  =  0.4323      CRITERION=  0.2196E-01
     MOMENT CONVERGENCE VALUE =  0.5855E-13  CRITERION=   3.160    
     DISP CONVERGENCE VALUE   =   14.46      CRITERION=  0.8071    
    EQUIL ITER   1 COMPLETED.  NEW TRIANG MATRIX.  MAX DOF INC=  -14.46    
     DISP CONVERGENCE VALUE   =  0.8973      CRITERION=  0.8071    
     LINE SEARCH PARAMETER =  0.6206E-01 SCALED MAX DOF INC = -0.8973    
     FORCE CONVERGENCE VALUE  =   4622.      CRITERION=  0.1931E-01
     MOMENT CONVERGENCE VALUE =  0.8450E-09  CRITERION=   2.775     <<< CONVERGED
    EQUIL ITER   2 COMPLETED.  NEW TRIANG MATRIX.  MAX DOF INC=  -13.45    
     DISP CONVERGENCE VALUE   =   13.45      CRITERION=  0.8071    
     LINE SEARCH PARAMETER =   1.000     SCALED MAX DOF INC =  -13.45    
     CONSTRAINT CONDITIONS ARE NOT SATISFIED FOR      2 JOINT ELEMENTS WITH LAG MULT OPTION
     FORCE CONVERGENCE VALUE  =  0.1039E+07  CRITERION=  0.2386    
     MOMENT CONVERGENCE VALUE =  0.1004E-05  CRITERION=   265.6     <<< CONVERGED
    EQUIL ITER   3 COMPLETED.  NEW TRIANG MATRIX.  MAX DOF INC=  0.4320    
     DISP CONVERGENCE VALUE   =  0.4303      CRITERION=  0.8071     <<< CONVERGED
     LINE SEARCH PARAMETER =  0.9960     SCALED MAX DOF INC =  0.4303    
     FORCE CONVERGENCE VALUE  =   1948.      CRITERION=  0.2765    
     MOMENT CONVERGENCE VALUE =  0.8836E-08  CRITERION=   169.7     <<< CONVERGED
    EQUIL ITER   4 COMPLETED.  NEW TRIANG MATRIX.  MAX DOF INC= -0.8144E-01
     DISP CONVERGENCE VALUE   =  0.8131E-01  CRITERION=  0.8071     <<< CONVERGED
     LINE SEARCH PARAMETER =  0.9984     SCALED MAX DOF INC = -0.8131E-01
     FORCE CONVERGENCE VALUE  =   54.97      CRITERION=  0.1972E-01
     MOMENT CONVERGENCE VALUE =  0.4177E-08  CRITERION=   2.589     <<< CONVERGED
    EQUIL ITER   5 COMPLETED.  NEW TRIANG MATRIX.  MAX DOF INC=  0.1030E-02
     DISP CONVERGENCE VALUE   =  0.1029E-02  CRITERION=  0.8071     <<< CONVERGED
     LINE SEARCH PARAMETER =  0.9989     SCALED MAX DOF INC =  0.1029E-02
     FORCE CONVERGENCE VALUE  =  0.2156E-01  CRITERION=  0.2028E-01
     MOMENT CONVERGENCE VALUE =  0.4653E-11  CRITERION=   2.847     <<< CONVERGED
    EQUIL ITER   6 COMPLETED.  NEW TRIANG MATRIX.  MAX DOF INC=  0.1362E-05
     DISP CONVERGENCE VALUE   =  0.1362E-05  CRITERION=  0.8071     <<< CONVERGED
     LINE SEARCH PARAMETER =  0.9997     SCALED MAX DOF INC =  0.1362E-05
     FORCE CONVERGENCE VALUE  =  0.9331E-05  CRITERION=  0.2028E-01 <<< CONVERGED
     MOMENT CONVERGENCE VALUE =  0.1481E-14  CRITERION=   2.847     <<< CONVERGED
    >>> SOLUTION CONVERGED AFTER EQUILIBRIUM ITERATION   6
 *** LOAD STEP     5   SUBSTEP     2  COMPLETED.    CUM ITER =     44
 *** TIME =   5.00000         TIME INC =  0.500000    
 *** RESPONSE FREQ =  125.3       PERIOD=  0.7982E-02  PTS/CYC = 0.16E-01
 ****************************************************
 *************** FINISHED SOLVE FOR LS 5 *************
 ****************************************************
 ******************* SOLVE FOR LS 6 OF 45 ****************

 PRINTOUT RESUMED BY /GOP

 USE AUTOMATIC TIME STEPPING THIS LOAD STEP

 USE INITIAL TIME STEP SIZE OF 0.5000000     FOR ALL  DEGREES OF FREEDOM
 FOR AUTOMATIC TIME STEPPING:
   USE 0.5000000     AS THE MINIMUM TIME STEP SIZE
   USE 0.5000000     AS THE MAXIMUM TIME STEP SIZE

 TIME=  6.0000    

 INCLUDE TRANSIENT EFFECTS FOR  ALL DEGREES OF FREEDOM THIS LOAD STEP

 ERASE THE CURRENT DATABASE OUTPUT CONTROL TABLE.


 WRITE ALL  ITEMS TO THE DATABASE WITH A FREQUENCY OF NONE
   FOR ALL APPLICABLE ENTITIES

 WRITE NSOL ITEMS TO THE DATABASE WITH A FREQUENCY OF ALL 
   FOR ALL APPLICABLE ENTITIES

 WRITE RSOL ITEMS TO THE DATABASE WITH A FREQUENCY OF ALL 
   FOR ALL APPLICABLE ENTITIES

 WRITE EANG ITEMS TO THE DATABASE WITH A FREQUENCY OF ALL 
   FOR ALL APPLICABLE ENTITIES

 WRITE ETMP ITEMS TO THE DATABASE WITH A FREQUENCY OF ALL 
   FOR ALL APPLICABLE ENTITIES

 WRITE VENG ITEMS TO THE DATABASE WITH A FREQUENCY OF ALL 
   FOR ALL APPLICABLE ENTITIES

 WRITE STRS ITEMS TO THE DATABASE WITH A FREQUENCY OF ALL 
   FOR ALL APPLICABLE ENTITIES

 WRITE EPEL ITEMS TO THE DATABASE WITH A FREQUENCY OF ALL 
   FOR ALL APPLICABLE ENTITIES

 WRITE EPPL ITEMS TO THE DATABASE WITH A FREQUENCY OF ALL 
   FOR ALL APPLICABLE ENTITIES

 WRITE CONT ITEMS TO THE DATABASE WITH A FREQUENCY OF ALL 
   FOR ALL APPLICABLE ENTITIES

 WRITE V    ITEMS TO THE DATABASE WITH A FREQUENCY OF ALL 
   FOR ALL APPLICABLE ENTITIES

 WRITE A    ITEMS TO THE DATABASE WITH A FREQUENCY OF ALL 
   FOR ALL APPLICABLE ENTITIES

 WRITE MISC ITEMS TO THE DATABASE WITH A FREQUENCY OF ALL 
   FOR THE ENTITIES DEFINED BY COMPONENT _ELMISC 

 *****  MAPDL SOLVE    COMMAND  *****

 *** WARNING ***                         ELAPSED TIME =      40.503   TIME= 09:04:02
 Material number 16 (used by element 2217) should normally have at least 
 one MP or one TB type command associated with it.  Output of energy by  
 material may not be available.                                          

 *** NOTE ***                            ELAPSED TIME =      40.506   TIME= 09:04:02
 The step data was checked and warning messages were found.              
  Please review output or errors file ( F:\CoME\Forth Semester\Practice  
 FEM\Git_upload\06_Dynamic_Analysis\3_transient_analysis\06_3_ii_four_ba 
 r_mechanism\ansys\project_files\_ProjectScratch\Scr451E\file0.err )     
 for these warning messages.                                             

 *** NOTE ***                            ELAPSED TIME =      40.506   TIME= 09:04:02
 This nonlinear analysis defaults to using the full Newton-Raphson       
 solution procedure.  This can be modified using the NROPT command.      

 *** MAPDL - ENGINEERING ANALYSIS SYSTEM  RELEASE 2026 R1          26.1     ***
 Ansys Mechanical Enterprise Academic Student      
 01055371  VERSION=WINDOWS x64   09:04:02  AUG 09, 2026 Elapsed Time=     40.529

 four_bar_mechanism--Transient (B5)                                            



                      L O A D   S T E P   O P T I O N S

   LOAD STEP NUMBER. . . . . . . . . . . . . . . .     6
   TIME AT END OF THE LOAD STEP. . . . . . . . . .  6.0000    
   AUTOMATIC TIME STEPPING . . . . . . . . . . . .    ON
      STARTING TIME STEP SIZE. . . . . . . . . . . 0.50000    
      MINIMUM TIME STEP SIZE . . . . . . . . . . . 0.50000    
      MAXIMUM TIME STEP SIZE . . . . . . . . . . . 0.50000    
   MAXIMUM NUMBER OF EQUILIBRIUM ITERATIONS. . . .    15
   STEP CHANGE BOUNDARY CONDITIONS . . . . . . . .   YES
   STRESS-STIFFENING . . . . . . . . . . . . . . .    ON
   TRANSIENT (INERTIA) EFFECTS
      STRUCTURAL DOFS. . . . . . . . . . . . . . .    ON
   TRANSIENT INTEGRATION PARAMETERS
      GAMMA. . . . . . . . . . . . . . . . . . . . 0.10000    
      ALPHA. . . . . . . . . . . . . . . . . . . . 0.30250    
      DELTA. . . . . . . . . . . . . . . . . . . . 0.60000    
      USING HHT TIME INTEGRATION
      ALPHAF . . . . . . . . . . . . . . . . . . . 0.10000    
      ALPHAM . . . . . . . . . . . . . . . . . . .  0.0000    
   TERMINATE ANALYSIS IF NOT CONVERGED . . . . . .YES (EXIT)  
   CONVERGENCE CONTROLS. . . . . . . . . . . . . .USE DEFAULTS
   PRINT OUTPUT CONTROLS . . . . . . . . . . . . .NO PRINTOUT
   DATABASE OUTPUT CONTROLS
      ITEM     FREQUENCY   COMPONENT
       ALL       NONE               
      NSOL        ALL               
      RSOL        ALL               
      EANG        ALL               
      ETMP        ALL               
      VENG        ALL               
      STRS        ALL               
      EPEL        ALL               
      EPPL        ALL               
      CONT        ALL               
      V           ALL               
      A           ALL               
      MISC        ALL       _ELMISC 


 SOLUTION MONITORING INFO IS WRITTEN TO FILE= file.mntr                                                                                                                                                                                                                                                           
 MAXIMUM NUMBER OF EQUILIBRIUM ITERATIONS HAS BEEN MODIFIED              
  TO BE, NEQIT = 25, BY SOLUTION CONTROL LOGIC.                          

     FORCE CONVERGENCE VALUE  =  0.3154      CRITERION=  0.2028E-01
     MOMENT CONVERGENCE VALUE =  0.6574E-14  CRITERION=   2.847    
     DISP CONVERGENCE VALUE   =   14.52      CRITERION=  0.8071    
    EQUIL ITER   1 COMPLETED.  NEW TRIANG MATRIX.  MAX DOF INC=  -14.52    
     DISP CONVERGENCE VALUE   =   14.52      CRITERION=  0.8071    
     LINE SEARCH PARAMETER =   1.000     SCALED MAX DOF INC =  -14.52    
     CONSTRAINT CONDITIONS ARE NOT SATISFIED FOR      1 JOINT ELEMENTS WITH LAG MULT OPTION
     FORCE CONVERGENCE VALUE  =  0.1195E+07  CRITERION=  0.1885E-01
     MOMENT CONVERGENCE VALUE =  0.1978E-06  CRITERION=   2.714     <<< CONVERGED
    EQUIL ITER   2 COMPLETED.  NEW TRIANG MATRIX.  MAX DOF INC=  0.4836    
     DISP CONVERGENCE VALUE   =  0.4814      CRITERION=  0.8071     <<< CONVERGED
     LINE SEARCH PARAMETER =  0.9954     SCALED MAX DOF INC =  0.4814    
     FORCE CONVERGENCE VALUE  =   2562.      CRITERION=  0.5364    
     MOMENT CONVERGENCE VALUE =  0.9443E-08  CRITERION=   21.42     <<< CONVERGED
    EQUIL ITER   3 COMPLETED.  NEW TRIANG MATRIX.  MAX DOF INC= -0.5880E-02
     DISP CONVERGENCE VALUE   =  0.5878E-02  CRITERION=  0.8071     <<< CONVERGED
     LINE SEARCH PARAMETER =  0.9997     SCALED MAX DOF INC = -0.5878E-02
     FORCE CONVERGENCE VALUE  =   2.424      CRITERION=  0.1818E-01
     MOMENT CONVERGENCE VALUE =  0.8403E-09  CRITERION=   2.499     <<< CONVERGED
    EQUIL ITER   4 COMPLETED.  NEW TRIANG MATRIX.  MAX DOF INC= -0.1988E-03
     DISP CONVERGENCE VALUE   =  0.1987E-03  CRITERION=  0.8071     <<< CONVERGED
     LINE SEARCH PARAMETER =  0.9994     SCALED MAX DOF INC = -0.1987E-03
     FORCE CONVERGENCE VALUE  =  0.9347E-03  CRITERION=  0.1828E-01 <<< CONVERGED
     MOMENT CONVERGENCE VALUE =  0.5105E-12  CRITERION=   2.503     <<< CONVERGED
    >>> SOLUTION CONVERGED AFTER EQUILIBRIUM ITERATION   4
 *** LOAD STEP     6   SUBSTEP     1  COMPLETED.    CUM ITER =     48
 *** TIME =   5.50000         TIME INC =  0.500000    
 *** RESPONSE FREQ =  127.0       PERIOD=  0.7875E-02  PTS/CYC = 0.16E-01
 *** AUTO STEP TIME:  NEXT TIME INC = 0.50000      UNCHANGED

     FORCE CONVERGENCE VALUE  =  0.3679      CRITERION=  0.1828E-01
     MOMENT CONVERGENCE VALUE =  0.5744E-13  CRITERION=   2.503    
     DISP CONVERGENCE VALUE   =   14.55      CRITERION=  0.8071    
    EQUIL ITER   1 COMPLETED.  NEW TRIANG MATRIX.  MAX DOF INC=  -14.55    
     DISP CONVERGENCE VALUE   =  0.7446      CRITERION=  0.8071     <<< CONVERGED
     LINE SEARCH PARAMETER =  0.5119E-01 SCALED MAX DOF INC = -0.7446    
     FORCE CONVERGENCE VALUE  =   3110.      CRITERION=  0.1649E-01
     MOMENT CONVERGENCE VALUE =  0.4579E-09  CRITERION=   2.254     <<< CONVERGED
    EQUIL ITER   2 COMPLETED.  NEW TRIANG MATRIX.  MAX DOF INC=  -13.72    
     DISP CONVERGENCE VALUE   =   13.72      CRITERION=  0.8071    
     LINE SEARCH PARAMETER =   1.000     SCALED MAX DOF INC =  -13.72    
     CONSTRAINT CONDITIONS ARE NOT SATISFIED FOR      2 JOINT ELEMENTS WITH LAG MULT OPTION
     FORCE CONVERGENCE VALUE  =  0.1058E+07  CRITERION=  0.1412    
     MOMENT CONVERGENCE VALUE =  0.5763E-06  CRITERION=   180.3     <<< CONVERGED
    EQUIL ITER   3 COMPLETED.  NEW TRIANG MATRIX.  MAX DOF INC=  0.4297    
     DISP CONVERGENCE VALUE   =  0.4279      CRITERION=  0.8071     <<< CONVERGED
     LINE SEARCH PARAMETER =  0.9958     SCALED MAX DOF INC =  0.4279    
     FORCE CONVERGENCE VALUE  =   2035.      CRITERION=  0.3617    
     MOMENT CONVERGENCE VALUE =  0.8557E-08  CRITERION=   120.8     <<< CONVERGED
    EQUIL ITER   4 COMPLETED.  NEW TRIANG MATRIX.  MAX DOF INC= -0.5630E-01
     DISP CONVERGENCE VALUE   =  0.5622E-01  CRITERION=  0.8071     <<< CONVERGED
     LINE SEARCH PARAMETER =  0.9986     SCALED MAX DOF INC = -0.5622E-01
     FORCE CONVERGENCE VALUE  =   28.32      CRITERION=  0.1629E-01
     MOMENT CONVERGENCE VALUE =  0.2254E-08  CRITERION=   2.011     <<< CONVERGED
    EQUIL ITER   5 COMPLETED.  NEW TRIANG MATRIX.  MAX DOF INC=  0.6019E-03
     DISP CONVERGENCE VALUE   =  0.6012E-03  CRITERION=  0.8071     <<< CONVERGED
     LINE SEARCH PARAMETER =  0.9989     SCALED MAX DOF INC =  0.6012E-03
     FORCE CONVERGENCE VALUE  =  0.1027E-01  CRITERION=  0.1648E-01 <<< CONVERGED
     MOMENT CONVERGENCE VALUE =  0.2469E-11  CRITERION=   2.180     <<< CONVERGED
    >>> SOLUTION CONVERGED AFTER EQUILIBRIUM ITERATION   5
 *** LOAD STEP     6   SUBSTEP     2  COMPLETED.    CUM ITER =     53
 *** TIME =   6.00000         TIME INC =  0.500000    
 *** RESPONSE FREQ =  128.9       PERIOD=  0.7757E-02  PTS/CYC = 0.16E-01
 ****************************************************
 *************** FINISHED SOLVE FOR LS 6 *************
 ****************************************************
 ******************* SOLVE FOR LS 7 OF 45 ****************

 PRINTOUT RESUMED BY /GOP

 USE AUTOMATIC TIME STEPPING THIS LOAD STEP

 USE INITIAL TIME STEP SIZE OF 0.5000000     FOR ALL  DEGREES OF FREEDOM
 FOR AUTOMATIC TIME STEPPING:
   USE 0.5000000     AS THE MINIMUM TIME STEP SIZE
   USE 0.5000000     AS THE MAXIMUM TIME STEP SIZE

 TIME=  7.0000    

 INCLUDE TRANSIENT EFFECTS FOR  ALL DEGREES OF FREEDOM THIS LOAD STEP

 ERASE THE CURRENT DATABASE OUTPUT CONTROL TABLE.


 WRITE ALL  ITEMS TO THE DATABASE WITH A FREQUENCY OF NONE
   FOR ALL APPLICABLE ENTITIES

 WRITE NSOL ITEMS TO THE DATABASE WITH A FREQUENCY OF ALL 
   FOR ALL APPLICABLE ENTITIES

 WRITE RSOL ITEMS TO THE DATABASE WITH A FREQUENCY OF ALL 
   FOR ALL APPLICABLE ENTITIES

 WRITE EANG ITEMS TO THE DATABASE WITH A FREQUENCY OF ALL 
   FOR ALL APPLICABLE ENTITIES

 WRITE ETMP ITEMS TO THE DATABASE WITH A FREQUENCY OF ALL 
   FOR ALL APPLICABLE ENTITIES

 WRITE VENG ITEMS TO THE DATABASE WITH A FREQUENCY OF ALL 
   FOR ALL APPLICABLE ENTITIES

 WRITE STRS ITEMS TO THE DATABASE WITH A FREQUENCY OF ALL 
   FOR ALL APPLICABLE ENTITIES

 WRITE EPEL ITEMS TO THE DATABASE WITH A FREQUENCY OF ALL 
   FOR ALL APPLICABLE ENTITIES

 WRITE EPPL ITEMS TO THE DATABASE WITH A FREQUENCY OF ALL 
   FOR ALL APPLICABLE ENTITIES

 WRITE CONT ITEMS TO THE DATABASE WITH A FREQUENCY OF ALL 
   FOR ALL APPLICABLE ENTITIES

 WRITE V    ITEMS TO THE DATABASE WITH A FREQUENCY OF ALL 
   FOR ALL APPLICABLE ENTITIES

 WRITE A    ITEMS TO THE DATABASE WITH A FREQUENCY OF ALL 
   FOR ALL APPLICABLE ENTITIES

 WRITE MISC ITEMS TO THE DATABASE WITH A FREQUENCY OF ALL 
   FOR THE ENTITIES DEFINED BY COMPONENT _ELMISC 

 *****  MAPDL SOLVE    COMMAND  *****

 *** WARNING ***                         ELAPSED TIME =      47.475   TIME= 09:04:09
 Material number 16 (used by element 2217) should normally have at least 
 one MP or one TB type command associated with it.  Output of energy by  
 material may not be available.                                          

 *** NOTE ***                            ELAPSED TIME =      47.478   TIME= 09:04:09
 The step data was checked and warning messages were found.              
  Please review output or errors file ( F:\CoME\Forth Semester\Practice  
 FEM\Git_upload\06_Dynamic_Analysis\3_transient_analysis\06_3_ii_four_ba 
 r_mechanism\ansys\project_files\_ProjectScratch\Scr451E\file0.err )     
 for these warning messages.                                             

 *** NOTE ***                            ELAPSED TIME =      47.479   TIME= 09:04:09
 This nonlinear analysis defaults to using the full Newton-Raphson       
 solution procedure.  This can be modified using the NROPT command.      

 *** MAPDL - ENGINEERING ANALYSIS SYSTEM  RELEASE 2026 R1          26.1     ***
 Ansys Mechanical Enterprise Academic Student      
 01055371  VERSION=WINDOWS x64   09:04:09  AUG 09, 2026 Elapsed Time=     47.513

 four_bar_mechanism--Transient (B5)                                            



                      L O A D   S T E P   O P T I O N S

   LOAD STEP NUMBER. . . . . . . . . . . . . . . .     7
   TIME AT END OF THE LOAD STEP. . . . . . . . . .  7.0000    
   AUTOMATIC TIME STEPPING . . . . . . . . . . . .    ON
      STARTING TIME STEP SIZE. . . . . . . . . . . 0.50000    
      MINIMUM TIME STEP SIZE . . . . . . . . . . . 0.50000    
      MAXIMUM TIME STEP SIZE . . . . . . . . . . . 0.50000    
   MAXIMUM NUMBER OF EQUILIBRIUM ITERATIONS. . . .    15
   STEP CHANGE BOUNDARY CONDITIONS . . . . . . . .   YES
   STRESS-STIFFENING . . . . . . . . . . . . . . .    ON
   TRANSIENT (INERTIA) EFFECTS
      STRUCTURAL DOFS. . . . . . . . . . . . . . .    ON
   TRANSIENT INTEGRATION PARAMETERS
      GAMMA. . . . . . . . . . . . . . . . . . . . 0.10000    
      ALPHA. . . . . . . . . . . . . . . . . . . . 0.30250    
      DELTA. . . . . . . . . . . . . . . . . . . . 0.60000    
      USING HHT TIME INTEGRATION
      ALPHAF . . . . . . . . . . . . . . . . . . . 0.10000    
      ALPHAM . . . . . . . . . . . . . . . . . . .  0.0000    
   TERMINATE ANALYSIS IF NOT CONVERGED . . . . . .YES (EXIT)  
   CONVERGENCE CONTROLS. . . . . . . . . . . . . .USE DEFAULTS
   PRINT OUTPUT CONTROLS . . . . . . . . . . . . .NO PRINTOUT
   DATABASE OUTPUT CONTROLS
      ITEM     FREQUENCY   COMPONENT
       ALL       NONE               
      NSOL        ALL               
      RSOL        ALL               
      EANG        ALL               
      ETMP        ALL               
      VENG        ALL               
      STRS        ALL               
      EPEL        ALL               
      EPPL        ALL               
      CONT        ALL               
      V           ALL               
      A           ALL               
      MISC        ALL       _ELMISC 


 SOLUTION MONITORING INFO IS WRITTEN TO FILE= file.mntr                                                                                                                                                                                                                                                           
 MAXIMUM NUMBER OF EQUILIBRIUM ITERATIONS HAS BEEN MODIFIED              
  TO BE, NEQIT = 25, BY SOLUTION CONTROL LOGIC.                          

     FORCE CONVERGENCE VALUE  =  0.2554      CRITERION=  0.1648E-01
     MOMENT CONVERGENCE VALUE =  0.2704E-12  CRITERION=   2.180    
     DISP CONVERGENCE VALUE   =   14.51      CRITERION=  0.8071    
    EQUIL ITER   1 COMPLETED.  NEW TRIANG MATRIX.  MAX DOF INC=  -14.51    
     DISP CONVERGENCE VALUE   =   14.51      CRITERION=  0.8071    
     LINE SEARCH PARAMETER =   1.000     SCALED MAX DOF INC =  -14.51    
     CONSTRAINT CONDITIONS ARE NOT SATISFIED FOR      1 JOINT ELEMENTS WITH LAG MULT OPTION
     FORCE CONVERGENCE VALUE  =  0.1183E+07  CRITERION=  0.1498E-01
     MOMENT CONVERGENCE VALUE =  0.1543E-06  CRITERION=   2.053     <<< CONVERGED
    EQUIL ITER   2 COMPLETED.  NEW TRIANG MATRIX.  MAX DOF INC=  0.4626    
     DISP CONVERGENCE VALUE   =  0.4605      CRITERION=  0.8071     <<< CONVERGED
     LINE SEARCH PARAMETER =  0.9954     SCALED MAX DOF INC =  0.4605    
     FORCE CONVERGENCE VALUE  =   2528.      CRITERION=  0.5408    
     MOMENT CONVERGENCE VALUE =  0.9907E-08  CRITERION=   21.64     <<< CONVERGED
    EQUIL ITER   3 COMPLETED.  NEW TRIANG MATRIX.  MAX DOF INC= -0.5941E-02
     DISP CONVERGENCE VALUE   =  0.5940E-02  CRITERION=  0.8071     <<< CONVERGED
     LINE SEARCH PARAMETER =  0.9997     SCALED MAX DOF INC = -0.5940E-02
     FORCE CONVERGENCE VALUE  =   2.357      CRITERION=  0.1444E-01
     MOMENT CONVERGENCE VALUE =  0.8511E-09  CRITERION=   1.854     <<< CONVERGED
    EQUIL ITER   4 COMPLETED.  NEW TRIANG MATRIX.  MAX DOF INC= -0.2023E-03
     DISP CONVERGENCE VALUE   =  0.2022E-03  CRITERION=  0.8071     <<< CONVERGED
     LINE SEARCH PARAMETER =  0.9994     SCALED MAX DOF INC = -0.2022E-03
     FORCE CONVERGENCE VALUE  =  0.9719E-03  CRITERION=  0.1453E-01 <<< CONVERGED
     MOMENT CONVERGENCE VALUE =  0.5095E-12  CRITERION=   1.857     <<< CONVERGED
    >>> SOLUTION CONVERGED AFTER EQUILIBRIUM ITERATION   4
 *** LOAD STEP     7   SUBSTEP     1  COMPLETED.    CUM ITER =     57
 *** TIME =   6.50000         TIME INC =  0.500000    
 *** RESPONSE FREQ =  131.0       PERIOD=  0.7634E-02  PTS/CYC = 0.15E-01
 *** AUTO STEP TIME:  NEXT TIME INC = 0.50000      UNCHANGED

     FORCE CONVERGENCE VALUE  =  0.3004      CRITERION=  0.1453E-01
     MOMENT CONVERGENCE VALUE =  0.4204E-13  CRITERION=   1.857    
     DISP CONVERGENCE VALUE   =   14.44      CRITERION=  0.8071    
    EQUIL ITER   1 COMPLETED.  NEW TRIANG MATRIX.  MAX DOF INC=  -14.44    
     DISP CONVERGENCE VALUE   =  0.7218      CRITERION=  0.8071     <<< CONVERGED
     LINE SEARCH PARAMETER =  0.5000E-01 SCALED MAX DOF INC = -0.7218    
     FORCE CONVERGENCE VALUE  =   2935.      CRITERION=  0.1315E-01
     MOMENT CONVERGENCE VALUE =  0.3340E-09  CRITERION=   1.677     <<< CONVERGED
    EQUIL ITER   2 COMPLETED.  NEW TRIANG MATRIX.  MAX DOF INC=  -13.64    
     DISP CONVERGENCE VALUE   =   13.64      CRITERION=  0.8071    
     LINE SEARCH PARAMETER =   1.000     SCALED MAX DOF INC =  -13.64    
     CONSTRAINT CONDITIONS ARE NOT SATISFIED FOR      2 JOINT ELEMENTS WITH LAG MULT OPTION
     FORCE CONVERGENCE VALUE  =  0.1050E+07  CRITERION=  0.1182    
     MOMENT CONVERGENCE VALUE =  0.4840E-06  CRITERION=   170.3     <<< CONVERGED
    EQUIL ITER   3 COMPLETED.  NEW TRIANG MATRIX.  MAX DOF INC=  0.4104    
     DISP CONVERGENCE VALUE   =  0.4087      CRITERION=  0.8071     <<< CONVERGED
     LINE SEARCH PARAMETER =  0.9958     SCALED MAX DOF INC =  0.4087    
     FORCE CONVERGENCE VALUE  =   2017.      CRITERION=  0.3729    
     MOMENT CONVERGENCE VALUE =  0.8674E-08  CRITERION=   115.8     <<< CONVERGED
    EQUIL ITER   4 COMPLETED.  NEW TRIANG MATRIX.  MAX DOF INC= -0.5251E-01
     DISP CONVERGENCE VALUE   =  0.5244E-01  CRITERION=  0.8071     <<< CONVERGED
     LINE SEARCH PARAMETER =  0.9986     SCALED MAX DOF INC = -0.5244E-01
     FORCE CONVERGENCE VALUE  =   25.64      CRITERION=  0.1281E-01
     MOMENT CONVERGENCE VALUE =  0.2439E-08  CRITERION=   1.420     <<< CONVERGED
    EQUIL ITER   5 COMPLETED.  NEW TRIANG MATRIX.  MAX DOF INC=  0.4779E-03
     DISP CONVERGENCE VALUE   =  0.4773E-03  CRITERION=  0.8071     <<< CONVERGED
     LINE SEARCH PARAMETER =  0.9989     SCALED MAX DOF INC =  0.4773E-03
     FORCE CONVERGENCE VALUE  =  0.8818E-02  CRITERION=  0.1292E-01 <<< CONVERGED
     MOMENT CONVERGENCE VALUE =  0.2708E-11  CRITERION=   1.577     <<< CONVERGED
    >>> SOLUTION CONVERGED AFTER EQUILIBRIUM ITERATION   5
 *** LOAD STEP     7   SUBSTEP     2  COMPLETED.    CUM ITER =     62
 *** TIME =   7.00000         TIME INC =  0.500000    
 *** RESPONSE FREQ =  133.3       PERIOD=  0.7500E-02  PTS/CYC = 0.15E-01
 ****************************************************
 *************** FINISHED SOLVE FOR LS 7 *************
 ****************************************************
 ******************* SOLVE FOR LS 8 OF 45 ****************

 PRINTOUT RESUMED BY /GOP

 USE AUTOMATIC TIME STEPPING THIS LOAD STEP

 USE INITIAL TIME STEP SIZE OF 0.5000000     FOR ALL  DEGREES OF FREEDOM
 FOR AUTOMATIC TIME STEPPING:
   USE 0.5000000     AS THE MINIMUM TIME STEP SIZE
   USE 0.5000000     AS THE MAXIMUM TIME STEP SIZE

 TIME=  8.0000    

 INCLUDE TRANSIENT EFFECTS FOR  ALL DEGREES OF FREEDOM THIS LOAD STEP

 ERASE THE CURRENT DATABASE OUTPUT CONTROL TABLE.


 WRITE ALL  ITEMS TO THE DATABASE WITH A FREQUENCY OF NONE
   FOR ALL APPLICABLE ENTITIES

 WRITE NSOL ITEMS TO THE DATABASE WITH A FREQUENCY OF ALL 
   FOR ALL APPLICABLE ENTITIES

 WRITE RSOL ITEMS TO THE DATABASE WITH A FREQUENCY OF ALL 
   FOR ALL APPLICABLE ENTITIES

 WRITE EANG ITEMS TO THE DATABASE WITH A FREQUENCY OF ALL 
   FOR ALL APPLICABLE ENTITIES

 WRITE ETMP ITEMS TO THE DATABASE WITH A FREQUENCY OF ALL 
   FOR ALL APPLICABLE ENTITIES

 WRITE VENG ITEMS TO THE DATABASE WITH A FREQUENCY OF ALL 
   FOR ALL APPLICABLE ENTITIES

 WRITE STRS ITEMS TO THE DATABASE WITH A FREQUENCY OF ALL 
   FOR ALL APPLICABLE ENTITIES

 WRITE EPEL ITEMS TO THE DATABASE WITH A FREQUENCY OF ALL 
   FOR ALL APPLICABLE ENTITIES

 WRITE EPPL ITEMS TO THE DATABASE WITH A FREQUENCY OF ALL 
   FOR ALL APPLICABLE ENTITIES

 WRITE CONT ITEMS TO THE DATABASE WITH A FREQUENCY OF ALL 
   FOR ALL APPLICABLE ENTITIES

 WRITE V    ITEMS TO THE DATABASE WITH A FREQUENCY OF ALL 
   FOR ALL APPLICABLE ENTITIES

 WRITE A    ITEMS TO THE DATABASE WITH A FREQUENCY OF ALL 
   FOR ALL APPLICABLE ENTITIES

 WRITE MISC ITEMS TO THE DATABASE WITH A FREQUENCY OF ALL 
   FOR THE ENTITIES DEFINED BY COMPONENT _ELMISC 

 *****  MAPDL SOLVE    COMMAND  *****

 *** WARNING ***                         ELAPSED TIME =      54.442   TIME= 09:04:16
 Material number 16 (used by element 2217) should normally have at least 
 one MP or one TB type command associated with it.  Output of energy by  
 material may not be available.                                          

 *** NOTE ***                            ELAPSED TIME =      54.446   TIME= 09:04:16
 The step data was checked and warning messages were found.              
  Please review output or errors file ( F:\CoME\Forth Semester\Practice  
 FEM\Git_upload\06_Dynamic_Analysis\3_transient_analysis\06_3_ii_four_ba 
 r_mechanism\ansys\project_files\_ProjectScratch\Scr451E\file0.err )     
 for these warning messages.                                             

 *** NOTE ***                            ELAPSED TIME =      54.446   TIME= 09:04:16
 This nonlinear analysis defaults to using the full Newton-Raphson       
 solution procedure.  This can be modified using the NROPT command.      

 *** MAPDL - ENGINEERING ANALYSIS SYSTEM  RELEASE 2026 R1          26.1     ***
 Ansys Mechanical Enterprise Academic Student      
 01055371  VERSION=WINDOWS x64   09:04:16  AUG 09, 2026 Elapsed Time=     54.477

 four_bar_mechanism--Transient (B5)                                            



                      L O A D   S T E P   O P T I O N S

   LOAD STEP NUMBER. . . . . . . . . . . . . . . .     8
   TIME AT END OF THE LOAD STEP. . . . . . . . . .  8.0000    
   AUTOMATIC TIME STEPPING . . . . . . . . . . . .    ON
      STARTING TIME STEP SIZE. . . . . . . . . . . 0.50000    
      MINIMUM TIME STEP SIZE . . . . . . . . . . . 0.50000    
      MAXIMUM TIME STEP SIZE . . . . . . . . . . . 0.50000    
   MAXIMUM NUMBER OF EQUILIBRIUM ITERATIONS. . . .    15
   STEP CHANGE BOUNDARY CONDITIONS . . . . . . . .   YES
   STRESS-STIFFENING . . . . . . . . . . . . . . .    ON
   TRANSIENT (INERTIA) EFFECTS
      STRUCTURAL DOFS. . . . . . . . . . . . . . .    ON
   TRANSIENT INTEGRATION PARAMETERS
      GAMMA. . . . . . . . . . . . . . . . . . . . 0.10000    
      ALPHA. . . . . . . . . . . . . . . . . . . . 0.30250    
      DELTA. . . . . . . . . . . . . . . . . . . . 0.60000    
      USING HHT TIME INTEGRATION
      ALPHAF . . . . . . . . . . . . . . . . . . . 0.10000    
      ALPHAM . . . . . . . . . . . . . . . . . . .  0.0000    
   TERMINATE ANALYSIS IF NOT CONVERGED . . . . . .YES (EXIT)  
   CONVERGENCE CONTROLS. . . . . . . . . . . . . .USE DEFAULTS
   PRINT OUTPUT CONTROLS . . . . . . . . . . . . .NO PRINTOUT
   DATABASE OUTPUT CONTROLS
      ITEM     FREQUENCY   COMPONENT
       ALL       NONE               
      NSOL        ALL               
      RSOL        ALL               
      EANG        ALL               
      ETMP        ALL               
      VENG        ALL               
      STRS        ALL               
      EPEL        ALL               
      EPPL        ALL               
      CONT        ALL               
      V           ALL               
      A           ALL               
      MISC        ALL       _ELMISC 


 SOLUTION MONITORING INFO IS WRITTEN TO FILE= file.mntr                                                                                                                                                                                                                                                           
 MAXIMUM NUMBER OF EQUILIBRIUM ITERATIONS HAS BEEN MODIFIED              
  TO BE, NEQIT = 25, BY SOLUTION CONTROL LOGIC.                          

     FORCE CONVERGENCE VALUE  =  0.1980      CRITERION=  0.1292E-01
     MOMENT CONVERGENCE VALUE =  0.2995E-12  CRITERION=   1.577    
     DISP CONVERGENCE VALUE   =   14.31      CRITERION=  0.8071    
    EQUIL ITER   1 COMPLETED.  NEW TRIANG MATRIX.  MAX DOF INC=  -14.31    
     DISP CONVERGENCE VALUE   =   14.31      CRITERION=  0.8071    
     LINE SEARCH PARAMETER =   1.000     SCALED MAX DOF INC =  -14.31    
     FORCE CONVERGENCE VALUE  =  0.1170E+07  CRITERION=  0.1155E-01
     MOMENT CONVERGENCE VALUE =  0.1165E-06  CRITERION=   1.480     <<< CONVERGED
    EQUIL ITER   2 COMPLETED.  NEW TRIANG MATRIX.  MAX DOF INC=  0.4320    
     DISP CONVERGENCE VALUE   =  0.4300      CRITERION=  0.8071     <<< CONVERGED
     LINE SEARCH PARAMETER =  0.9954     SCALED MAX DOF INC =  0.4300    
     FORCE CONVERGENCE VALUE  =   2490.      CRITERION=  0.5321    
     MOMENT CONVERGENCE VALUE =  0.1020E-07  CRITERION=   22.78     <<< CONVERGED
    EQUIL ITER   3 COMPLETED.  NEW TRIANG MATRIX.  MAX DOF INC= -0.6065E-02
     DISP CONVERGENCE VALUE   =  0.6063E-02  CRITERION=  0.8071     <<< CONVERGED
     LINE SEARCH PARAMETER =  0.9997     SCALED MAX DOF INC = -0.6063E-02
     FORCE CONVERGENCE VALUE  =   2.323      CRITERION=  0.1113E-01
     MOMENT CONVERGENCE VALUE =  0.8583E-09  CRITERION=   1.307     <<< CONVERGED
    EQUIL ITER   4 COMPLETED.  NEW TRIANG MATRIX.  MAX DOF INC= -0.2008E-03
     DISP CONVERGENCE VALUE   =  0.2006E-03  CRITERION=  0.8071     <<< CONVERGED
     LINE SEARCH PARAMETER =  0.9994     SCALED MAX DOF INC = -0.2006E-03
     FORCE CONVERGENCE VALUE  =  0.9881E-03  CRITERION=  0.1120E-01 <<< CONVERGED
     MOMENT CONVERGENCE VALUE =  0.5167E-12  CRITERION=   1.309     <<< CONVERGED
    >>> SOLUTION CONVERGED AFTER EQUILIBRIUM ITERATION   4
 *** LOAD STEP     8   SUBSTEP     1  COMPLETED.    CUM ITER =     66
 *** TIME =   7.50000         TIME INC =  0.500000    
 *** RESPONSE FREQ =  135.9       PERIOD=  0.7361E-02  PTS/CYC = 0.15E-01
 *** AUTO STEP TIME:  NEXT TIME INC = 0.50000      UNCHANGED

     FORCE CONVERGENCE VALUE  =  0.2388      CRITERION=  0.1120E-01
     MOMENT CONVERGENCE VALUE =  0.3618E-13  CRITERION=   1.309    
     DISP CONVERGENCE VALUE   =   14.13      CRITERION=  0.8071    
    EQUIL ITER   1 COMPLETED.  NEW TRIANG MATRIX.  MAX DOF INC=  -14.13    
     DISP CONVERGENCE VALUE   =  0.7067      CRITERION=  0.8071     <<< CONVERGED
     LINE SEARCH PARAMETER =  0.5000E-01 SCALED MAX DOF INC = -0.7067    
     FORCE CONVERGENCE VALUE  =   2905.      CRITERION=  0.1014E-01
     MOMENT CONVERGENCE VALUE =  0.2486E-09  CRITERION=   1.182     <<< CONVERGED
    EQUIL ITER   2 COMPLETED.  NEW TRIANG MATRIX.  MAX DOF INC=  -13.35    
     DISP CONVERGENCE VALUE   =   13.35      CRITERION=  0.8071    
     LINE SEARCH PARAMETER =   1.000     SCALED MAX DOF INC =  -13.35    
     CONSTRAINT CONDITIONS ARE NOT SATISFIED FOR      2 JOINT ELEMENTS WITH LAG MULT OPTION
     FORCE CONVERGENCE VALUE  =  0.1039E+07  CRITERION=  0.1033    
     MOMENT CONVERGENCE VALUE =  0.4304E-06  CRITERION=   168.5     <<< CONVERGED
    EQUIL ITER   3 COMPLETED.  NEW TRIANG MATRIX.  MAX DOF INC=  0.3817    
     DISP CONVERGENCE VALUE   =  0.3801      CRITERION=  0.8071     <<< CONVERGED
     LINE SEARCH PARAMETER =  0.9957     SCALED MAX DOF INC =  0.3801    
     FORCE CONVERGENCE VALUE  =   1985.      CRITERION=  0.3676    
     MOMENT CONVERGENCE VALUE =  0.8696E-08  CRITERION=   116.1     <<< CONVERGED
    EQUIL ITER   4 COMPLETED.  NEW TRIANG MATRIX.  MAX DOF INC= -0.5080E-01
     DISP CONVERGENCE VALUE   =  0.5073E-01  CRITERION=  0.8071     <<< CONVERGED
     LINE SEARCH PARAMETER =  0.9986     SCALED MAX DOF INC = -0.5073E-01
     FORCE CONVERGENCE VALUE  =   25.21      CRITERION=  0.9813E-02
     MOMENT CONVERGENCE VALUE =  0.2579E-08  CRITERION=  0.9343     <<< CONVERGED
    EQUIL ITER   5 COMPLETED.  NEW TRIANG MATRIX.  MAX DOF INC=  0.3964E-03
     DISP CONVERGENCE VALUE   =  0.3960E-03  CRITERION=  0.8071     <<< CONVERGED
     LINE SEARCH PARAMETER =  0.9989     SCALED MAX DOF INC =  0.3960E-03
     FORCE CONVERGENCE VALUE  =  0.8261E-02  CRITERION=  0.9875E-02 <<< CONVERGED
     MOMENT CONVERGENCE VALUE =  0.2908E-11  CRITERION=   1.089     <<< CONVERGED
    >>> SOLUTION CONVERGED AFTER EQUILIBRIUM ITERATION   5
 *** LOAD STEP     8   SUBSTEP     2  COMPLETED.    CUM ITER =     71
 *** TIME =   8.00000         TIME INC =  0.500000    
 *** RESPONSE FREQ =  138.7       PERIOD=  0.7212E-02  PTS/CYC = 0.14E-01
 ****************************************************
 *************** FINISHED SOLVE FOR LS 8 *************
 ****************************************************
 ******************* SOLVE FOR LS 9 OF 45 ****************

 PRINTOUT RESUMED BY /GOP

 USE AUTOMATIC TIME STEPPING THIS LOAD STEP

 USE INITIAL TIME STEP SIZE OF 0.5000000     FOR ALL  DEGREES OF FREEDOM
 FOR AUTOMATIC TIME STEPPING:
   USE 0.5000000     AS THE MINIMUM TIME STEP SIZE
   USE 0.5000000     AS THE MAXIMUM TIME STEP SIZE

 TIME=  9.0000    

 INCLUDE TRANSIENT EFFECTS FOR  ALL DEGREES OF FREEDOM THIS LOAD STEP

 ERASE THE CURRENT DATABASE OUTPUT CONTROL TABLE.


 WRITE ALL  ITEMS TO THE DATABASE WITH A FREQUENCY OF NONE
   FOR ALL APPLICABLE ENTITIES

 WRITE NSOL ITEMS TO THE DATABASE WITH A FREQUENCY OF ALL 
   FOR ALL APPLICABLE ENTITIES

 WRITE RSOL ITEMS TO THE DATABASE WITH A FREQUENCY OF ALL 
   FOR ALL APPLICABLE ENTITIES

 WRITE EANG ITEMS TO THE DATABASE WITH A FREQUENCY OF ALL 
   FOR ALL APPLICABLE ENTITIES

 WRITE ETMP ITEMS TO THE DATABASE WITH A FREQUENCY OF ALL 
   FOR ALL APPLICABLE ENTITIES

 WRITE VENG ITEMS TO THE DATABASE WITH A FREQUENCY OF ALL 
   FOR ALL APPLICABLE ENTITIES

 WRITE STRS ITEMS TO THE DATABASE WITH A FREQUENCY OF ALL 
   FOR ALL APPLICABLE ENTITIES

 WRITE EPEL ITEMS TO THE DATABASE WITH A FREQUENCY OF ALL 
   FOR ALL APPLICABLE ENTITIES

 WRITE EPPL ITEMS TO THE DATABASE WITH A FREQUENCY OF ALL 
   FOR ALL APPLICABLE ENTITIES

 WRITE CONT ITEMS TO THE DATABASE WITH A FREQUENCY OF ALL 
   FOR ALL APPLICABLE ENTITIES

 WRITE V    ITEMS TO THE DATABASE WITH A FREQUENCY OF ALL 
   FOR ALL APPLICABLE ENTITIES

 WRITE A    ITEMS TO THE DATABASE WITH A FREQUENCY OF ALL 
   FOR ALL APPLICABLE ENTITIES

 WRITE MISC ITEMS TO THE DATABASE WITH A FREQUENCY OF ALL 
   FOR THE ENTITIES DEFINED BY COMPONENT _ELMISC 

 *****  MAPDL SOLVE    COMMAND  *****

 *** WARNING ***                         ELAPSED TIME =      64.711   TIME= 09:04:27
 Material number 16 (used by element 2217) should normally have at least 
 one MP or one TB type command associated with it.  Output of energy by  
 material may not be available.                                          

 *** NOTE ***                            ELAPSED TIME =      64.714   TIME= 09:04:27
 The step data was checked and warning messages were found.              
  Please review output or errors file ( F:\CoME\Forth Semester\Practice  
 FEM\Git_upload\06_Dynamic_Analysis\3_transient_analysis\06_3_ii_four_ba 
 r_mechanism\ansys\project_files\_ProjectScratch\Scr451E\file0.err )     
 for these warning messages.                                             

 *** NOTE ***                            ELAPSED TIME =      64.714   TIME= 09:04:27
 This nonlinear analysis defaults to using the full Newton-Raphson       
 solution procedure.  This can be modified using the NROPT command.      

 *** MAPDL - ENGINEERING ANALYSIS SYSTEM  RELEASE 2026 R1          26.1     ***
 Ansys Mechanical Enterprise Academic Student      
 01055371  VERSION=WINDOWS x64   09:04:27  AUG 09, 2026 Elapsed Time=     64.750

 four_bar_mechanism--Transient (B5)                                            



                      L O A D   S T E P   O P T I O N S

   LOAD STEP NUMBER. . . . . . . . . . . . . . . .     9
   TIME AT END OF THE LOAD STEP. . . . . . . . . .  9.0000    
   AUTOMATIC TIME STEPPING . . . . . . . . . . . .    ON
      STARTING TIME STEP SIZE. . . . . . . . . . . 0.50000    
      MINIMUM TIME STEP SIZE . . . . . . . . . . . 0.50000    
      MAXIMUM TIME STEP SIZE . . . . . . . . . . . 0.50000    
   MAXIMUM NUMBER OF EQUILIBRIUM ITERATIONS. . . .    15
   STEP CHANGE BOUNDARY CONDITIONS . . . . . . . .   YES
   STRESS-STIFFENING . . . . . . . . . . . . . . .    ON
   TRANSIENT (INERTIA) EFFECTS
      STRUCTURAL DOFS. . . . . . . . . . . . . . .    ON
   TRANSIENT INTEGRATION PARAMETERS
      GAMMA. . . . . . . . . . . . . . . . . . . . 0.10000    
      ALPHA. . . . . . . . . . . . . . . . . . . . 0.30250    
      DELTA. . . . . . . . . . . . . . . . . . . . 0.60000    
      USING HHT TIME INTEGRATION
      ALPHAF . . . . . . . . . . . . . . . . . . . 0.10000    
      ALPHAM . . . . . . . . . . . . . . . . . . .  0.0000    
   TERMINATE ANALYSIS IF NOT CONVERGED . . . . . .YES (EXIT)  
   CONVERGENCE CONTROLS. . . . . . . . . . . . . .USE DEFAULTS
   PRINT OUTPUT CONTROLS . . . . . . . . . . . . .NO PRINTOUT
   DATABASE OUTPUT CONTROLS
      ITEM     FREQUENCY   COMPONENT
       ALL       NONE               
      NSOL        ALL               
      RSOL        ALL               
      EANG        ALL               
      ETMP        ALL               
      VENG        ALL               
      STRS        ALL               
      EPEL        ALL               
      EPPL        ALL               
      CONT        ALL               
      V           ALL               
      A           ALL               
      MISC        ALL       _ELMISC 


 SOLUTION MONITORING INFO IS WRITTEN TO FILE= file.mntr                                                                                                                                                                                                                                                           
 MAXIMUM NUMBER OF EQUILIBRIUM ITERATIONS HAS BEEN MODIFIED              
  TO BE, NEQIT = 25, BY SOLUTION CONTROL LOGIC.                          

     FORCE CONVERGENCE VALUE  =  0.1495      CRITERION=  0.9875E-02
     MOMENT CONVERGENCE VALUE =  0.3218E-12  CRITERION=   1.089    
     DISP CONVERGENCE VALUE   =   13.91      CRITERION=  0.8071    
    EQUIL ITER   1 COMPLETED.  NEW TRIANG MATRIX.  MAX DOF INC=  -13.91    
     DISP CONVERGENCE VALUE   =   13.91      CRITERION=  0.8071    
     LINE SEARCH PARAMETER =   1.000     SCALED MAX DOF INC =  -13.91    
     FORCE CONVERGENCE VALUE  =  0.1159E+07  CRITERION=  0.8727E-02
     MOMENT CONVERGENCE VALUE =  0.8614E-07  CRITERION=   1.023     <<< CONVERGED
    EQUIL ITER   2 COMPLETED.  NEW TRIANG MATRIX.  MAX DOF INC=  0.3940    
     DISP CONVERGENCE VALUE   =  0.3921      CRITERION=  0.8071     <<< CONVERGED
     LINE SEARCH PARAMETER =  0.9953     SCALED MAX DOF INC =  0.3921    
     FORCE CONVERGENCE VALUE  =   2451.      CRITERION=  0.5118    
     MOMENT CONVERGENCE VALUE =  0.1029E-07  CRITERION=   24.67     <<< CONVERGED
    EQUIL ITER   3 COMPLETED.  NEW TRIANG MATRIX.  MAX DOF INC= -0.6129E-02
     DISP CONVERGENCE VALUE   =  0.6128E-02  CRITERION=  0.8071     <<< CONVERGED
     LINE SEARCH PARAMETER =  0.9998     SCALED MAX DOF INC = -0.6128E-02
     FORCE CONVERGENCE VALUE  =   2.327      CRITERION=  0.8394E-02
     MOMENT CONVERGENCE VALUE =  0.8584E-09  CRITERION=  0.8807     <<< CONVERGED
    EQUIL ITER   4 COMPLETED.  NEW TRIANG MATRIX.  MAX DOF INC= -0.1953E-03
     DISP CONVERGENCE VALUE   =  0.1952E-03  CRITERION=  0.8071     <<< CONVERGED
     LINE SEARCH PARAMETER =  0.9994     SCALED MAX DOF INC = -0.1952E-03
     FORCE CONVERGENCE VALUE  =  0.9828E-03  CRITERION=  0.8451E-02 <<< CONVERGED
     MOMENT CONVERGENCE VALUE =  0.5304E-12  CRITERION=  0.8810     <<< CONVERGED
    >>> SOLUTION CONVERGED AFTER EQUILIBRIUM ITERATION   4
 *** LOAD STEP     9   SUBSTEP     1  COMPLETED.    CUM ITER =     75
 *** TIME =   8.50000         TIME INC =  0.500000    
 *** RESPONSE FREQ =  141.7       PERIOD=  0.7058E-02  PTS/CYC = 0.14E-01
 *** AUTO STEP TIME:  NEXT TIME INC = 0.50000      UNCHANGED

     FORCE CONVERGENCE VALUE  =  0.1865      CRITERION=  0.8451E-02
     MOMENT CONVERGENCE VALUE =  0.3474E-13  CRITERION=  0.8810    
     DISP CONVERGENCE VALUE   =   13.65      CRITERION=  0.8071    
    EQUIL ITER   1 COMPLETED.  NEW TRIANG MATRIX.  MAX DOF INC=  -13.65    
     DISP CONVERGENCE VALUE   =  0.6823      CRITERION=  0.8071     <<< CONVERGED
     LINE SEARCH PARAMETER =  0.5000E-01 SCALED MAX DOF INC = -0.6823    
     FORCE CONVERGENCE VALUE  =   2878.      CRITERION=  0.7657E-02
     MOMENT CONVERGENCE VALUE =  0.1815E-09  CRITERION=  0.7955     <<< CONVERGED
    EQUIL ITER   2 COMPLETED.  NEW TRIANG MATRIX.  MAX DOF INC=  -12.88    
     DISP CONVERGENCE VALUE   =   12.88      CRITERION=  0.8071    
     LINE SEARCH PARAMETER =   1.000     SCALED MAX DOF INC =  -12.88    
     CONSTRAINT CONDITIONS ARE NOT SATISFIED FOR      2 JOINT ELEMENTS WITH LAG MULT OPTION
     FORCE CONVERGENCE VALUE  =  0.1030E+07  CRITERION=  0.8956E-01
     MOMENT CONVERGENCE VALUE =  0.3842E-06  CRITERION=   166.8     <<< CONVERGED
    EQUIL ITER   3 COMPLETED.  NEW TRIANG MATRIX.  MAX DOF INC=  0.3464    
     DISP CONVERGENCE VALUE   =  0.3449      CRITERION=  0.8071     <<< CONVERGED
     LINE SEARCH PARAMETER =  0.9957     SCALED MAX DOF INC =  0.3449    
     FORCE CONVERGENCE VALUE  =   1952.      CRITERION=  0.3537    
     MOMENT CONVERGENCE VALUE =  0.8581E-08  CRITERION=   117.0     <<< CONVERGED
    EQUIL ITER   4 COMPLETED.  NEW TRIANG MATRIX.  MAX DOF INC= -0.4872E-01
     DISP CONVERGENCE VALUE   =  0.4866E-01  CRITERION=  0.8071     <<< CONVERGED
     LINE SEARCH PARAMETER =  0.9986     SCALED MAX DOF INC = -0.4866E-01
     FORCE CONVERGENCE VALUE  =   25.00      CRITERION=  0.7387E-02
     MOMENT CONVERGENCE VALUE =  0.2639E-08  CRITERION=  0.5671     <<< CONVERGED
    EQUIL ITER   5 COMPLETED.  NEW TRIANG MATRIX.  MAX DOF INC=  0.3270E-03
     DISP CONVERGENCE VALUE   =  0.3266E-03  CRITERION=  0.8071     <<< CONVERGED
     LINE SEARCH PARAMETER =  0.9989     SCALED MAX DOF INC =  0.3266E-03
     FORCE CONVERGENCE VALUE  =  0.7815E-02  CRITERION=  0.7421E-02
     MOMENT CONVERGENCE VALUE =  0.3014E-11  CRITERION=  0.7199     <<< CONVERGED
    EQUIL ITER   6 COMPLETED.  NEW TRIANG MATRIX.  MAX DOF INC=  0.3487E-06
     DISP CONVERGENCE VALUE   =  0.3486E-06  CRITERION=  0.8071     <<< CONVERGED
     LINE SEARCH PARAMETER =  0.9998     SCALED MAX DOF INC =  0.3486E-06
     FORCE CONVERGENCE VALUE  =  0.3676E-05  CRITERION=  0.3658E-01 <<< CONVERGED

 *** WARNING ***                         ELAPSED TIME =      74.492   TIME= 09:04:36
 A reference force value times the tolerance is used by the              
 Newton-Raphson method for checking convergence.  The calculated         
 reference FORCE CONVERGENCE VALUE = 1.48418609 is less than a           
 threshold.  This threshold is internally calculated.  You can           
 overwrite it by specifying MINREF on the CNVTOL command.  Check         
 results carefully.                                                      
     MOMENT CONVERGENCE VALUE =  0.7488E-15  CRITERION=  0.7201     <<< CONVERGED
    >>> SOLUTION CONVERGED AFTER EQUILIBRIUM ITERATION   6
 *** LOAD STEP     9   SUBSTEP     2  COMPLETED.    CUM ITER =     81
 *** TIME =   9.00000         TIME INC =  0.500000    
 *** RESPONSE FREQ =  145.0       PERIOD=  0.6895E-02  PTS/CYC = 0.14E-01
 ****************************************************
 *************** FINISHED SOLVE FOR LS 9 *************
 ****************************************************
 ******************* SOLVE FOR LS 10 OF 45 ****************

 PRINTOUT RESUMED BY /GOP

 USE AUTOMATIC TIME STEPPING THIS LOAD STEP

 USE INITIAL TIME STEP SIZE OF 0.5000000     FOR ALL  DEGREES OF FREEDOM
 FOR AUTOMATIC TIME STEPPING:
   USE 0.5000000     AS THE MINIMUM TIME STEP SIZE
   USE 0.5000000     AS THE MAXIMUM TIME STEP SIZE

 TIME=  10.000    

 INCLUDE TRANSIENT EFFECTS FOR  ALL DEGREES OF FREEDOM THIS LOAD STEP

 ERASE THE CURRENT DATABASE OUTPUT CONTROL TABLE.


 WRITE ALL  ITEMS TO THE DATABASE WITH A FREQUENCY OF NONE
   FOR ALL APPLICABLE ENTITIES

 WRITE NSOL ITEMS TO THE DATABASE WITH A FREQUENCY OF ALL 
   FOR ALL APPLICABLE ENTITIES

 WRITE RSOL ITEMS TO THE DATABASE WITH A FREQUENCY OF ALL 
   FOR ALL APPLICABLE ENTITIES

 WRITE EANG ITEMS TO THE DATABASE WITH A FREQUENCY OF ALL 
   FOR ALL APPLICABLE ENTITIES

 WRITE ETMP ITEMS TO THE DATABASE WITH A FREQUENCY OF ALL 
   FOR ALL APPLICABLE ENTITIES

 WRITE VENG ITEMS TO THE DATABASE WITH A FREQUENCY OF ALL 
   FOR ALL APPLICABLE ENTITIES

 WRITE STRS ITEMS TO THE DATABASE WITH A FREQUENCY OF ALL 
   FOR ALL APPLICABLE ENTITIES

 WRITE EPEL ITEMS TO THE DATABASE WITH A FREQUENCY OF ALL 
   FOR ALL APPLICABLE ENTITIES

 WRITE EPPL ITEMS TO THE DATABASE WITH A FREQUENCY OF ALL 
   FOR ALL APPLICABLE ENTITIES

 WRITE CONT ITEMS TO THE DATABASE WITH A FREQUENCY OF ALL 
   FOR ALL APPLICABLE ENTITIES

 WRITE V    ITEMS TO THE DATABASE WITH A FREQUENCY OF ALL 
   FOR ALL APPLICABLE ENTITIES

 WRITE A    ITEMS TO THE DATABASE WITH A FREQUENCY OF ALL 
   FOR ALL APPLICABLE ENTITIES

 WRITE MISC ITEMS TO THE DATABASE WITH A FREQUENCY OF ALL 
   FOR THE ENTITIES DEFINED BY COMPONENT _ELMISC 

 *****  MAPDL SOLVE    COMMAND  *****

 *** WARNING ***                         ELAPSED TIME =      74.888   TIME= 09:04:37
 Material number 16 (used by element 2217) should normally have at least 
 one MP or one TB type command associated with it.  Output of energy by  
 material may not be available.                                          

 *** NOTE ***                            ELAPSED TIME =      74.891   TIME= 09:04:37
 The step data was checked and warning messages were found.              
  Please review output or errors file ( F:\CoME\Forth Semester\Practice  
 FEM\Git_upload\06_Dynamic_Analysis\3_transient_analysis\06_3_ii_four_ba 
 r_mechanism\ansys\project_files\_ProjectScratch\Scr451E\file0.err )     
 for these warning messages.                                             

 *** NOTE ***                            ELAPSED TIME =      74.891   TIME= 09:04:37
 This nonlinear analysis defaults to using the full Newton-Raphson       
 solution procedure.  This can be modified using the NROPT command.      

 *** MAPDL - ENGINEERING ANALYSIS SYSTEM  RELEASE 2026 R1          26.1     ***
 Ansys Mechanical Enterprise Academic Student      
 01055371  VERSION=WINDOWS x64   09:04:37  AUG 09, 2026 Elapsed Time=     74.927

 four_bar_mechanism--Transient (B5)                                            



                      L O A D   S T E P   O P T I O N S

   LOAD STEP NUMBER. . . . . . . . . . . . . . . .    10
   TIME AT END OF THE LOAD STEP. . . . . . . . . .  10.000    
   AUTOMATIC TIME STEPPING . . . . . . . . . . . .    ON
      STARTING TIME STEP SIZE. . . . . . . . . . . 0.50000    
      MINIMUM TIME STEP SIZE . . . . . . . . . . . 0.50000    
      MAXIMUM TIME STEP SIZE . . . . . . . . . . . 0.50000    
   MAXIMUM NUMBER OF EQUILIBRIUM ITERATIONS. . . .    15
   STEP CHANGE BOUNDARY CONDITIONS . . . . . . . .   YES
   STRESS-STIFFENING . . . . . . . . . . . . . . .    ON
   TRANSIENT (INERTIA) EFFECTS
      STRUCTURAL DOFS. . . . . . . . . . . . . . .    ON
   TRANSIENT INTEGRATION PARAMETERS
      GAMMA. . . . . . . . . . . . . . . . . . . . 0.10000    
      ALPHA. . . . . . . . . . . . . . . . . . . . 0.30250    
      DELTA. . . . . . . . . . . . . . . . . . . . 0.60000    
      USING HHT TIME INTEGRATION
      ALPHAF . . . . . . . . . . . . . . . . . . . 0.10000    
      ALPHAM . . . . . . . . . . . . . . . . . . .  0.0000    
   TERMINATE ANALYSIS IF NOT CONVERGED . . . . . .YES (EXIT)  
   CONVERGENCE CONTROLS. . . . . . . . . . . . . .USE DEFAULTS
   PRINT OUTPUT CONTROLS . . . . . . . . . . . . .NO PRINTOUT
   DATABASE OUTPUT CONTROLS
      ITEM     FREQUENCY   COMPONENT
       ALL       NONE               
      NSOL        ALL               
      RSOL        ALL               
      EANG        ALL               
      ETMP        ALL               
      VENG        ALL               
      STRS        ALL               
      EPEL        ALL               
      EPPL        ALL               
      CONT        ALL               
      V           ALL               
      A           ALL               
      MISC        ALL       _ELMISC 


 SOLUTION MONITORING INFO IS WRITTEN TO FILE= file.mntr                                                                                                                                                                                                                                                           
 MAXIMUM NUMBER OF EQUILIBRIUM ITERATIONS HAS BEEN MODIFIED              
  TO BE, NEQIT = 25, BY SOLUTION CONTROL LOGIC.                          

     FORCE CONVERGENCE VALUE  =  0.1109      CRITERION=  0.7421E-02
     MOMENT CONVERGENCE VALUE =  0.3836E-14  CRITERION=  0.7201    
     DISP CONVERGENCE VALUE   =   13.34      CRITERION=  0.8071    
    EQUIL ITER   1 COMPLETED.  NEW TRIANG MATRIX.  MAX DOF INC=  -13.34    
     DISP CONVERGENCE VALUE   =   13.34      CRITERION=  0.8071    
     LINE SEARCH PARAMETER =   1.000     SCALED MAX DOF INC =  -13.34    
     FORCE CONVERGENCE VALUE  =  0.1149E+07  CRITERION=  0.6497E-02
     MOMENT CONVERGENCE VALUE =  0.6280E-07  CRITERION=  0.6808     <<< CONVERGED
    EQUIL ITER   2 COMPLETED.  NEW TRIANG MATRIX.  MAX DOF INC=  0.3794    
     DISP CONVERGENCE VALUE   =  0.3776      CRITERION=  0.8071     <<< CONVERGED
     LINE SEARCH PARAMETER =  0.9953     SCALED MAX DOF INC =  0.3776    
     FORCE CONVERGENCE VALUE  =   2412.      CRITERION=  0.4820    
     MOMENT CONVERGENCE VALUE =  0.1020E-07  CRITERION=   27.08     <<< CONVERGED
    EQUIL ITER   3 COMPLETED.  NEW TRIANG MATRIX.  MAX DOF INC= -0.6362E-02
     DISP CONVERGENCE VALUE   =  0.6360E-02  CRITERION=  0.8071     <<< CONVERGED
     LINE SEARCH PARAMETER =  0.9998     SCALED MAX DOF INC = -0.6360E-02
     FORCE CONVERGENCE VALUE  =   2.369      CRITERION=  0.6229E-02
     MOMENT CONVERGENCE VALUE =  0.8472E-09  CRITERION=  0.5685     <<< CONVERGED
    EQUIL ITER   4 COMPLETED.  NEW TRIANG MATRIX.  MAX DOF INC= -0.1869E-03
     DISP CONVERGENCE VALUE   =  0.1868E-03  CRITERION=  0.8071     <<< CONVERGED
     LINE SEARCH PARAMETER =  0.9994     SCALED MAX DOF INC = -0.1868E-03
     FORCE CONVERGENCE VALUE  =  0.9560E-03  CRITERION=  0.6274E-02 <<< CONVERGED
     MOMENT CONVERGENCE VALUE =  0.5467E-12  CRITERION=  0.5671     <<< CONVERGED
    >>> SOLUTION CONVERGED AFTER EQUILIBRIUM ITERATION   4
 *** LOAD STEP    10   SUBSTEP     1  COMPLETED.    CUM ITER =     85
 *** TIME =   9.50000         TIME INC =  0.500000    
 *** RESPONSE FREQ =  148.7       PERIOD=  0.6726E-02  PTS/CYC = 0.13E-01
 *** AUTO STEP TIME:  NEXT TIME INC = 0.50000      UNCHANGED

     FORCE CONVERGENCE VALUE  =  0.1439      CRITERION=  0.6274E-02
     MOMENT CONVERGENCE VALUE =  0.6107E-13  CRITERION=  0.5671    
     DISP CONVERGENCE VALUE   =   12.99      CRITERION=  0.8071    
    EQUIL ITER   1 COMPLETED.  NEW TRIANG MATRIX.  MAX DOF INC=  -12.99    
     DISP CONVERGENCE VALUE   =  0.6495      CRITERION=  0.8071     <<< CONVERGED
     LINE SEARCH PARAMETER =  0.5000E-01 SCALED MAX DOF INC = -0.6495    
     FORCE CONVERGENCE VALUE  =   2855.      CRITERION=  0.5686E-02
     MOMENT CONVERGENCE VALUE =  0.1308E-09  CRITERION=  0.5118     <<< CONVERGED
    EQUIL ITER   2 COMPLETED.  NEW TRIANG MATRIX.  MAX DOF INC=  -12.26    
     DISP CONVERGENCE VALUE   =   12.26      CRITERION=  0.8071    
     LINE SEARCH PARAMETER =   1.000     SCALED MAX DOF INC =  -12.26    
     CONSTRAINT CONDITIONS ARE NOT SATISFIED FOR      1 JOINT ELEMENTS WITH LAG MULT OPTION
     FORCE CONVERGENCE VALUE  =  0.1022E+07  CRITERION=  0.7721E-01
     MOMENT CONVERGENCE VALUE =  0.3452E-06  CRITERION=   165.3     <<< CONVERGED
    EQUIL ITER   3 COMPLETED.  NEW TRIANG MATRIX.  MAX DOF INC=  0.3461    
     DISP CONVERGENCE VALUE   =  0.3446      CRITERION=  0.8071     <<< CONVERGED
     LINE SEARCH PARAMETER =  0.9957     SCALED MAX DOF INC =  0.3446    
     FORCE CONVERGENCE VALUE  =   1920.      CRITERION=  0.3326    
     MOMENT CONVERGENCE VALUE =  0.8330E-08  CRITERION=   118.3     <<< CONVERGED
    EQUIL ITER   4 COMPLETED.  NEW TRIANG MATRIX.  MAX DOF INC= -0.4623E-01
     DISP CONVERGENCE VALUE   =  0.4617E-01  CRITERION=  0.8071     <<< CONVERGED
     LINE SEARCH PARAMETER =  0.9987     SCALED MAX DOF INC = -0.4617E-01
     FORCE CONVERGENCE VALUE  =   24.96      CRITERION=  0.6047E-02
     MOMENT CONVERGENCE VALUE =  0.2617E-08  CRITERION=  0.3042     <<< CONVERGED
    EQUIL ITER   5 COMPLETED.  NEW TRIANG MATRIX.  MAX DOF INC=  0.2684E-03
     DISP CONVERGENCE VALUE   =  0.2681E-03  CRITERION=  0.8071E-01 <<< CONVERGED
     LINE SEARCH PARAMETER =  0.9988     SCALED MAX DOF INC =  0.2681E-03
     FORCE CONVERGENCE VALUE  =  0.7442E-02  CRITERION=  0.6215E-02
     MOMENT CONVERGENCE VALUE =  0.3021E-11  CRITERION=  0.4557     <<< CONVERGED
    EQUIL ITER   6 COMPLETED.  NEW TRIANG MATRIX.  MAX DOF INC=  0.2877E-06
     DISP CONVERGENCE VALUE   =  0.2876E-06  CRITERION=  0.8071E-01 <<< CONVERGED
     LINE SEARCH PARAMETER =  0.9998     SCALED MAX DOF INC =  0.2876E-06
     FORCE CONVERGENCE VALUE  =  0.3329E-05  CRITERION=  0.4117E-01 <<< CONVERGED

 *** WARNING ***                         ELAPSED TIME =      84.679   TIME= 09:04:47
 A reference force value times the tolerance is used by the              
 Newton-Raphson method for checking convergence.  The calculated         
 reference FORCE CONVERGENCE VALUE = 1.10185225 is less than a           
 threshold.  This threshold is internally calculated.  You can           
 overwrite it by specifying MINREF on the CNVTOL command.  Check         
 results carefully.                                                      
     MOMENT CONVERGENCE VALUE =  0.6610E-15  CRITERION=  0.4558     <<< CONVERGED
    >>> SOLUTION CONVERGED AFTER EQUILIBRIUM ITERATION   6
 *** LOAD STEP    10   SUBSTEP     2  COMPLETED.    CUM ITER =     91
 *** TIME =   10.0000         TIME INC =  0.500000    
 *** RESPONSE FREQ =  152.7       PERIOD=  0.6551E-02  PTS/CYC = 0.13E-01
 ****************************************************
 *************** FINISHED SOLVE FOR LS 10 *************
 ****************************************************
 ******************* SOLVE FOR LS 11 OF 45 ****************

 PRINTOUT RESUMED BY /GOP

 USE AUTOMATIC TIME STEPPING THIS LOAD STEP

 USE INITIAL TIME STEP SIZE OF 0.5000000     FOR ALL  DEGREES OF FREEDOM
 FOR AUTOMATIC TIME STEPPING:
   USE 0.5000000     AS THE MINIMUM TIME STEP SIZE
   USE 0.5000000     AS THE MAXIMUM TIME STEP SIZE

 TIME=  11.000    

 INCLUDE TRANSIENT EFFECTS FOR  ALL DEGREES OF FREEDOM THIS LOAD STEP

 ERASE THE CURRENT DATABASE OUTPUT CONTROL TABLE.


 WRITE ALL  ITEMS TO THE DATABASE WITH A FREQUENCY OF NONE
   FOR ALL APPLICABLE ENTITIES

 WRITE NSOL ITEMS TO THE DATABASE WITH A FREQUENCY OF ALL 
   FOR ALL APPLICABLE ENTITIES

 WRITE RSOL ITEMS TO THE DATABASE WITH A FREQUENCY OF ALL 
   FOR ALL APPLICABLE ENTITIES

 WRITE EANG ITEMS TO THE DATABASE WITH A FREQUENCY OF ALL 
   FOR ALL APPLICABLE ENTITIES

 WRITE ETMP ITEMS TO THE DATABASE WITH A FREQUENCY OF ALL 
   FOR ALL APPLICABLE ENTITIES

 WRITE VENG ITEMS TO THE DATABASE WITH A FREQUENCY OF ALL 
   FOR ALL APPLICABLE ENTITIES

 WRITE STRS ITEMS TO THE DATABASE WITH A FREQUENCY OF ALL 
   FOR ALL APPLICABLE ENTITIES

 WRITE EPEL ITEMS TO THE DATABASE WITH A FREQUENCY OF ALL 
   FOR ALL APPLICABLE ENTITIES

 WRITE EPPL ITEMS TO THE DATABASE WITH A FREQUENCY OF ALL 
   FOR ALL APPLICABLE ENTITIES

 WRITE CONT ITEMS TO THE DATABASE WITH A FREQUENCY OF ALL 
   FOR ALL APPLICABLE ENTITIES

 WRITE V    ITEMS TO THE DATABASE WITH A FREQUENCY OF ALL 
   FOR ALL APPLICABLE ENTITIES

 WRITE A    ITEMS TO THE DATABASE WITH A FREQUENCY OF ALL 
   FOR ALL APPLICABLE ENTITIES

 WRITE MISC ITEMS TO THE DATABASE WITH A FREQUENCY OF ALL 
   FOR THE ENTITIES DEFINED BY COMPONENT _ELMISC 

 *****  MAPDL SOLVE    COMMAND  *****

 *** WARNING ***                         ELAPSED TIME =      85.029   TIME= 09:04:47
 Material number 16 (used by element 2217) should normally have at least 
 one MP or one TB type command associated with it.  Output of energy by  
 material may not be available.                                          

 *** NOTE ***                            ELAPSED TIME =      85.032   TIME= 09:04:47
 The step data was checked and warning messages were found.              
  Please review output or errors file ( F:\CoME\Forth Semester\Practice  
 FEM\Git_upload\06_Dynamic_Analysis\3_transient_analysis\06_3_ii_four_ba 
 r_mechanism\ansys\project_files\_ProjectScratch\Scr451E\file0.err )     
 for these warning messages.                                             

 *** NOTE ***                            ELAPSED TIME =      85.033   TIME= 09:04:47
 This nonlinear analysis defaults to using the full Newton-Raphson       
 solution procedure.  This can be modified using the NROPT command.      

 *** MAPDL - ENGINEERING ANALYSIS SYSTEM  RELEASE 2026 R1          26.1     ***
 Ansys Mechanical Enterprise Academic Student      
 01055371  VERSION=WINDOWS x64   09:04:47  AUG 09, 2026 Elapsed Time=     85.071

 four_bar_mechanism--Transient (B5)                                            



                      L O A D   S T E P   O P T I O N S

   LOAD STEP NUMBER. . . . . . . . . . . . . . . .    11
   TIME AT END OF THE LOAD STEP. . . . . . . . . .  11.000    
   AUTOMATIC TIME STEPPING . . . . . . . . . . . .    ON
      STARTING TIME STEP SIZE. . . . . . . . . . . 0.50000    
      MINIMUM TIME STEP SIZE . . . . . . . . . . . 0.50000    
      MAXIMUM TIME STEP SIZE . . . . . . . . . . . 0.50000    
   MAXIMUM NUMBER OF EQUILIBRIUM ITERATIONS. . . .    15
   STEP CHANGE BOUNDARY CONDITIONS . . . . . . . .   YES
   STRESS-STIFFENING . . . . . . . . . . . . . . .    ON
   TRANSIENT (INERTIA) EFFECTS
      STRUCTURAL DOFS. . . . . . . . . . . . . . .    ON
   TRANSIENT INTEGRATION PARAMETERS
      GAMMA. . . . . . . . . . . . . . . . . . . . 0.10000    
      ALPHA. . . . . . . . . . . . . . . . . . . . 0.30250    
      DELTA. . . . . . . . . . . . . . . . . . . . 0.60000    
      USING HHT TIME INTEGRATION
      ALPHAF . . . . . . . . . . . . . . . . . . . 0.10000    
      ALPHAM . . . . . . . . . . . . . . . . . . .  0.0000    
   TERMINATE ANALYSIS IF NOT CONVERGED . . . . . .YES (EXIT)  
   CONVERGENCE CONTROLS. . . . . . . . . . . . . .USE DEFAULTS
   PRINT OUTPUT CONTROLS . . . . . . . . . . . . .NO PRINTOUT
   DATABASE OUTPUT CONTROLS
      ITEM     FREQUENCY   COMPONENT
       ALL       NONE               
      NSOL        ALL               
      RSOL        ALL               
      EANG        ALL               
      ETMP        ALL               
      VENG        ALL               
      STRS        ALL               
      EPEL        ALL               
      EPPL        ALL               
      CONT        ALL               
      V           ALL               
      A           ALL               
      MISC        ALL       _ELMISC 


 SOLUTION MONITORING INFO IS WRITTEN TO FILE= file.mntr                                                                                                                                                                                                                                                           
 MAXIMUM NUMBER OF EQUILIBRIUM ITERATIONS HAS BEEN MODIFIED              
  TO BE, NEQIT = 25, BY SOLUTION CONTROL LOGIC.                          

     FORCE CONVERGENCE VALUE  =  0.8263E-01  CRITERION=  0.5509E-02
     MOMENT CONVERGENCE VALUE =  0.6728E-14  CRITERION=  0.4558    
     DISP CONVERGENCE VALUE   =   12.60      CRITERION=  0.8071    
    EQUIL ITER   1 COMPLETED.  NEW TRIANG MATRIX.  MAX DOF INC=  -12.60    
     DISP CONVERGENCE VALUE   =   12.60      CRITERION=  0.8071    
     LINE SEARCH PARAMETER =   1.000     SCALED MAX DOF INC =  -12.60    
     FORCE CONVERGENCE VALUE  =  0.1140E+07  CRITERION=  0.4786E-02
     MOMENT CONVERGENCE VALUE =  0.4537E-07  CRITERION=  0.4360     <<< CONVERGED
    EQUIL ITER   2 COMPLETED.  NEW TRIANG MATRIX.  MAX DOF INC=  0.4198    
     DISP CONVERGENCE VALUE   =  0.4178      CRITERION=  0.8071     <<< CONVERGED
     LINE SEARCH PARAMETER =  0.9952     SCALED MAX DOF INC =  0.4178    
     FORCE CONVERGENCE VALUE  =   2373.      CRITERION=  0.4445    
     MOMENT CONVERGENCE VALUE =  0.9903E-08  CRITERION=   29.74     <<< CONVERGED
    EQUIL ITER   3 COMPLETED.  NEW TRIANG MATRIX.  MAX DOF INC=  0.7624E-02
     DISP CONVERGENCE VALUE   =  0.7622E-02  CRITERION=  0.8071     <<< CONVERGED
     LINE SEARCH PARAMETER =  0.9998     SCALED MAX DOF INC =  0.7622E-02
     FORCE CONVERGENCE VALUE  =   2.445      CRITERION=  0.5591E-02
     MOMENT CONVERGENCE VALUE =  0.8210E-09  CRITERION=  0.3510     <<< CONVERGED
    EQUIL ITER   4 COMPLETED.  NEW TRIANG MATRIX.  MAX DOF INC= -0.1765E-03
     DISP CONVERGENCE VALUE   =  0.1764E-03  CRITERION=  0.8071E-01 <<< CONVERGED
     LINE SEARCH PARAMETER =  0.9993     SCALED MAX DOF INC = -0.1764E-03
     FORCE CONVERGENCE VALUE  =  0.9100E-03  CRITERION=  0.4996E-02 <<< CONVERGED

 *** WARNING ***                         ELAPSED TIME =      87.836   TIME= 09:04:50
 A reference force value times the tolerance is used by the              
 Newton-Raphson method for checking convergence.  The calculated         
 reference FORCE CONVERGENCE VALUE = 0.91985491 is less than a           
 threshold.  This threshold is internally calculated.  You can           
 overwrite it by specifying MINREF on the CNVTOL command.  Check         
 results carefully.                                                      
     MOMENT CONVERGENCE VALUE =  0.5603E-12  CRITERION=  0.3475     <<< CONVERGED
    >>> SOLUTION CONVERGED AFTER EQUILIBRIUM ITERATION   4
 *** LOAD STEP    11   SUBSTEP     1  COMPLETED.    CUM ITER =     95
 *** TIME =   10.5000         TIME INC =  0.500000    
 *** RESPONSE FREQ =  157.0       PERIOD=  0.6370E-02  PTS/CYC = 0.13E-01
 *** AUTO STEP TIME:  NEXT TIME INC = 0.50000      UNCHANGED

     FORCE CONVERGENCE VALUE  =  0.1102      CRITERION=  0.4599E-02
     MOMENT CONVERGENCE VALUE =  0.6300E-13  CRITERION=  0.3475    
     DISP CONVERGENCE VALUE   =   12.18      CRITERION=  0.8071    
    EQUIL ITER   1 COMPLETED.  NEW TRIANG MATRIX.  MAX DOF INC=  -12.18    
     DISP CONVERGENCE VALUE   =  0.6089      CRITERION=  0.8071     <<< CONVERGED
     LINE SEARCH PARAMETER =  0.5000E-01 SCALED MAX DOF INC = -0.6089    
     FORCE CONVERGENCE VALUE  =   2835.      CRITERION=  0.4170E-02
     MOMENT CONVERGENCE VALUE =  0.9326E-10  CRITERION=  0.3133     <<< CONVERGED
    EQUIL ITER   2 COMPLETED.  NEW TRIANG MATRIX.  MAX DOF INC=  -11.49    
     DISP CONVERGENCE VALUE   =   11.49      CRITERION=  0.8071    
     LINE SEARCH PARAMETER =   1.000     SCALED MAX DOF INC =  -11.49    
     CONSTRAINT CONDITIONS ARE NOT SATISFIED FOR      1 JOINT ELEMENTS WITH LAG MULT OPTION
     FORCE CONVERGENCE VALUE  =  0.1015E+07  CRITERION=  0.6637E-01
     MOMENT CONVERGENCE VALUE =  0.3131E-06  CRITERION=   163.9     <<< CONVERGED
    EQUIL ITER   3 COMPLETED.  NEW TRIANG MATRIX.  MAX DOF INC=  0.3812    
     DISP CONVERGENCE VALUE   =  0.3795      CRITERION=  0.8071     <<< CONVERGED
     LINE SEARCH PARAMETER =  0.9956     SCALED MAX DOF INC =  0.3795    
     FORCE CONVERGENCE VALUE  =   1888.      CRITERION=  0.3057    
     MOMENT CONVERGENCE VALUE =  0.7956E-08  CRITERION=   119.8     <<< CONVERGED
    EQUIL ITER   4 COMPLETED.  NEW TRIANG MATRIX.  MAX DOF INC=  0.4902E-01
     DISP CONVERGENCE VALUE   =  0.4896E-01  CRITERION=  0.8071     <<< CONVERGED
     LINE SEARCH PARAMETER =  0.9987     SCALED MAX DOF INC =  0.4896E-01
     FORCE CONVERGENCE VALUE  =   25.02      CRITERION=  0.8474E-02
     MOMENT CONVERGENCE VALUE =  0.2517E-08  CRITERION=  0.1259     <<< CONVERGED
    EQUIL ITER   5 COMPLETED.  NEW TRIANG MATRIX.  MAX DOF INC=  0.2194E-03
     DISP CONVERGENCE VALUE   =  0.2191E-03  CRITERION=  0.8071E-01 <<< CONVERGED
     LINE SEARCH PARAMETER =  0.9988     SCALED MAX DOF INC =  0.2191E-03
     FORCE CONVERGENCE VALUE  =  0.7116E-02  CRITERION=  0.8816E-02 <<< CONVERGED
     MOMENT CONVERGENCE VALUE =  0.2931E-11  CRITERION=  0.2746     <<< CONVERGED
    >>> SOLUTION CONVERGED AFTER EQUILIBRIUM ITERATION   5
 *** LOAD STEP    11   SUBSTEP     2  COMPLETED.    CUM ITER =    100
 *** TIME =   11.0000         TIME INC =  0.500000    
 *** RESPONSE FREQ =  161.7       PERIOD=  0.6184E-02  PTS/CYC = 0.12E-01
 ****************************************************
 *************** FINISHED SOLVE FOR LS 11 *************
 ****************************************************
 ******************* SOLVE FOR LS 12 OF 45 ****************

 PRINTOUT RESUMED BY /GOP

 USE AUTOMATIC TIME STEPPING THIS LOAD STEP

 USE INITIAL TIME STEP SIZE OF 0.5000000     FOR ALL  DEGREES OF FREEDOM
 FOR AUTOMATIC TIME STEPPING:
   USE 0.5000000     AS THE MINIMUM TIME STEP SIZE
   USE 0.5000000     AS THE MAXIMUM TIME STEP SIZE

 TIME=  12.000    

 INCLUDE TRANSIENT EFFECTS FOR  ALL DEGREES OF FREEDOM THIS LOAD STEP

 ERASE THE CURRENT DATABASE OUTPUT CONTROL TABLE.


 WRITE ALL  ITEMS TO THE DATABASE WITH A FREQUENCY OF NONE
   FOR ALL APPLICABLE ENTITIES

 WRITE NSOL ITEMS TO THE DATABASE WITH A FREQUENCY OF ALL 
   FOR ALL APPLICABLE ENTITIES

 WRITE RSOL ITEMS TO THE DATABASE WITH A FREQUENCY OF ALL 
   FOR ALL APPLICABLE ENTITIES

 WRITE EANG ITEMS TO THE DATABASE WITH A FREQUENCY OF ALL 
   FOR ALL APPLICABLE ENTITIES

 WRITE ETMP ITEMS TO THE DATABASE WITH A FREQUENCY OF ALL 
   FOR ALL APPLICABLE ENTITIES

 WRITE VENG ITEMS TO THE DATABASE WITH A FREQUENCY OF ALL 
   FOR ALL APPLICABLE ENTITIES

 WRITE STRS ITEMS TO THE DATABASE WITH A FREQUENCY OF ALL 
   FOR ALL APPLICABLE ENTITIES

 WRITE EPEL ITEMS TO THE DATABASE WITH A FREQUENCY OF ALL 
   FOR ALL APPLICABLE ENTITIES

 WRITE EPPL ITEMS TO THE DATABASE WITH A FREQUENCY OF ALL 
   FOR ALL APPLICABLE ENTITIES

 WRITE CONT ITEMS TO THE DATABASE WITH A FREQUENCY OF ALL 
   FOR ALL APPLICABLE ENTITIES

 WRITE V    ITEMS TO THE DATABASE WITH A FREQUENCY OF ALL 
   FOR ALL APPLICABLE ENTITIES

 WRITE A    ITEMS TO THE DATABASE WITH A FREQUENCY OF ALL 
   FOR ALL APPLICABLE ENTITIES

 WRITE MISC ITEMS TO THE DATABASE WITH A FREQUENCY OF ALL 
   FOR THE ENTITIES DEFINED BY COMPONENT _ELMISC 

 *****  MAPDL SOLVE    COMMAND  *****

 *** WARNING ***                         ELAPSED TIME =      91.883   TIME= 09:04:54
 Material number 16 (used by element 2217) should normally have at least 
 one MP or one TB type command associated with it.  Output of energy by  
 material may not be available.                                          

 *** NOTE ***                            ELAPSED TIME =      91.887   TIME= 09:04:54
 The step data was checked and warning messages were found.              
  Please review output or errors file ( F:\CoME\Forth Semester\Practice  
 FEM\Git_upload\06_Dynamic_Analysis\3_transient_analysis\06_3_ii_four_ba 
 r_mechanism\ansys\project_files\_ProjectScratch\Scr451E\file0.err )     
 for these warning messages.                                             

 *** NOTE ***                            ELAPSED TIME =      91.887   TIME= 09:04:54
 This nonlinear analysis defaults to using the full Newton-Raphson       
 solution procedure.  This can be modified using the NROPT command.      

 *** MAPDL - ENGINEERING ANALYSIS SYSTEM  RELEASE 2026 R1          26.1     ***
 Ansys Mechanical Enterprise Academic Student      
 01055371  VERSION=WINDOWS x64   09:04:54  AUG 09, 2026 Elapsed Time=     91.925

 four_bar_mechanism--Transient (B5)                                            



                      L O A D   S T E P   O P T I O N S

   LOAD STEP NUMBER. . . . . . . . . . . . . . . .    12
   TIME AT END OF THE LOAD STEP. . . . . . . . . .  12.000    
   AUTOMATIC TIME STEPPING . . . . . . . . . . . .    ON
      STARTING TIME STEP SIZE. . . . . . . . . . . 0.50000    
      MINIMUM TIME STEP SIZE . . . . . . . . . . . 0.50000    
      MAXIMUM TIME STEP SIZE . . . . . . . . . . . 0.50000    
   MAXIMUM NUMBER OF EQUILIBRIUM ITERATIONS. . . .    15
   STEP CHANGE BOUNDARY CONDITIONS . . . . . . . .   YES
   STRESS-STIFFENING . . . . . . . . . . . . . . .    ON
   TRANSIENT (INERTIA) EFFECTS
      STRUCTURAL DOFS. . . . . . . . . . . . . . .    ON
   TRANSIENT INTEGRATION PARAMETERS
      GAMMA. . . . . . . . . . . . . . . . . . . . 0.10000    
      ALPHA. . . . . . . . . . . . . . . . . . . . 0.30250    
      DELTA. . . . . . . . . . . . . . . . . . . . 0.60000    
      USING HHT TIME INTEGRATION
      ALPHAF . . . . . . . . . . . . . . . . . . . 0.10000    
      ALPHAM . . . . . . . . . . . . . . . . . . .  0.0000    
   TERMINATE ANALYSIS IF NOT CONVERGED . . . . . .YES (EXIT)  
   CONVERGENCE CONTROLS. . . . . . . . . . . . . .USE DEFAULTS
   PRINT OUTPUT CONTROLS . . . . . . . . . . . . .NO PRINTOUT
   DATABASE OUTPUT CONTROLS
      ITEM     FREQUENCY   COMPONENT
       ALL       NONE               
      NSOL        ALL               
      RSOL        ALL               
      EANG        ALL               
      ETMP        ALL               
      VENG        ALL               
      STRS        ALL               
      EPEL        ALL               
      EPPL        ALL               
      CONT        ALL               
      V           ALL               
      A           ALL               
      MISC        ALL       _ELMISC 


 SOLUTION MONITORING INFO IS WRITTEN TO FILE= file.mntr                                                                                                                                                                                                                                                           
 MAXIMUM NUMBER OF EQUILIBRIUM ITERATIONS HAS BEEN MODIFIED              
  TO BE, NEQIT = 25, BY SOLUTION CONTROL LOGIC.                          

     FORCE CONVERGENCE VALUE  =  0.6340E-01  CRITERION=  0.4055E-02
     MOMENT CONVERGENCE VALUE =  0.3201E-12  CRITERION=  0.2746    
     DISP CONVERGENCE VALUE   =   12.42      CRITERION=  0.8071    
    EQUIL ITER   1 COMPLETED.  NEW TRIANG MATRIX.  MAX DOF INC=   12.42    
     DISP CONVERGENCE VALUE   =   12.42      CRITERION=  0.8071    
     LINE SEARCH PARAMETER =   1.000     SCALED MAX DOF INC =   12.42    
     FORCE CONVERGENCE VALUE  =  0.1133E+07  CRITERION=  0.3500E-02
     MOMENT CONVERGENCE VALUE =  0.3261E-07  CRITERION=  0.2679     <<< CONVERGED
    EQUIL ITER   2 COMPLETED.  NEW TRIANG MATRIX.  MAX DOF INC=  0.4535    
     DISP CONVERGENCE VALUE   =  0.4514      CRITERION=  0.8071     <<< CONVERGED
     LINE SEARCH PARAMETER =  0.9952     SCALED MAX DOF INC =  0.4514    
     FORCE CONVERGENCE VALUE  =   2336.      CRITERION=  0.4016    
     MOMENT CONVERGENCE VALUE =  0.9443E-08  CRITERION=   32.38     <<< CONVERGED
    EQUIL ITER   3 COMPLETED.  NEW TRIANG MATRIX.  MAX DOF INC=  0.9087E-02
     DISP CONVERGENCE VALUE   =  0.9085E-02  CRITERION=  0.8071     <<< CONVERGED
     LINE SEARCH PARAMETER =  0.9997     SCALED MAX DOF INC =  0.9085E-02
     FORCE CONVERGENCE VALUE  =   2.545      CRITERION=  0.9106E-02
     MOMENT CONVERGENCE VALUE =  0.7782E-09  CRITERION=  0.2062     <<< CONVERGED
    EQUIL ITER   4 COMPLETED.  NEW TRIANG MATRIX.  MAX DOF INC= -0.1653E-03
     DISP CONVERGENCE VALUE   =  0.1652E-03  CRITERION=  0.8071E-01 <<< CONVERGED
     LINE SEARCH PARAMETER =  0.9993     SCALED MAX DOF INC = -0.1652E-03
     FORCE CONVERGENCE VALUE  =  0.8520E-03  CRITERION=  0.7451E-02 <<< CONVERGED

 *** WARNING ***                         ELAPSED TIME =      94.654   TIME= 09:04:57
 A reference force value times the tolerance is used by the              
 Newton-Raphson method for checking convergence.  The calculated         
 reference FORCE CONVERGENCE VALUE = 0.667567323 is less than a          
 threshold.  This threshold is internally calculated.  You can           
 overwrite it by specifying MINREF on the CNVTOL command.  Check         
 results carefully.                                                      
     MOMENT CONVERGENCE VALUE =  0.5645E-12  CRITERION=  0.2004     <<< CONVERGED
    >>> SOLUTION CONVERGED AFTER EQUILIBRIUM ITERATION   4
 *** LOAD STEP    12   SUBSTEP     1  COMPLETED.    CUM ITER =    104
 *** TIME =   11.5000         TIME INC =  0.500000    
 *** RESPONSE FREQ =  166.8       PERIOD=  0.5995E-02  PTS/CYC = 0.12E-01
 *** AUTO STEP TIME:  NEXT TIME INC = 0.50000      UNCHANGED

     FORCE CONVERGENCE VALUE  =  0.8391E-01  CRITERION=  0.3338E-02
     MOMENT CONVERGENCE VALUE =  0.3769E-13  CRITERION=  0.2004    
     DISP CONVERGENCE VALUE   =   12.83      CRITERION=  0.8071    
    EQUIL ITER   1 COMPLETED.  NEW TRIANG MATRIX.  MAX DOF INC=   12.83    
     DISP CONVERGENCE VALUE   =  0.6415      CRITERION=  0.8071     <<< CONVERGED
     LINE SEARCH PARAMETER =  0.5000E-01 SCALED MAX DOF INC =  0.6415    
     FORCE CONVERGENCE VALUE  =   2818.      CRITERION=  0.3027E-02
     MOMENT CONVERGENCE VALUE =  0.6599E-10  CRITERION=  0.1805     <<< CONVERGED
    EQUIL ITER   2 COMPLETED.  NEW TRIANG MATRIX.  MAX DOF INC=   12.14    
     DISP CONVERGENCE VALUE   =   12.14      CRITERION=  0.8071    
     LINE SEARCH PARAMETER =   1.000     SCALED MAX DOF INC =   12.14    
     CONSTRAINT CONDITIONS ARE NOT SATISFIED FOR      1 JOINT ELEMENTS WITH LAG MULT OPTION
     FORCE CONVERGENCE VALUE  =  0.1009E+07  CRITERION=  0.5710E-01
     MOMENT CONVERGENCE VALUE =  0.2874E-06  CRITERION=   162.8     <<< CONVERGED
    EQUIL ITER   3 COMPLETED.  NEW TRIANG MATRIX.  MAX DOF INC=  0.4101    
     DISP CONVERGENCE VALUE   =  0.4083      CRITERION=  0.8071     <<< CONVERGED
     LINE SEARCH PARAMETER =  0.9956     SCALED MAX DOF INC =  0.4083    
     FORCE CONVERGENCE VALUE  =   1859.      CRITERION=  0.2748    
     MOMENT CONVERGENCE VALUE =  0.7485E-08  CRITERION=   121.2     <<< CONVERGED
    EQUIL ITER   4 COMPLETED.  NEW TRIANG MATRIX.  MAX DOF INC=  0.5223E-01
     DISP CONVERGENCE VALUE   =  0.5216E-01  CRITERION=  0.8071     <<< CONVERGED
     LINE SEARCH PARAMETER =  0.9987     SCALED MAX DOF INC =  0.5216E-01
     FORCE CONVERGENCE VALUE  =   25.14      CRITERION=  0.1244E-01
     MOMENT CONVERGENCE VALUE =  0.2346E-08  CRITERION=  0.3390E-01 <<< CONVERGED
    EQUIL ITER   5 COMPLETED.  NEW TRIANG MATRIX.  MAX DOF INC=  0.1782E-03
     DISP CONVERGENCE VALUE   =  0.1780E-03  CRITERION=  0.8071E-01 <<< CONVERGED
     LINE SEARCH PARAMETER =  0.9988     SCALED MAX DOF INC =  0.1780E-03
     FORCE CONVERGENCE VALUE  =  0.6813E-02  CRITERION=  0.1316E-01 <<< CONVERGED
     MOMENT CONVERGENCE VALUE =  0.2752E-11  CRITERION=  0.1558     <<< CONVERGED
    >>> SOLUTION CONVERGED AFTER EQUILIBRIUM ITERATION   5
 *** LOAD STEP    12   SUBSTEP     2  COMPLETED.    CUM ITER =    109
 *** TIME =   12.0000         TIME INC =  0.500000    
 *** RESPONSE FREQ =  172.3       PERIOD=  0.5803E-02  PTS/CYC = 0.12E-01
 ****************************************************
 *************** FINISHED SOLVE FOR LS 12 *************
 ****************************************************
 ******************* SOLVE FOR LS 13 OF 45 ****************

 PRINTOUT RESUMED BY /GOP

 USE AUTOMATIC TIME STEPPING THIS LOAD STEP

 USE INITIAL TIME STEP SIZE OF 0.5000000     FOR ALL  DEGREES OF FREEDOM
 FOR AUTOMATIC TIME STEPPING:
   USE 0.5000000     AS THE MINIMUM TIME STEP SIZE
   USE 0.5000000     AS THE MAXIMUM TIME STEP SIZE

 TIME=  13.000    

 INCLUDE TRANSIENT EFFECTS FOR  ALL DEGREES OF FREEDOM THIS LOAD STEP

 ERASE THE CURRENT DATABASE OUTPUT CONTROL TABLE.


 WRITE ALL  ITEMS TO THE DATABASE WITH A FREQUENCY OF NONE
   FOR ALL APPLICABLE ENTITIES

 WRITE NSOL ITEMS TO THE DATABASE WITH A FREQUENCY OF ALL 
   FOR ALL APPLICABLE ENTITIES

 WRITE RSOL ITEMS TO THE DATABASE WITH A FREQUENCY OF ALL 
   FOR ALL APPLICABLE ENTITIES

 WRITE EANG ITEMS TO THE DATABASE WITH A FREQUENCY OF ALL 
   FOR ALL APPLICABLE ENTITIES

 WRITE ETMP ITEMS TO THE DATABASE WITH A FREQUENCY OF ALL 
   FOR ALL APPLICABLE ENTITIES

 WRITE VENG ITEMS TO THE DATABASE WITH A FREQUENCY OF ALL 
   FOR ALL APPLICABLE ENTITIES

 WRITE STRS ITEMS TO THE DATABASE WITH A FREQUENCY OF ALL 
   FOR ALL APPLICABLE ENTITIES

 WRITE EPEL ITEMS TO THE DATABASE WITH A FREQUENCY OF ALL 
   FOR ALL APPLICABLE ENTITIES

 WRITE EPPL ITEMS TO THE DATABASE WITH A FREQUENCY OF ALL 
   FOR ALL APPLICABLE ENTITIES

 WRITE CONT ITEMS TO THE DATABASE WITH A FREQUENCY OF ALL 
   FOR ALL APPLICABLE ENTITIES

 WRITE V    ITEMS TO THE DATABASE WITH A FREQUENCY OF ALL 
   FOR ALL APPLICABLE ENTITIES

 WRITE A    ITEMS TO THE DATABASE WITH A FREQUENCY OF ALL 
   FOR ALL APPLICABLE ENTITIES

 WRITE MISC ITEMS TO THE DATABASE WITH A FREQUENCY OF ALL 
   FOR THE ENTITIES DEFINED BY COMPONENT _ELMISC 

 *****  MAPDL SOLVE    COMMAND  *****

 *** WARNING ***                         ELAPSED TIME =      98.727   TIME= 09:05:01
 Material number 16 (used by element 2217) should normally have at least 
 one MP or one TB type command associated with it.  Output of energy by  
 material may not be available.                                          

 *** NOTE ***                            ELAPSED TIME =      98.730   TIME= 09:05:01
 The step data was checked and warning messages were found.              
  Please review output or errors file ( F:\CoME\Forth Semester\Practice  
 FEM\Git_upload\06_Dynamic_Analysis\3_transient_analysis\06_3_ii_four_ba 
 r_mechanism\ansys\project_files\_ProjectScratch\Scr451E\file0.err )     
 for these warning messages.                                             

 *** NOTE ***                            ELAPSED TIME =      98.730   TIME= 09:05:01
 This nonlinear analysis defaults to using the full Newton-Raphson       
 solution procedure.  This can be modified using the NROPT command.      

 *** MAPDL - ENGINEERING ANALYSIS SYSTEM  RELEASE 2026 R1          26.1     ***
 Ansys Mechanical Enterprise Academic Student      
 01055371  VERSION=WINDOWS x64   09:05:01  AUG 09, 2026 Elapsed Time=     98.772

 four_bar_mechanism--Transient (B5)                                            



                      L O A D   S T E P   O P T I O N S

   LOAD STEP NUMBER. . . . . . . . . . . . . . . .    13
   TIME AT END OF THE LOAD STEP. . . . . . . . . .  13.000    
   AUTOMATIC TIME STEPPING . . . . . . . . . . . .    ON
      STARTING TIME STEP SIZE. . . . . . . . . . . 0.50000    
      MINIMUM TIME STEP SIZE . . . . . . . . . . . 0.50000    
      MAXIMUM TIME STEP SIZE . . . . . . . . . . . 0.50000    
   MAXIMUM NUMBER OF EQUILIBRIUM ITERATIONS. . . .    15
   STEP CHANGE BOUNDARY CONDITIONS . . . . . . . .   YES
   STRESS-STIFFENING . . . . . . . . . . . . . . .    ON
   TRANSIENT (INERTIA) EFFECTS
      STRUCTURAL DOFS. . . . . . . . . . . . . . .    ON
   TRANSIENT INTEGRATION PARAMETERS
      GAMMA. . . . . . . . . . . . . . . . . . . . 0.10000    
      ALPHA. . . . . . . . . . . . . . . . . . . . 0.30250    
      DELTA. . . . . . . . . . . . . . . . . . . . 0.60000    
      USING HHT TIME INTEGRATION
      ALPHAF . . . . . . . . . . . . . . . . . . . 0.10000    
      ALPHAM . . . . . . . . . . . . . . . . . . .  0.0000    
   TERMINATE ANALYSIS IF NOT CONVERGED . . . . . .YES (EXIT)  
   CONVERGENCE CONTROLS. . . . . . . . . . . . . .USE DEFAULTS
   PRINT OUTPUT CONTROLS . . . . . . . . . . . . .NO PRINTOUT
   DATABASE OUTPUT CONTROLS
      ITEM     FREQUENCY   COMPONENT
       ALL       NONE               
      NSOL        ALL               
      RSOL        ALL               
      EANG        ALL               
      ETMP        ALL               
      VENG        ALL               
      STRS        ALL               
      EPEL        ALL               
      EPPL        ALL               
      CONT        ALL               
      V           ALL               
      A           ALL               
      MISC        ALL       _ELMISC 


 SOLUTION MONITORING INFO IS WRITTEN TO FILE= file.mntr                                                                                                                                                                                                                                                           
 MAXIMUM NUMBER OF EQUILIBRIUM ITERATIONS HAS BEEN MODIFIED              
  TO BE, NEQIT = 25, BY SOLUTION CONTROL LOGIC.                          

     FORCE CONVERGENCE VALUE  =  0.5037E-01  CRITERION=  0.2969E-02
     MOMENT CONVERGENCE VALUE =  0.3041E-12  CRITERION=  0.1558    
     DISP CONVERGENCE VALUE   =   13.17      CRITERION=  0.8071    
    EQUIL ITER   1 COMPLETED.  NEW TRIANG MATRIX.  MAX DOF INC=   13.17    
     DISP CONVERGENCE VALUE   =   13.17      CRITERION=  0.8071    
     LINE SEARCH PARAMETER =   1.000     SCALED MAX DOF INC =   13.17    
     FORCE CONVERGENCE VALUE  =  0.1127E+07  CRITERION=  0.2547E-02
     MOMENT CONVERGENCE VALUE =  0.2340E-07  CRITERION=  0.1566     <<< CONVERGED
    EQUIL ITER   2 COMPLETED.  NEW TRIANG MATRIX.  MAX DOF INC=  0.4778    
     DISP CONVERGENCE VALUE   =  0.4755      CRITERION=  0.8071     <<< CONVERGED
     LINE SEARCH PARAMETER =  0.9952     SCALED MAX DOF INC =  0.4755    
     FORCE CONVERGENCE VALUE  =   2302.      CRITERION=  0.3558    
     MOMENT CONVERGENCE VALUE =  0.8860E-08  CRITERION=   34.76     <<< CONVERGED
    EQUIL ITER   3 COMPLETED.  NEW TRIANG MATRIX.  MAX DOF INC=  0.1036E-01
     DISP CONVERGENCE VALUE   =  0.1036E-01  CRITERION=  0.8071     <<< CONVERGED
     LINE SEARCH PARAMETER =  0.9997     SCALED MAX DOF INC =  0.1036E-01
     FORCE CONVERGENCE VALUE  =   2.652      CRITERION=  0.1812E-01
     MOMENT CONVERGENCE VALUE =  0.7203E-09  CRITERION=  0.1143     <<< CONVERGED
    EQUIL ITER   4 COMPLETED.  NEW TRIANG MATRIX.  MAX DOF INC= -0.1543E-03
     DISP CONVERGENCE VALUE   =  0.1542E-03  CRITERION=  0.8071E-01 <<< CONVERGED
     LINE SEARCH PARAMETER =  0.9992     SCALED MAX DOF INC = -0.1542E-03
     FORCE CONVERGENCE VALUE  =  0.7936E-03  CRITERION=  0.1243E-01 <<< CONVERGED

 *** WARNING ***                         ELAPSED TIME =     101.593   TIME= 09:05:03
 A reference force value times the tolerance is used by the              
 Newton-Raphson method for checking convergence.  The calculated         
 reference FORCE CONVERGENCE VALUE = 0.480313965 is less than a          
 threshold.  This threshold is internally calculated.  You can           
 overwrite it by specifying MINREF on the CNVTOL command.  Check         
 results carefully.                                                      
     MOMENT CONVERGENCE VALUE =  0.5540E-12  CRITERION=  0.1063     <<< CONVERGED
    >>> SOLUTION CONVERGED AFTER EQUILIBRIUM ITERATION   4
 *** LOAD STEP    13   SUBSTEP     1  COMPLETED.    CUM ITER =    113
 *** TIME =   12.5000         TIME INC =  0.500000    
 *** RESPONSE FREQ =  178.2       PERIOD=  0.5610E-02  PTS/CYC = 0.11E-01
 *** AUTO STEP TIME:  NEXT TIME INC = 0.50000      UNCHANGED

     FORCE CONVERGENCE VALUE  =  0.6370E-01  CRITERION=  0.2402E-02
     MOMENT CONVERGENCE VALUE =  0.3845E-13  CRITERION=  0.1063    
     DISP CONVERGENCE VALUE   =   13.45      CRITERION=  0.8071    
    EQUIL ITER   1 COMPLETED.  NEW TRIANG MATRIX.  MAX DOF INC=   13.45    
     DISP CONVERGENCE VALUE   =  0.6726      CRITERION=  0.8071     <<< CONVERGED
     LINE SEARCH PARAMETER =  0.5000E-01 SCALED MAX DOF INC =  0.6726    
     FORCE CONVERGENCE VALUE  =   2804.      CRITERION=  0.2179E-02
     MOMENT CONVERGENCE VALUE =  0.4635E-10  CRITERION=  0.9547E-01 <<< CONVERGED
    EQUIL ITER   2 COMPLETED.  NEW TRIANG MATRIX.  MAX DOF INC=   12.72    
     DISP CONVERGENCE VALUE   =   12.72      CRITERION=  0.8071    
     LINE SEARCH PARAMETER =   1.000     SCALED MAX DOF INC =   12.72    
     CONSTRAINT CONDITIONS ARE NOT SATISFIED FOR      1 JOINT ELEMENTS WITH LAG MULT OPTION
     FORCE CONVERGENCE VALUE  =  0.1004E+07  CRITERION=  0.4935E-01
     MOMENT CONVERGENCE VALUE =  0.2669E-06  CRITERION=   161.9     <<< CONVERGED
    EQUIL ITER   3 COMPLETED.  NEW TRIANG MATRIX.  MAX DOF INC=  0.4305    
     DISP CONVERGENCE VALUE   =  0.4286      CRITERION=  0.8071     <<< CONVERGED
     LINE SEARCH PARAMETER =  0.9956     SCALED MAX DOF INC =  0.4286    
     FORCE CONVERGENCE VALUE  =   1832.      CRITERION=  0.2419    
     MOMENT CONVERGENCE VALUE =  0.6955E-08  CRITERION=   122.3     <<< CONVERGED
    EQUIL ITER   4 COMPLETED.  NEW TRIANG MATRIX.  MAX DOF INC=  0.5436E-01
     DISP CONVERGENCE VALUE   =  0.5429E-01  CRITERION=  0.8071     <<< CONVERGED
     LINE SEARCH PARAMETER =  0.9987     SCALED MAX DOF INC =  0.5429E-01
     FORCE CONVERGENCE VALUE  =   25.24      CRITERION=  0.1631E-01
     MOMENT CONVERGENCE VALUE =  0.2113E-08  CRITERION=  0.8065E-01 <<< CONVERGED
    EQUIL ITER   5 COMPLETED.  NEW TRIANG MATRIX.  MAX DOF INC=  0.1429E-03
     DISP CONVERGENCE VALUE   =  0.1427E-03  CRITERION=  0.8071E-01 <<< CONVERGED
     LINE SEARCH PARAMETER =  0.9988     SCALED MAX DOF INC =  0.1427E-03
     FORCE CONVERGENCE VALUE  =  0.6519E-02  CRITERION=  0.2097E-01 <<< CONVERGED
     MOMENT CONVERGENCE VALUE =  0.2493E-11  CRITERION=  0.8104E-01 <<< CONVERGED
    >>> SOLUTION CONVERGED AFTER EQUILIBRIUM ITERATION   5
 *** LOAD STEP    13   SUBSTEP     2  COMPLETED.    CUM ITER =    118
 *** TIME =   13.0000         TIME INC =  0.500000    
 *** RESPONSE FREQ =  184.6       PERIOD=  0.5417E-02  PTS/CYC = 0.11E-01
 ****************************************************
 *************** FINISHED SOLVE FOR LS 13 *************
 ****************************************************
 ******************* SOLVE FOR LS 14 OF 45 ****************

 PRINTOUT RESUMED BY /GOP

 USE AUTOMATIC TIME STEPPING THIS LOAD STEP

 USE INITIAL TIME STEP SIZE OF 0.5000000     FOR ALL  DEGREES OF FREEDOM
 FOR AUTOMATIC TIME STEPPING:
   USE 0.5000000     AS THE MINIMUM TIME STEP SIZE
   USE 0.5000000     AS THE MAXIMUM TIME STEP SIZE

 TIME=  14.000    

 INCLUDE TRANSIENT EFFECTS FOR  ALL DEGREES OF FREEDOM THIS LOAD STEP

 ERASE THE CURRENT DATABASE OUTPUT CONTROL TABLE.


 WRITE ALL  ITEMS TO THE DATABASE WITH A FREQUENCY OF NONE
   FOR ALL APPLICABLE ENTITIES

 WRITE NSOL ITEMS TO THE DATABASE WITH A FREQUENCY OF ALL 
   FOR ALL APPLICABLE ENTITIES

 WRITE RSOL ITEMS TO THE DATABASE WITH A FREQUENCY OF ALL 
   FOR ALL APPLICABLE ENTITIES

 WRITE EANG ITEMS TO THE DATABASE WITH A FREQUENCY OF ALL 
   FOR ALL APPLICABLE ENTITIES

 WRITE ETMP ITEMS TO THE DATABASE WITH A FREQUENCY OF ALL 
   FOR ALL APPLICABLE ENTITIES

 WRITE VENG ITEMS TO THE DATABASE WITH A FREQUENCY OF ALL 
   FOR ALL APPLICABLE ENTITIES

 WRITE STRS ITEMS TO THE DATABASE WITH A FREQUENCY OF ALL 
   FOR ALL APPLICABLE ENTITIES

 WRITE EPEL ITEMS TO THE DATABASE WITH A FREQUENCY OF ALL 
   FOR ALL APPLICABLE ENTITIES

 WRITE EPPL ITEMS TO THE DATABASE WITH A FREQUENCY OF ALL 
   FOR ALL APPLICABLE ENTITIES

 WRITE CONT ITEMS TO THE DATABASE WITH A FREQUENCY OF ALL 
   FOR ALL APPLICABLE ENTITIES

 WRITE V    ITEMS TO THE DATABASE WITH A FREQUENCY OF ALL 
   FOR ALL APPLICABLE ENTITIES

 WRITE A    ITEMS TO THE DATABASE WITH A FREQUENCY OF ALL 
   FOR ALL APPLICABLE ENTITIES

 WRITE MISC ITEMS TO THE DATABASE WITH A FREQUENCY OF ALL 
   FOR THE ENTITIES DEFINED BY COMPONENT _ELMISC 

 *****  MAPDL SOLVE    COMMAND  *****

 *** WARNING ***                         ELAPSED TIME =     105.561   TIME= 09:05:07
 Material number 16 (used by element 2217) should normally have at least 
 one MP or one TB type command associated with it.  Output of energy by  
 material may not be available.                                          

 *** NOTE ***                            ELAPSED TIME =     105.565   TIME= 09:05:07
 The step data was checked and warning messages were found.              
  Please review output or errors file ( F:\CoME\Forth Semester\Practice  
 FEM\Git_upload\06_Dynamic_Analysis\3_transient_analysis\06_3_ii_four_ba 
 r_mechanism\ansys\project_files\_ProjectScratch\Scr451E\file0.err )     
 for these warning messages.                                             

 *** NOTE ***                            ELAPSED TIME =     105.565   TIME= 09:05:07
 This nonlinear analysis defaults to using the full Newton-Raphson       
 solution procedure.  This can be modified using the NROPT command.      

 *** MAPDL - ENGINEERING ANALYSIS SYSTEM  RELEASE 2026 R1          26.1     ***
 Ansys Mechanical Enterprise Academic Student      
 01055371  VERSION=WINDOWS x64   09:05:07  AUG 09, 2026 Elapsed Time=    105.593

 four_bar_mechanism--Transient (B5)                                            



                      L O A D   S T E P   O P T I O N S

   LOAD STEP NUMBER. . . . . . . . . . . . . . . .    14
   TIME AT END OF THE LOAD STEP. . . . . . . . . .  14.000    
   AUTOMATIC TIME STEPPING . . . . . . . . . . . .    ON
      STARTING TIME STEP SIZE. . . . . . . . . . . 0.50000    
      MINIMUM TIME STEP SIZE . . . . . . . . . . . 0.50000    
      MAXIMUM TIME STEP SIZE . . . . . . . . . . . 0.50000    
   MAXIMUM NUMBER OF EQUILIBRIUM ITERATIONS. . . .    15
   STEP CHANGE BOUNDARY CONDITIONS . . . . . . . .   YES
   STRESS-STIFFENING . . . . . . . . . . . . . . .    ON
   TRANSIENT (INERTIA) EFFECTS
      STRUCTURAL DOFS. . . . . . . . . . . . . . .    ON
   TRANSIENT INTEGRATION PARAMETERS
      GAMMA. . . . . . . . . . . . . . . . . . . . 0.10000    
      ALPHA. . . . . . . . . . . . . . . . . . . . 0.30250    
      DELTA. . . . . . . . . . . . . . . . . . . . 0.60000    
      USING HHT TIME INTEGRATION
      ALPHAF . . . . . . . . . . . . . . . . . . . 0.10000    
      ALPHAM . . . . . . . . . . . . . . . . . . .  0.0000    
   TERMINATE ANALYSIS IF NOT CONVERGED . . . . . .YES (EXIT)  
   CONVERGENCE CONTROLS. . . . . . . . . . . . . .USE DEFAULTS
   PRINT OUTPUT CONTROLS . . . . . . . . . . . . .NO PRINTOUT
   DATABASE OUTPUT CONTROLS
      ITEM     FREQUENCY   COMPONENT
       ALL       NONE               
      NSOL        ALL               
      RSOL        ALL               
      EANG        ALL               
      ETMP        ALL               
      VENG        ALL               
      STRS        ALL               
      EPEL        ALL               
      EPPL        ALL               
      CONT        ALL               
      V           ALL               
      A           ALL               
      MISC        ALL       _ELMISC 


 SOLUTION MONITORING INFO IS WRITTEN TO FILE= file.mntr                                                                                                                                                                                                                                                           
 MAXIMUM NUMBER OF EQUILIBRIUM ITERATIONS HAS BEEN MODIFIED              
  TO BE, NEQIT = 25, BY SOLUTION CONTROL LOGIC.                          

     FORCE CONVERGENCE VALUE  =  0.4203E-01  CRITERION=  0.2167E-02
     MOMENT CONVERGENCE VALUE =  0.2754E-12  CRITERION=  0.8104E-01
     DISP CONVERGENCE VALUE   =   13.66      CRITERION=  0.8071    
    EQUIL ITER   1 COMPLETED.  NEW TRIANG MATRIX.  MAX DOF INC=   13.66    
     DISP CONVERGENCE VALUE   =  0.6830      CRITERION=  0.8071     <<< CONVERGED
     LINE SEARCH PARAMETER =  0.5000E-01 SCALED MAX DOF INC =  0.6830    
     FORCE CONVERGENCE VALUE  =   2799.      CRITERION=  0.1966E-02
     MOMENT CONVERGENCE VALUE =  0.4231E-10  CRITERION=  0.7270E-01 <<< CONVERGED
    EQUIL ITER   2 COMPLETED.  NEW TRIANG MATRIX.  MAX DOF INC=   12.92    
     DISP CONVERGENCE VALUE   =   12.92      CRITERION=  0.8071    
     LINE SEARCH PARAMETER =   1.000     SCALED MAX DOF INC =   12.92    
     CONSTRAINT CONDITIONS ARE NOT SATISFIED FOR      1 JOINT ELEMENTS WITH LAG MULT OPTION
     FORCE CONVERGENCE VALUE  =  0.1002E+07  CRITERION=  0.4864E-01
     MOMENT CONVERGENCE VALUE =  0.2719E-06  CRITERION=   161.7     <<< CONVERGED
    EQUIL ITER   3 COMPLETED.  NEW TRIANG MATRIX.  MAX DOF INC=  0.4373    
     DISP CONVERGENCE VALUE   =  0.4354      CRITERION=  0.8071     <<< CONVERGED
     LINE SEARCH PARAMETER =  0.9956     SCALED MAX DOF INC =  0.4354    
     FORCE CONVERGENCE VALUE  =   1819.      CRITERION=  0.2228    
     MOMENT CONVERGENCE VALUE =  0.6674E-08  CRITERION=   122.9     <<< CONVERGED
    EQUIL ITER   4 COMPLETED.  NEW TRIANG MATRIX.  MAX DOF INC=  0.5513E-01
     DISP CONVERGENCE VALUE   =  0.5506E-01  CRITERION=  0.8071     <<< CONVERGED
     LINE SEARCH PARAMETER =  0.9987     SCALED MAX DOF INC =  0.5506E-01
     FORCE CONVERGENCE VALUE  =   25.29      CRITERION=  0.1230E-01
     MOMENT CONVERGENCE VALUE =  0.1976E-08  CRITERION=  0.2016     <<< CONVERGED
    EQUIL ITER   5 COMPLETED.  NEW TRIANG MATRIX.  MAX DOF INC=  0.1263E-03
     DISP CONVERGENCE VALUE   =  0.1262E-03  CRITERION=  0.8071E-01 <<< CONVERGED
     LINE SEARCH PARAMETER =  0.9988     SCALED MAX DOF INC =  0.1262E-03
     FORCE CONVERGENCE VALUE  =  0.6372E-02  CRITERION=  0.2101E-01 <<< CONVERGED

 *** WARNING ***                         ELAPSED TIME =     109.172   TIME= 09:05:11
 A reference force value times the tolerance is used by the              
 Newton-Raphson method for checking convergence.  The calculated         
 reference FORCE CONVERGENCE VALUE = 0.342866511 is less than a          
 threshold.  This threshold is internally calculated.  You can           
 overwrite it by specifying MINREF on the CNVTOL command.  Check         
 results carefully.                                                      
     MOMENT CONVERGENCE VALUE =  0.2338E-11  CRITERION=  0.4928E-01 <<< CONVERGED
    >>> SOLUTION CONVERGED AFTER EQUILIBRIUM ITERATION   5
 *** LOAD STEP    14   SUBSTEP     1  COMPLETED.    CUM ITER =    123
 *** TIME =   13.5000         TIME INC =  0.500000    
 *** RESPONSE FREQ =  191.4       PERIOD=  0.5225E-02  PTS/CYC = 0.10E-01
 *** AUTO STEP TIME:  NEXT TIME INC = 0.50000      UNCHANGED

     FORCE CONVERGENCE VALUE  =  0.4865E-01  CRITERION=  0.1714E-02
     MOMENT CONVERGENCE VALUE =  0.2292E-12  CRITERION=  0.4928E-01
     DISP CONVERGENCE VALUE   =   13.83      CRITERION=  0.8071    
    EQUIL ITER   1 COMPLETED.  NEW TRIANG MATRIX.  MAX DOF INC=   13.83    
     DISP CONVERGENCE VALUE   =  0.6913      CRITERION=  0.8071     <<< CONVERGED
     LINE SEARCH PARAMETER =  0.5000E-01 SCALED MAX DOF INC =  0.6913    
     FORCE CONVERGENCE VALUE  =   2793.      CRITERION=  0.1556E-02
     MOMENT CONVERGENCE VALUE =  0.3214E-10  CRITERION=  0.4409E-01 <<< CONVERGED
    EQUIL ITER   2 COMPLETED.  NEW TRIANG MATRIX.  MAX DOF INC=   13.07    
     DISP CONVERGENCE VALUE   =   13.07      CRITERION=  0.8071    
     LINE SEARCH PARAMETER =   1.000     SCALED MAX DOF INC =   13.07    
     CONSTRAINT CONDITIONS ARE NOT SATISFIED FOR      1 JOINT ELEMENTS WITH LAG MULT OPTION
     FORCE CONVERGENCE VALUE  =  0.1000E+07  CRITERION=  0.4295E-01
     MOMENT CONVERGENCE VALUE =  0.2500E-06  CRITERION=   161.1     <<< CONVERGED
    EQUIL ITER   3 COMPLETED.  NEW TRIANG MATRIX.  MAX DOF INC=  0.4426    
     DISP CONVERGENCE VALUE   =  0.4406      CRITERION=  0.8071     <<< CONVERGED
     LINE SEARCH PARAMETER =  0.9955     SCALED MAX DOF INC =  0.4406    
     FORCE CONVERGENCE VALUE  =   1808.      CRITERION=  0.2093    
     MOMENT CONVERGENCE VALUE =  0.6416E-08  CRITERION=   123.1     <<< CONVERGED
    EQUIL ITER   4 COMPLETED.  NEW TRIANG MATRIX.  MAX DOF INC=  0.5562E-01
     DISP CONVERGENCE VALUE   =  0.5555E-01  CRITERION=  0.8071     <<< CONVERGED
     LINE SEARCH PARAMETER =  0.9987     SCALED MAX DOF INC =  0.5555E-01
     FORCE CONVERGENCE VALUE  =   25.29      CRITERION=  0.1456E-01
     MOMENT CONVERGENCE VALUE =  0.1829E-08  CRITERION=  0.1230     <<< CONVERGED
    EQUIL ITER   5 COMPLETED.  NEW TRIANG MATRIX.  MAX DOF INC=  0.1114E-03
     DISP CONVERGENCE VALUE   =  0.1113E-03  CRITERION=  0.8071E-01 <<< CONVERGED
     LINE SEARCH PARAMETER =  0.9988     SCALED MAX DOF INC =  0.1113E-03
     FORCE CONVERGENCE VALUE  =  0.6223E-02  CRITERION=  0.2432E-01 <<< CONVERGED
     MOMENT CONVERGENCE VALUE =  0.2169E-11  CRITERION=  0.3671E-01 <<< CONVERGED
    >>> SOLUTION CONVERGED AFTER EQUILIBRIUM ITERATION   5
 *** LOAD STEP    14   SUBSTEP     2  COMPLETED.    CUM ITER =    128
 *** TIME =   14.0000         TIME INC =  0.500000    
 *** RESPONSE FREQ =  198.6       PERIOD=  0.5036E-02  PTS/CYC = 0.10E-01
 ****************************************************
 *************** FINISHED SOLVE FOR LS 14 *************
 ****************************************************
 ******************* SOLVE FOR LS 15 OF 45 ****************

 PRINTOUT RESUMED BY /GOP

 USE AUTOMATIC TIME STEPPING THIS LOAD STEP

 USE INITIAL TIME STEP SIZE OF 0.5000000     FOR ALL  DEGREES OF FREEDOM
 FOR AUTOMATIC TIME STEPPING:
   USE 0.5000000     AS THE MINIMUM TIME STEP SIZE
   USE 0.5000000     AS THE MAXIMUM TIME STEP SIZE

 TIME=  15.000    

 INCLUDE TRANSIENT EFFECTS FOR  ALL DEGREES OF FREEDOM THIS LOAD STEP

 ERASE THE CURRENT DATABASE OUTPUT CONTROL TABLE.


 WRITE ALL  ITEMS TO THE DATABASE WITH A FREQUENCY OF NONE
   FOR ALL APPLICABLE ENTITIES

 WRITE NSOL ITEMS TO THE DATABASE WITH A FREQUENCY OF ALL 
   FOR ALL APPLICABLE ENTITIES

 WRITE RSOL ITEMS TO THE DATABASE WITH A FREQUENCY OF ALL 
   FOR ALL APPLICABLE ENTITIES

 WRITE EANG ITEMS TO THE DATABASE WITH A FREQUENCY OF ALL 
   FOR ALL APPLICABLE ENTITIES

 WRITE ETMP ITEMS TO THE DATABASE WITH A FREQUENCY OF ALL 
   FOR ALL APPLICABLE ENTITIES

 WRITE VENG ITEMS TO THE DATABASE WITH A FREQUENCY OF ALL 
   FOR ALL APPLICABLE ENTITIES

 WRITE STRS ITEMS TO THE DATABASE WITH A FREQUENCY OF ALL 
   FOR ALL APPLICABLE ENTITIES

 WRITE EPEL ITEMS TO THE DATABASE WITH A FREQUENCY OF ALL 
   FOR ALL APPLICABLE ENTITIES

 WRITE EPPL ITEMS TO THE DATABASE WITH A FREQUENCY OF ALL 
   FOR ALL APPLICABLE ENTITIES

 WRITE CONT ITEMS TO THE DATABASE WITH A FREQUENCY OF ALL 
   FOR ALL APPLICABLE ENTITIES

 WRITE V    ITEMS TO THE DATABASE WITH A FREQUENCY OF ALL 
   FOR ALL APPLICABLE ENTITIES

 WRITE A    ITEMS TO THE DATABASE WITH A FREQUENCY OF ALL 
   FOR ALL APPLICABLE ENTITIES

 WRITE MISC ITEMS TO THE DATABASE WITH A FREQUENCY OF ALL 
   FOR THE ENTITIES DEFINED BY COMPONENT _ELMISC 

 *****  MAPDL SOLVE    COMMAND  *****

 *** WARNING ***                         ELAPSED TIME =     113.444   TIME= 09:05:15
 Material number 16 (used by element 2217) should normally have at least 
 one MP or one TB type command associated with it.  Output of energy by  
 material may not be available.                                          

 *** NOTE ***                            ELAPSED TIME =     113.447   TIME= 09:05:15
 The step data was checked and warning messages were found.              
  Please review output or errors file ( F:\CoME\Forth Semester\Practice  
 FEM\Git_upload\06_Dynamic_Analysis\3_transient_analysis\06_3_ii_four_ba 
 r_mechanism\ansys\project_files\_ProjectScratch\Scr451E\file0.err )     
 for these warning messages.                                             

 *** NOTE ***                            ELAPSED TIME =     113.447   TIME= 09:05:15
 This nonlinear analysis defaults to using the full Newton-Raphson       
 solution procedure.  This can be modified using the NROPT command.      

 *** MAPDL - ENGINEERING ANALYSIS SYSTEM  RELEASE 2026 R1          26.1     ***
 Ansys Mechanical Enterprise Academic Student      
 01055371  VERSION=WINDOWS x64   09:05:15  AUG 09, 2026 Elapsed Time=    113.491

 four_bar_mechanism--Transient (B5)                                            



                      L O A D   S T E P   O P T I O N S

   LOAD STEP NUMBER. . . . . . . . . . . . . . . .    15
   TIME AT END OF THE LOAD STEP. . . . . . . . . .  15.000    
   AUTOMATIC TIME STEPPING . . . . . . . . . . . .    ON
      STARTING TIME STEP SIZE. . . . . . . . . . . 0.50000    
      MINIMUM TIME STEP SIZE . . . . . . . . . . . 0.50000    
      MAXIMUM TIME STEP SIZE . . . . . . . . . . . 0.50000    
   MAXIMUM NUMBER OF EQUILIBRIUM ITERATIONS. . . .    15
   STEP CHANGE BOUNDARY CONDITIONS . . . . . . . .   YES
   STRESS-STIFFENING . . . . . . . . . . . . . . .    ON
   TRANSIENT (INERTIA) EFFECTS
      STRUCTURAL DOFS. . . . . . . . . . . . . . .    ON
   TRANSIENT INTEGRATION PARAMETERS
      GAMMA. . . . . . . . . . . . . . . . . . . . 0.10000    
      ALPHA. . . . . . . . . . . . . . . . . . . . 0.30250    
      DELTA. . . . . . . . . . . . . . . . . . . . 0.60000    
      USING HHT TIME INTEGRATION
      ALPHAF . . . . . . . . . . . . . . . . . . . 0.10000    
      ALPHAM . . . . . . . . . . . . . . . . . . .  0.0000    
   TERMINATE ANALYSIS IF NOT CONVERGED . . . . . .YES (EXIT)  
   CONVERGENCE CONTROLS. . . . . . . . . . . . . .USE DEFAULTS
   PRINT OUTPUT CONTROLS . . . . . . . . . . . . .NO PRINTOUT
   DATABASE OUTPUT CONTROLS
      ITEM     FREQUENCY   COMPONENT
       ALL       NONE               
      NSOL        ALL               
      RSOL        ALL               
      EANG        ALL               
      ETMP        ALL               
      VENG        ALL               
      STRS        ALL               
      EPEL        ALL               
      EPPL        ALL               
      CONT        ALL               
      V           ALL               
      A           ALL               
      MISC        ALL       _ELMISC 


 SOLUTION MONITORING INFO IS WRITTEN TO FILE= file.mntr                                                                                                                                                                                                                                                           
 MAXIMUM NUMBER OF EQUILIBRIUM ITERATIONS HAS BEEN MODIFIED              
  TO BE, NEQIT = 25, BY SOLUTION CONTROL LOGIC.                          

     FORCE CONVERGENCE VALUE  =  0.3650E-01  CRITERION=  0.1581E-02
     MOMENT CONVERGENCE VALUE =  0.2156E-12  CRITERION=  0.3671E-01
     DISP CONVERGENCE VALUE   =   13.93      CRITERION=  0.8071    
    EQUIL ITER   1 COMPLETED.  NEW TRIANG MATRIX.  MAX DOF INC=   13.93    
     DISP CONVERGENCE VALUE   =  0.6963      CRITERION=  0.8071     <<< CONVERGED
     LINE SEARCH PARAMETER =  0.5000E-01 SCALED MAX DOF INC =  0.6963    
     FORCE CONVERGENCE VALUE  =   2789.      CRITERION=  0.1435E-02
     MOMENT CONVERGENCE VALUE =  0.3060E-10  CRITERION=  0.3276E-01 <<< CONVERGED
    EQUIL ITER   2 COMPLETED.  NEW TRIANG MATRIX.  MAX DOF INC=   13.16    
     DISP CONVERGENCE VALUE   =   13.16      CRITERION=  0.8071    
     LINE SEARCH PARAMETER =   1.000     SCALED MAX DOF INC =   13.16    
     CONSTRAINT CONDITIONS ARE NOT SATISFIED FOR      1 JOINT ELEMENTS WITH LAG MULT OPTION
     FORCE CONVERGENCE VALUE  =  0.9985E+06  CRITERION=  0.4200E-01
     MOMENT CONVERGENCE VALUE =  0.2511E-06  CRITERION=   160.9     <<< CONVERGED
    EQUIL ITER   3 COMPLETED.  NEW TRIANG MATRIX.  MAX DOF INC=  0.4459    
     DISP CONVERGENCE VALUE   =  0.4439      CRITERION=  0.8071     <<< CONVERGED
     LINE SEARCH PARAMETER =  0.9955     SCALED MAX DOF INC =  0.4439    
     FORCE CONVERGENCE VALUE  =   1796.      CRITERION=  0.1922    
     MOMENT CONVERGENCE VALUE =  0.6145E-08  CRITERION=   123.4     <<< CONVERGED
    EQUIL ITER   4 COMPLETED.  NEW TRIANG MATRIX.  MAX DOF INC=  0.5581E-01
     DISP CONVERGENCE VALUE   =  0.5573E-01  CRITERION=  0.8071     <<< CONVERGED
     LINE SEARCH PARAMETER =  0.9987     SCALED MAX DOF INC =  0.5573E-01
     FORCE CONVERGENCE VALUE  =   25.29      CRITERION=  0.1282E-01
     MOMENT CONVERGENCE VALUE =  0.1675E-08  CRITERION=  0.1679     <<< CONVERGED
    EQUIL ITER   5 COMPLETED.  NEW TRIANG MATRIX.  MAX DOF INC=  0.9628E-04
     DISP CONVERGENCE VALUE   =  0.9617E-04  CRITERION=  0.8071E-01 <<< CONVERGED
     LINE SEARCH PARAMETER =  0.9988     SCALED MAX DOF INC =  0.9617E-04
     FORCE CONVERGENCE VALUE  =  0.6072E-02  CRITERION=  0.1825E-01 <<< CONVERGED

 *** WARNING ***                         ELAPSED TIME =     116.981   TIME= 09:05:19
 A reference force value times the tolerance is used by the              
 Newton-Raphson method for checking convergence.  The calculated         
 reference FORCE CONVERGENCE VALUE = 0.242809772 is less than a          
 threshold.  This threshold is internally calculated.  You can           
 overwrite it by specifying MINREF on the CNVTOL command.  Check         
 results carefully.                                                      
     MOMENT CONVERGENCE VALUE =  0.1991E-11  CRITERION=  0.1805E-01 <<< CONVERGED
    >>> SOLUTION CONVERGED AFTER EQUILIBRIUM ITERATION   5
 *** LOAD STEP    15   SUBSTEP     1  COMPLETED.    CUM ITER =    133
 *** TIME =   14.5000         TIME INC =  0.500000    
 *** RESPONSE FREQ =  206.0       PERIOD=  0.4854E-02  PTS/CYC = 0.97E-02
 *** AUTO STEP TIME:  NEXT TIME INC = 0.50000      UNCHANGED

     FORCE CONVERGENCE VALUE  =  0.3720E-01  CRITERION=  0.1214E-02
     MOMENT CONVERGENCE VALUE =  0.1973E-12  CRITERION=  0.1805E-01
     DISP CONVERGENCE VALUE   =   13.96      CRITERION=  0.8071    
    EQUIL ITER   1 COMPLETED.  NEW TRIANG MATRIX.  MAX DOF INC=   13.96    
     DISP CONVERGENCE VALUE   =  0.6978      CRITERION=  0.8071     <<< CONVERGED
     LINE SEARCH PARAMETER =  0.5000E-01 SCALED MAX DOF INC =  0.6978    
     FORCE CONVERGENCE VALUE  =   2784.      CRITERION=  0.1102E-02
     MOMENT CONVERGENCE VALUE =  0.2218E-10  CRITERION=  0.1605E-01 <<< CONVERGED
    EQUIL ITER   2 COMPLETED.  NEW TRIANG MATRIX.  MAX DOF INC=   13.19    
     DISP CONVERGENCE VALUE   =   13.19      CRITERION=  0.8071    
     LINE SEARCH PARAMETER =   1.000     SCALED MAX DOF INC =   13.19    
     CONSTRAINT CONDITIONS ARE NOT SATISFIED FOR      1 JOINT ELEMENTS WITH LAG MULT OPTION
     FORCE CONVERGENCE VALUE  =  0.9969E+06  CRITERION=  0.3761E-01
     MOMENT CONVERGENCE VALUE =  0.2350E-06  CRITERION=   160.5     <<< CONVERGED
    EQUIL ITER   3 COMPLETED.  NEW TRIANG MATRIX.  MAX DOF INC=  0.4469    
     DISP CONVERGENCE VALUE   =  0.4449      CRITERION=  0.8071     <<< CONVERGED
     LINE SEARCH PARAMETER =  0.9955     SCALED MAX DOF INC =  0.4449    
     FORCE CONVERGENCE VALUE  =   1786.      CRITERION=  0.1801    
     MOMENT CONVERGENCE VALUE =  0.5928E-08  CRITERION=   123.5     <<< CONVERGED
    EQUIL ITER   4 COMPLETED.  NEW TRIANG MATRIX.  MAX DOF INC=  0.5566E-01
     DISP CONVERGENCE VALUE   =  0.5559E-01  CRITERION=  0.8071     <<< CONVERGED
     LINE SEARCH PARAMETER =  0.9987     SCALED MAX DOF INC =  0.5559E-01
     FORCE CONVERGENCE VALUE  =   25.25      CRITERION=  0.1266E-01
     MOMENT CONVERGENCE VALUE =  0.1517E-08  CRITERION=  0.1473     <<< CONVERGED
    EQUIL ITER   5 COMPLETED.  NEW TRIANG MATRIX.  MAX DOF INC=  0.8207E-04
     DISP CONVERGENCE VALUE   =  0.8197E-04  CRITERION=  0.8071E-01 <<< CONVERGED
     LINE SEARCH PARAMETER =  0.9988     SCALED MAX DOF INC =  0.8197E-04
     FORCE CONVERGENCE VALUE  =  0.5918E-02  CRITERION=  0.1860E-01 <<< CONVERGED
     MOMENT CONVERGENCE VALUE =  0.1807E-11  CRITERION=  0.1389E-01 <<< CONVERGED
    >>> SOLUTION CONVERGED AFTER EQUILIBRIUM ITERATION   5
 *** LOAD STEP    15   SUBSTEP     2  COMPLETED.    CUM ITER =    138
 *** TIME =   15.0000         TIME INC =  0.500000    
 *** RESPONSE FREQ =  213.7       PERIOD=  0.4680E-02  PTS/CYC = 0.94E-02
 ****************************************************
 *************** FINISHED SOLVE FOR LS 15 *************
 ****************************************************
 ******************* SOLVE FOR LS 16 OF 45 ****************

 PRINTOUT RESUMED BY /GOP

 USE AUTOMATIC TIME STEPPING THIS LOAD STEP

 USE INITIAL TIME STEP SIZE OF 0.5000000     FOR ALL  DEGREES OF FREEDOM
 FOR AUTOMATIC TIME STEPPING:
   USE 0.5000000     AS THE MINIMUM TIME STEP SIZE
   USE 0.5000000     AS THE MAXIMUM TIME STEP SIZE

 TIME=  16.000    

 INCLUDE TRANSIENT EFFECTS FOR  ALL DEGREES OF FREEDOM THIS LOAD STEP

 ERASE THE CURRENT DATABASE OUTPUT CONTROL TABLE.


 WRITE ALL  ITEMS TO THE DATABASE WITH A FREQUENCY OF NONE
   FOR ALL APPLICABLE ENTITIES

 WRITE NSOL ITEMS TO THE DATABASE WITH A FREQUENCY OF ALL 
   FOR ALL APPLICABLE ENTITIES

 WRITE RSOL ITEMS TO THE DATABASE WITH A FREQUENCY OF ALL 
   FOR ALL APPLICABLE ENTITIES

 WRITE EANG ITEMS TO THE DATABASE WITH A FREQUENCY OF ALL 
   FOR ALL APPLICABLE ENTITIES

 WRITE ETMP ITEMS TO THE DATABASE WITH A FREQUENCY OF ALL 
   FOR ALL APPLICABLE ENTITIES

 WRITE VENG ITEMS TO THE DATABASE WITH A FREQUENCY OF ALL 
   FOR ALL APPLICABLE ENTITIES

 WRITE STRS ITEMS TO THE DATABASE WITH A FREQUENCY OF ALL 
   FOR ALL APPLICABLE ENTITIES

 WRITE EPEL ITEMS TO THE DATABASE WITH A FREQUENCY OF ALL 
   FOR ALL APPLICABLE ENTITIES

 WRITE EPPL ITEMS TO THE DATABASE WITH A FREQUENCY OF ALL 
   FOR ALL APPLICABLE ENTITIES

 WRITE CONT ITEMS TO THE DATABASE WITH A FREQUENCY OF ALL 
   FOR ALL APPLICABLE ENTITIES

 WRITE V    ITEMS TO THE DATABASE WITH A FREQUENCY OF ALL 
   FOR ALL APPLICABLE ENTITIES

 WRITE A    ITEMS TO THE DATABASE WITH A FREQUENCY OF ALL 
   FOR ALL APPLICABLE ENTITIES

 WRITE MISC ITEMS TO THE DATABASE WITH A FREQUENCY OF ALL 
   FOR THE ENTITIES DEFINED BY COMPONENT _ELMISC 

 *****  MAPDL SOLVE    COMMAND  *****

 *** WARNING ***                         ELAPSED TIME =     120.855   TIME= 09:05:23
 Material number 16 (used by element 2217) should normally have at least 
 one MP or one TB type command associated with it.  Output of energy by  
 material may not be available.                                          

 *** NOTE ***                            ELAPSED TIME =     120.858   TIME= 09:05:23
 The step data was checked and warning messages were found.              
  Please review output or errors file ( F:\CoME\Forth Semester\Practice  
 FEM\Git_upload\06_Dynamic_Analysis\3_transient_analysis\06_3_ii_four_ba 
 r_mechanism\ansys\project_files\_ProjectScratch\Scr451E\file0.err )     
 for these warning messages.                                             

 *** NOTE ***                            ELAPSED TIME =     120.859   TIME= 09:05:23
 This nonlinear analysis defaults to using the full Newton-Raphson       
 solution procedure.  This can be modified using the NROPT command.      

 *** MAPDL - ENGINEERING ANALYSIS SYSTEM  RELEASE 2026 R1          26.1     ***
 Ansys Mechanical Enterprise Academic Student      
 01055371  VERSION=WINDOWS x64   09:05:23  AUG 09, 2026 Elapsed Time=    120.896

 four_bar_mechanism--Transient (B5)                                            



                      L O A D   S T E P   O P T I O N S

   LOAD STEP NUMBER. . . . . . . . . . . . . . . .    16
   TIME AT END OF THE LOAD STEP. . . . . . . . . .  16.000    
   AUTOMATIC TIME STEPPING . . . . . . . . . . . .    ON
      STARTING TIME STEP SIZE. . . . . . . . . . . 0.50000    
      MINIMUM TIME STEP SIZE . . . . . . . . . . . 0.50000    
      MAXIMUM TIME STEP SIZE . . . . . . . . . . . 0.50000    
   MAXIMUM NUMBER OF EQUILIBRIUM ITERATIONS. . . .    15
   STEP CHANGE BOUNDARY CONDITIONS . . . . . . . .   YES
   STRESS-STIFFENING . . . . . . . . . . . . . . .    ON
   TRANSIENT (INERTIA) EFFECTS
      STRUCTURAL DOFS. . . . . . . . . . . . . . .    ON
   TRANSIENT INTEGRATION PARAMETERS
      GAMMA. . . . . . . . . . . . . . . . . . . . 0.10000    
      ALPHA. . . . . . . . . . . . . . . . . . . . 0.30250    
      DELTA. . . . . . . . . . . . . . . . . . . . 0.60000    
      USING HHT TIME INTEGRATION
      ALPHAF . . . . . . . . . . . . . . . . . . . 0.10000    
      ALPHAM . . . . . . . . . . . . . . . . . . .  0.0000    
   TERMINATE ANALYSIS IF NOT CONVERGED . . . . . .YES (EXIT)  
   CONVERGENCE CONTROLS. . . . . . . . . . . . . .USE DEFAULTS
   PRINT OUTPUT CONTROLS . . . . . . . . . . . . .NO PRINTOUT
   DATABASE OUTPUT CONTROLS
      ITEM     FREQUENCY   COMPONENT
       ALL       NONE               
      NSOL        ALL               
      RSOL        ALL               
      EANG        ALL               
      ETMP        ALL               
      VENG        ALL               
      STRS        ALL               
      EPEL        ALL               
      EPPL        ALL               
      CONT        ALL               
      V           ALL               
      A           ALL               
      MISC        ALL       _ELMISC 


 SOLUTION MONITORING INFO IS WRITTEN TO FILE= file.mntr                                                                                                                                                                                                                                                           
 MAXIMUM NUMBER OF EQUILIBRIUM ITERATIONS HAS BEEN MODIFIED              
  TO BE, NEQIT = 25, BY SOLUTION CONTROL LOGIC.                          

     FORCE CONVERGENCE VALUE  =  0.3279E-01  CRITERION=  0.1157E-02
     MOMENT CONVERGENCE VALUE =  0.1788E-12  CRITERION=  0.1389E-01
     DISP CONVERGENCE VALUE   =   13.91      CRITERION=  0.8071    
    EQUIL ITER   1 COMPLETED.  NEW TRIANG MATRIX.  MAX DOF INC=   13.91    
     DISP CONVERGENCE VALUE   =  0.6957      CRITERION=  0.8071     <<< CONVERGED
     LINE SEARCH PARAMETER =  0.5000E-01 SCALED MAX DOF INC =  0.6957    
     FORCE CONVERGENCE VALUE  =   2780.      CRITERION=  0.1050E-02
     MOMENT CONVERGENCE VALUE =  0.2237E-10  CRITERION=  0.1236E-01 <<< CONVERGED
    EQUIL ITER   2 COMPLETED.  NEW TRIANG MATRIX.  MAX DOF INC=   13.15    
     DISP CONVERGENCE VALUE   =   13.15      CRITERION=  0.8071    
     LINE SEARCH PARAMETER =   1.000     SCALED MAX DOF INC =   13.15    
     CONSTRAINT CONDITIONS ARE NOT SATISFIED FOR      1 JOINT ELEMENTS WITH LAG MULT OPTION
     FORCE CONVERGENCE VALUE  =  0.9954E+06  CRITERION=  0.3647E-01
     MOMENT CONVERGENCE VALUE =  0.2332E-06  CRITERION=   160.2     <<< CONVERGED
    EQUIL ITER   3 COMPLETED.  NEW TRIANG MATRIX.  MAX DOF INC=  0.4456    
     DISP CONVERGENCE VALUE   =  0.4436      CRITERION=  0.8071     <<< CONVERGED
     LINE SEARCH PARAMETER =  0.9955     SCALED MAX DOF INC =  0.4436    
     FORCE CONVERGENCE VALUE  =   1775.      CRITERION=  0.1664    
     MOMENT CONVERGENCE VALUE =  0.5709E-08  CRITERION=   123.5     <<< CONVERGED
    EQUIL ITER   4 COMPLETED.  NEW TRIANG MATRIX.  MAX DOF INC=  0.5520E-01
     DISP CONVERGENCE VALUE   =  0.5513E-01  CRITERION=  0.8071     <<< CONVERGED
     LINE SEARCH PARAMETER =  0.9987     SCALED MAX DOF INC =  0.5513E-01
     FORCE CONVERGENCE VALUE  =   25.19      CRITERION=  0.1347E-01
     MOMENT CONVERGENCE VALUE =  0.1362E-08  CRITERION=  0.1494     <<< CONVERGED
    EQUIL ITER   5 COMPLETED.  NEW TRIANG MATRIX.  MAX DOF INC=  0.6753E-04
     DISP CONVERGENCE VALUE   =  0.6745E-04  CRITERION=  0.8071E-01 <<< CONVERGED
     LINE SEARCH PARAMETER =  0.9988     SCALED MAX DOF INC =  0.6745E-04
     FORCE CONVERGENCE VALUE  =  0.5761E-02  CRITERION=  0.1639E-01 <<< CONVERGED

 *** WARNING ***                         ELAPSED TIME =     124.388   TIME= 09:05:26
 A reference force value times the tolerance is used by the              
 Newton-Raphson method for checking convergence.  The calculated         
 reference FORCE CONVERGENCE VALUE = 0.170412955 is less than a          
 threshold.  This threshold is internally calculated.  You can           
 overwrite it by specifying MINREF on the CNVTOL command.  Check         
 results carefully.                                                      
     MOMENT CONVERGENCE VALUE =  0.1625E-11  CRITERION=  0.1030E-01 <<< CONVERGED
    >>> SOLUTION CONVERGED AFTER EQUILIBRIUM ITERATION   5
 *** LOAD STEP    16   SUBSTEP     1  COMPLETED.    CUM ITER =    143
 *** TIME =   15.5000         TIME INC =  0.500000    
 *** RESPONSE FREQ =  221.4       PERIOD=  0.4517E-02  PTS/CYC = 0.90E-02
 *** AUTO STEP TIME:  NEXT TIME INC = 0.50000      UNCHANGED

     FORCE CONVERGENCE VALUE  =  0.2886E-01  CRITERION=  0.8521E-03
     MOMENT CONVERGENCE VALUE =  0.1607E-12  CRITERION=  0.1030E-01
     DISP CONVERGENCE VALUE   =   13.80      CRITERION=  0.8071    
    EQUIL ITER   1 COMPLETED.  NEW TRIANG MATRIX.  MAX DOF INC=   13.80    
     DISP CONVERGENCE VALUE   =  0.6901      CRITERION=  0.8071     <<< CONVERGED
     LINE SEARCH PARAMETER =  0.5000E-01 SCALED MAX DOF INC =  0.6901    
     FORCE CONVERGENCE VALUE  =   2775.      CRITERION=  0.7735E-03
     MOMENT CONVERGENCE VALUE =  0.1513E-10  CRITERION=  0.9491E-02 <<< CONVERGED
    EQUIL ITER   2 COMPLETED.  NEW TRIANG MATRIX.  MAX DOF INC=   13.04    
     DISP CONVERGENCE VALUE   =   13.04      CRITERION=  0.8071    
     LINE SEARCH PARAMETER =   1.000     SCALED MAX DOF INC =   13.04    
     CONSTRAINT CONDITIONS ARE NOT SATISFIED FOR      1 JOINT ELEMENTS WITH LAG MULT OPTION
     FORCE CONVERGENCE VALUE  =  0.9939E+06  CRITERION=  0.3294E-01
     MOMENT CONVERGENCE VALUE =  0.2199E-06  CRITERION=   159.9     <<< CONVERGED
    EQUIL ITER   3 COMPLETED.  NEW TRIANG MATRIX.  MAX DOF INC=  0.4420    
     DISP CONVERGENCE VALUE   =  0.4400      CRITERION=  0.8071     <<< CONVERGED
     LINE SEARCH PARAMETER =  0.9955     SCALED MAX DOF INC =  0.4400    
     FORCE CONVERGENCE VALUE  =   1765.      CRITERION=  0.1578    
     MOMENT CONVERGENCE VALUE =  0.5570E-08  CRITERION=   123.3     <<< CONVERGED
    EQUIL ITER   4 COMPLETED.  NEW TRIANG MATRIX.  MAX DOF INC=  0.5447E-01
     DISP CONVERGENCE VALUE   =  0.5440E-01  CRITERION=  0.8071     <<< CONVERGED
     LINE SEARCH PARAMETER =  0.9987     SCALED MAX DOF INC =  0.5440E-01
     FORCE CONVERGENCE VALUE  =   25.10      CRITERION=  0.1119E-01
     MOMENT CONVERGENCE VALUE =  0.1216E-08  CRITERION=  0.1594     <<< CONVERGED
    EQUIL ITER   5 COMPLETED.  NEW TRIANG MATRIX.  MAX DOF INC=  0.5337E-04
     DISP CONVERGENCE VALUE   =  0.5330E-04  CRITERION=  0.8071E-01 <<< CONVERGED
     LINE SEARCH PARAMETER =  0.9988     SCALED MAX DOF INC =  0.5330E-04
     FORCE CONVERGENCE VALUE  =  0.5598E-02  CRITERION=  0.1443E-01 <<< CONVERGED
     MOMENT CONVERGENCE VALUE =  0.1454E-11  CRITERION=  0.1052E-01 <<< CONVERGED
    >>> SOLUTION CONVERGED AFTER EQUILIBRIUM ITERATION   5
 *** LOAD STEP    16   SUBSTEP     2  COMPLETED.    CUM ITER =    148
 *** TIME =   16.0000         TIME INC =  0.500000    
 *** RESPONSE FREQ =  228.9       PERIOD=  0.4368E-02  PTS/CYC = 0.87E-02
 ****************************************************
 *************** FINISHED SOLVE FOR LS 16 *************
 ****************************************************
 ******************* SOLVE FOR LS 17 OF 45 ****************

 PRINTOUT RESUMED BY /GOP

 USE AUTOMATIC TIME STEPPING THIS LOAD STEP

 USE INITIAL TIME STEP SIZE OF 0.5000000     FOR ALL  DEGREES OF FREEDOM
 FOR AUTOMATIC TIME STEPPING:
   USE 0.5000000     AS THE MINIMUM TIME STEP SIZE
   USE 0.5000000     AS THE MAXIMUM TIME STEP SIZE

 TIME=  17.000    

 INCLUDE TRANSIENT EFFECTS FOR  ALL DEGREES OF FREEDOM THIS LOAD STEP

 ERASE THE CURRENT DATABASE OUTPUT CONTROL TABLE.


 WRITE ALL  ITEMS TO THE DATABASE WITH A FREQUENCY OF NONE
   FOR ALL APPLICABLE ENTITIES

 WRITE NSOL ITEMS TO THE DATABASE WITH A FREQUENCY OF ALL 
   FOR ALL APPLICABLE ENTITIES

 WRITE RSOL ITEMS TO THE DATABASE WITH A FREQUENCY OF ALL 
   FOR ALL APPLICABLE ENTITIES

 WRITE EANG ITEMS TO THE DATABASE WITH A FREQUENCY OF ALL 
   FOR ALL APPLICABLE ENTITIES

 WRITE ETMP ITEMS TO THE DATABASE WITH A FREQUENCY OF ALL 
   FOR ALL APPLICABLE ENTITIES

 WRITE VENG ITEMS TO THE DATABASE WITH A FREQUENCY OF ALL 
   FOR ALL APPLICABLE ENTITIES

 WRITE STRS ITEMS TO THE DATABASE WITH A FREQUENCY OF ALL 
   FOR ALL APPLICABLE ENTITIES

 WRITE EPEL ITEMS TO THE DATABASE WITH A FREQUENCY OF ALL 
   FOR ALL APPLICABLE ENTITIES

 WRITE EPPL ITEMS TO THE DATABASE WITH A FREQUENCY OF ALL 
   FOR ALL APPLICABLE ENTITIES

 WRITE CONT ITEMS TO THE DATABASE WITH A FREQUENCY OF ALL 
   FOR ALL APPLICABLE ENTITIES

 WRITE V    ITEMS TO THE DATABASE WITH A FREQUENCY OF ALL 
   FOR ALL APPLICABLE ENTITIES

 WRITE A    ITEMS TO THE DATABASE WITH A FREQUENCY OF ALL 
   FOR ALL APPLICABLE ENTITIES

 WRITE MISC ITEMS TO THE DATABASE WITH A FREQUENCY OF ALL 
   FOR THE ENTITIES DEFINED BY COMPONENT _ELMISC 

 *****  MAPDL SOLVE    COMMAND  *****

 *** WARNING ***                         ELAPSED TIME =     128.424   TIME= 09:05:30
 Material number 16 (used by element 2217) should normally have at least 
 one MP or one TB type command associated with it.  Output of energy by  
 material may not be available.                                          

 *** NOTE ***                            ELAPSED TIME =     128.428   TIME= 09:05:30
 The step data was checked and warning messages were found.              
  Please review output or errors file ( F:\CoME\Forth Semester\Practice  
 FEM\Git_upload\06_Dynamic_Analysis\3_transient_analysis\06_3_ii_four_ba 
 r_mechanism\ansys\project_files\_ProjectScratch\Scr451E\file0.err )     
 for these warning messages.                                             

 *** NOTE ***                            ELAPSED TIME =     128.428   TIME= 09:05:30
 This nonlinear analysis defaults to using the full Newton-Raphson       
 solution procedure.  This can be modified using the NROPT command.      

 *** MAPDL - ENGINEERING ANALYSIS SYSTEM  RELEASE 2026 R1          26.1     ***
 Ansys Mechanical Enterprise Academic Student      
 01055371  VERSION=WINDOWS x64   09:05:30  AUG 09, 2026 Elapsed Time=    128.458

 four_bar_mechanism--Transient (B5)                                            



                      L O A D   S T E P   O P T I O N S

   LOAD STEP NUMBER. . . . . . . . . . . . . . . .    17
   TIME AT END OF THE LOAD STEP. . . . . . . . . .  17.000    
   AUTOMATIC TIME STEPPING . . . . . . . . . . . .    ON
      STARTING TIME STEP SIZE. . . . . . . . . . . 0.50000    
      MINIMUM TIME STEP SIZE . . . . . . . . . . . 0.50000    
      MAXIMUM TIME STEP SIZE . . . . . . . . . . . 0.50000    
   MAXIMUM NUMBER OF EQUILIBRIUM ITERATIONS. . . .    15
   STEP CHANGE BOUNDARY CONDITIONS . . . . . . . .   YES
   STRESS-STIFFENING . . . . . . . . . . . . . . .    ON
   TRANSIENT (INERTIA) EFFECTS
      STRUCTURAL DOFS. . . . . . . . . . . . . . .    ON
   TRANSIENT INTEGRATION PARAMETERS
      GAMMA. . . . . . . . . . . . . . . . . . . . 0.10000    
      ALPHA. . . . . . . . . . . . . . . . . . . . 0.30250    
      DELTA. . . . . . . . . . . . . . . . . . . . 0.60000    
      USING HHT TIME INTEGRATION
      ALPHAF . . . . . . . . . . . . . . . . . . . 0.10000    
      ALPHAM . . . . . . . . . . . . . . . . . . .  0.0000    
   TERMINATE ANALYSIS IF NOT CONVERGED . . . . . .YES (EXIT)  
   CONVERGENCE CONTROLS. . . . . . . . . . . . . .USE DEFAULTS
   PRINT OUTPUT CONTROLS . . . . . . . . . . . . .NO PRINTOUT
   DATABASE OUTPUT CONTROLS
      ITEM     FREQUENCY   COMPONENT
       ALL       NONE               
      NSOL        ALL               
      RSOL        ALL               
      EANG        ALL               
      ETMP        ALL               
      VENG        ALL               
      STRS        ALL               
      EPEL        ALL               
      EPPL        ALL               
      CONT        ALL               
      V           ALL               
      A           ALL               
      MISC        ALL       _ELMISC 


 SOLUTION MONITORING INFO IS WRITTEN TO FILE= file.mntr                                                                                                                                                                                                                                                           
 MAXIMUM NUMBER OF EQUILIBRIUM ITERATIONS HAS BEEN MODIFIED              
  TO BE, NEQIT = 25, BY SOLUTION CONTROL LOGIC.                          

     FORCE CONVERGENCE VALUE  =  0.3009E-01  CRITERION=  0.8513E-03
     MOMENT CONVERGENCE VALUE =  0.1437E-12  CRITERION=  0.1052E-01
     DISP CONVERGENCE VALUE   =   13.63      CRITERION=  0.8071    
    EQUIL ITER   1 COMPLETED.  NEW TRIANG MATRIX.  MAX DOF INC=   13.63    
     DISP CONVERGENCE VALUE   =  0.6815      CRITERION=  0.8071     <<< CONVERGED
     LINE SEARCH PARAMETER =  0.5000E-01 SCALED MAX DOF INC =  0.6815    
     FORCE CONVERGENCE VALUE  =   2771.      CRITERION=  0.7729E-03
     MOMENT CONVERGENCE VALUE =  0.1660E-10  CRITERION=  0.9727E-02 <<< CONVERGED
    EQUIL ITER   2 COMPLETED.  NEW TRIANG MATRIX.  MAX DOF INC=   12.87    
     DISP CONVERGENCE VALUE   =   12.87      CRITERION=  0.8071    
     LINE SEARCH PARAMETER =   1.000     SCALED MAX DOF INC =   12.87    
     CONSTRAINT CONDITIONS ARE NOT SATISFIED FOR      1 JOINT ELEMENTS WITH LAG MULT OPTION
     FORCE CONVERGENCE VALUE  =  0.9924E+06  CRITERION=  0.3162E-01
     MOMENT CONVERGENCE VALUE =  0.2157E-06  CRITERION=   159.6     <<< CONVERGED
    EQUIL ITER   3 COMPLETED.  NEW TRIANG MATRIX.  MAX DOF INC=  0.4364    
     DISP CONVERGENCE VALUE   =  0.4345      CRITERION=  0.8071     <<< CONVERGED
     LINE SEARCH PARAMETER =  0.9955     SCALED MAX DOF INC =  0.4345    
     FORCE CONVERGENCE VALUE  =   1756.      CRITERION=  0.1493    
     MOMENT CONVERGENCE VALUE =  0.5449E-08  CRITERION=   123.1     <<< CONVERGED
    EQUIL ITER   4 COMPLETED.  NEW TRIANG MATRIX.  MAX DOF INC=  0.5356E-01
     DISP CONVERGENCE VALUE   =  0.5350E-01  CRITERION=  0.8071     <<< CONVERGED
     LINE SEARCH PARAMETER =  0.9987     SCALED MAX DOF INC =  0.5350E-01
     FORCE CONVERGENCE VALUE  =   24.98      CRITERION=  0.1412E-01
     MOMENT CONVERGENCE VALUE =  0.1095E-08  CRITERION=  0.1399     <<< CONVERGED
    EQUIL ITER   5 COMPLETED.  NEW TRIANG MATRIX.  MAX DOF INC=  0.3879E-04
     DISP CONVERGENCE VALUE   =  0.3874E-04  CRITERION=  0.8071E-01 <<< CONVERGED
     LINE SEARCH PARAMETER =  0.9988     SCALED MAX DOF INC =  0.3874E-04
     FORCE CONVERGENCE VALUE  =  0.5432E-02  CRITERION=  0.1505E-01 <<< CONVERGED

 *** WARNING ***                         ELAPSED TIME =     132.222   TIME= 09:05:34
 A reference force value times the tolerance is used by the              
 Newton-Raphson method for checking convergence.  The calculated         
 reference FORCE CONVERGENCE VALUE = 0.118240313 is less than a          
 threshold.  This threshold is internally calculated.  You can           
 overwrite it by specifying MINREF on the CNVTOL command.  Check         
 results carefully.                                                      
     MOMENT CONVERGENCE VALUE =  0.1311E-11  CRITERION=  0.1429E-01 <<< CONVERGED
    >>> SOLUTION CONVERGED AFTER EQUILIBRIUM ITERATION   5
 *** LOAD STEP    17   SUBSTEP     1  COMPLETED.    CUM ITER =    153
 *** TIME =   16.5000         TIME INC =  0.500000    
 *** RESPONSE FREQ =  235.9       PERIOD=  0.4239E-02  PTS/CYC = 0.85E-02
 *** AUTO STEP TIME:  NEXT TIME INC = 0.50000      UNCHANGED

     FORCE CONVERGENCE VALUE  =  0.2326E-01  CRITERION=  0.5912E-03
     MOMENT CONVERGENCE VALUE =  0.1298E-12  CRITERION=  0.1429E-01
     DISP CONVERGENCE VALUE   =   13.41      CRITERION=  0.8071    
    EQUIL ITER   1 COMPLETED.  NEW TRIANG MATRIX.  MAX DOF INC=   13.41    
     DISP CONVERGENCE VALUE   =  0.6704      CRITERION=  0.8071     <<< CONVERGED
     LINE SEARCH PARAMETER =  0.5000E-01 SCALED MAX DOF INC =  0.6704    
     FORCE CONVERGENCE VALUE  =   2767.      CRITERION=  0.5368E-03
     MOMENT CONVERGENCE VALUE =  0.1012E-10  CRITERION=  0.1314E-01 <<< CONVERGED
    EQUIL ITER   2 COMPLETED.  NEW TRIANG MATRIX.  MAX DOF INC=   12.66    
     DISP CONVERGENCE VALUE   =   12.66      CRITERION=  0.8071    
     LINE SEARCH PARAMETER =   1.000     SCALED MAX DOF INC =   12.66    
     CONSTRAINT CONDITIONS ARE NOT SATISFIED FOR      1 JOINT ELEMENTS WITH LAG MULT OPTION
     FORCE CONVERGENCE VALUE  =  0.9909E+06  CRITERION=  0.2859E-01
     MOMENT CONVERGENCE VALUE =  0.2030E-06  CRITERION=   159.3     <<< CONVERGED
    EQUIL ITER   3 COMPLETED.  NEW TRIANG MATRIX.  MAX DOF INC=  0.4294    
     DISP CONVERGENCE VALUE   =  0.4274      CRITERION=  0.8071     <<< CONVERGED
     LINE SEARCH PARAMETER =  0.9955     SCALED MAX DOF INC =  0.4274    
     FORCE CONVERGENCE VALUE  =   1746.      CRITERION=  0.1457    
     MOMENT CONVERGENCE VALUE =  0.5430E-08  CRITERION=   122.8     <<< CONVERGED
    EQUIL ITER   4 COMPLETED.  NEW TRIANG MATRIX.  MAX DOF INC=  0.5236E-01
     DISP CONVERGENCE VALUE   =  0.5229E-01  CRITERION=  0.8071     <<< CONVERGED
     LINE SEARCH PARAMETER =  0.9987     SCALED MAX DOF INC =  0.5229E-01
     FORCE CONVERGENCE VALUE  =   24.84      CRITERION=  0.1020E-01
     MOMENT CONVERGENCE VALUE =  0.1012E-08  CRITERION=  0.1639     <<< CONVERGED
    EQUIL ITER   5 COMPLETED.  NEW TRIANG MATRIX.  MAX DOF INC=  0.2412E-04
     DISP CONVERGENCE VALUE   =  0.2409E-04  CRITERION=  0.8071E-01 <<< CONVERGED
     LINE SEARCH PARAMETER =  0.9988     SCALED MAX DOF INC =  0.2409E-04
     FORCE CONVERGENCE VALUE  =  0.5260E-02  CRITERION=  0.1163E-01 <<< CONVERGED
     MOMENT CONVERGENCE VALUE =  0.1214E-11  CRITERION=  0.1391E-01 <<< CONVERGED
    >>> SOLUTION CONVERGED AFTER EQUILIBRIUM ITERATION   5
 *** LOAD STEP    17   SUBSTEP     2  COMPLETED.    CUM ITER =    158
 *** TIME =   17.0000         TIME INC =  0.500000    
 *** RESPONSE FREQ =  242.0       PERIOD=  0.4132E-02  PTS/CYC = 0.83E-02
 ****************************************************
 *************** FINISHED SOLVE FOR LS 17 *************
 ****************************************************
 ******************* SOLVE FOR LS 18 OF 45 ****************

 PRINTOUT RESUMED BY /GOP

 USE AUTOMATIC TIME STEPPING THIS LOAD STEP

 USE INITIAL TIME STEP SIZE OF 0.5000000     FOR ALL  DEGREES OF FREEDOM
 FOR AUTOMATIC TIME STEPPING:
   USE 0.5000000     AS THE MINIMUM TIME STEP SIZE
   USE 0.5000000     AS THE MAXIMUM TIME STEP SIZE

 TIME=  18.000    

 INCLUDE TRANSIENT EFFECTS FOR  ALL DEGREES OF FREEDOM THIS LOAD STEP

 ERASE THE CURRENT DATABASE OUTPUT CONTROL TABLE.


 WRITE ALL  ITEMS TO THE DATABASE WITH A FREQUENCY OF NONE
   FOR ALL APPLICABLE ENTITIES

 WRITE NSOL ITEMS TO THE DATABASE WITH A FREQUENCY OF ALL 
   FOR ALL APPLICABLE ENTITIES

 WRITE RSOL ITEMS TO THE DATABASE WITH A FREQUENCY OF ALL 
   FOR ALL APPLICABLE ENTITIES

 WRITE EANG ITEMS TO THE DATABASE WITH A FREQUENCY OF ALL 
   FOR ALL APPLICABLE ENTITIES

 WRITE ETMP ITEMS TO THE DATABASE WITH A FREQUENCY OF ALL 
   FOR ALL APPLICABLE ENTITIES

 WRITE VENG ITEMS TO THE DATABASE WITH A FREQUENCY OF ALL 
   FOR ALL APPLICABLE ENTITIES

 WRITE STRS ITEMS TO THE DATABASE WITH A FREQUENCY OF ALL 
   FOR ALL APPLICABLE ENTITIES

 WRITE EPEL ITEMS TO THE DATABASE WITH A FREQUENCY OF ALL 
   FOR ALL APPLICABLE ENTITIES

 WRITE EPPL ITEMS TO THE DATABASE WITH A FREQUENCY OF ALL 
   FOR ALL APPLICABLE ENTITIES

 WRITE CONT ITEMS TO THE DATABASE WITH A FREQUENCY OF ALL 
   FOR ALL APPLICABLE ENTITIES

 WRITE V    ITEMS TO THE DATABASE WITH A FREQUENCY OF ALL 
   FOR ALL APPLICABLE ENTITIES

 WRITE A    ITEMS TO THE DATABASE WITH A FREQUENCY OF ALL 
   FOR ALL APPLICABLE ENTITIES

 WRITE MISC ITEMS TO THE DATABASE WITH A FREQUENCY OF ALL 
   FOR THE ENTITIES DEFINED BY COMPONENT _ELMISC 

 *****  MAPDL SOLVE    COMMAND  *****

 *** WARNING ***                         ELAPSED TIME =     137.009   TIME= 09:05:39
 Material number 16 (used by element 2217) should normally have at least 
 one MP or one TB type command associated with it.  Output of energy by  
 material may not be available.                                          

 *** NOTE ***                            ELAPSED TIME =     137.014   TIME= 09:05:39
 The step data was checked and warning messages were found.              
  Please review output or errors file ( F:\CoME\Forth Semester\Practice  
 FEM\Git_upload\06_Dynamic_Analysis\3_transient_analysis\06_3_ii_four_ba 
 r_mechanism\ansys\project_files\_ProjectScratch\Scr451E\file0.err )     
 for these warning messages.                                             

 *** NOTE ***                            ELAPSED TIME =     137.014   TIME= 09:05:39
 This nonlinear analysis defaults to using the full Newton-Raphson       
 solution procedure.  This can be modified using the NROPT command.      

 *** MAPDL - ENGINEERING ANALYSIS SYSTEM  RELEASE 2026 R1          26.1     ***
 Ansys Mechanical Enterprise Academic Student      
 01055371  VERSION=WINDOWS x64   09:05:39  AUG 09, 2026 Elapsed Time=    137.037

 four_bar_mechanism--Transient (B5)                                            



                      L O A D   S T E P   O P T I O N S

   LOAD STEP NUMBER. . . . . . . . . . . . . . . .    18
   TIME AT END OF THE LOAD STEP. . . . . . . . . .  18.000    
   AUTOMATIC TIME STEPPING . . . . . . . . . . . .    ON
      STARTING TIME STEP SIZE. . . . . . . . . . . 0.50000    
      MINIMUM TIME STEP SIZE . . . . . . . . . . . 0.50000    
      MAXIMUM TIME STEP SIZE . . . . . . . . . . . 0.50000    
   MAXIMUM NUMBER OF EQUILIBRIUM ITERATIONS. . . .    15
   STEP CHANGE BOUNDARY CONDITIONS . . . . . . . .   YES
   STRESS-STIFFENING . . . . . . . . . . . . . . .    ON
   TRANSIENT (INERTIA) EFFECTS
      STRUCTURAL DOFS. . . . . . . . . . . . . . .    ON
   TRANSIENT INTEGRATION PARAMETERS
      GAMMA. . . . . . . . . . . . . . . . . . . . 0.10000    
      ALPHA. . . . . . . . . . . . . . . . . . . . 0.30250    
      DELTA. . . . . . . . . . . . . . . . . . . . 0.60000    
      USING HHT TIME INTEGRATION
      ALPHAF . . . . . . . . . . . . . . . . . . . 0.10000    
      ALPHAM . . . . . . . . . . . . . . . . . . .  0.0000    
   TERMINATE ANALYSIS IF NOT CONVERGED . . . . . .YES (EXIT)  
   CONVERGENCE CONTROLS. . . . . . . . . . . . . .USE DEFAULTS
   PRINT OUTPUT CONTROLS . . . . . . . . . . . . .NO PRINTOUT
   DATABASE OUTPUT CONTROLS
      ITEM     FREQUENCY   COMPONENT
       ALL       NONE               
      NSOL        ALL               
      RSOL        ALL               
      EANG        ALL               
      ETMP        ALL               
      VENG        ALL               
      STRS        ALL               
      EPEL        ALL               
      EPPL        ALL               
      CONT        ALL               
      V           ALL               
      A           ALL               
      MISC        ALL       _ELMISC 


 SOLUTION MONITORING INFO IS WRITTEN TO FILE= file.mntr                                                                                                                                                                                                                                                           
 MAXIMUM NUMBER OF EQUILIBRIUM ITERATIONS HAS BEEN MODIFIED              
  TO BE, NEQIT = 25, BY SOLUTION CONTROL LOGIC.                          

     FORCE CONVERGENCE VALUE  =  0.2818E-01  CRITERION=  0.6330E-03
     MOMENT CONVERGENCE VALUE =  0.1205E-12  CRITERION=  0.1391E-01
     DISP CONVERGENCE VALUE   =   13.12      CRITERION=  0.8071    
    EQUIL ITER   1 COMPLETED.  NEW TRIANG MATRIX.  MAX DOF INC=   13.12    
     DISP CONVERGENCE VALUE   =  0.6559      CRITERION=  0.8071     <<< CONVERGED
     LINE SEARCH PARAMETER =  0.5000E-01 SCALED MAX DOF INC =  0.6559    
     FORCE CONVERGENCE VALUE  =   2762.      CRITERION=  0.5748E-03
     MOMENT CONVERGENCE VALUE =  0.1261E-10  CRITERION=  0.1283E-01 <<< CONVERGED
    EQUIL ITER   2 COMPLETED.  NEW TRIANG MATRIX.  MAX DOF INC=   12.38    
     DISP CONVERGENCE VALUE   =   12.38      CRITERION=  0.8071    
     LINE SEARCH PARAMETER =   1.000     SCALED MAX DOF INC =   12.38    
     CONSTRAINT CONDITIONS ARE NOT SATISFIED FOR      1 JOINT ELEMENTS WITH LAG MULT OPTION
     FORCE CONVERGENCE VALUE  =  0.9893E+06  CRITERION=  0.2704E-01
     MOMENT CONVERGENCE VALUE =  0.1962E-06  CRITERION=   159.0     <<< CONVERGED
    EQUIL ITER   3 COMPLETED.  NEW TRIANG MATRIX.  MAX DOF INC=  0.4202    
     DISP CONVERGENCE VALUE   =  0.4183      CRITERION=  0.8071     <<< CONVERGED
     LINE SEARCH PARAMETER =  0.9955     SCALED MAX DOF INC =  0.4183    
     FORCE CONVERGENCE VALUE  =   1737.      CRITERION=  0.1432    
     MOMENT CONVERGENCE VALUE =  0.5454E-08  CRITERION=   122.4     <<< CONVERGED
    EQUIL ITER   4 COMPLETED.  NEW TRIANG MATRIX.  MAX DOF INC=  0.5089E-01
     DISP CONVERGENCE VALUE   =  0.5082E-01  CRITERION=  0.8071     <<< CONVERGED
     LINE SEARCH PARAMETER =  0.9987     SCALED MAX DOF INC =  0.5082E-01
     FORCE CONVERGENCE VALUE  =   24.69      CRITERION=  0.1409E-01
     MOMENT CONVERGENCE VALUE =  0.9881E-09  CRITERION=  0.1356     <<< CONVERGED
    EQUIL ITER   5 COMPLETED.  NEW TRIANG MATRIX.  MAX DOF INC=  0.1168E-04
     DISP CONVERGENCE VALUE   =  0.1166E-04  CRITERION=  0.8071E-01 <<< CONVERGED
     LINE SEARCH PARAMETER =  0.9988     SCALED MAX DOF INC =  0.1166E-04
     FORCE CONVERGENCE VALUE  =  0.5084E-02  CRITERION=  0.5934E-01 <<< CONVERGED

 *** WARNING ***                         ELAPSED TIME =     140.726   TIME= 09:05:43
 A reference force value times the tolerance is used by the              
 Newton-Raphson method for checking convergence.  The calculated         
 reference FORCE CONVERGENCE VALUE = 8.071477174E-02 is less than a      
 threshold.  This threshold is internally calculated.  You can           
 overwrite it by specifying MINREF on the CNVTOL command.  Check         
 results carefully.                                                      
     MOMENT CONVERGENCE VALUE =  0.1187E-11  CRITERION=  0.3440E-01 <<< CONVERGED
    >>> SOLUTION CONVERGED AFTER EQUILIBRIUM ITERATION   5
 *** LOAD STEP    18   SUBSTEP     1  COMPLETED.    CUM ITER =    163
 *** TIME =   17.5000         TIME INC =  0.500000    
 *** RESPONSE FREQ =  246.7       PERIOD=  0.4053E-02  PTS/CYC = 0.81E-02
 *** AUTO STEP TIME:  NEXT TIME INC = 0.50000      UNCHANGED

     FORCE CONVERGENCE VALUE  =  0.2023E-01  CRITERION=  0.4036E-03
     MOMENT CONVERGENCE VALUE =  0.1186E-12  CRITERION=  0.1569E-01
     DISP CONVERGENCE VALUE   =   12.76      CRITERION=  0.8071    
    EQUIL ITER   1 COMPLETED.  NEW TRIANG MATRIX.  MAX DOF INC=   12.76    
     DISP CONVERGENCE VALUE   =  0.6382      CRITERION=  0.8071     <<< CONVERGED
     LINE SEARCH PARAMETER =  0.5000E-01 SCALED MAX DOF INC =  0.6382    
     FORCE CONVERGENCE VALUE  =   2758.      CRITERION=  0.3665E-03
     MOMENT CONVERGENCE VALUE =  0.6538E-11  CRITERION=  0.1435E-01 <<< CONVERGED
    EQUIL ITER   2 COMPLETED.  NEW TRIANG MATRIX.  MAX DOF INC=   12.04    
     DISP CONVERGENCE VALUE   =   12.04      CRITERION=  0.8071    
     LINE SEARCH PARAMETER =   1.000     SCALED MAX DOF INC =   12.04    
     CONSTRAINT CONDITIONS ARE NOT SATISFIED FOR      1 JOINT ELEMENTS WITH LAG MULT OPTION
     FORCE CONVERGENCE VALUE  =  0.9877E+06  CRITERION=  0.2423E-01
     MOMENT CONVERGENCE VALUE =  0.1827E-06  CRITERION=   158.7     <<< CONVERGED
    EQUIL ITER   3 COMPLETED.  NEW TRIANG MATRIX.  MAX DOF INC=  0.4088    
     DISP CONVERGENCE VALUE   =  0.4070      CRITERION=  0.8071     <<< CONVERGED
     LINE SEARCH PARAMETER =  0.9955     SCALED MAX DOF INC =  0.4070    
     FORCE CONVERGENCE VALUE  =   1729.      CRITERION=  0.1447    
     MOMENT CONVERGENCE VALUE =  0.5596E-08  CRITERION=   122.0     <<< CONVERGED
    EQUIL ITER   4 COMPLETED.  NEW TRIANG MATRIX.  MAX DOF INC=  0.4915E-01
     DISP CONVERGENCE VALUE   =  0.4909E-01  CRITERION=  0.8071     <<< CONVERGED
     LINE SEARCH PARAMETER =  0.9988     SCALED MAX DOF INC =  0.4909E-01
     FORCE CONVERGENCE VALUE  =   24.53      CRITERION=  0.9775E-02
     MOMENT CONVERGENCE VALUE =  0.1031E-08  CRITERION=  0.1642     <<< CONVERGED
    EQUIL ITER   5 COMPLETED.  NEW TRIANG MATRIX.  MAX DOF INC= -0.9072E-05
     DISP CONVERGENCE VALUE   =  0.9061E-05  CRITERION=  0.8071E-01 <<< CONVERGED
     LINE SEARCH PARAMETER =  0.9988     SCALED MAX DOF INC = -0.9061E-05
     FORCE CONVERGENCE VALUE  =  0.4903E-02  CRITERION=  0.4427E-01 <<< CONVERGED
     MOMENT CONVERGENCE VALUE =  0.1240E-11  CRITERION=  0.2566E-01 <<< CONVERGED
    >>> SOLUTION CONVERGED AFTER EQUILIBRIUM ITERATION   5
 *** LOAD STEP    18   SUBSTEP     2  COMPLETED.    CUM ITER =    168
 *** TIME =   18.0000         TIME INC =  0.500000    
 *** RESPONSE FREQ =  249.6       PERIOD=  0.4006E-02  PTS/CYC = 0.80E-02
 ****************************************************
 *************** FINISHED SOLVE FOR LS 18 *************
 ****************************************************
 ******************* SOLVE FOR LS 19 OF 45 ****************

 PRINTOUT RESUMED BY /GOP

 USE AUTOMATIC TIME STEPPING THIS LOAD STEP

 USE INITIAL TIME STEP SIZE OF 0.5000000     FOR ALL  DEGREES OF FREEDOM
 FOR AUTOMATIC TIME STEPPING:
   USE 0.5000000     AS THE MINIMUM TIME STEP SIZE
   USE 0.5000000     AS THE MAXIMUM TIME STEP SIZE

 TIME=  19.000    

 INCLUDE TRANSIENT EFFECTS FOR  ALL DEGREES OF FREEDOM THIS LOAD STEP

 ERASE THE CURRENT DATABASE OUTPUT CONTROL TABLE.


 WRITE ALL  ITEMS TO THE DATABASE WITH A FREQUENCY OF NONE
   FOR ALL APPLICABLE ENTITIES

 WRITE NSOL ITEMS TO THE DATABASE WITH A FREQUENCY OF ALL 
   FOR ALL APPLICABLE ENTITIES

 WRITE RSOL ITEMS TO THE DATABASE WITH A FREQUENCY OF ALL 
   FOR ALL APPLICABLE ENTITIES

 WRITE EANG ITEMS TO THE DATABASE WITH A FREQUENCY OF ALL 
   FOR ALL APPLICABLE ENTITIES

 WRITE ETMP ITEMS TO THE DATABASE WITH A FREQUENCY OF ALL 
   FOR ALL APPLICABLE ENTITIES

 WRITE VENG ITEMS TO THE DATABASE WITH A FREQUENCY OF ALL 
   FOR ALL APPLICABLE ENTITIES

 WRITE STRS ITEMS TO THE DATABASE WITH A FREQUENCY OF ALL 
   FOR ALL APPLICABLE ENTITIES

 WRITE EPEL ITEMS TO THE DATABASE WITH A FREQUENCY OF ALL 
   FOR ALL APPLICABLE ENTITIES

 WRITE EPPL ITEMS TO THE DATABASE WITH A FREQUENCY OF ALL 
   FOR ALL APPLICABLE ENTITIES

 WRITE CONT ITEMS TO THE DATABASE WITH A FREQUENCY OF ALL 
   FOR ALL APPLICABLE ENTITIES

 WRITE V    ITEMS TO THE DATABASE WITH A FREQUENCY OF ALL 
   FOR ALL APPLICABLE ENTITIES

 WRITE A    ITEMS TO THE DATABASE WITH A FREQUENCY OF ALL 
   FOR ALL APPLICABLE ENTITIES

 WRITE MISC ITEMS TO THE DATABASE WITH A FREQUENCY OF ALL 
   FOR THE ENTITIES DEFINED BY COMPONENT _ELMISC 

 *****  MAPDL SOLVE    COMMAND  *****

 *** WARNING ***                         ELAPSED TIME =     145.100   TIME= 09:05:47
 Material number 16 (used by element 2217) should normally have at least 
 one MP or one TB type command associated with it.  Output of energy by  
 material may not be available.                                          

 *** NOTE ***                            ELAPSED TIME =     145.104   TIME= 09:05:47
 The step data was checked and warning messages were found.              
  Please review output or errors file ( F:\CoME\Forth Semester\Practice  
 FEM\Git_upload\06_Dynamic_Analysis\3_transient_analysis\06_3_ii_four_ba 
 r_mechanism\ansys\project_files\_ProjectScratch\Scr451E\file0.err )     
 for these warning messages.                                             

 *** NOTE ***                            ELAPSED TIME =     145.105   TIME= 09:05:47
 This nonlinear analysis defaults to using the full Newton-Raphson       
 solution procedure.  This can be modified using the NROPT command.      

 *** MAPDL - ENGINEERING ANALYSIS SYSTEM  RELEASE 2026 R1          26.1     ***
 Ansys Mechanical Enterprise Academic Student      
 01055371  VERSION=WINDOWS x64   09:05:47  AUG 09, 2026 Elapsed Time=    145.129

 four_bar_mechanism--Transient (B5)                                            



                      L O A D   S T E P   O P T I O N S

   LOAD STEP NUMBER. . . . . . . . . . . . . . . .    19
   TIME AT END OF THE LOAD STEP. . . . . . . . . .  19.000    
   AUTOMATIC TIME STEPPING . . . . . . . . . . . .    ON
      STARTING TIME STEP SIZE. . . . . . . . . . . 0.50000    
      MINIMUM TIME STEP SIZE . . . . . . . . . . . 0.50000    
      MAXIMUM TIME STEP SIZE . . . . . . . . . . . 0.50000    
   MAXIMUM NUMBER OF EQUILIBRIUM ITERATIONS. . . .    15
   STEP CHANGE BOUNDARY CONDITIONS . . . . . . . .   YES
   STRESS-STIFFENING . . . . . . . . . . . . . . .    ON
   TRANSIENT (INERTIA) EFFECTS
      STRUCTURAL DOFS. . . . . . . . . . . . . . .    ON
   TRANSIENT INTEGRATION PARAMETERS
      GAMMA. . . . . . . . . . . . . . . . . . . . 0.10000    
      ALPHA. . . . . . . . . . . . . . . . . . . . 0.30250    
      DELTA. . . . . . . . . . . . . . . . . . . . 0.60000    
      USING HHT TIME INTEGRATION
      ALPHAF . . . . . . . . . . . . . . . . . . . 0.10000    
      ALPHAM . . . . . . . . . . . . . . . . . . .  0.0000    
   TERMINATE ANALYSIS IF NOT CONVERGED . . . . . .YES (EXIT)  
   CONVERGENCE CONTROLS. . . . . . . . . . . . . .USE DEFAULTS
   PRINT OUTPUT CONTROLS . . . . . . . . . . . . .NO PRINTOUT
   DATABASE OUTPUT CONTROLS
      ITEM     FREQUENCY   COMPONENT
       ALL       NONE               
      NSOL        ALL               
      RSOL        ALL               
      EANG        ALL               
      ETMP        ALL               
      VENG        ALL               
      STRS        ALL               
      EPEL        ALL               
      EPPL        ALL               
      CONT        ALL               
      V           ALL               
      A           ALL               
      MISC        ALL       _ELMISC 


 SOLUTION MONITORING INFO IS WRITTEN TO FILE= file.mntr                                                                                                                                                                                                                                                           
 MAXIMUM NUMBER OF EQUILIBRIUM ITERATIONS HAS BEEN MODIFIED              
  TO BE, NEQIT = 25, BY SOLUTION CONTROL LOGIC.                          

     FORCE CONVERGENCE VALUE  =  0.2710E-01  CRITERION=  0.4785E-03
     MOMENT CONVERGENCE VALUE =  0.1247E-12  CRITERION=  0.1551E-01
     DISP CONVERGENCE VALUE   =   12.34      CRITERION=  0.8071    
    EQUIL ITER   1 COMPLETED.  NEW TRIANG MATRIX.  MAX DOF INC=   12.34    
     DISP CONVERGENCE VALUE   =  0.6171      CRITERION=  0.8071     <<< CONVERGED
     LINE SEARCH PARAMETER =  0.5000E-01 SCALED MAX DOF INC =  0.6171    
     FORCE CONVERGENCE VALUE  =   2753.      CRITERION=  0.4347E-03
     MOMENT CONVERGENCE VALUE =  0.9888E-11  CRITERION=  0.1424E-01 <<< CONVERGED
    EQUIL ITER   2 COMPLETED.  NEW TRIANG MATRIX.  MAX DOF INC=   11.64    
     DISP CONVERGENCE VALUE   =   11.64      CRITERION=  0.8071    
     LINE SEARCH PARAMETER =   1.000     SCALED MAX DOF INC =   11.64    
     CONSTRAINT CONDITIONS ARE NOT SATISFIED FOR      1 JOINT ELEMENTS WITH LAG MULT OPTION
     FORCE CONVERGENCE VALUE  =  0.9860E+06  CRITERION=  0.2243E-01
     MOMENT CONVERGENCE VALUE =  0.1730E-06  CRITERION=   158.3     <<< CONVERGED
    EQUIL ITER   3 COMPLETED.  NEW TRIANG MATRIX.  MAX DOF INC=  0.4140    
     DISP CONVERGENCE VALUE   =  0.4122      CRITERION=  0.8071     <<< CONVERGED
     LINE SEARCH PARAMETER =  0.9955     SCALED MAX DOF INC =  0.4122    
     FORCE CONVERGENCE VALUE  =   1721.      CRITERION=  0.1472    
     MOMENT CONVERGENCE VALUE =  0.5802E-08  CRITERION=   121.6     <<< CONVERGED
    EQUIL ITER   4 COMPLETED.  NEW TRIANG MATRIX.  MAX DOF INC=  0.4719E-01
     DISP CONVERGENCE VALUE   =  0.4713E-01  CRITERION=  0.8071     <<< CONVERGED
     LINE SEARCH PARAMETER =  0.9988     SCALED MAX DOF INC =  0.4713E-01
     FORCE CONVERGENCE VALUE  =   24.38      CRITERION=  0.1355E-01
     MOMENT CONVERGENCE VALUE =  0.1145E-08  CRITERION=  0.1343     <<< CONVERGED
    EQUIL ITER   5 COMPLETED.  NEW TRIANG MATRIX.  MAX DOF INC= -0.2600E-04
     DISP CONVERGENCE VALUE   =  0.2597E-04  CRITERION=  0.8071E-01 <<< CONVERGED
     LINE SEARCH PARAMETER =  0.9988     SCALED MAX DOF INC = -0.2597E-04
     FORCE CONVERGENCE VALUE  =  0.4721E-02  CRITERION=  0.1355E-01 <<< CONVERGED

 *** WARNING ***                         ELAPSED TIME =     149.025   TIME= 09:05:51
 A reference force value times the tolerance is used by the              
 Newton-Raphson method for checking convergence.  The calculated         
 reference FORCE CONVERGENCE VALUE = 5.37224796E-02 is less than a       
 threshold.  This threshold is internally calculated.  You can           
 overwrite it by specifying MINREF on the CNVTOL command.  Check         
 results carefully.                                                      
     MOMENT CONVERGENCE VALUE =  0.1378E-11  CRITERION=  0.1447E-01 <<< CONVERGED
    >>> SOLUTION CONVERGED AFTER EQUILIBRIUM ITERATION   5
 *** LOAD STEP    19   SUBSTEP     1  COMPLETED.    CUM ITER =    173
 *** TIME =   18.5000         TIME INC =  0.500000    
 *** RESPONSE FREQ =  250.2       PERIOD=  0.3997E-02  PTS/CYC = 0.80E-02
 *** AUTO STEP TIME:  NEXT TIME INC = 0.50000      UNCHANGED

     FORCE CONVERGENCE VALUE  =  0.1969E-01  CRITERION=  0.2686E-03
     MOMENT CONVERGENCE VALUE =  0.1394E-12  CRITERION=  0.1447E-01
     DISP CONVERGENCE VALUE   =   11.86      CRITERION=  0.8071    
    EQUIL ITER   1 COMPLETED.  NEW TRIANG MATRIX.  MAX DOF INC=   11.86    
     DISP CONVERGENCE VALUE   =  0.5930      CRITERION=  0.8071     <<< CONVERGED
     LINE SEARCH PARAMETER =  0.5000E-01 SCALED MAX DOF INC =  0.5930    
     FORCE CONVERGENCE VALUE  =   2748.      CRITERION=  0.2440E-03
     MOMENT CONVERGENCE VALUE =  0.3954E-11  CRITERION=  0.1320E-01 <<< CONVERGED
    EQUIL ITER   2 COMPLETED.  NEW TRIANG MATRIX.  MAX DOF INC=   11.18    
     DISP CONVERGENCE VALUE   =   11.18      CRITERION=  0.8071    
     LINE SEARCH PARAMETER =   1.000     SCALED MAX DOF INC =   11.18    
     CONSTRAINT CONDITIONS ARE NOT SATISFIED FOR      1 JOINT ELEMENTS WITH LAG MULT OPTION
     FORCE CONVERGENCE VALUE  =  0.9843E+06  CRITERION=  0.1967E-01
     MOMENT CONVERGENCE VALUE =  0.1575E-06  CRITERION=   158.0     <<< CONVERGED
    EQUIL ITER   3 COMPLETED.  NEW TRIANG MATRIX.  MAX DOF INC=  0.4337    
     DISP CONVERGENCE VALUE   =  0.4318      CRITERION=  0.8071     <<< CONVERGED
     LINE SEARCH PARAMETER =  0.9954     SCALED MAX DOF INC =  0.4318    
     FORCE CONVERGENCE VALUE  =   1714.      CRITERION=  0.1524    
     MOMENT CONVERGENCE VALUE =  0.6138E-08  CRITERION=   121.3     <<< CONVERGED
    EQUIL ITER   4 COMPLETED.  NEW TRIANG MATRIX.  MAX DOF INC=  0.4514E-01
     DISP CONVERGENCE VALUE   =  0.4509E-01  CRITERION=  0.8071     <<< CONVERGED
     LINE SEARCH PARAMETER =  0.9988     SCALED MAX DOF INC =  0.4509E-01
     FORCE CONVERGENCE VALUE  =   24.25      CRITERION=  0.9843E-02
     MOMENT CONVERGENCE VALUE =  0.1317E-08  CRITERION=  0.1625     <<< CONVERGED
    EQUIL ITER   5 COMPLETED.  NEW TRIANG MATRIX.  MAX DOF INC= -0.4557E-04
     DISP CONVERGENCE VALUE   =  0.4552E-04  CRITERION=  0.8071E-01 <<< CONVERGED
     LINE SEARCH PARAMETER =  0.9988     SCALED MAX DOF INC = -0.4552E-04
     FORCE CONVERGENCE VALUE  =  0.4538E-02  CRITERION=  0.9843E-02 <<< CONVERGED
     MOMENT CONVERGENCE VALUE =  0.1587E-11  CRITERION=  0.1567E-01 <<< CONVERGED
    >>> SOLUTION CONVERGED AFTER EQUILIBRIUM ITERATION   5
 *** LOAD STEP    19   SUBSTEP     2  COMPLETED.    CUM ITER =    178
 *** TIME =   19.0000         TIME INC =  0.500000    
 *** RESPONSE FREQ =  248.2       PERIOD=  0.4029E-02  PTS/CYC = 0.81E-02
 ****************************************************
 *************** FINISHED SOLVE FOR LS 19 *************
 ****************************************************
 ******************* SOLVE FOR LS 20 OF 45 ****************

 PRINTOUT RESUMED BY /GOP

 USE AUTOMATIC TIME STEPPING THIS LOAD STEP

 USE INITIAL TIME STEP SIZE OF 0.5000000     FOR ALL  DEGREES OF FREEDOM
 FOR AUTOMATIC TIME STEPPING:
   USE 0.5000000     AS THE MINIMUM TIME STEP SIZE
   USE 0.5000000     AS THE MAXIMUM TIME STEP SIZE

 TIME=  20.000    

 INCLUDE TRANSIENT EFFECTS FOR  ALL DEGREES OF FREEDOM THIS LOAD STEP

 ERASE THE CURRENT DATABASE OUTPUT CONTROL TABLE.


 WRITE ALL  ITEMS TO THE DATABASE WITH A FREQUENCY OF NONE
   FOR ALL APPLICABLE ENTITIES

 WRITE NSOL ITEMS TO THE DATABASE WITH A FREQUENCY OF ALL 
   FOR ALL APPLICABLE ENTITIES

 WRITE RSOL ITEMS TO THE DATABASE WITH A FREQUENCY OF ALL 
   FOR ALL APPLICABLE ENTITIES

 WRITE EANG ITEMS TO THE DATABASE WITH A FREQUENCY OF ALL 
   FOR ALL APPLICABLE ENTITIES

 WRITE ETMP ITEMS TO THE DATABASE WITH A FREQUENCY OF ALL 
   FOR ALL APPLICABLE ENTITIES

 WRITE VENG ITEMS TO THE DATABASE WITH A FREQUENCY OF ALL 
   FOR ALL APPLICABLE ENTITIES

 WRITE STRS ITEMS TO THE DATABASE WITH A FREQUENCY OF ALL 
   FOR ALL APPLICABLE ENTITIES

 WRITE EPEL ITEMS TO THE DATABASE WITH A FREQUENCY OF ALL 
   FOR ALL APPLICABLE ENTITIES

 WRITE EPPL ITEMS TO THE DATABASE WITH A FREQUENCY OF ALL 
   FOR ALL APPLICABLE ENTITIES

 WRITE CONT ITEMS TO THE DATABASE WITH A FREQUENCY OF ALL 
   FOR ALL APPLICABLE ENTITIES

 WRITE V    ITEMS TO THE DATABASE WITH A FREQUENCY OF ALL 
   FOR ALL APPLICABLE ENTITIES

 WRITE A    ITEMS TO THE DATABASE WITH A FREQUENCY OF ALL 
   FOR ALL APPLICABLE ENTITIES

 WRITE MISC ITEMS TO THE DATABASE WITH A FREQUENCY OF ALL 
   FOR THE ENTITIES DEFINED BY COMPONENT _ELMISC 

 *****  MAPDL SOLVE    COMMAND  *****

 *** WARNING ***                         ELAPSED TIME =     154.387   TIME= 09:05:56
 Material number 16 (used by element 2217) should normally have at least 
 one MP or one TB type command associated with it.  Output of energy by  
 material may not be available.                                          

 *** NOTE ***                            ELAPSED TIME =     154.391   TIME= 09:05:56
 The step data was checked and warning messages were found.              
  Please review output or errors file ( F:\CoME\Forth Semester\Practice  
 FEM\Git_upload\06_Dynamic_Analysis\3_transient_analysis\06_3_ii_four_ba 
 r_mechanism\ansys\project_files\_ProjectScratch\Scr451E\file0.err )     
 for these warning messages.                                             

 *** NOTE ***                            ELAPSED TIME =     154.392   TIME= 09:05:56
 This nonlinear analysis defaults to using the full Newton-Raphson       
 solution procedure.  This can be modified using the NROPT command.      

 *** MAPDL - ENGINEERING ANALYSIS SYSTEM  RELEASE 2026 R1          26.1     ***
 Ansys Mechanical Enterprise Academic Student      
 01055371  VERSION=WINDOWS x64   09:05:56  AUG 09, 2026 Elapsed Time=    154.443

 four_bar_mechanism--Transient (B5)                                            



                      L O A D   S T E P   O P T I O N S

   LOAD STEP NUMBER. . . . . . . . . . . . . . . .    20
   TIME AT END OF THE LOAD STEP. . . . . . . . . .  20.000    
   AUTOMATIC TIME STEPPING . . . . . . . . . . . .    ON
      STARTING TIME STEP SIZE. . . . . . . . . . . 0.50000    
      MINIMUM TIME STEP SIZE . . . . . . . . . . . 0.50000    
      MAXIMUM TIME STEP SIZE . . . . . . . . . . . 0.50000    
   MAXIMUM NUMBER OF EQUILIBRIUM ITERATIONS. . . .    15
   STEP CHANGE BOUNDARY CONDITIONS . . . . . . . .   YES
   STRESS-STIFFENING . . . . . . . . . . . . . . .    ON
   TRANSIENT (INERTIA) EFFECTS
      STRUCTURAL DOFS. . . . . . . . . . . . . . .    ON
   TRANSIENT INTEGRATION PARAMETERS
      GAMMA. . . . . . . . . . . . . . . . . . . . 0.10000    
      ALPHA. . . . . . . . . . . . . . . . . . . . 0.30250    
      DELTA. . . . . . . . . . . . . . . . . . . . 0.60000    
      USING HHT TIME INTEGRATION
      ALPHAF . . . . . . . . . . . . . . . . . . . 0.10000    
      ALPHAM . . . . . . . . . . . . . . . . . . .  0.0000    
   TERMINATE ANALYSIS IF NOT CONVERGED . . . . . .YES (EXIT)  
   CONVERGENCE CONTROLS. . . . . . . . . . . . . .USE DEFAULTS
   PRINT OUTPUT CONTROLS . . . . . . . . . . . . .NO PRINTOUT
   DATABASE OUTPUT CONTROLS
      ITEM     FREQUENCY   COMPONENT
       ALL       NONE               
      NSOL        ALL               
      RSOL        ALL               
      EANG        ALL               
      ETMP        ALL               
      VENG        ALL               
      STRS        ALL               
      EPEL        ALL               
      EPPL        ALL               
      CONT        ALL               
      V           ALL               
      A           ALL               
      MISC        ALL       _ELMISC 


 SOLUTION MONITORING INFO IS WRITTEN TO FILE= file.mntr                                                                                                                                                                                                                                                           
 MAXIMUM NUMBER OF EQUILIBRIUM ITERATIONS HAS BEEN MODIFIED              
  TO BE, NEQIT = 25, BY SOLUTION CONTROL LOGIC.                          

     FORCE CONVERGENCE VALUE  =  0.2705E-01  CRITERION=  0.3708E-03
     MOMENT CONVERGENCE VALUE =  0.1609E-12  CRITERION=  0.1567E-01
     DISP CONVERGENCE VALUE   =   11.34      CRITERION=  0.8071    
    EQUIL ITER   1 COMPLETED.  NEW TRIANG MATRIX.  MAX DOF INC=   11.34    
     DISP CONVERGENCE VALUE   =  0.5670      CRITERION=  0.8071     <<< CONVERGED
     LINE SEARCH PARAMETER =  0.5000E-01 SCALED MAX DOF INC =  0.5670    
     FORCE CONVERGENCE VALUE  =   2743.      CRITERION=  0.3370E-03
     MOMENT CONVERGENCE VALUE =  0.8124E-11  CRITERION=  0.1437E-01 <<< CONVERGED
    EQUIL ITER   2 COMPLETED.  NEW TRIANG MATRIX.  MAX DOF INC=   10.69    
     DISP CONVERGENCE VALUE   =   10.69      CRITERION=  0.8071    
     LINE SEARCH PARAMETER =   1.000     SCALED MAX DOF INC =   10.69    
     CONSTRAINT CONDITIONS ARE NOT SATISFIED FOR      1 JOINT ELEMENTS WITH LAG MULT OPTION
     FORCE CONVERGENCE VALUE  =  0.9826E+06  CRITERION=  0.1758E-01
     MOMENT CONVERGENCE VALUE =  0.1443E-06  CRITERION=   157.7     <<< CONVERGED
    EQUIL ITER   3 COMPLETED.  NEW TRIANG MATRIX.  MAX DOF INC=  0.4551    
     DISP CONVERGENCE VALUE   =  0.4531      CRITERION=  0.8071     <<< CONVERGED
     LINE SEARCH PARAMETER =  0.9954     SCALED MAX DOF INC =  0.4531    
     FORCE CONVERGENCE VALUE  =   1708.      CRITERION=  0.1585    
     MOMENT CONVERGENCE VALUE =  0.6568E-08  CRITERION=   121.2     <<< CONVERGED
    EQUIL ITER   4 COMPLETED.  NEW TRIANG MATRIX.  MAX DOF INC=  0.4297E-01
     DISP CONVERGENCE VALUE   =  0.4292E-01  CRITERION=  0.8071     <<< CONVERGED
     LINE SEARCH PARAMETER =  0.9988     SCALED MAX DOF INC =  0.4292E-01
     FORCE CONVERGENCE VALUE  =   24.15      CRITERION=  0.1352E-01
     MOMENT CONVERGENCE VALUE =  0.1547E-08  CRITERION=  0.1351     <<< CONVERGED
    EQUIL ITER   5 COMPLETED.  NEW TRIANG MATRIX.  MAX DOF INC= -0.6896E-04
     DISP CONVERGENCE VALUE   =  0.6888E-04  CRITERION=  0.8071E-01 <<< CONVERGED
     LINE SEARCH PARAMETER =  0.9988     SCALED MAX DOF INC = -0.6888E-04
     FORCE CONVERGENCE VALUE  =  0.4365E-02  CRITERION=  0.1352E-01 <<< CONVERGED

 *** WARNING ***                         ELAPSED TIME =     158.799   TIME= 09:06:01
 A reference force value times the tolerance is used by the              
 Newton-Raphson method for checking convergence.  The calculated         
 reference FORCE CONVERGENCE VALUE = 3.430946069E-02 is less than a      
 threshold.  This threshold is internally calculated.  You can           
 overwrite it by specifying MINREF on the CNVTOL command.  Check         
 results carefully.                                                      
     MOMENT CONVERGENCE VALUE =  0.1866E-11  CRITERION=  0.1176E-01 <<< CONVERGED
    >>> SOLUTION CONVERGED AFTER EQUILIBRIUM ITERATION   5
 *** LOAD STEP    20   SUBSTEP     1  COMPLETED.    CUM ITER =    183
 *** TIME =   19.5000         TIME INC =  0.500000    
 *** RESPONSE FREQ =  243.5       PERIOD=  0.4106E-02  PTS/CYC = 0.82E-02
 *** AUTO STEP TIME:  NEXT TIME INC = 0.50000      UNCHANGED

     FORCE CONVERGENCE VALUE  =  0.2129E-01  CRITERION=  0.1715E-03
     MOMENT CONVERGENCE VALUE =  0.1895E-12  CRITERION=  0.1176E-01
     DISP CONVERGENCE VALUE   =   10.77      CRITERION=  0.8071    
    EQUIL ITER   1 COMPLETED.  NEW TRIANG MATRIX.  MAX DOF INC=   10.77    
     DISP CONVERGENCE VALUE   =  0.5385      CRITERION=  0.8071     <<< CONVERGED
     LINE SEARCH PARAMETER =  0.5000E-01 SCALED MAX DOF INC =  0.5385    
     FORCE CONVERGENCE VALUE  =   2739.      CRITERION=  0.1558E-03
     MOMENT CONVERGENCE VALUE =  0.2110E-11  CRITERION=  0.1070E-01 <<< CONVERGED
    EQUIL ITER   2 COMPLETED.  NEW TRIANG MATRIX.  MAX DOF INC=   10.15    
     DISP CONVERGENCE VALUE   =   10.15      CRITERION=  0.8071    
     LINE SEARCH PARAMETER =   1.000     SCALED MAX DOF INC =   10.15    
     CONSTRAINT CONDITIONS ARE NOT SATISFIED FOR      1 JOINT ELEMENTS WITH LAG MULT OPTION
     FORCE CONVERGENCE VALUE  =  0.9809E+06  CRITERION=  0.1472E-01
     MOMENT CONVERGENCE VALUE =  0.1258E-06  CRITERION=   157.4     <<< CONVERGED
    EQUIL ITER   3 COMPLETED.  NEW TRIANG MATRIX.  MAX DOF INC=  0.4784    
     DISP CONVERGENCE VALUE   =  0.4762      CRITERION=  0.8071     <<< CONVERGED
     LINE SEARCH PARAMETER =  0.9954     SCALED MAX DOF INC =  0.4762    
     FORCE CONVERGENCE VALUE  =   1706.      CRITERION=  0.1677    
     MOMENT CONVERGENCE VALUE =  0.7173E-08  CRITERION=   121.3     <<< CONVERGED
    EQUIL ITER   4 COMPLETED.  NEW TRIANG MATRIX.  MAX DOF INC=  0.4064E-01
     DISP CONVERGENCE VALUE   =  0.4059E-01  CRITERION=  0.8071     <<< CONVERGED
     LINE SEARCH PARAMETER =  0.9988     SCALED MAX DOF INC =  0.4059E-01
     FORCE CONVERGENCE VALUE  =   24.12      CRITERION=  0.1040E-01
     MOMENT CONVERGENCE VALUE =  0.1842E-08  CRITERION=  0.1610     <<< CONVERGED
    EQUIL ITER   5 COMPLETED.  NEW TRIANG MATRIX.  MAX DOF INC= -0.9814E-04
     DISP CONVERGENCE VALUE   =  0.9802E-04  CRITERION=  0.8071E-01 <<< CONVERGED
     LINE SEARCH PARAMETER =  0.9988     SCALED MAX DOF INC = -0.9802E-04
     FORCE CONVERGENCE VALUE  =  0.4214E-02  CRITERION=  0.1064E-01 <<< CONVERGED
     MOMENT CONVERGENCE VALUE =  0.2223E-11  CRITERION=  0.1535E-01 <<< CONVERGED
    >>> SOLUTION CONVERGED AFTER EQUILIBRIUM ITERATION   5
 *** LOAD STEP    20   SUBSTEP     2  COMPLETED.    CUM ITER =    188
 *** TIME =   20.0000         TIME INC =  0.500000    
 *** RESPONSE FREQ =  236.3       PERIOD=  0.4231E-02  PTS/CYC = 0.85E-02
 ****************************************************
 *************** FINISHED SOLVE FOR LS 20 *************
 ****************************************************
 ******************* SOLVE FOR LS 21 OF 45 ****************

 PRINTOUT RESUMED BY /GOP

 USE AUTOMATIC TIME STEPPING THIS LOAD STEP

 USE INITIAL TIME STEP SIZE OF 0.5000000     FOR ALL  DEGREES OF FREEDOM
 FOR AUTOMATIC TIME STEPPING:
   USE 0.5000000     AS THE MINIMUM TIME STEP SIZE
   USE 0.5000000     AS THE MAXIMUM TIME STEP SIZE

 TIME=  21.000    

 INCLUDE TRANSIENT EFFECTS FOR  ALL DEGREES OF FREEDOM THIS LOAD STEP

 ERASE THE CURRENT DATABASE OUTPUT CONTROL TABLE.


 WRITE ALL  ITEMS TO THE DATABASE WITH A FREQUENCY OF NONE
   FOR ALL APPLICABLE ENTITIES

 WRITE NSOL ITEMS TO THE DATABASE WITH A FREQUENCY OF ALL 
   FOR ALL APPLICABLE ENTITIES

 WRITE RSOL ITEMS TO THE DATABASE WITH A FREQUENCY OF ALL 
   FOR ALL APPLICABLE ENTITIES

 WRITE EANG ITEMS TO THE DATABASE WITH A FREQUENCY OF ALL 
   FOR ALL APPLICABLE ENTITIES

 WRITE ETMP ITEMS TO THE DATABASE WITH A FREQUENCY OF ALL 
   FOR ALL APPLICABLE ENTITIES

 WRITE VENG ITEMS TO THE DATABASE WITH A FREQUENCY OF ALL 
   FOR ALL APPLICABLE ENTITIES

 WRITE STRS ITEMS TO THE DATABASE WITH A FREQUENCY OF ALL 
   FOR ALL APPLICABLE ENTITIES

 WRITE EPEL ITEMS TO THE DATABASE WITH A FREQUENCY OF ALL 
   FOR ALL APPLICABLE ENTITIES

 WRITE EPPL ITEMS TO THE DATABASE WITH A FREQUENCY OF ALL 
   FOR ALL APPLICABLE ENTITIES

 WRITE CONT ITEMS TO THE DATABASE WITH A FREQUENCY OF ALL 
   FOR ALL APPLICABLE ENTITIES

 WRITE V    ITEMS TO THE DATABASE WITH A FREQUENCY OF ALL 
   FOR ALL APPLICABLE ENTITIES

 WRITE A    ITEMS TO THE DATABASE WITH A FREQUENCY OF ALL 
   FOR ALL APPLICABLE ENTITIES

 WRITE MISC ITEMS TO THE DATABASE WITH A FREQUENCY OF ALL 
   FOR THE ENTITIES DEFINED BY COMPONENT _ELMISC 

 *****  MAPDL SOLVE    COMMAND  *****

 *** WARNING ***                         ELAPSED TIME =     163.640   TIME= 09:06:06
 Material number 16 (used by element 2217) should normally have at least 
 one MP or one TB type command associated with it.  Output of energy by  
 material may not be available.                                          

 *** NOTE ***                            ELAPSED TIME =     163.644   TIME= 09:06:06
 The step data was checked and warning messages were found.              
  Please review output or errors file ( F:\CoME\Forth Semester\Practice  
 FEM\Git_upload\06_Dynamic_Analysis\3_transient_analysis\06_3_ii_four_ba 
 r_mechanism\ansys\project_files\_ProjectScratch\Scr451E\file0.err )     
 for these warning messages.                                             

 *** NOTE ***                            ELAPSED TIME =     163.644   TIME= 09:06:06
 This nonlinear analysis defaults to using the full Newton-Raphson       
 solution procedure.  This can be modified using the NROPT command.      

 *** MAPDL - ENGINEERING ANALYSIS SYSTEM  RELEASE 2026 R1          26.1     ***
 Ansys Mechanical Enterprise Academic Student      
 01055371  VERSION=WINDOWS x64   09:06:06  AUG 09, 2026 Elapsed Time=    163.683

 four_bar_mechanism--Transient (B5)                                            



                      L O A D   S T E P   O P T I O N S

   LOAD STEP NUMBER. . . . . . . . . . . . . . . .    21
   TIME AT END OF THE LOAD STEP. . . . . . . . . .  21.000    
   AUTOMATIC TIME STEPPING . . . . . . . . . . . .    ON
      STARTING TIME STEP SIZE. . . . . . . . . . . 0.50000    
      MINIMUM TIME STEP SIZE . . . . . . . . . . . 0.50000    
      MAXIMUM TIME STEP SIZE . . . . . . . . . . . 0.50000    
   MAXIMUM NUMBER OF EQUILIBRIUM ITERATIONS. . . .    15
   STEP CHANGE BOUNDARY CONDITIONS . . . . . . . .   YES
   STRESS-STIFFENING . . . . . . . . . . . . . . .    ON
   TRANSIENT (INERTIA) EFFECTS
      STRUCTURAL DOFS. . . . . . . . . . . . . . .    ON
   TRANSIENT INTEGRATION PARAMETERS
      GAMMA. . . . . . . . . . . . . . . . . . . . 0.10000    
      ALPHA. . . . . . . . . . . . . . . . . . . . 0.30250    
      DELTA. . . . . . . . . . . . . . . . . . . . 0.60000    
      USING HHT TIME INTEGRATION
      ALPHAF . . . . . . . . . . . . . . . . . . . 0.10000    
      ALPHAM . . . . . . . . . . . . . . . . . . .  0.0000    
   TERMINATE ANALYSIS IF NOT CONVERGED . . . . . .YES (EXIT)  
   CONVERGENCE CONTROLS. . . . . . . . . . . . . .USE DEFAULTS
   PRINT OUTPUT CONTROLS . . . . . . . . . . . . .NO PRINTOUT
   DATABASE OUTPUT CONTROLS
      ITEM     FREQUENCY   COMPONENT
       ALL       NONE               
      NSOL        ALL               
      RSOL        ALL               
      EANG        ALL               
      ETMP        ALL               
      VENG        ALL               
      STRS        ALL               
      EPEL        ALL               
      EPPL        ALL               
      CONT        ALL               
      V           ALL               
      A           ALL               
      MISC        ALL       _ELMISC 


 SOLUTION MONITORING INFO IS WRITTEN TO FILE= file.mntr                                                                                                                                                                                                                                                           
 MAXIMUM NUMBER OF EQUILIBRIUM ITERATIONS HAS BEEN MODIFIED              
  TO BE, NEQIT = 25, BY SOLUTION CONTROL LOGIC.                          

     FORCE CONVERGENCE VALUE  =  0.2822E-01  CRITERION=  0.2979E-03
     MOMENT CONVERGENCE VALUE =  0.2260E-12  CRITERION=  0.1535E-01
     DISP CONVERGENCE VALUE   =   10.22      CRITERION=  0.8071    
    EQUIL ITER   1 COMPLETED.  NEW TRIANG MATRIX.  MAX DOF INC=   10.22    
     DISP CONVERGENCE VALUE   =  0.5109      CRITERION=  0.8071     <<< CONVERGED
     LINE SEARCH PARAMETER =  0.5000E-01 SCALED MAX DOF INC =  0.5109    
     FORCE CONVERGENCE VALUE  =   2734.      CRITERION=  0.2708E-03
     MOMENT CONVERGENCE VALUE =  0.7083E-11  CRITERION=  0.1406E-01 <<< CONVERGED
    EQUIL ITER   2 COMPLETED.  NEW TRIANG MATRIX.  MAX DOF INC=   9.688    
     DISP CONVERGENCE VALUE   =   9.688      CRITERION=  0.8071    
     LINE SEARCH PARAMETER =   1.000     SCALED MAX DOF INC =   9.688    
     FORCE CONVERGENCE VALUE  =  0.9793E+06  CRITERION=  0.1223E-01
     MOMENT CONVERGENCE VALUE =  0.1081E-06  CRITERION=   157.1     <<< CONVERGED
    EQUIL ITER   3 COMPLETED.  NEW TRIANG MATRIX.  MAX DOF INC=  0.5037    
     DISP CONVERGENCE VALUE   =  0.5014      CRITERION=  0.8071     <<< CONVERGED
     LINE SEARCH PARAMETER =  0.9954     SCALED MAX DOF INC =  0.5014    
     FORCE CONVERGENCE VALUE  =   1708.      CRITERION=  0.1809    
     MOMENT CONVERGENCE VALUE =  0.7980E-08  CRITERION=   121.8     <<< CONVERGED
    EQUIL ITER   4 COMPLETED.  NEW TRIANG MATRIX.  MAX DOF INC=  0.4289E-01
     DISP CONVERGENCE VALUE   =  0.4284E-01  CRITERION=  0.8071     <<< CONVERGED
     LINE SEARCH PARAMETER =  0.9988     SCALED MAX DOF INC =  0.4284E-01
     FORCE CONVERGENCE VALUE  =   24.19      CRITERION=  0.1411E-01
     MOMENT CONVERGENCE VALUE =  0.2236E-08  CRITERION=  0.1377     <<< CONVERGED
    EQUIL ITER   5 COMPLETED.  NEW TRIANG MATRIX.  MAX DOF INC= -0.1370E-03
     DISP CONVERGENCE VALUE   =  0.1368E-03  CRITERION=  0.8071E-01 <<< CONVERGED
     LINE SEARCH PARAMETER =  0.9988     SCALED MAX DOF INC = -0.1368E-03
     FORCE CONVERGENCE VALUE  =  0.4116E-02  CRITERION=  0.1411E-01 <<< CONVERGED

 *** WARNING ***                         ELAPSED TIME =     168.004   TIME= 09:06:10
 A reference force value times the tolerance is used by the              
 Newton-Raphson method for checking convergence.  The calculated         
 reference FORCE CONVERGENCE VALUE = 2.058274447E-02 is less than a      
 threshold.  This threshold is internally calculated.  You can           
 overwrite it by specifying MINREF on the CNVTOL command.  Check         
 results carefully.                                                      
     MOMENT CONVERGENCE VALUE =  0.2697E-11  CRITERION=  0.8267E-02 <<< CONVERGED
    >>> SOLUTION CONVERGED AFTER EQUILIBRIUM ITERATION   5
 *** LOAD STEP    21   SUBSTEP     1  COMPLETED.    CUM ITER =    193
 *** TIME =   20.5000         TIME INC =  0.500000    
 *** RESPONSE FREQ =  227.0       PERIOD=  0.4405E-02  PTS/CYC = 0.88E-02
 *** AUTO STEP TIME:  NEXT TIME INC = 0.50000      UNCHANGED

     FORCE CONVERGENCE VALUE  =  0.2453E-01  CRITERION=  0.1029E-03
     MOMENT CONVERGENCE VALUE =  0.2747E-12  CRITERION=  0.8267E-02
     DISP CONVERGENCE VALUE   =   10.84      CRITERION=  0.8071    
    EQUIL ITER   1 COMPLETED.  NEW TRIANG MATRIX.  MAX DOF INC=   10.84    
     DISP CONVERGENCE VALUE   =  0.5418      CRITERION=  0.8071     <<< CONVERGED
     LINE SEARCH PARAMETER =  0.5000E-01 SCALED MAX DOF INC =  0.5418    
     FORCE CONVERGENCE VALUE  =   2730.      CRITERION=  0.9346E-04
     MOMENT CONVERGENCE VALUE =  0.1243E-11  CRITERION=  0.7507E-02 <<< CONVERGED
    EQUIL ITER   2 COMPLETED.  NEW TRIANG MATRIX.  MAX DOF INC=   10.27    
     DISP CONVERGENCE VALUE   =   10.27      CRITERION=  0.8071    
     LINE SEARCH PARAMETER =   1.000     SCALED MAX DOF INC =   10.27    
     FORCE CONVERGENCE VALUE  =  0.9780E+06  CRITERION=  0.8984E-02
     MOMENT CONVERGENCE VALUE =  0.8490E-07  CRITERION=   156.8     <<< CONVERGED
    EQUIL ITER   3 COMPLETED.  NEW TRIANG MATRIX.  MAX DOF INC=  0.5310    
     DISP CONVERGENCE VALUE   =  0.5286      CRITERION=  0.8071     <<< CONVERGED
     LINE SEARCH PARAMETER =  0.9954     SCALED MAX DOF INC =  0.5286    
     FORCE CONVERGENCE VALUE  =   1717.      CRITERION=  0.2037    
     MOMENT CONVERGENCE VALUE =  0.9156E-08  CRITERION=   122.8     <<< CONVERGED
    EQUIL ITER   4 COMPLETED.  NEW TRIANG MATRIX.  MAX DOF INC=  0.4529E-01
     DISP CONVERGENCE VALUE   =  0.4524E-01  CRITERION=  0.8071     <<< CONVERGED
     LINE SEARCH PARAMETER =  0.9988     SCALED MAX DOF INC =  0.4524E-01
     FORCE CONVERGENCE VALUE  =   24.39      CRITERION=  0.1075E-01
     MOMENT CONVERGENCE VALUE =  0.2791E-08  CRITERION=  0.1609     <<< CONVERGED
    EQUIL ITER   5 COMPLETED.  NEW TRIANG MATRIX.  MAX DOF INC= -0.1913E-03
     DISP CONVERGENCE VALUE   =  0.1910E-03  CRITERION=  0.8071E-01 <<< CONVERGED
     LINE SEARCH PARAMETER =  0.9988     SCALED MAX DOF INC = -0.1910E-03
     FORCE CONVERGENCE VALUE  =  0.4129E-02  CRITERION=  0.1226E-01 <<< CONVERGED
     MOMENT CONVERGENCE VALUE =  0.3361E-11  CRITERION=  0.1521E-01 <<< CONVERGED
    >>> SOLUTION CONVERGED AFTER EQUILIBRIUM ITERATION   5
 *** LOAD STEP    21   SUBSTEP     2  COMPLETED.    CUM ITER =    198
 *** TIME =   21.0000         TIME INC =  0.500000    
 *** RESPONSE FREQ =  216.1       PERIOD=  0.4627E-02  PTS/CYC = 0.93E-02
 ****************************************************
 *************** FINISHED SOLVE FOR LS 21 *************
 ****************************************************
 ******************* SOLVE FOR LS 22 OF 45 ****************

 PRINTOUT RESUMED BY /GOP

 USE AUTOMATIC TIME STEPPING THIS LOAD STEP

 USE INITIAL TIME STEP SIZE OF 0.5000000     FOR ALL  DEGREES OF FREEDOM
 FOR AUTOMATIC TIME STEPPING:
   USE 0.5000000     AS THE MINIMUM TIME STEP SIZE
   USE 0.5000000     AS THE MAXIMUM TIME STEP SIZE

 TIME=  22.000    

 INCLUDE TRANSIENT EFFECTS FOR  ALL DEGREES OF FREEDOM THIS LOAD STEP

 ERASE THE CURRENT DATABASE OUTPUT CONTROL TABLE.


 WRITE ALL  ITEMS TO THE DATABASE WITH A FREQUENCY OF NONE
   FOR ALL APPLICABLE ENTITIES

 WRITE NSOL ITEMS TO THE DATABASE WITH A FREQUENCY OF ALL 
   FOR ALL APPLICABLE ENTITIES

 WRITE RSOL ITEMS TO THE DATABASE WITH A FREQUENCY OF ALL 
   FOR ALL APPLICABLE ENTITIES

 WRITE EANG ITEMS TO THE DATABASE WITH A FREQUENCY OF ALL 
   FOR ALL APPLICABLE ENTITIES

 WRITE ETMP ITEMS TO THE DATABASE WITH A FREQUENCY OF ALL 
   FOR ALL APPLICABLE ENTITIES

 WRITE VENG ITEMS TO THE DATABASE WITH A FREQUENCY OF ALL 
   FOR ALL APPLICABLE ENTITIES

 WRITE STRS ITEMS TO THE DATABASE WITH A FREQUENCY OF ALL 
   FOR ALL APPLICABLE ENTITIES

 WRITE EPEL ITEMS TO THE DATABASE WITH A FREQUENCY OF ALL 
   FOR ALL APPLICABLE ENTITIES

 WRITE EPPL ITEMS TO THE DATABASE WITH A FREQUENCY OF ALL 
   FOR ALL APPLICABLE ENTITIES

 WRITE CONT ITEMS TO THE DATABASE WITH A FREQUENCY OF ALL 
   FOR ALL APPLICABLE ENTITIES

 WRITE V    ITEMS TO THE DATABASE WITH A FREQUENCY OF ALL 
   FOR ALL APPLICABLE ENTITIES

 WRITE A    ITEMS TO THE DATABASE WITH A FREQUENCY OF ALL 
   FOR ALL APPLICABLE ENTITIES

 WRITE MISC ITEMS TO THE DATABASE WITH A FREQUENCY OF ALL 
   FOR THE ENTITIES DEFINED BY COMPONENT _ELMISC 

 *****  MAPDL SOLVE    COMMAND  *****

 *** WARNING ***                         ELAPSED TIME =     173.319   TIME= 09:06:15
 Material number 16 (used by element 2217) should normally have at least 
 one MP or one TB type command associated with it.  Output of energy by  
 material may not be available.                                          

 *** NOTE ***                            ELAPSED TIME =     173.323   TIME= 09:06:15
 The step data was checked and warning messages were found.              
  Please review output or errors file ( F:\CoME\Forth Semester\Practice  
 FEM\Git_upload\06_Dynamic_Analysis\3_transient_analysis\06_3_ii_four_ba 
 r_mechanism\ansys\project_files\_ProjectScratch\Scr451E\file0.err )     
 for these warning messages.                                             

 *** NOTE ***                            ELAPSED TIME =     173.323   TIME= 09:06:15
 This nonlinear analysis defaults to using the full Newton-Raphson       
 solution procedure.  This can be modified using the NROPT command.      

 *** MAPDL - ENGINEERING ANALYSIS SYSTEM  RELEASE 2026 R1          26.1     ***
 Ansys Mechanical Enterprise Academic Student      
 01055371  VERSION=WINDOWS x64   09:06:15  AUG 09, 2026 Elapsed Time=    173.507

 four_bar_mechanism--Transient (B5)                                            



                      L O A D   S T E P   O P T I O N S

   LOAD STEP NUMBER. . . . . . . . . . . . . . . .    22
   TIME AT END OF THE LOAD STEP. . . . . . . . . .  22.000    
   AUTOMATIC TIME STEPPING . . . . . . . . . . . .    ON
      STARTING TIME STEP SIZE. . . . . . . . . . . 0.50000    
      MINIMUM TIME STEP SIZE . . . . . . . . . . . 0.50000    
      MAXIMUM TIME STEP SIZE . . . . . . . . . . . 0.50000    
   MAXIMUM NUMBER OF EQUILIBRIUM ITERATIONS. . . .    15
   STEP CHANGE BOUNDARY CONDITIONS . . . . . . . .   YES
   STRESS-STIFFENING . . . . . . . . . . . . . . .    ON
   TRANSIENT (INERTIA) EFFECTS
      STRUCTURAL DOFS. . . . . . . . . . . . . . .    ON
   TRANSIENT INTEGRATION PARAMETERS
      GAMMA. . . . . . . . . . . . . . . . . . . . 0.10000    
      ALPHA. . . . . . . . . . . . . . . . . . . . 0.30250    
      DELTA. . . . . . . . . . . . . . . . . . . . 0.60000    
      USING HHT TIME INTEGRATION
      ALPHAF . . . . . . . . . . . . . . . . . . . 0.10000    
      ALPHAM . . . . . . . . . . . . . . . . . . .  0.0000    
   TERMINATE ANALYSIS IF NOT CONVERGED . . . . . .YES (EXIT)  
   CONVERGENCE CONTROLS. . . . . . . . . . . . . .USE DEFAULTS
   PRINT OUTPUT CONTROLS . . . . . . . . . . . . .NO PRINTOUT
   DATABASE OUTPUT CONTROLS
      ITEM     FREQUENCY   COMPONENT
       ALL       NONE               
      NSOL        ALL               
      RSOL        ALL               
      EANG        ALL               
      ETMP        ALL               
      VENG        ALL               
      STRS        ALL               
      EPEL        ALL               
      EPPL        ALL               
      CONT        ALL               
      V           ALL               
      A           ALL               
      MISC        ALL       _ELMISC 


 SOLUTION MONITORING INFO IS WRITTEN TO FILE= file.mntr                                                                                                                                                                                                                                                           
 MAXIMUM NUMBER OF EQUILIBRIUM ITERATIONS HAS BEEN MODIFIED              
  TO BE, NEQIT = 25, BY SOLUTION CONTROL LOGIC.                          

     FORCE CONVERGENCE VALUE  =  0.3074E-01  CRITERION=  0.2511E-03
     MOMENT CONVERGENCE VALUE =  0.3432E-12  CRITERION=  0.1521E-01
     DISP CONVERGENCE VALUE   =   11.40      CRITERION=  0.8071    
    EQUIL ITER   1 COMPLETED.  NEW TRIANG MATRIX.  MAX DOF INC=   11.40    
     DISP CONVERGENCE VALUE   =  0.5701      CRITERION=  0.8071     <<< CONVERGED
     LINE SEARCH PARAMETER =  0.5000E-01 SCALED MAX DOF INC =  0.5701    
     FORCE CONVERGENCE VALUE  =   2727.      CRITERION=  0.2283E-03
     MOMENT CONVERGENCE VALUE =  0.6643E-11  CRITERION=  0.1392E-01 <<< CONVERGED
    EQUIL ITER   2 COMPLETED.  NEW TRIANG MATRIX.  MAX DOF INC=   10.80    
     DISP CONVERGENCE VALUE   =   10.80      CRITERION=  0.8071    
     LINE SEARCH PARAMETER =   1.000     SCALED MAX DOF INC =   10.80    
     FORCE CONVERGENCE VALUE  =  0.9770E+06  CRITERION=  0.5799E-02
     MOMENT CONVERGENCE VALUE =  0.6055E-07  CRITERION=   156.6     <<< CONVERGED
    EQUIL ITER   3 COMPLETED.  NEW TRIANG MATRIX.  MAX DOF INC=  0.5606    
     DISP CONVERGENCE VALUE   =  0.5580      CRITERION=  0.8071     <<< CONVERGED
     LINE SEARCH PARAMETER =  0.9954     SCALED MAX DOF INC =  0.5580    
     FORCE CONVERGENCE VALUE  =   1737.      CRITERION=  0.2429    
     MOMENT CONVERGENCE VALUE =  0.1087E-07  CRITERION=   124.6     <<< CONVERGED
    EQUIL ITER   4 COMPLETED.  NEW TRIANG MATRIX.  MAX DOF INC=  0.4775E-01
     DISP CONVERGENCE VALUE   =  0.4769E-01  CRITERION=  0.8071     <<< CONVERGED
     LINE SEARCH PARAMETER =  0.9988     SCALED MAX DOF INC =  0.4769E-01
     FORCE CONVERGENCE VALUE  =   24.81      CRITERION=  0.1276E-01
     MOMENT CONVERGENCE VALUE =  0.3623E-08  CRITERION=  0.1427     <<< CONVERGED
    EQUIL ITER   5 COMPLETED.  NEW TRIANG MATRIX.  MAX DOF INC= -0.2703E-03
     DISP CONVERGENCE VALUE   =  0.2700E-03  CRITERION=  0.8071E-01 <<< CONVERGED
     LINE SEARCH PARAMETER =  0.9988     SCALED MAX DOF INC = -0.2700E-03
     FORCE CONVERGENCE VALUE  =  0.4369E-02  CRITERION=  0.1232E-01 <<< CONVERGED

 *** WARNING ***                         ELAPSED TIME =     177.851   TIME= 09:06:20
 A reference force value times the tolerance is used by the              
 Newton-Raphson method for checking convergence.  The calculated         
 reference FORCE CONVERGENCE VALUE = 1.231603889E-02 is less than a      
 threshold.  This threshold is internally calculated.  You can           
 overwrite it by specifying MINREF on the CNVTOL command.  Check         
 results carefully.                                                      
     MOMENT CONVERGENCE VALUE =  0.4342E-11  CRITERION=  0.7139E-02 <<< CONVERGED
    >>> SOLUTION CONVERGED AFTER EQUILIBRIUM ITERATION   5
 *** LOAD STEP    22   SUBSTEP     1  COMPLETED.    CUM ITER =    203
 *** TIME =   21.5000         TIME INC =  0.500000    
 *** RESPONSE FREQ =  204.2       PERIOD=  0.4897E-02  PTS/CYC = 0.98E-02
 *** AUTO STEP TIME:  NEXT TIME INC = 0.50000      UNCHANGED

     FORCE CONVERGENCE VALUE  =  0.2906E-01  CRITERION=  0.6158E-04
     MOMENT CONVERGENCE VALUE =  0.4448E-12  CRITERION=  0.4372E-02
     DISP CONVERGENCE VALUE   =   11.92      CRITERION=  0.8071    
    EQUIL ITER   1 COMPLETED.  NEW TRIANG MATRIX.  MAX DOF INC=   11.92    
     DISP CONVERGENCE VALUE   =  0.5959      CRITERION=  0.8071     <<< CONVERGED
     LINE SEARCH PARAMETER =  0.5000E-01 SCALED MAX DOF INC =  0.5959    
     FORCE CONVERGENCE VALUE  =   2726.      CRITERION=  0.5591E-04
     MOMENT CONVERGENCE VALUE =  0.1963E-11  CRITERION=  0.3950E-02 <<< CONVERGED
    EQUIL ITER   2 COMPLETED.  NEW TRIANG MATRIX.  MAX DOF INC=   11.29    
     DISP CONVERGENCE VALUE   =   11.29      CRITERION=  0.8071    
     LINE SEARCH PARAMETER =   1.000     SCALED MAX DOF INC =   11.29    
     FORCE CONVERGENCE VALUE  =  0.9766E+06  CRITERION=  0.3254E-02
     MOMENT CONVERGENCE VALUE =  0.3566E-07  CRITERION=   156.6     <<< CONVERGED
    EQUIL ITER   3 COMPLETED.  NEW TRIANG MATRIX.  MAX DOF INC=  0.5920    
     DISP CONVERGENCE VALUE   =  0.5893      CRITERION=  0.8071     <<< CONVERGED
     LINE SEARCH PARAMETER =  0.9955     SCALED MAX DOF INC =  0.5893    
     FORCE CONVERGENCE VALUE  =   1770.      CRITERION=  0.3102    
     MOMENT CONVERGENCE VALUE =  0.1349E-07  CRITERION=   127.5     <<< CONVERGED
    EQUIL ITER   4 COMPLETED.  NEW TRIANG MATRIX.  MAX DOF INC=  0.5046E-01
     DISP CONVERGENCE VALUE   =  0.5040E-01  CRITERION=  0.8071     <<< CONVERGED
     LINE SEARCH PARAMETER =  0.9989     SCALED MAX DOF INC =  0.5040E-01
     FORCE CONVERGENCE VALUE  =   25.55      CRITERION=  0.1005E-01
     MOMENT CONVERGENCE VALUE =  0.4912E-08  CRITERION=  0.1631     <<< CONVERGED
    EQUIL ITER   5 COMPLETED.  NEW TRIANG MATRIX.  MAX DOF INC= -0.3876E-03
     DISP CONVERGENCE VALUE   =  0.3872E-03  CRITERION=  0.8071E-01 <<< CONVERGED
     LINE SEARCH PARAMETER =  0.9988     SCALED MAX DOF INC = -0.3872E-03
     FORCE CONVERGENCE VALUE  =  0.5063E-02  CRITERION=  0.1453E-01 <<< CONVERGED
     MOMENT CONVERGENCE VALUE =  0.5821E-11  CRITERION=  0.1567E-01 <<< CONVERGED
    >>> SOLUTION CONVERGED AFTER EQUILIBRIUM ITERATION   5
 *** LOAD STEP    22   SUBSTEP     2  COMPLETED.    CUM ITER =    208
 *** TIME =   22.0000         TIME INC =  0.500000    
 *** RESPONSE FREQ =  191.8       PERIOD=  0.5215E-02  PTS/CYC = 0.10E-01
 ****************************************************
 *************** FINISHED SOLVE FOR LS 22 *************
 ****************************************************
 ******************* SOLVE FOR LS 23 OF 45 ****************

 PRINTOUT RESUMED BY /GOP

 USE AUTOMATIC TIME STEPPING THIS LOAD STEP

 USE INITIAL TIME STEP SIZE OF 0.5000000     FOR ALL  DEGREES OF FREEDOM
 FOR AUTOMATIC TIME STEPPING:
   USE 0.5000000     AS THE MINIMUM TIME STEP SIZE
   USE 0.5000000     AS THE MAXIMUM TIME STEP SIZE

 TIME=  23.000    

 INCLUDE TRANSIENT EFFECTS FOR  ALL DEGREES OF FREEDOM THIS LOAD STEP

 ERASE THE CURRENT DATABASE OUTPUT CONTROL TABLE.


 WRITE ALL  ITEMS TO THE DATABASE WITH A FREQUENCY OF NONE
   FOR ALL APPLICABLE ENTITIES

 WRITE NSOL ITEMS TO THE DATABASE WITH A FREQUENCY OF ALL 
   FOR ALL APPLICABLE ENTITIES

 WRITE RSOL ITEMS TO THE DATABASE WITH A FREQUENCY OF ALL 
   FOR ALL APPLICABLE ENTITIES

 WRITE EANG ITEMS TO THE DATABASE WITH A FREQUENCY OF ALL 
   FOR ALL APPLICABLE ENTITIES

 WRITE ETMP ITEMS TO THE DATABASE WITH A FREQUENCY OF ALL 
   FOR ALL APPLICABLE ENTITIES

 WRITE VENG ITEMS TO THE DATABASE WITH A FREQUENCY OF ALL 
   FOR ALL APPLICABLE ENTITIES

 WRITE STRS ITEMS TO THE DATABASE WITH A FREQUENCY OF ALL 
   FOR ALL APPLICABLE ENTITIES

 WRITE EPEL ITEMS TO THE DATABASE WITH A FREQUENCY OF ALL 
   FOR ALL APPLICABLE ENTITIES

 WRITE EPPL ITEMS TO THE DATABASE WITH A FREQUENCY OF ALL 
   FOR ALL APPLICABLE ENTITIES

 WRITE CONT ITEMS TO THE DATABASE WITH A FREQUENCY OF ALL 
   FOR ALL APPLICABLE ENTITIES

 WRITE V    ITEMS TO THE DATABASE WITH A FREQUENCY OF ALL 
   FOR ALL APPLICABLE ENTITIES

 WRITE A    ITEMS TO THE DATABASE WITH A FREQUENCY OF ALL 
   FOR ALL APPLICABLE ENTITIES

 WRITE MISC ITEMS TO THE DATABASE WITH A FREQUENCY OF ALL 
   FOR THE ENTITIES DEFINED BY COMPONENT _ELMISC 

 *****  MAPDL SOLVE    COMMAND  *****

 *** WARNING ***                         ELAPSED TIME =     182.544   TIME= 09:06:24
 Material number 16 (used by element 2217) should normally have at least 
 one MP or one TB type command associated with it.  Output of energy by  
 material may not be available.                                          

 *** NOTE ***                            ELAPSED TIME =     182.549   TIME= 09:06:24
 The step data was checked and warning messages were found.              
  Please review output or errors file ( F:\CoME\Forth Semester\Practice  
 FEM\Git_upload\06_Dynamic_Analysis\3_transient_analysis\06_3_ii_four_ba 
 r_mechanism\ansys\project_files\_ProjectScratch\Scr451E\file0.err )     
 for these warning messages.                                             

 *** NOTE ***                            ELAPSED TIME =     182.549   TIME= 09:06:24
 This nonlinear analysis defaults to using the full Newton-Raphson       
 solution procedure.  This can be modified using the NROPT command.      

 *** MAPDL - ENGINEERING ANALYSIS SYSTEM  RELEASE 2026 R1          26.1     ***
 Ansys Mechanical Enterprise Academic Student      
 01055371  VERSION=WINDOWS x64   09:06:24  AUG 09, 2026 Elapsed Time=    182.591

 four_bar_mechanism--Transient (B5)                                            



                      L O A D   S T E P   O P T I O N S

   LOAD STEP NUMBER. . . . . . . . . . . . . . . .    23
   TIME AT END OF THE LOAD STEP. . . . . . . . . .  23.000    
   AUTOMATIC TIME STEPPING . . . . . . . . . . . .    ON
      STARTING TIME STEP SIZE. . . . . . . . . . . 0.50000    
      MINIMUM TIME STEP SIZE . . . . . . . . . . . 0.50000    
      MAXIMUM TIME STEP SIZE . . . . . . . . . . . 0.50000    
   MAXIMUM NUMBER OF EQUILIBRIUM ITERATIONS. . . .    15
   STEP CHANGE BOUNDARY CONDITIONS . . . . . . . .   YES
   STRESS-STIFFENING . . . . . . . . . . . . . . .    ON
   TRANSIENT (INERTIA) EFFECTS
      STRUCTURAL DOFS. . . . . . . . . . . . . . .    ON
   TRANSIENT INTEGRATION PARAMETERS
      GAMMA. . . . . . . . . . . . . . . . . . . . 0.10000    
      ALPHA. . . . . . . . . . . . . . . . . . . . 0.30250    
      DELTA. . . . . . . . . . . . . . . . . . . . 0.60000    
      USING HHT TIME INTEGRATION
      ALPHAF . . . . . . . . . . . . . . . . . . . 0.10000    
      ALPHAM . . . . . . . . . . . . . . . . . . .  0.0000    
   TERMINATE ANALYSIS IF NOT CONVERGED . . . . . .YES (EXIT)  
   CONVERGENCE CONTROLS. . . . . . . . . . . . . .USE DEFAULTS
   PRINT OUTPUT CONTROLS . . . . . . . . . . . . .NO PRINTOUT
   DATABASE OUTPUT CONTROLS
      ITEM     FREQUENCY   COMPONENT
       ALL       NONE               
      NSOL        ALL               
      RSOL        ALL               
      EANG        ALL               
      ETMP        ALL               
      VENG        ALL               
      STRS        ALL               
      EPEL        ALL               
      EPPL        ALL               
      CONT        ALL               
      V           ALL               
      A           ALL               
      MISC        ALL       _ELMISC 


 SOLUTION MONITORING INFO IS WRITTEN TO FILE= file.mntr                                                                                                                                                                                                                                                           
 MAXIMUM NUMBER OF EQUILIBRIUM ITERATIONS HAS BEEN MODIFIED              
  TO BE, NEQIT = 25, BY SOLUTION CONTROL LOGIC.                          

     FORCE CONVERGENCE VALUE  =  0.3470E-01  CRITERION=  0.2246E-03
     MOMENT CONVERGENCE VALUE =  0.5979E-12  CRITERION=  0.1567E-01
     DISP CONVERGENCE VALUE   =   12.39      CRITERION=  0.8071    
    EQUIL ITER   1 COMPLETED.  NEW TRIANG MATRIX.  MAX DOF INC=   12.39    
     DISP CONVERGENCE VALUE   =  0.6197      CRITERION=  0.8071     <<< CONVERGED
     LINE SEARCH PARAMETER =  0.5000E-01 SCALED MAX DOF INC =  0.6197    
     FORCE CONVERGENCE VALUE  =   2727.      CRITERION=  0.2044E-03
     MOMENT CONVERGENCE VALUE =  0.6820E-11  CRITERION=  0.1434E-01 <<< CONVERGED
    EQUIL ITER   2 COMPLETED.  NEW TRIANG MATRIX.  MAX DOF INC=   11.74    
     DISP CONVERGENCE VALUE   =   11.74      CRITERION=  0.8071    
     LINE SEARCH PARAMETER =   1.000     SCALED MAX DOF INC =   11.74    
     FORCE CONVERGENCE VALUE  =  0.9770E+06  CRITERION=  0.7026E-02
     MOMENT CONVERGENCE VALUE =  0.4471E-07  CRITERION=   156.6     <<< CONVERGED
    EQUIL ITER   3 COMPLETED.  NEW TRIANG MATRIX.  MAX DOF INC=  0.6254    
     DISP CONVERGENCE VALUE   =  0.6225      CRITERION=  0.8071     <<< CONVERGED
     LINE SEARCH PARAMETER =  0.9955     SCALED MAX DOF INC =  0.6225    
     FORCE CONVERGENCE VALUE  =   1824.      CRITERION=  0.4189    
     MOMENT CONVERGENCE VALUE =  0.1748E-07  CRITERION=   132.0     <<< CONVERGED
    EQUIL ITER   4 COMPLETED.  NEW TRIANG MATRIX.  MAX DOF INC=  0.5348E-01
     DISP CONVERGENCE VALUE   =  0.5342E-01  CRITERION=  0.8071     <<< CONVERGED
     LINE SEARCH PARAMETER =  0.9989     SCALED MAX DOF INC =  0.5342E-01
     FORCE CONVERGENCE VALUE  =   26.80      CRITERION=  0.9356E-02
     MOMENT CONVERGENCE VALUE =  0.6944E-08  CRITERION=  0.1493     <<< CONVERGED
    EQUIL ITER   5 COMPLETED.  NEW TRIANG MATRIX.  MAX DOF INC= -0.5632E-03
     DISP CONVERGENCE VALUE   =  0.5626E-03  CRITERION=  0.8071E-01 <<< CONVERGED
     LINE SEARCH PARAMETER =  0.9988     SCALED MAX DOF INC = -0.5626E-03
     FORCE CONVERGENCE VALUE  =  0.6603E-02  CRITERION=  0.1190E-01 <<< CONVERGED

 *** WARNING ***                         ELAPSED TIME =     186.838   TIME= 09:06:29
 A reference force value times the tolerance is used by the              
 Newton-Raphson method for checking convergence.  The calculated         
 reference FORCE CONVERGENCE VALUE = 1.189895616E-02 is less than a      
 threshold.  This threshold is internally calculated.  You can           
 overwrite it by specifying MINREF on the CNVTOL command.  Check         
 results carefully.                                                      
     MOMENT CONVERGENCE VALUE =  0.8033E-11  CRITERION=  0.6897E-02 <<< CONVERGED
    >>> SOLUTION CONVERGED AFTER EQUILIBRIUM ITERATION   5
 *** LOAD STEP    23   SUBSTEP     1  COMPLETED.    CUM ITER =    213
 *** TIME =   22.5000         TIME INC =  0.500000    
 *** RESPONSE FREQ =  179.3       PERIOD=  0.5576E-02  PTS/CYC = 0.11E-01
 *** AUTO STEP TIME:  NEXT TIME INC = 0.50000      UNCHANGED

     FORCE CONVERGENCE VALUE  =  0.3491E-01  CRITERION=  0.5949E-04
     MOMENT CONVERGENCE VALUE =  0.8268E-12  CRITERION=  0.1221E-02
     DISP CONVERGENCE VALUE   =   12.81      CRITERION=  0.8071    
    EQUIL ITER   1 COMPLETED.  NEW TRIANG MATRIX.  MAX DOF INC=   12.81    
     DISP CONVERGENCE VALUE   =  0.6403      CRITERION=  0.8071     <<< CONVERGED
     LINE SEARCH PARAMETER =  0.5000E-01 SCALED MAX DOF INC =  0.6403    
     FORCE CONVERGENCE VALUE  =   2732.      CRITERION=  0.5411E-04
     MOMENT CONVERGENCE VALUE =  0.3457E-11  CRITERION=  0.1117E-02 <<< CONVERGED
    EQUIL ITER   2 COMPLETED.  NEW TRIANG MATRIX.  MAX DOF INC=   12.12    
     DISP CONVERGENCE VALUE   =   12.12      CRITERION=  0.8071    
     LINE SEARCH PARAMETER =   1.000     SCALED MAX DOF INC =   12.12    
     FORCE CONVERGENCE VALUE  =  0.9788E+06  CRITERION=  0.1547E-01
     MOMENT CONVERGENCE VALUE =  0.1037E-06  CRITERION=   157.0     <<< CONVERGED
    EQUIL ITER   3 COMPLETED.  NEW TRIANG MATRIX.  MAX DOF INC=  0.6597    
     DISP CONVERGENCE VALUE   =  0.6568      CRITERION=  0.8071     <<< CONVERGED
     LINE SEARCH PARAMETER =  0.9955     SCALED MAX DOF INC =  0.6568    
     FORCE CONVERGENCE VALUE  =   1903.      CRITERION=  0.5878    
     MOMENT CONVERGENCE VALUE =  0.2365E-07  CRITERION=   139.0     <<< CONVERGED
    EQUIL ITER   4 COMPLETED.  NEW TRIANG MATRIX.  MAX DOF INC=  0.5706E-01
     DISP CONVERGENCE VALUE   =  0.5701E-01  CRITERION=  0.8071     <<< CONVERGED
     LINE SEARCH PARAMETER =  0.9990     SCALED MAX DOF INC =  0.5701E-01
     FORCE CONVERGENCE VALUE  =   28.86      CRITERION=  0.5627E-02
     MOMENT CONVERGENCE VALUE =  0.1018E-07  CRITERION=  0.1661     <<< CONVERGED
    EQUIL ITER   5 COMPLETED.  NEW TRIANG MATRIX.  MAX DOF INC= -0.8252E-03
     DISP CONVERGENCE VALUE   =  0.8243E-03  CRITERION=  0.8071E-01 <<< CONVERGED
     LINE SEARCH PARAMETER =  0.9989     SCALED MAX DOF INC = -0.8243E-03
     FORCE CONVERGENCE VALUE  =  0.9630E-02  CRITERION=  0.1746E-01 <<< CONVERGED
     MOMENT CONVERGENCE VALUE =  0.1123E-10  CRITERION=  0.1703E-01 <<< CONVERGED
    >>> SOLUTION CONVERGED AFTER EQUILIBRIUM ITERATION   5
 *** LOAD STEP    23   SUBSTEP     2  COMPLETED.    CUM ITER =    218
 *** TIME =   23.0000         TIME INC =  0.500000    
 *** RESPONSE FREQ =  167.3       PERIOD=  0.5978E-02  PTS/CYC = 0.12E-01
 ****************************************************
 *************** FINISHED SOLVE FOR LS 23 *************
 ****************************************************
 ******************* SOLVE FOR LS 24 OF 45 ****************

 PRINTOUT RESUMED BY /GOP

 USE AUTOMATIC TIME STEPPING THIS LOAD STEP

 USE INITIAL TIME STEP SIZE OF 0.5000000     FOR ALL  DEGREES OF FREEDOM
 FOR AUTOMATIC TIME STEPPING:
   USE 0.5000000     AS THE MINIMUM TIME STEP SIZE
   USE 0.5000000     AS THE MAXIMUM TIME STEP SIZE

 TIME=  24.000    

 INCLUDE TRANSIENT EFFECTS FOR  ALL DEGREES OF FREEDOM THIS LOAD STEP

 ERASE THE CURRENT DATABASE OUTPUT CONTROL TABLE.


 WRITE ALL  ITEMS TO THE DATABASE WITH A FREQUENCY OF NONE
   FOR ALL APPLICABLE ENTITIES

 WRITE NSOL ITEMS TO THE DATABASE WITH A FREQUENCY OF ALL 
   FOR ALL APPLICABLE ENTITIES

 WRITE RSOL ITEMS TO THE DATABASE WITH A FREQUENCY OF ALL 
   FOR ALL APPLICABLE ENTITIES

 WRITE EANG ITEMS TO THE DATABASE WITH A FREQUENCY OF ALL 
   FOR ALL APPLICABLE ENTITIES

 WRITE ETMP ITEMS TO THE DATABASE WITH A FREQUENCY OF ALL 
   FOR ALL APPLICABLE ENTITIES

 WRITE VENG ITEMS TO THE DATABASE WITH A FREQUENCY OF ALL 
   FOR ALL APPLICABLE ENTITIES

 WRITE STRS ITEMS TO THE DATABASE WITH A FREQUENCY OF ALL 
   FOR ALL APPLICABLE ENTITIES

 WRITE EPEL ITEMS TO THE DATABASE WITH A FREQUENCY OF ALL 
   FOR ALL APPLICABLE ENTITIES

 WRITE EPPL ITEMS TO THE DATABASE WITH A FREQUENCY OF ALL 
   FOR ALL APPLICABLE ENTITIES

 WRITE CONT ITEMS TO THE DATABASE WITH A FREQUENCY OF ALL 
   FOR ALL APPLICABLE ENTITIES

 WRITE V    ITEMS TO THE DATABASE WITH A FREQUENCY OF ALL 
   FOR ALL APPLICABLE ENTITIES

 WRITE A    ITEMS TO THE DATABASE WITH A FREQUENCY OF ALL 
   FOR ALL APPLICABLE ENTITIES

 WRITE MISC ITEMS TO THE DATABASE WITH A FREQUENCY OF ALL 
   FOR THE ENTITIES DEFINED BY COMPONENT _ELMISC 

 *****  MAPDL SOLVE    COMMAND  *****

 *** WARNING ***                         ELAPSED TIME =     191.453   TIME= 09:06:33
 Material number 16 (used by element 2217) should normally have at least 
 one MP or one TB type command associated with it.  Output of energy by  
 material may not be available.                                          

 *** NOTE ***                            ELAPSED TIME =     191.458   TIME= 09:06:33
 The step data was checked and warning messages were found.              
  Please review output or errors file ( F:\CoME\Forth Semester\Practice  
 FEM\Git_upload\06_Dynamic_Analysis\3_transient_analysis\06_3_ii_four_ba 
 r_mechanism\ansys\project_files\_ProjectScratch\Scr451E\file0.err )     
 for these warning messages.                                             

 *** NOTE ***                            ELAPSED TIME =     191.458   TIME= 09:06:33
 This nonlinear analysis defaults to using the full Newton-Raphson       
 solution procedure.  This can be modified using the NROPT command.      

 *** MAPDL - ENGINEERING ANALYSIS SYSTEM  RELEASE 2026 R1          26.1     ***
 Ansys Mechanical Enterprise Academic Student      
 01055371  VERSION=WINDOWS x64   09:06:33  AUG 09, 2026 Elapsed Time=    191.539

 four_bar_mechanism--Transient (B5)                                            



                      L O A D   S T E P   O P T I O N S

   LOAD STEP NUMBER. . . . . . . . . . . . . . . .    24
   TIME AT END OF THE LOAD STEP. . . . . . . . . .  24.000    
   AUTOMATIC TIME STEPPING . . . . . . . . . . . .    ON
      STARTING TIME STEP SIZE. . . . . . . . . . . 0.50000    
      MINIMUM TIME STEP SIZE . . . . . . . . . . . 0.50000    
      MAXIMUM TIME STEP SIZE . . . . . . . . . . . 0.50000    
   MAXIMUM NUMBER OF EQUILIBRIUM ITERATIONS. . . .    15
   STEP CHANGE BOUNDARY CONDITIONS . . . . . . . .   YES
   STRESS-STIFFENING . . . . . . . . . . . . . . .    ON
   TRANSIENT (INERTIA) EFFECTS
      STRUCTURAL DOFS. . . . . . . . . . . . . . .    ON
   TRANSIENT INTEGRATION PARAMETERS
      GAMMA. . . . . . . . . . . . . . . . . . . . 0.10000    
      ALPHA. . . . . . . . . . . . . . . . . . . . 0.30250    
      DELTA. . . . . . . . . . . . . . . . . . . . 0.60000    
      USING HHT TIME INTEGRATION
      ALPHAF . . . . . . . . . . . . . . . . . . . 0.10000    
      ALPHAM . . . . . . . . . . . . . . . . . . .  0.0000    
   TERMINATE ANALYSIS IF NOT CONVERGED . . . . . .YES (EXIT)  
   CONVERGENCE CONTROLS. . . . . . . . . . . . . .USE DEFAULTS
   PRINT OUTPUT CONTROLS . . . . . . . . . . . . .NO PRINTOUT
   DATABASE OUTPUT CONTROLS
      ITEM     FREQUENCY   COMPONENT
       ALL       NONE               
      NSOL        ALL               
      RSOL        ALL               
      EANG        ALL               
      ETMP        ALL               
      VENG        ALL               
      STRS        ALL               
      EPEL        ALL               
      EPPL        ALL               
      CONT        ALL               
      V           ALL               
      A           ALL               
      MISC        ALL       _ELMISC 


 SOLUTION MONITORING INFO IS WRITTEN TO FILE= file.mntr                                                                                                                                                                                                                                                           
 MAXIMUM NUMBER OF EQUILIBRIUM ITERATIONS HAS BEEN MODIFIED              
  TO BE, NEQIT = 25, BY SOLUTION CONTROL LOGIC.                          

     FORCE CONVERGENCE VALUE  =  0.4067E-01  CRITERION=  0.2149E-03
     MOMENT CONVERGENCE VALUE =  0.1157E-11  CRITERION=  0.1703E-01
     DISP CONVERGENCE VALUE   =   13.15      CRITERION=  0.8071    
    EQUIL ITER   1 COMPLETED.  NEW TRIANG MATRIX.  MAX DOF INC=   13.15    
     DISP CONVERGENCE VALUE   =  0.6577      CRITERION=  0.8071     <<< CONVERGED
     LINE SEARCH PARAMETER =  0.5000E-01 SCALED MAX DOF INC =  0.6577    
     FORCE CONVERGENCE VALUE  =   2742.      CRITERION=  0.1957E-03
     MOMENT CONVERGENCE VALUE =  0.7708E-11  CRITERION=  0.1557E-01 <<< CONVERGED
    EQUIL ITER   2 COMPLETED.  NEW TRIANG MATRIX.  MAX DOF INC=   12.45    
     DISP CONVERGENCE VALUE   =   12.45      CRITERION=  0.8071    
     LINE SEARCH PARAMETER =   1.000     SCALED MAX DOF INC =   12.45    
     CONSTRAINT CONDITIONS ARE NOT SATISFIED FOR      2 JOINT ELEMENTS WITH LAG MULT OPTION
     FORCE CONVERGENCE VALUE  =  0.9825E+06  CRITERION=  0.2776E-01
     MOMENT CONVERGENCE VALUE =  0.1947E-06  CRITERION=   157.7     <<< CONVERGED
    EQUIL ITER   3 COMPLETED.  NEW TRIANG MATRIX.  MAX DOF INC=  0.6939    
     DISP CONVERGENCE VALUE   =  0.6909      CRITERION=  0.8071     <<< CONVERGED
     LINE SEARCH PARAMETER =  0.9956     SCALED MAX DOF INC =  0.6909    
     FORCE CONVERGENCE VALUE  =   2015.      CRITERION=  0.8407    
     MOMENT CONVERGENCE VALUE =  0.3316E-07  CRITERION=   149.5     <<< CONVERGED
    EQUIL ITER   4 COMPLETED.  NEW TRIANG MATRIX.  MAX DOF INC=  0.6161E-01
     DISP CONVERGENCE VALUE   =  0.6156E-01  CRITERION=  0.8071     <<< CONVERGED
     LINE SEARCH PARAMETER =  0.9992     SCALED MAX DOF INC =  0.6156E-01
     FORCE CONVERGENCE VALUE  =   32.33      CRITERION=  0.3995E-02
     MOMENT CONVERGENCE VALUE =  0.1540E-07  CRITERION=  0.1561     <<< CONVERGED
    EQUIL ITER   5 COMPLETED.  NEW TRIANG MATRIX.  MAX DOF INC= -0.1213E-02
     DISP CONVERGENCE VALUE   =  0.1212E-02  CRITERION=  0.8071E-01 <<< CONVERGED
     LINE SEARCH PARAMETER =  0.9990     SCALED MAX DOF INC = -0.1212E-02
     FORCE CONVERGENCE VALUE  =  0.1520E-01  CRITERION=  0.1765E-01 <<< CONVERGED

 *** WARNING ***                         ELAPSED TIME =     195.957   TIME= 09:06:38
 A reference force value times the tolerance is used by the              
 Newton-Raphson method for checking convergence.  The calculated         
 reference FORCE CONVERGENCE VALUE = 1.764713347E-02 is less than a      
 threshold.  This threshold is internally calculated.  You can           
 overwrite it by specifying MINREF on the CNVTOL command.  Check         
 results carefully.                                                      
     MOMENT CONVERGENCE VALUE =  0.1561E-10  CRITERION=  0.1023E-01 <<< CONVERGED
    >>> SOLUTION CONVERGED AFTER EQUILIBRIUM ITERATION   5
 *** LOAD STEP    24   SUBSTEP     1  COMPLETED.    CUM ITER =    223
 *** TIME =   23.5000         TIME INC =  0.500000    
 *** RESPONSE FREQ =  155.8       PERIOD=  0.6417E-02  PTS/CYC = 0.13E-01
 *** AUTO STEP TIME:  NEXT TIME INC = 0.50000      UNCHANGED

     FORCE CONVERGENCE VALUE  =  0.4370E-01  CRITERION=  0.8824E-04
     MOMENT CONVERGENCE VALUE =  0.1606E-11  CRITERION=  0.5169E-02
     DISP CONVERGENCE VALUE   =   13.44      CRITERION=  0.8071    
    EQUIL ITER   1 COMPLETED.  NEW TRIANG MATRIX.  MAX DOF INC=   13.44    
     DISP CONVERGENCE VALUE   =  0.6718      CRITERION=  0.8071     <<< CONVERGED
     LINE SEARCH PARAMETER =  0.5000E-01 SCALED MAX DOF INC =  0.6718    
     FORCE CONVERGENCE VALUE  =   2760.      CRITERION=  0.8040E-04
     MOMENT CONVERGENCE VALUE =  0.5522E-11  CRITERION=  0.4743E-02 <<< CONVERGED
    EQUIL ITER   2 COMPLETED.  NEW TRIANG MATRIX.  MAX DOF INC=   12.71    
     DISP CONVERGENCE VALUE   =   12.71      CRITERION=  0.8071    
     LINE SEARCH PARAMETER =   1.000     SCALED MAX DOF INC =   12.71    
     CONSTRAINT CONDITIONS ARE NOT SATISFIED FOR      2 JOINT ELEMENTS WITH LAG MULT OPTION
     FORCE CONVERGENCE VALUE  =  0.9891E+06  CRITERION=  0.4611E-01
     MOMENT CONVERGENCE VALUE =  0.3350E-06  CRITERION=   159.1     <<< CONVERGED
    EQUIL ITER   3 COMPLETED.  NEW TRIANG MATRIX.  MAX DOF INC=  0.7260    
     DISP CONVERGENCE VALUE   =  0.7229      CRITERION=  0.8071     <<< CONVERGED
     LINE SEARCH PARAMETER =  0.9957     SCALED MAX DOF INC =  0.7229    
     FORCE CONVERGENCE VALUE  =   2163.      CRITERION=   1.213    
     MOMENT CONVERGENCE VALUE =  0.4777E-07  CRITERION=   165.5     <<< CONVERGED
    EQUIL ITER   4 COMPLETED.  NEW TRIANG MATRIX.  MAX DOF INC=  0.7420E-01
     DISP CONVERGENCE VALUE   =  0.7416E-01  CRITERION=  0.8071     <<< CONVERGED
     LINE SEARCH PARAMETER =  0.9995     SCALED MAX DOF INC =  0.7416E-01
     FORCE CONVERGENCE VALUE  =   38.28      CRITERION=  0.2608E-02
     MOMENT CONVERGENCE VALUE =  0.2398E-07  CRITERION=  0.1716     <<< CONVERGED
    EQUIL ITER   5 COMPLETED.  NEW TRIANG MATRIX.  MAX DOF INC= -0.1782E-02
     DISP CONVERGENCE VALUE   =  0.1780E-02  CRITERION=  0.8071E-01 <<< CONVERGED
     LINE SEARCH PARAMETER =  0.9991     SCALED MAX DOF INC = -0.1780E-02
     FORCE CONVERGENCE VALUE  =  0.2511E-01  CRITERION=  0.2185E-01
     MOMENT CONVERGENCE VALUE =  0.2115E-10  CRITERION=  0.1954E-01 <<< CONVERGED
    EQUIL ITER   6 COMPLETED.  NEW TRIANG MATRIX.  MAX DOF INC= -0.2010E-05
     DISP CONVERGENCE VALUE   =  0.2009E-05  CRITERION=  0.8071E-01 <<< CONVERGED
     LINE SEARCH PARAMETER =  0.9996     SCALED MAX DOF INC = -0.2009E-05
     FORCE CONVERGENCE VALUE  =  0.1446E-04  CRITERION=  0.1170     <<< CONVERGED
     MOMENT CONVERGENCE VALUE =  0.7447E-14  CRITERION=  0.6785E-01 <<< CONVERGED
    >>> SOLUTION CONVERGED AFTER EQUILIBRIUM ITERATION   6
 *** LOAD STEP    24   SUBSTEP     2  COMPLETED.    CUM ITER =    229
 *** TIME =   24.0000         TIME INC =  0.500000    
 *** RESPONSE FREQ =  145.3       PERIOD=  0.6884E-02  PTS/CYC = 0.14E-01
 ****************************************************
 *************** FINISHED SOLVE FOR LS 24 *************
 ****************************************************
 ******************* SOLVE FOR LS 25 OF 45 ****************

 PRINTOUT RESUMED BY /GOP

 USE AUTOMATIC TIME STEPPING THIS LOAD STEP

 USE INITIAL TIME STEP SIZE OF 0.5000000     FOR ALL  DEGREES OF FREEDOM
 FOR AUTOMATIC TIME STEPPING:
   USE 0.5000000     AS THE MINIMUM TIME STEP SIZE
   USE 0.5000000     AS THE MAXIMUM TIME STEP SIZE

 TIME=  25.000    

 INCLUDE TRANSIENT EFFECTS FOR  ALL DEGREES OF FREEDOM THIS LOAD STEP

 ERASE THE CURRENT DATABASE OUTPUT CONTROL TABLE.


 WRITE ALL  ITEMS TO THE DATABASE WITH A FREQUENCY OF NONE
   FOR ALL APPLICABLE ENTITIES

 WRITE NSOL ITEMS TO THE DATABASE WITH A FREQUENCY OF ALL 
   FOR ALL APPLICABLE ENTITIES

 WRITE RSOL ITEMS TO THE DATABASE WITH A FREQUENCY OF ALL 
   FOR ALL APPLICABLE ENTITIES

 WRITE EANG ITEMS TO THE DATABASE WITH A FREQUENCY OF ALL 
   FOR ALL APPLICABLE ENTITIES

 WRITE ETMP ITEMS TO THE DATABASE WITH A FREQUENCY OF ALL 
   FOR ALL APPLICABLE ENTITIES

 WRITE VENG ITEMS TO THE DATABASE WITH A FREQUENCY OF ALL 
   FOR ALL APPLICABLE ENTITIES

 WRITE STRS ITEMS TO THE DATABASE WITH A FREQUENCY OF ALL 
   FOR ALL APPLICABLE ENTITIES

 WRITE EPEL ITEMS TO THE DATABASE WITH A FREQUENCY OF ALL 
   FOR ALL APPLICABLE ENTITIES

 WRITE EPPL ITEMS TO THE DATABASE WITH A FREQUENCY OF ALL 
   FOR ALL APPLICABLE ENTITIES

 WRITE CONT ITEMS TO THE DATABASE WITH A FREQUENCY OF ALL 
   FOR ALL APPLICABLE ENTITIES

 WRITE V    ITEMS TO THE DATABASE WITH A FREQUENCY OF ALL 
   FOR ALL APPLICABLE ENTITIES

 WRITE A    ITEMS TO THE DATABASE WITH A FREQUENCY OF ALL 
   FOR ALL APPLICABLE ENTITIES

 WRITE MISC ITEMS TO THE DATABASE WITH A FREQUENCY OF ALL 
   FOR THE ENTITIES DEFINED BY COMPONENT _ELMISC 

 *****  MAPDL SOLVE    COMMAND  *****

 *** WARNING ***                         ELAPSED TIME =     201.889   TIME= 09:06:44
 Material number 16 (used by element 2217) should normally have at least 
 one MP or one TB type command associated with it.  Output of energy by  
 material may not be available.                                          

 *** NOTE ***                            ELAPSED TIME =     201.894   TIME= 09:06:44
 The step data was checked and warning messages were found.              
  Please review output or errors file ( F:\CoME\Forth Semester\Practice  
 FEM\Git_upload\06_Dynamic_Analysis\3_transient_analysis\06_3_ii_four_ba 
 r_mechanism\ansys\project_files\_ProjectScratch\Scr451E\file0.err )     
 for these warning messages.                                             

 *** NOTE ***                            ELAPSED TIME =     201.894   TIME= 09:06:44
 This nonlinear analysis defaults to using the full Newton-Raphson       
 solution procedure.  This can be modified using the NROPT command.      

 *** MAPDL - ENGINEERING ANALYSIS SYSTEM  RELEASE 2026 R1          26.1     ***
 Ansys Mechanical Enterprise Academic Student      
 01055371  VERSION=WINDOWS x64   09:06:44  AUG 09, 2026 Elapsed Time=    202.111

 four_bar_mechanism--Transient (B5)                                            



                      L O A D   S T E P   O P T I O N S

   LOAD STEP NUMBER. . . . . . . . . . . . . . . .    25
   TIME AT END OF THE LOAD STEP. . . . . . . . . .  25.000    
   AUTOMATIC TIME STEPPING . . . . . . . . . . . .    ON
      STARTING TIME STEP SIZE. . . . . . . . . . . 0.50000    
      MINIMUM TIME STEP SIZE . . . . . . . . . . . 0.50000    
      MAXIMUM TIME STEP SIZE . . . . . . . . . . . 0.50000    
   MAXIMUM NUMBER OF EQUILIBRIUM ITERATIONS. . . .    15
   STEP CHANGE BOUNDARY CONDITIONS . . . . . . . .   YES
   STRESS-STIFFENING . . . . . . . . . . . . . . .    ON
   TRANSIENT (INERTIA) EFFECTS
      STRUCTURAL DOFS. . . . . . . . . . . . . . .    ON
   TRANSIENT INTEGRATION PARAMETERS
      GAMMA. . . . . . . . . . . . . . . . . . . . 0.10000    
      ALPHA. . . . . . . . . . . . . . . . . . . . 0.30250    
      DELTA. . . . . . . . . . . . . . . . . . . . 0.60000    
      USING HHT TIME INTEGRATION
      ALPHAF . . . . . . . . . . . . . . . . . . . 0.10000    
      ALPHAM . . . . . . . . . . . . . . . . . . .  0.0000    
   TERMINATE ANALYSIS IF NOT CONVERGED . . . . . .YES (EXIT)  
   CONVERGENCE CONTROLS. . . . . . . . . . . . . .USE DEFAULTS
   PRINT OUTPUT CONTROLS . . . . . . . . . . . . .NO PRINTOUT
   DATABASE OUTPUT CONTROLS
      ITEM     FREQUENCY   COMPONENT
       ALL       NONE               
      NSOL        ALL               
      RSOL        ALL               
      EANG        ALL               
      ETMP        ALL               
      VENG        ALL               
      STRS        ALL               
      EPEL        ALL               
      EPPL        ALL               
      CONT        ALL               
      V           ALL               
      A           ALL               
      MISC        ALL       _ELMISC 


 SOLUTION MONITORING INFO IS WRITTEN TO FILE= file.mntr                                                                                                                                                                                                                                                           
 MAXIMUM NUMBER OF EQUILIBRIUM ITERATIONS HAS BEEN MODIFIED              
  TO BE, NEQIT = 25, BY SOLUTION CONTROL LOGIC.                          

     FORCE CONVERGENCE VALUE  =  0.4567E-01  CRITERION=  0.2184E-03
     MOMENT CONVERGENCE VALUE =  0.1776E-12  CRITERION=  0.1944E-01
     DISP CONVERGENCE VALUE   =   13.65      CRITERION=  0.8071    
    EQUIL ITER   1 COMPLETED.  NEW TRIANG MATRIX.  MAX DOF INC=   13.65    
     DISP CONVERGENCE VALUE   =  0.6825      CRITERION=  0.8071     <<< CONVERGED
     LINE SEARCH PARAMETER =  0.5000E-01 SCALED MAX DOF INC =  0.6825    
     FORCE CONVERGENCE VALUE  =   2791.      CRITERION=  0.1988E-03
     MOMENT CONVERGENCE VALUE =  0.7199E-11  CRITERION=  0.1777E-01 <<< CONVERGED
    EQUIL ITER   2 COMPLETED.  NEW TRIANG MATRIX.  MAX DOF INC=   12.91    
     DISP CONVERGENCE VALUE   =   12.91      CRITERION=  0.8071    
     LINE SEARCH PARAMETER =   1.000     SCALED MAX DOF INC =   12.91    
     CONSTRAINT CONDITIONS ARE NOT SATISFIED FOR      2 JOINT ELEMENTS WITH LAG MULT OPTION
     FORCE CONVERGENCE VALUE  =  0.1000E+07  CRITERION=  0.7295E-01
     MOMENT CONVERGENCE VALUE =  0.5449E-06  CRITERION=   161.3     <<< CONVERGED
    EQUIL ITER   3 COMPLETED.  NEW TRIANG MATRIX.  MAX DOF INC=  0.7531    
     DISP CONVERGENCE VALUE   =  0.7500      CRITERION=  0.8071     <<< CONVERGED
     LINE SEARCH PARAMETER =  0.9959     SCALED MAX DOF INC =  0.7500    
     FORCE CONVERGENCE VALUE  =   2348.      CRITERION=   1.749    
     MOMENT CONVERGENCE VALUE =  0.6968E-07  CRITERION=   189.5     <<< CONVERGED
    EQUIL ITER   4 COMPLETED.  NEW TRIANG MATRIX.  MAX DOF INC=  0.9630E-01
     DISP CONVERGENCE VALUE   =  0.9629E-01  CRITERION=  0.8071     <<< CONVERGED
     LINE SEARCH PARAMETER =  0.9999     SCALED MAX DOF INC =  0.9629E-01
     FORCE CONVERGENCE VALUE  =   48.73      CRITERION=  0.2481E-02
     MOMENT CONVERGENCE VALUE =  0.3842E-07  CRITERION=  0.1827     <<< CONVERGED
    EQUIL ITER   5 COMPLETED.  NEW TRIANG MATRIX.  MAX DOF INC= -0.2602E-02
     DISP CONVERGENCE VALUE   =  0.2600E-02  CRITERION=  0.8071     <<< CONVERGED
     LINE SEARCH PARAMETER =  0.9993     SCALED MAX DOF INC = -0.2600E-02
     FORCE CONVERGENCE VALUE  =  0.4268E-01  CRITERION=  0.2283E-01
     MOMENT CONVERGENCE VALUE =  0.2731E-10  CRITERION=  0.1324E-01 <<< CONVERGED

 *** WARNING ***                         ELAPSED TIME =     206.512   TIME= 09:06:48
 A reference moment value times the tolerance is used by the             
 Newton-Raphson method for checking convergence.  The calculated         
 reference MOMENT CONVERGENCE VALUE = 2.1292452 is less than a           
 threshold.  This threshold is internally calculated.  You can           
 overwrite it by specifying MINREF on the CNVTOL command.  Check         
 results carefully.                                                      
    EQUIL ITER   6 COMPLETED.  NEW TRIANG MATRIX.  MAX DOF INC= -0.3003E-05
     DISP CONVERGENCE VALUE   =  0.3002E-05  CRITERION=  0.8071E-01 <<< CONVERGED
     LINE SEARCH PARAMETER =  0.9996     SCALED MAX DOF INC = -0.3002E-05
     FORCE CONVERGENCE VALUE  =  0.2498E-04  CRITERION=  0.1164     <<< CONVERGED
     MOMENT CONVERGENCE VALUE =  0.1203E-13  CRITERION=  0.6745E-01 <<< CONVERGED
    >>> SOLUTION CONVERGED AFTER EQUILIBRIUM ITERATION   6
 *** LOAD STEP    25   SUBSTEP     1  COMPLETED.    CUM ITER =    235
 *** TIME =   24.5000         TIME INC =  0.500000    
 *** RESPONSE FREQ =  135.7       PERIOD=  0.7367E-02  PTS/CYC = 0.15E-01
 *** AUTO STEP TIME:  NEXT TIME INC = 0.50000      UNCHANGED

     FORCE CONVERGENCE VALUE  =  0.4798E-01  CRITERION=  0.1273E-03
     MOMENT CONVERGENCE VALUE =  0.2107E-13  CRITERION=  0.1057E-01
     DISP CONVERGENCE VALUE   =   14.65      CRITERION=  0.8071    
    EQUIL ITER   1 COMPLETED.  NEW TRIANG MATRIX.  MAX DOF INC=   14.65    
     DISP CONVERGENCE VALUE   =  0.7326      CRITERION=  0.8071     <<< CONVERGED
     LINE SEARCH PARAMETER =  0.5000E-01 SCALED MAX DOF INC =  0.7326    
     FORCE CONVERGENCE VALUE  =   2839.      CRITERION=  0.1160E-03
     MOMENT CONVERGENCE VALUE =  0.5615E-11  CRITERION=  0.9682E-02 <<< CONVERGED
    EQUIL ITER   2 COMPLETED.  NEW TRIANG MATRIX.  MAX DOF INC=   13.93    
     DISP CONVERGENCE VALUE   =   13.93      CRITERION=  0.8071    
     LINE SEARCH PARAMETER =   1.000     SCALED MAX DOF INC =   13.93    
     CONSTRAINT CONDITIONS ARE NOT SATISFIED FOR      2 JOINT ELEMENTS WITH LAG MULT OPTION
     FORCE CONVERGENCE VALUE  =  0.1017E+07  CRITERION=  0.1128    
     MOMENT CONVERGENCE VALUE =  0.8668E-06  CRITERION=   165.0     <<< CONVERGED
    EQUIL ITER   3 COMPLETED.  NEW TRIANG MATRIX.  MAX DOF INC=  0.7707    
     DISP CONVERGENCE VALUE   =  0.7678      CRITERION=  0.8071     <<< CONVERGED
     LINE SEARCH PARAMETER =  0.9962     SCALED MAX DOF INC =  0.7678    
     FORCE CONVERGENCE VALUE  =   2562.      CRITERION=   2.508    
     MOMENT CONVERGENCE VALUE =  0.1012E-06  CRITERION=   225.1     <<< CONVERGED
    EQUIL ITER   4 COMPLETED.  NEW TRIANG MATRIX.  MAX DOF INC=  0.1275    
     DISP CONVERGENCE VALUE   =  0.1275      CRITERION=  0.8071     <<< CONVERGED
     LINE SEARCH PARAMETER =   1.000     SCALED MAX DOF INC =  0.1275    
     FORCE CONVERGENCE VALUE  =   68.00      CRITERION=  0.3790E-02
     MOMENT CONVERGENCE VALUE =  0.6318E-07  CRITERION=  0.2618     <<< CONVERGED
    EQUIL ITER   5 COMPLETED.  NEW TRIANG MATRIX.  MAX DOF INC= -0.3777E-02
     DISP CONVERGENCE VALUE   =  0.3775E-02  CRITERION=  0.8071     <<< CONVERGED
     LINE SEARCH PARAMETER =  0.9995     SCALED MAX DOF INC = -0.3775E-02
     FORCE CONVERGENCE VALUE  =  0.7457E-01  CRITERION=  0.2399E-01
     MOMENT CONVERGENCE VALUE =  0.3068E-10  CRITERION=  0.2341E-01 <<< CONVERGED
    EQUIL ITER   6 COMPLETED.  NEW TRIANG MATRIX.  MAX DOF INC= -0.4915E-05
     DISP CONVERGENCE VALUE   =  0.4913E-05  CRITERION=  0.8071E-01 <<< CONVERGED
     LINE SEARCH PARAMETER =  0.9995     SCALED MAX DOF INC = -0.4913E-05
     FORCE CONVERGENCE VALUE  =  0.4573E-04  CRITERION=  0.1146     <<< CONVERGED
     MOMENT CONVERGENCE VALUE =  0.1598E-13  CRITERION=  0.6640E-01 <<< CONVERGED
    >>> SOLUTION CONVERGED AFTER EQUILIBRIUM ITERATION   6
 *** LOAD STEP    25   SUBSTEP     2  COMPLETED.    CUM ITER =    241
 *** TIME =   25.0000         TIME INC =  0.500000    
 *** RESPONSE FREQ =  127.4       PERIOD=  0.7849E-02  PTS/CYC = 0.16E-01
 ****************************************************
 *************** FINISHED SOLVE FOR LS 25 *************
 ****************************************************
 ******************* SOLVE FOR LS 26 OF 45 ****************

 PRINTOUT RESUMED BY /GOP

 USE AUTOMATIC TIME STEPPING THIS LOAD STEP

 USE INITIAL TIME STEP SIZE OF 0.5000000     FOR ALL  DEGREES OF FREEDOM
 FOR AUTOMATIC TIME STEPPING:
   USE 0.5000000     AS THE MINIMUM TIME STEP SIZE
   USE 0.5000000     AS THE MAXIMUM TIME STEP SIZE

 TIME=  26.000    

 INCLUDE TRANSIENT EFFECTS FOR  ALL DEGREES OF FREEDOM THIS LOAD STEP

 ERASE THE CURRENT DATABASE OUTPUT CONTROL TABLE.


 WRITE ALL  ITEMS TO THE DATABASE WITH A FREQUENCY OF NONE
   FOR ALL APPLICABLE ENTITIES

 WRITE NSOL ITEMS TO THE DATABASE WITH A FREQUENCY OF ALL 
   FOR ALL APPLICABLE ENTITIES

 WRITE RSOL ITEMS TO THE DATABASE WITH A FREQUENCY OF ALL 
   FOR ALL APPLICABLE ENTITIES

 WRITE EANG ITEMS TO THE DATABASE WITH A FREQUENCY OF ALL 
   FOR ALL APPLICABLE ENTITIES

 WRITE ETMP ITEMS TO THE DATABASE WITH A FREQUENCY OF ALL 
   FOR ALL APPLICABLE ENTITIES

 WRITE VENG ITEMS TO THE DATABASE WITH A FREQUENCY OF ALL 
   FOR ALL APPLICABLE ENTITIES

 WRITE STRS ITEMS TO THE DATABASE WITH A FREQUENCY OF ALL 
   FOR ALL APPLICABLE ENTITIES

 WRITE EPEL ITEMS TO THE DATABASE WITH A FREQUENCY OF ALL 
   FOR ALL APPLICABLE ENTITIES

 WRITE EPPL ITEMS TO THE DATABASE WITH A FREQUENCY OF ALL 
   FOR ALL APPLICABLE ENTITIES

 WRITE CONT ITEMS TO THE DATABASE WITH A FREQUENCY OF ALL 
   FOR ALL APPLICABLE ENTITIES

 WRITE V    ITEMS TO THE DATABASE WITH A FREQUENCY OF ALL 
   FOR ALL APPLICABLE ENTITIES

 WRITE A    ITEMS TO THE DATABASE WITH A FREQUENCY OF ALL 
   FOR ALL APPLICABLE ENTITIES

 WRITE MISC ITEMS TO THE DATABASE WITH A FREQUENCY OF ALL 
   FOR THE ENTITIES DEFINED BY COMPONENT _ELMISC 

 *****  MAPDL SOLVE    COMMAND  *****

 *** WARNING ***                         ELAPSED TIME =     211.860   TIME= 09:06:54
 Material number 16 (used by element 2217) should normally have at least 
 one MP or one TB type command associated with it.  Output of energy by  
 material may not be available.                                          

 *** NOTE ***                            ELAPSED TIME =     211.865   TIME= 09:06:54
 The step data was checked and warning messages were found.              
  Please review output or errors file ( F:\CoME\Forth Semester\Practice  
 FEM\Git_upload\06_Dynamic_Analysis\3_transient_analysis\06_3_ii_four_ba 
 r_mechanism\ansys\project_files\_ProjectScratch\Scr451E\file0.err )     
 for these warning messages.                                             

 *** NOTE ***                            ELAPSED TIME =     211.865   TIME= 09:06:54
 This nonlinear analysis defaults to using the full Newton-Raphson       
 solution procedure.  This can be modified using the NROPT command.      

 *** MAPDL - ENGINEERING ANALYSIS SYSTEM  RELEASE 2026 R1          26.1     ***
 Ansys Mechanical Enterprise Academic Student      
 01055371  VERSION=WINDOWS x64   09:06:54  AUG 09, 2026 Elapsed Time=    211.908

 four_bar_mechanism--Transient (B5)                                            



                      L O A D   S T E P   O P T I O N S

   LOAD STEP NUMBER. . . . . . . . . . . . . . . .    26
   TIME AT END OF THE LOAD STEP. . . . . . . . . .  26.000    
   AUTOMATIC TIME STEPPING . . . . . . . . . . . .    ON
      STARTING TIME STEP SIZE. . . . . . . . . . . 0.50000    
      MINIMUM TIME STEP SIZE . . . . . . . . . . . 0.50000    
      MAXIMUM TIME STEP SIZE . . . . . . . . . . . 0.50000    
   MAXIMUM NUMBER OF EQUILIBRIUM ITERATIONS. . . .    15
   STEP CHANGE BOUNDARY CONDITIONS . . . . . . . .   YES
   STRESS-STIFFENING . . . . . . . . . . . . . . .    ON
   TRANSIENT (INERTIA) EFFECTS
      STRUCTURAL DOFS. . . . . . . . . . . . . . .    ON
   TRANSIENT INTEGRATION PARAMETERS
      GAMMA. . . . . . . . . . . . . . . . . . . . 0.10000    
      ALPHA. . . . . . . . . . . . . . . . . . . . 0.30250    
      DELTA. . . . . . . . . . . . . . . . . . . . 0.60000    
      USING HHT TIME INTEGRATION
      ALPHAF . . . . . . . . . . . . . . . . . . . 0.10000    
      ALPHAM . . . . . . . . . . . . . . . . . . .  0.0000    
   TERMINATE ANALYSIS IF NOT CONVERGED . . . . . .YES (EXIT)  
   CONVERGENCE CONTROLS. . . . . . . . . . . . . .USE DEFAULTS
   PRINT OUTPUT CONTROLS . . . . . . . . . . . . .NO PRINTOUT
   DATABASE OUTPUT CONTROLS
      ITEM     FREQUENCY   COMPONENT
       ALL       NONE               
      NSOL        ALL               
      RSOL        ALL               
      EANG        ALL               
      ETMP        ALL               
      VENG        ALL               
      STRS        ALL               
      EPEL        ALL               
      EPPL        ALL               
      CONT        ALL               
      V           ALL               
      A           ALL               
      MISC        ALL       _ELMISC 


 SOLUTION MONITORING INFO IS WRITTEN TO FILE= file.mntr                                                                                                                                                                                                                                                           
 MAXIMUM NUMBER OF EQUILIBRIUM ITERATIONS HAS BEEN MODIFIED              
  TO BE, NEQIT = 25, BY SOLUTION CONTROL LOGIC.                          

     FORCE CONVERGENCE VALUE  =  0.5299E-01  CRITERION=  0.2377E-03
     MOMENT CONVERGENCE VALUE =  0.8880E-15  CRITERION=  0.2335E-01
     DISP CONVERGENCE VALUE   =   16.48      CRITERION=  0.8240    
    EQUIL ITER   1 COMPLETED.  NEW TRIANG MATRIX.  MAX DOF INC=   16.48    
     DISP CONVERGENCE VALUE   =  0.8240      CRITERION=  0.8240     <<< CONVERGED
     LINE SEARCH PARAMETER =  0.5000E-01 SCALED MAX DOF INC =  0.8240    
     FORCE CONVERGENCE VALUE  =   2914.      CRITERION=  0.2166E-03
     MOMENT CONVERGENCE VALUE =  0.8631E-11  CRITERION=  0.2134E-01 <<< CONVERGED
    EQUIL ITER   2 COMPLETED.  NEW TRIANG MATRIX.  MAX DOF INC=   15.66    
     DISP CONVERGENCE VALUE   =   15.66      CRITERION=  0.8243    
     LINE SEARCH PARAMETER =   1.000     SCALED MAX DOF INC =   15.66    
     CONSTRAINT CONDITIONS ARE NOT SATISFIED FOR      2 JOINT ELEMENTS WITH LAG MULT OPTION
     FORCE CONVERGENCE VALUE  =  0.1044E+07  CRITERION=  0.1715    
     MOMENT CONVERGENCE VALUE =  0.1356E-05  CRITERION=   170.7     <<< CONVERGED
    EQUIL ITER   3 COMPLETED.  NEW TRIANG MATRIX.  MAX DOF INC=  0.7728    
     DISP CONVERGENCE VALUE   =  0.7701      CRITERION=  0.8628     <<< CONVERGED
     LINE SEARCH PARAMETER =  0.9965     SCALED MAX DOF INC =  0.7701    
     CONSTRAINT CONDITIONS ARE NOT SATISFIED FOR      1 JOINT ELEMENTS WITH LAG MULT OPTION
     FORCE CONVERGENCE VALUE  =   2785.      CRITERION=   3.558    
     MOMENT CONVERGENCE VALUE =  0.1433E-06  CRITERION=   277.1     <<< CONVERGED
    EQUIL ITER   4 COMPLETED.  NEW TRIANG MATRIX.  MAX DOF INC=  0.1721    
     DISP CONVERGENCE VALUE   =  0.1721      CRITERION=  0.8712     <<< CONVERGED
     LINE SEARCH PARAMETER =   1.000     SCALED MAX DOF INC =  0.1721    
     CONSTRAINT CONDITIONS ARE NOT SATISFIED FOR      1 JOINT ELEMENTS WITH LAG MULT OPTION
     FORCE CONVERGENCE VALUE  =   103.3      CRITERION=  0.6016E-02
     MOMENT CONVERGENCE VALUE =  0.1063E-06  CRITERION=  0.3828     <<< CONVERGED
    EQUIL ITER   5 COMPLETED.  NEW TRIANG MATRIX.  MAX DOF INC= -0.5384E-02
     DISP CONVERGENCE VALUE   =  0.5382E-02  CRITERION=  0.8712     <<< CONVERGED
     LINE SEARCH PARAMETER =  0.9998     SCALED MAX DOF INC = -0.5382E-02
     FORCE CONVERGENCE VALUE  =  0.1313      CRITERION=  0.2650E-01
     MOMENT CONVERGENCE VALUE =  0.2420E-10  CRITERION=  0.1731E-01 <<< CONVERGED
    EQUIL ITER   6 COMPLETED.  NEW TRIANG MATRIX.  MAX DOF INC= -0.9388E-05
     DISP CONVERGENCE VALUE   =  0.9382E-05  CRITERION=  0.8712E-01 <<< CONVERGED
     LINE SEARCH PARAMETER =  0.9994     SCALED MAX DOF INC = -0.9382E-05
     FORCE CONVERGENCE VALUE  =  0.8581E-04  CRITERION=  0.1167     <<< CONVERGED

 *** WARNING ***                         ELAPSED TIME =     216.269   TIME= 09:06:58
 A reference force value times the tolerance is used by the              
 Newton-Raphson method for checking convergence.  The calculated         
 reference FORCE CONVERGENCE VALUE = 3.526640353E-02 is less than a      
 threshold.  This threshold is internally calculated.  You can           
 overwrite it by specifying MINREF on the CNVTOL command.  Check         
 results carefully.                                                      
     MOMENT CONVERGENCE VALUE =  0.1372E-13  CRITERION=  0.6763E-01 <<< CONVERGED
    >>> SOLUTION CONVERGED AFTER EQUILIBRIUM ITERATION   6
 *** LOAD STEP    26   SUBSTEP     1  COMPLETED.    CUM ITER =    247
 *** TIME =   25.5000         TIME INC =  0.500000    
 *** RESPONSE FREQ =  120.4       PERIOD=  0.8303E-02  PTS/CYC = 0.17E-01
 *** AUTO STEP TIME:  NEXT TIME INC = 0.50000      UNCHANGED

     FORCE CONVERGENCE VALUE  =  0.5625E-01  CRITERION=  0.1763E-03
     MOMENT CONVERGENCE VALUE =  0.1639E-14  CRITERION=  0.1718E-01
     DISP CONVERGENCE VALUE   =   18.38      CRITERION=  0.9190    
    EQUIL ITER   1 COMPLETED.  NEW TRIANG MATRIX.  MAX DOF INC=   18.38    
     DISP CONVERGENCE VALUE   =  0.9190      CRITERION=  0.9190     <<< CONVERGED
     LINE SEARCH PARAMETER =  0.5000E-01 SCALED MAX DOF INC =  0.9190    
     FORCE CONVERGENCE VALUE  =   3028.      CRITERION=  0.1607E-03
     MOMENT CONVERGENCE VALUE =  0.7538E-11  CRITERION=  0.1572E-01 <<< CONVERGED
    EQUIL ITER   2 COMPLETED.  NEW TRIANG MATRIX.  MAX DOF INC=   17.46    
     DISP CONVERGENCE VALUE   =   17.46      CRITERION=  0.9190    
     LINE SEARCH PARAMETER =   1.000     SCALED MAX DOF INC =   17.46    
     CONSTRAINT CONDITIONS ARE NOT SATISFIED FOR      2 JOINT ELEMENTS WITH LAG MULT OPTION
     FORCE CONVERGENCE VALUE  =  0.1085E+07  CRITERION=  0.2582    
     MOMENT CONVERGENCE VALUE =  0.2102E-05  CRITERION=   179.8     <<< CONVERGED
    EQUIL ITER   3 COMPLETED.  NEW TRIANG MATRIX.  MAX DOF INC=  0.7530    
     DISP CONVERGENCE VALUE   =  0.7507      CRITERION=  0.9562     <<< CONVERGED
     LINE SEARCH PARAMETER =  0.9969     SCALED MAX DOF INC =  0.7507    
     CONSTRAINT CONDITIONS ARE NOT SATISFIED FOR      1 JOINT ELEMENTS WITH LAG MULT OPTION
     FORCE CONVERGENCE VALUE  =   2987.      CRITERION=   4.960    
     MOMENT CONVERGENCE VALUE =  0.1934E-06  CRITERION=   350.8     <<< CONVERGED
    EQUIL ITER   4 COMPLETED.  NEW TRIANG MATRIX.  MAX DOF INC=  0.2356    
     DISP CONVERGENCE VALUE   =  0.2356      CRITERION=  0.9677     <<< CONVERGED
     LINE SEARCH PARAMETER =   1.000     SCALED MAX DOF INC =  0.2356    
     CONSTRAINT CONDITIONS ARE NOT SATISFIED FOR      1 JOINT ELEMENTS WITH LAG MULT OPTION
     FORCE CONVERGENCE VALUE  =   168.5      CRITERION=  0.9648E-02
     MOMENT CONVERGENCE VALUE =  0.1817E-06  CRITERION=  0.5781     <<< CONVERGED
    EQUIL ITER   5 COMPLETED.  NEW TRIANG MATRIX.  MAX DOF INC= -0.7453E-02
     DISP CONVERGENCE VALUE   =  0.7453E-02  CRITERION=  0.9677     <<< CONVERGED
     LINE SEARCH PARAMETER =   1.000     SCALED MAX DOF INC = -0.7453E-02
     FORCE CONVERGENCE VALUE  =  0.2273      CRITERION=  0.2812E-01
     MOMENT CONVERGENCE VALUE =  0.1306E-11  CRITERION=  0.2900E-01 <<< CONVERGED
    EQUIL ITER   6 COMPLETED.  NEW TRIANG MATRIX.  MAX DOF INC= -0.2123E-04
     DISP CONVERGENCE VALUE   =  0.2122E-04  CRITERION=  0.9677E-01 <<< CONVERGED
     LINE SEARCH PARAMETER =  0.9995     SCALED MAX DOF INC = -0.2122E-04
     FORCE CONVERGENCE VALUE  =  0.1655E-03  CRITERION=  0.2812E-01 <<< CONVERGED
     MOMENT CONVERGENCE VALUE =  0.1139E-14  CRITERION=  0.2880E-01 <<< CONVERGED
    >>> SOLUTION CONVERGED AFTER EQUILIBRIUM ITERATION   6
 *** LOAD STEP    26   SUBSTEP     2  COMPLETED.    CUM ITER =    253
 *** TIME =   26.0000         TIME INC =  0.500000    
 *** RESPONSE FREQ =  115.0       PERIOD=  0.8693E-02  PTS/CYC = 0.17E-01
 ****************************************************
 *************** FINISHED SOLVE FOR LS 26 *************
 ****************************************************
 ******************* SOLVE FOR LS 27 OF 45 ****************

 PRINTOUT RESUMED BY /GOP

 USE AUTOMATIC TIME STEPPING THIS LOAD STEP

 USE INITIAL TIME STEP SIZE OF 0.5000000     FOR ALL  DEGREES OF FREEDOM
 FOR AUTOMATIC TIME STEPPING:
   USE 0.5000000     AS THE MINIMUM TIME STEP SIZE
   USE 0.5000000     AS THE MAXIMUM TIME STEP SIZE

 TIME=  27.000    

 INCLUDE TRANSIENT EFFECTS FOR  ALL DEGREES OF FREEDOM THIS LOAD STEP

 ERASE THE CURRENT DATABASE OUTPUT CONTROL TABLE.


 WRITE ALL  ITEMS TO THE DATABASE WITH A FREQUENCY OF NONE
   FOR ALL APPLICABLE ENTITIES

 WRITE NSOL ITEMS TO THE DATABASE WITH A FREQUENCY OF ALL 
   FOR ALL APPLICABLE ENTITIES

 WRITE RSOL ITEMS TO THE DATABASE WITH A FREQUENCY OF ALL 
   FOR ALL APPLICABLE ENTITIES

 WRITE EANG ITEMS TO THE DATABASE WITH A FREQUENCY OF ALL 
   FOR ALL APPLICABLE ENTITIES

 WRITE ETMP ITEMS TO THE DATABASE WITH A FREQUENCY OF ALL 
   FOR ALL APPLICABLE ENTITIES

 WRITE VENG ITEMS TO THE DATABASE WITH A FREQUENCY OF ALL 
   FOR ALL APPLICABLE ENTITIES

 WRITE STRS ITEMS TO THE DATABASE WITH A FREQUENCY OF ALL 
   FOR ALL APPLICABLE ENTITIES

 WRITE EPEL ITEMS TO THE DATABASE WITH A FREQUENCY OF ALL 
   FOR ALL APPLICABLE ENTITIES

 WRITE EPPL ITEMS TO THE DATABASE WITH A FREQUENCY OF ALL 
   FOR ALL APPLICABLE ENTITIES

 WRITE CONT ITEMS TO THE DATABASE WITH A FREQUENCY OF ALL 
   FOR ALL APPLICABLE ENTITIES

 WRITE V    ITEMS TO THE DATABASE WITH A FREQUENCY OF ALL 
   FOR ALL APPLICABLE ENTITIES

 WRITE A    ITEMS TO THE DATABASE WITH A FREQUENCY OF ALL 
   FOR ALL APPLICABLE ENTITIES

 WRITE MISC ITEMS TO THE DATABASE WITH A FREQUENCY OF ALL 
   FOR THE ENTITIES DEFINED BY COMPONENT _ELMISC 

 *****  MAPDL SOLVE    COMMAND  *****

 *** WARNING ***                         ELAPSED TIME =     221.058   TIME= 09:07:03
 Material number 16 (used by element 2217) should normally have at least 
 one MP or one TB type command associated with it.  Output of energy by  
 material may not be available.                                          

 *** NOTE ***                            ELAPSED TIME =     221.063   TIME= 09:07:03
 The step data was checked and warning messages were found.              
  Please review output or errors file ( F:\CoME\Forth Semester\Practice  
 FEM\Git_upload\06_Dynamic_Analysis\3_transient_analysis\06_3_ii_four_ba 
 r_mechanism\ansys\project_files\_ProjectScratch\Scr451E\file0.err )     
 for these warning messages.                                             

 *** NOTE ***                            ELAPSED TIME =     221.063   TIME= 09:07:03
 This nonlinear analysis defaults to using the full Newton-Raphson       
 solution procedure.  This can be modified using the NROPT command.      

 *** MAPDL - ENGINEERING ANALYSIS SYSTEM  RELEASE 2026 R1          26.1     ***
 Ansys Mechanical Enterprise Academic Student      
 01055371  VERSION=WINDOWS x64   09:07:03  AUG 09, 2026 Elapsed Time=    221.095

 four_bar_mechanism--Transient (B5)                                            



                      L O A D   S T E P   O P T I O N S

   LOAD STEP NUMBER. . . . . . . . . . . . . . . .    27
   TIME AT END OF THE LOAD STEP. . . . . . . . . .  27.000    
   AUTOMATIC TIME STEPPING . . . . . . . . . . . .    ON
      STARTING TIME STEP SIZE. . . . . . . . . . . 0.50000    
      MINIMUM TIME STEP SIZE . . . . . . . . . . . 0.50000    
      MAXIMUM TIME STEP SIZE . . . . . . . . . . . 0.50000    
   MAXIMUM NUMBER OF EQUILIBRIUM ITERATIONS. . . .    15
   STEP CHANGE BOUNDARY CONDITIONS . . . . . . . .   YES
   STRESS-STIFFENING . . . . . . . . . . . . . . .    ON
   TRANSIENT (INERTIA) EFFECTS
      STRUCTURAL DOFS. . . . . . . . . . . . . . .    ON
   TRANSIENT INTEGRATION PARAMETERS
      GAMMA. . . . . . . . . . . . . . . . . . . . 0.10000    
      ALPHA. . . . . . . . . . . . . . . . . . . . 0.30250    
      DELTA. . . . . . . . . . . . . . . . . . . . 0.60000    
      USING HHT TIME INTEGRATION
      ALPHAF . . . . . . . . . . . . . . . . . . . 0.10000    
      ALPHAM . . . . . . . . . . . . . . . . . . .  0.0000    
   TERMINATE ANALYSIS IF NOT CONVERGED . . . . . .YES (EXIT)  
   CONVERGENCE CONTROLS. . . . . . . . . . . . . .USE DEFAULTS
   PRINT OUTPUT CONTROLS . . . . . . . . . . . . .NO PRINTOUT
   DATABASE OUTPUT CONTROLS
      ITEM     FREQUENCY   COMPONENT
       ALL       NONE               
      NSOL        ALL               
      RSOL        ALL               
      EANG        ALL               
      ETMP        ALL               
      VENG        ALL               
      STRS        ALL               
      EPEL        ALL               
      EPPL        ALL               
      CONT        ALL               
      V           ALL               
      A           ALL               
      MISC        ALL       _ELMISC 


 SOLUTION MONITORING INFO IS WRITTEN TO FILE= file.mntr                                                                                                                                                                                                                                                           
 MAXIMUM NUMBER OF EQUILIBRIUM ITERATIONS HAS BEEN MODIFIED              
  TO BE, NEQIT = 25, BY SOLUTION CONTROL LOGIC.                          

     FORCE CONVERGENCE VALUE  =  0.6145E-01  CRITERION=  0.2723E-03
     MOMENT CONVERGENCE VALUE =  0.1023E-14  CRITERION=  0.2880E-01
     DISP CONVERGENCE VALUE   =   20.34      CRITERION=   1.017    
    EQUIL ITER   1 COMPLETED.  NEW TRIANG MATRIX.  MAX DOF INC=   20.34    
     DISP CONVERGENCE VALUE   =   1.017      CRITERION=   1.017     <<< CONVERGED
     LINE SEARCH PARAMETER =  0.5000E-01 SCALED MAX DOF INC =   1.017    
     FORCE CONVERGENCE VALUE  =   3196.      CRITERION=  0.2482E-03
     MOMENT CONVERGENCE VALUE =  0.1048E-10  CRITERION=  0.2632E-01 <<< CONVERGED
    EQUIL ITER   2 COMPLETED.  NEW TRIANG MATRIX.  MAX DOF INC=   19.29    
     DISP CONVERGENCE VALUE   =   19.29      CRITERION=   1.017    
     LINE SEARCH PARAMETER =   1.000     SCALED MAX DOF INC =   19.29    
     CONSTRAINT CONDITIONS ARE NOT SATISFIED FOR      2 JOINT ELEMENTS WITH LAG MULT OPTION
     FORCE CONVERGENCE VALUE  =  0.1145E+07  CRITERION=  0.3853    
     MOMENT CONVERGENCE VALUE =  0.3230E-05  CRITERION=   193.7     <<< CONVERGED
    EQUIL ITER   3 COMPLETED.  NEW TRIANG MATRIX.  MAX DOF INC=  0.7018    
     DISP CONVERGENCE VALUE   =  0.7000      CRITERION=   1.050     <<< CONVERGED
     LINE SEARCH PARAMETER =  0.9974     SCALED MAX DOF INC =  0.7000    
     CONSTRAINT CONDITIONS ARE NOT SATISFIED FOR      1 JOINT ELEMENTS WITH LAG MULT OPTION
     FORCE CONVERGENCE VALUE  =   3129.      CRITERION=   6.748    
     MOMENT CONVERGENCE VALUE =  0.2428E-06  CRITERION=   450.7     <<< CONVERGED
    EQUIL ITER   4 COMPLETED.  NEW TRIANG MATRIX.  MAX DOF INC=  0.3240    
     DISP CONVERGENCE VALUE   =  0.3240      CRITERION=   1.066     <<< CONVERGED
     LINE SEARCH PARAMETER =   1.000     SCALED MAX DOF INC =  0.3240    
     CONSTRAINT CONDITIONS ARE NOT SATISFIED FOR      1 JOINT ELEMENTS WITH LAG MULT OPTION
     FORCE CONVERGENCE VALUE  =   289.3      CRITERION=  0.1469E-01
     MOMENT CONVERGENCE VALUE =  0.3109E-06  CRITERION=  0.8503     <<< CONVERGED
    EQUIL ITER   5 COMPLETED.  NEW TRIANG MATRIX.  MAX DOF INC= -0.9926E-02
     DISP CONVERGENCE VALUE   =  0.9926E-02  CRITERION=   1.066     <<< CONVERGED
     LINE SEARCH PARAMETER =   1.000     SCALED MAX DOF INC = -0.9926E-02
     FORCE CONVERGENCE VALUE  =  0.3735      CRITERION=  0.3072E-01
     MOMENT CONVERGENCE VALUE =  0.4417E-11  CRITERION=  0.2583E-01 <<< CONVERGED
    EQUIL ITER   6 COMPLETED.  NEW TRIANG MATRIX.  MAX DOF INC= -0.5342E-04
     DISP CONVERGENCE VALUE   =  0.5340E-04  CRITERION=  0.1066     <<< CONVERGED
     LINE SEARCH PARAMETER =  0.9995     SCALED MAX DOF INC = -0.5340E-04
     FORCE CONVERGENCE VALUE  =  0.3394E-03  CRITERION=  0.3072E-01 <<< CONVERGED

 *** WARNING ***                         ELAPSED TIME =     225.706   TIME= 09:07:08
 A reference force value times the tolerance is used by the              
 Newton-Raphson method for checking convergence.  The calculated         
 reference FORCE CONVERGENCE VALUE = 4.725192593E-02 is less than a      
 threshold.  This threshold is internally calculated.  You can           
 overwrite it by specifying MINREF on the CNVTOL command.  Check         
 results carefully.                                                      
     MOMENT CONVERGENCE VALUE =  0.2164E-14  CRITERION=  0.2494E-01 <<< CONVERGED
    >>> SOLUTION CONVERGED AFTER EQUILIBRIUM ITERATION   6
 *** LOAD STEP    27   SUBSTEP     1  COMPLETED.    CUM ITER =    259
 *** TIME =   26.5000         TIME INC =  0.500000    
 *** RESPONSE FREQ =  111.4       PERIOD=  0.8974E-02  PTS/CYC = 0.18E-01
 *** AUTO STEP TIME:  NEXT TIME INC = 0.50000      UNCHANGED

     FORCE CONVERGENCE VALUE  =  0.6547E-01  CRITERION=  0.2363E-03
     MOMENT CONVERGENCE VALUE =  0.6093E-15  CRITERION=  0.2494E-01
     DISP CONVERGENCE VALUE   =   22.31      CRITERION=   1.116    
    EQUIL ITER   1 COMPLETED.  NEW TRIANG MATRIX.  MAX DOF INC=   22.31    
     DISP CONVERGENCE VALUE   =   1.116      CRITERION=   1.116     <<< CONVERGED
     LINE SEARCH PARAMETER =  0.5000E-01 SCALED MAX DOF INC =   1.116    
     FORCE CONVERGENCE VALUE  =   3439.      CRITERION=  0.2154E-03
     MOMENT CONVERGENCE VALUE =  0.1002E-10  CRITERION=  0.2280E-01 <<< CONVERGED
    EQUIL ITER   2 COMPLETED.  NEW TRIANG MATRIX.  MAX DOF INC=   21.14    
     DISP CONVERGENCE VALUE   =   21.14      CRITERION=   1.116    
     LINE SEARCH PARAMETER =   1.000     SCALED MAX DOF INC =   21.14    
     CONSTRAINT CONDITIONS ARE NOT SATISFIED FOR      2 JOINT ELEMENTS WITH LAG MULT OPTION
     FORCE CONVERGENCE VALUE  =  0.1232E+07  CRITERION=  0.5712    
     MOMENT CONVERGENCE VALUE =  0.4925E-05  CRITERION=   215.0     <<< CONVERGED
    EQUIL ITER   3 COMPLETED.  NEW TRIANG MATRIX.  MAX DOF INC=  0.7829    
     DISP CONVERGENCE VALUE   =  0.7812      CRITERION=   1.143     <<< CONVERGED
     LINE SEARCH PARAMETER =  0.9978     SCALED MAX DOF INC =  0.7812    
     CONSTRAINT CONDITIONS ARE NOT SATISFIED FOR      1 JOINT ELEMENTS WITH LAG MULT OPTION
     FORCE CONVERGENCE VALUE  =   3184.      CRITERION=   8.897    
     MOMENT CONVERGENCE VALUE =  0.2757E-06  CRITERION=   579.4     <<< CONVERGED
    EQUIL ITER   4 COMPLETED.  NEW TRIANG MATRIX.  MAX DOF INC=  0.4422    
     DISP CONVERGENCE VALUE   =  0.4422      CRITERION=   1.165     <<< CONVERGED
     LINE SEARCH PARAMETER =   1.000     SCALED MAX DOF INC =  0.4422    
     CONSTRAINT CONDITIONS ARE NOT SATISFIED FOR      2 JOINT ELEMENTS WITH LAG MULT OPTION
     FORCE CONVERGENCE VALUE  =   509.5      CRITERION=  0.2122E-01
     MOMENT CONVERGENCE VALUE =  0.5225E-06  CRITERION=   1.238     <<< CONVERGED
    EQUIL ITER   5 COMPLETED.  NEW TRIANG MATRIX.  MAX DOF INC= -0.1260E-01
     DISP CONVERGENCE VALUE   =  0.1260E-01  CRITERION=   1.165     <<< CONVERGED
     LINE SEARCH PARAMETER =   1.000     SCALED MAX DOF INC = -0.1260E-01
     FORCE CONVERGENCE VALUE  =  0.5777      CRITERION=  0.3274E-01
     MOMENT CONVERGENCE VALUE =  0.1116E-10  CRITERION=  0.3835E-01 <<< CONVERGED
    EQUIL ITER   6 COMPLETED.  NEW TRIANG MATRIX.  MAX DOF INC= -0.1276E-03
     DISP CONVERGENCE VALUE   =  0.1276E-03  CRITERION=  0.1165     <<< CONVERGED
     LINE SEARCH PARAMETER =  0.9995     SCALED MAX DOF INC = -0.1276E-03
     FORCE CONVERGENCE VALUE  =  0.7782E-03  CRITERION=  0.3274E-01 <<< CONVERGED
     MOMENT CONVERGENCE VALUE =  0.6112E-14  CRITERION=  0.3560E-01 <<< CONVERGED
    >>> SOLUTION CONVERGED AFTER EQUILIBRIUM ITERATION   6
 *** LOAD STEP    27   SUBSTEP     2  COMPLETED.    CUM ITER =    265
 *** TIME =   27.0000         TIME INC =  0.500000    
 *** RESPONSE FREQ =  109.9       PERIOD=  0.9103E-02  PTS/CYC = 0.18E-01
 ****************************************************
 *************** FINISHED SOLVE FOR LS 27 *************
 ****************************************************
 ******************* SOLVE FOR LS 28 OF 45 ****************

 PRINTOUT RESUMED BY /GOP

 USE AUTOMATIC TIME STEPPING THIS LOAD STEP

 USE INITIAL TIME STEP SIZE OF 0.5000000     FOR ALL  DEGREES OF FREEDOM
 FOR AUTOMATIC TIME STEPPING:
   USE 0.5000000     AS THE MINIMUM TIME STEP SIZE
   USE 0.5000000     AS THE MAXIMUM TIME STEP SIZE

 TIME=  28.000    

 INCLUDE TRANSIENT EFFECTS FOR  ALL DEGREES OF FREEDOM THIS LOAD STEP

 ERASE THE CURRENT DATABASE OUTPUT CONTROL TABLE.


 WRITE ALL  ITEMS TO THE DATABASE WITH A FREQUENCY OF NONE
   FOR ALL APPLICABLE ENTITIES

 WRITE NSOL ITEMS TO THE DATABASE WITH A FREQUENCY OF ALL 
   FOR ALL APPLICABLE ENTITIES

 WRITE RSOL ITEMS TO THE DATABASE WITH A FREQUENCY OF ALL 
   FOR ALL APPLICABLE ENTITIES

 WRITE EANG ITEMS TO THE DATABASE WITH A FREQUENCY OF ALL 
   FOR ALL APPLICABLE ENTITIES

 WRITE ETMP ITEMS TO THE DATABASE WITH A FREQUENCY OF ALL 
   FOR ALL APPLICABLE ENTITIES

 WRITE VENG ITEMS TO THE DATABASE WITH A FREQUENCY OF ALL 
   FOR ALL APPLICABLE ENTITIES

 WRITE STRS ITEMS TO THE DATABASE WITH A FREQUENCY OF ALL 
   FOR ALL APPLICABLE ENTITIES

 WRITE EPEL ITEMS TO THE DATABASE WITH A FREQUENCY OF ALL 
   FOR ALL APPLICABLE ENTITIES

 WRITE EPPL ITEMS TO THE DATABASE WITH A FREQUENCY OF ALL 
   FOR ALL APPLICABLE ENTITIES

 WRITE CONT ITEMS TO THE DATABASE WITH A FREQUENCY OF ALL 
   FOR ALL APPLICABLE ENTITIES

 WRITE V    ITEMS TO THE DATABASE WITH A FREQUENCY OF ALL 
   FOR ALL APPLICABLE ENTITIES

 WRITE A    ITEMS TO THE DATABASE WITH A FREQUENCY OF ALL 
   FOR ALL APPLICABLE ENTITIES

 WRITE MISC ITEMS TO THE DATABASE WITH A FREQUENCY OF ALL 
   FOR THE ENTITIES DEFINED BY COMPONENT _ELMISC 

 *****  MAPDL SOLVE    COMMAND  *****

 *** WARNING ***                         ELAPSED TIME =     230.743   TIME= 09:07:13
 Material number 16 (used by element 2217) should normally have at least 
 one MP or one TB type command associated with it.  Output of energy by  
 material may not be available.                                          

 *** NOTE ***                            ELAPSED TIME =     230.748   TIME= 09:07:13
 The step data was checked and warning messages were found.              
  Please review output or errors file ( F:\CoME\Forth Semester\Practice  
 FEM\Git_upload\06_Dynamic_Analysis\3_transient_analysis\06_3_ii_four_ba 
 r_mechanism\ansys\project_files\_ProjectScratch\Scr451E\file0.err )     
 for these warning messages.                                             

 *** NOTE ***                            ELAPSED TIME =     230.748   TIME= 09:07:13
 This nonlinear analysis defaults to using the full Newton-Raphson       
 solution procedure.  This can be modified using the NROPT command.      

 *** MAPDL - ENGINEERING ANALYSIS SYSTEM  RELEASE 2026 R1          26.1     ***
 Ansys Mechanical Enterprise Academic Student      
 01055371  VERSION=WINDOWS x64   09:07:13  AUG 09, 2026 Elapsed Time=    230.794

 four_bar_mechanism--Transient (B5)                                            



                      L O A D   S T E P   O P T I O N S

   LOAD STEP NUMBER. . . . . . . . . . . . . . . .    28
   TIME AT END OF THE LOAD STEP. . . . . . . . . .  28.000    
   AUTOMATIC TIME STEPPING . . . . . . . . . . . .    ON
      STARTING TIME STEP SIZE. . . . . . . . . . . 0.50000    
      MINIMUM TIME STEP SIZE . . . . . . . . . . . 0.50000    
      MAXIMUM TIME STEP SIZE . . . . . . . . . . . 0.50000    
   MAXIMUM NUMBER OF EQUILIBRIUM ITERATIONS. . . .    15
   STEP CHANGE BOUNDARY CONDITIONS . . . . . . . .   YES
   STRESS-STIFFENING . . . . . . . . . . . . . . .    ON
   TRANSIENT (INERTIA) EFFECTS
      STRUCTURAL DOFS. . . . . . . . . . . . . . .    ON
   TRANSIENT INTEGRATION PARAMETERS
      GAMMA. . . . . . . . . . . . . . . . . . . . 0.10000    
      ALPHA. . . . . . . . . . . . . . . . . . . . 0.30250    
      DELTA. . . . . . . . . . . . . . . . . . . . 0.60000    
      USING HHT TIME INTEGRATION
      ALPHAF . . . . . . . . . . . . . . . . . . . 0.10000    
      ALPHAM . . . . . . . . . . . . . . . . . . .  0.0000    
   TERMINATE ANALYSIS IF NOT CONVERGED . . . . . .YES (EXIT)  
   CONVERGENCE CONTROLS. . . . . . . . . . . . . .USE DEFAULTS
   PRINT OUTPUT CONTROLS . . . . . . . . . . . . .NO PRINTOUT
   DATABASE OUTPUT CONTROLS
      ITEM     FREQUENCY   COMPONENT
       ALL       NONE               
      NSOL        ALL               
      RSOL        ALL               
      EANG        ALL               
      ETMP        ALL               
      VENG        ALL               
      STRS        ALL               
      EPEL        ALL               
      EPPL        ALL               
      CONT        ALL               
      V           ALL               
      A           ALL               
      MISC        ALL       _ELMISC 


 SOLUTION MONITORING INFO IS WRITTEN TO FILE= file.mntr                                                                                                                                                                                                                                                           
 MAXIMUM NUMBER OF EQUILIBRIUM ITERATIONS HAS BEEN MODIFIED              
  TO BE, NEQIT = 25, BY SOLUTION CONTROL LOGIC.                          

     FORCE CONVERGENCE VALUE  =  0.7092E-01  CRITERION=  0.3231E-03
     MOMENT CONVERGENCE VALUE =  0.1193E-14  CRITERION=  0.3560E-01
     DISP CONVERGENCE VALUE   =   24.27      CRITERION=   1.214    
    EQUIL ITER   1 COMPLETED.  NEW TRIANG MATRIX.  MAX DOF INC=   24.27    
     DISP CONVERGENCE VALUE   =   1.214      CRITERION=   1.214     <<< CONVERGED
     LINE SEARCH PARAMETER =  0.5000E-01 SCALED MAX DOF INC =   1.214    
     FORCE CONVERGENCE VALUE  =   3777.      CRITERION=  0.2947E-03
     MOMENT CONVERGENCE VALUE =  0.1291E-10  CRITERION=  0.3254E-01 <<< CONVERGED
    EQUIL ITER   2 COMPLETED.  NEW TRIANG MATRIX.  MAX DOF INC=   22.96    
     DISP CONVERGENCE VALUE   =   22.96      CRITERION=   1.214    
     LINE SEARCH PARAMETER =   1.000     SCALED MAX DOF INC =   22.96    
     CONSTRAINT CONDITIONS ARE NOT SATISFIED FOR      2 JOINT ELEMENTS WITH LAG MULT OPTION
     FORCE CONVERGENCE VALUE  =  0.1351E+07  CRITERION=  0.8403    
     MOMENT CONVERGENCE VALUE =  0.7432E-05  CRITERION=   247.2     <<< CONVERGED
    EQUIL ITER   3 COMPLETED.  NEW TRIANG MATRIX.  MAX DOF INC=  0.8717    
     DISP CONVERGENCE VALUE   =  0.8700      CRITERION=   1.232     <<< CONVERGED
     LINE SEARCH PARAMETER =  0.9981     SCALED MAX DOF INC =  0.8700    
     CONSTRAINT CONDITIONS ARE NOT SATISFIED FOR      1 JOINT ELEMENTS WITH LAG MULT OPTION
     FORCE CONVERGENCE VALUE  =   3151.      CRITERION=   11.29    
     MOMENT CONVERGENCE VALUE =  0.2754E-06  CRITERION=   734.1     <<< CONVERGED
    EQUIL ITER   4 COMPLETED.  NEW TRIANG MATRIX.  MAX DOF INC=  0.5913    
     DISP CONVERGENCE VALUE   =  0.5913      CRITERION=   1.261     <<< CONVERGED
     LINE SEARCH PARAMETER =   1.000     SCALED MAX DOF INC =  0.5913    
     CONSTRAINT CONDITIONS ARE NOT SATISFIED FOR      2 JOINT ELEMENTS WITH LAG MULT OPTION
     FORCE CONVERGENCE VALUE  =   895.6      CRITERION=  0.2824E-01
     MOMENT CONVERGENCE VALUE =  0.8462E-06  CRITERION=   1.711     <<< CONVERGED
    EQUIL ITER   5 COMPLETED.  NEW TRIANG MATRIX.  MAX DOF INC= -0.1519E-01
     DISP CONVERGENCE VALUE   =  0.1519E-01  CRITERION=   1.261     <<< CONVERGED
     LINE SEARCH PARAMETER =   1.000     SCALED MAX DOF INC = -0.1519E-01
     FORCE CONVERGENCE VALUE  =  0.8329      CRITERION=  0.3546E-01
     MOMENT CONVERGENCE VALUE =  0.2289E-10  CRITERION=  0.4304E-01 <<< CONVERGED
    EQUIL ITER   6 COMPLETED.  NEW TRIANG MATRIX.  MAX DOF INC= -0.2838E-03
     DISP CONVERGENCE VALUE   =  0.2837E-03  CRITERION=  0.1261     <<< CONVERGED
     LINE SEARCH PARAMETER =  0.9995     SCALED MAX DOF INC = -0.2837E-03
     FORCE CONVERGENCE VALUE  =  0.1866E-02  CRITERION=  0.3546E-01 <<< CONVERGED

 *** WARNING ***                         ELAPSED TIME =     235.057   TIME= 09:07:17
 A reference force value times the tolerance is used by the              
 Newton-Raphson method for checking convergence.  The calculated         
 reference FORCE CONVERGENCE VALUE = 6.151246452E-02 is less than a      
 threshold.  This threshold is internally calculated.  You can           
 overwrite it by specifying MINREF on the CNVTOL command.  Check         
 results carefully.                                                      
     MOMENT CONVERGENCE VALUE =  0.1730E-13  CRITERION=  0.3341E-01 <<< CONVERGED
    >>> SOLUTION CONVERGED AFTER EQUILIBRIUM ITERATION   6
 *** LOAD STEP    28   SUBSTEP     1  COMPLETED.    CUM ITER =    271
 *** TIME =   27.5000         TIME INC =  0.500000    
 *** RESPONSE FREQ =  110.5       PERIOD=  0.9050E-02  PTS/CYC = 0.18E-01
 *** AUTO STEP TIME:  NEXT TIME INC = 0.50000      UNCHANGED

     FORCE CONVERGENCE VALUE  =  0.7555E-01  CRITERION=  0.3076E-03
     MOMENT CONVERGENCE VALUE =  0.3001E-14  CRITERION=  0.3341E-01
     DISP CONVERGENCE VALUE   =   26.15      CRITERION=   1.307    
    EQUIL ITER   1 COMPLETED.  NEW TRIANG MATRIX.  MAX DOF INC=   26.15    
     DISP CONVERGENCE VALUE   =   1.307      CRITERION=   1.307     <<< CONVERGED
     LINE SEARCH PARAMETER =  0.5000E-01 SCALED MAX DOF INC =   1.307    
     FORCE CONVERGENCE VALUE  =   4232.      CRITERION=  0.2806E-03
     MOMENT CONVERGENCE VALUE =  0.1293E-10  CRITERION=  0.3054E-01 <<< CONVERGED
    EQUIL ITER   2 COMPLETED.  NEW TRIANG MATRIX.  MAX DOF INC=   24.68    
     DISP CONVERGENCE VALUE   =   24.68      CRITERION=   1.307    
     LINE SEARCH PARAMETER =   1.000     SCALED MAX DOF INC =   24.68    
     CONSTRAINT CONDITIONS ARE NOT SATISFIED FOR      2 JOINT ELEMENTS WITH LAG MULT OPTION
     FORCE CONVERGENCE VALUE  =  0.1510E+07  CRITERION=   1.226    
     MOMENT CONVERGENCE VALUE =  0.1108E-04  CRITERION=   294.9     <<< CONVERGED
    EQUIL ITER   3 COMPLETED.  NEW TRIANG MATRIX.  MAX DOF INC=  0.9487    
     DISP CONVERGENCE VALUE   =  0.9470      CRITERION=   1.313     <<< CONVERGED
     LINE SEARCH PARAMETER =  0.9981     SCALED MAX DOF INC =  0.9470    
     CONSTRAINT CONDITIONS ARE NOT SATISFIED FOR      1 JOINT ELEMENTS WITH LAG MULT OPTION
     FORCE CONVERGENCE VALUE  =   3078.      CRITERION=   13.71    
     MOMENT CONVERGENCE VALUE =  0.2367E-06  CRITERION=   906.9     <<< CONVERGED
    EQUIL ITER   4 COMPLETED.  NEW TRIANG MATRIX.  MAX DOF INC=  0.7667    
     DISP CONVERGENCE VALUE   =  0.7660      CRITERION=   1.351     <<< CONVERGED
     LINE SEARCH PARAMETER =  0.9991     SCALED MAX DOF INC =  0.7660    
     CONSTRAINT CONDITIONS ARE NOT SATISFIED FOR      2 JOINT ELEMENTS WITH LAG MULT OPTION
     FORCE CONVERGENCE VALUE  =   1533.      CRITERION=  0.4670E-01
     MOMENT CONVERGENCE VALUE =  0.1300E-05  CRITERION=   3.020     <<< CONVERGED
    EQUIL ITER   5 COMPLETED.  NEW TRIANG MATRIX.  MAX DOF INC= -0.1774E-01
     DISP CONVERGENCE VALUE   =  0.1774E-01  CRITERION=   1.351     <<< CONVERGED
     LINE SEARCH PARAMETER =   1.000     SCALED MAX DOF INC = -0.1774E-01
     FORCE CONVERGENCE VALUE  =   1.184      CRITERION=  0.1648E-01
     MOMENT CONVERGENCE VALUE =  0.5789E-10  CRITERION=  0.7067E-01 <<< CONVERGED
    EQUIL ITER   6 COMPLETED.  NEW TRIANG MATRIX.  MAX DOF INC= -0.5936E-03
     DISP CONVERGENCE VALUE   =  0.5933E-03  CRITERION=  0.1351     <<< CONVERGED
     LINE SEARCH PARAMETER =  0.9994     SCALED MAX DOF INC = -0.5933E-03
     FORCE CONVERGENCE VALUE  =  0.4519E-02  CRITERION=  0.3777E-01 <<< CONVERGED
     MOMENT CONVERGENCE VALUE =  0.6431E-13  CRITERION=  0.4272E-01 <<< CONVERGED
    >>> SOLUTION CONVERGED AFTER EQUILIBRIUM ITERATION   6
 *** LOAD STEP    28   SUBSTEP     2  COMPLETED.    CUM ITER =    277
 *** TIME =   28.0000         TIME INC =  0.500000    
 *** RESPONSE FREQ =  113.5       PERIOD=  0.8813E-02  PTS/CYC = 0.18E-01
 ****************************************************
 *************** FINISHED SOLVE FOR LS 28 *************
 ****************************************************
 ******************* SOLVE FOR LS 29 OF 45 ****************

 PRINTOUT RESUMED BY /GOP

 USE AUTOMATIC TIME STEPPING THIS LOAD STEP

 USE INITIAL TIME STEP SIZE OF 0.5000000     FOR ALL  DEGREES OF FREEDOM
 FOR AUTOMATIC TIME STEPPING:
   USE 0.5000000     AS THE MINIMUM TIME STEP SIZE
   USE 0.5000000     AS THE MAXIMUM TIME STEP SIZE

 TIME=  29.000    

 INCLUDE TRANSIENT EFFECTS FOR  ALL DEGREES OF FREEDOM THIS LOAD STEP

 ERASE THE CURRENT DATABASE OUTPUT CONTROL TABLE.


 WRITE ALL  ITEMS TO THE DATABASE WITH A FREQUENCY OF NONE
   FOR ALL APPLICABLE ENTITIES

 WRITE NSOL ITEMS TO THE DATABASE WITH A FREQUENCY OF ALL 
   FOR ALL APPLICABLE ENTITIES

 WRITE RSOL ITEMS TO THE DATABASE WITH A FREQUENCY OF ALL 
   FOR ALL APPLICABLE ENTITIES

 WRITE EANG ITEMS TO THE DATABASE WITH A FREQUENCY OF ALL 
   FOR ALL APPLICABLE ENTITIES

 WRITE ETMP ITEMS TO THE DATABASE WITH A FREQUENCY OF ALL 
   FOR ALL APPLICABLE ENTITIES

 WRITE VENG ITEMS TO THE DATABASE WITH A FREQUENCY OF ALL 
   FOR ALL APPLICABLE ENTITIES

 WRITE STRS ITEMS TO THE DATABASE WITH A FREQUENCY OF ALL 
   FOR ALL APPLICABLE ENTITIES

 WRITE EPEL ITEMS TO THE DATABASE WITH A FREQUENCY OF ALL 
   FOR ALL APPLICABLE ENTITIES

 WRITE EPPL ITEMS TO THE DATABASE WITH A FREQUENCY OF ALL 
   FOR ALL APPLICABLE ENTITIES

 WRITE CONT ITEMS TO THE DATABASE WITH A FREQUENCY OF ALL 
   FOR ALL APPLICABLE ENTITIES

 WRITE V    ITEMS TO THE DATABASE WITH A FREQUENCY OF ALL 
   FOR ALL APPLICABLE ENTITIES

 WRITE A    ITEMS TO THE DATABASE WITH A FREQUENCY OF ALL 
   FOR ALL APPLICABLE ENTITIES

 WRITE MISC ITEMS TO THE DATABASE WITH A FREQUENCY OF ALL 
   FOR THE ENTITIES DEFINED BY COMPONENT _ELMISC 

 *****  MAPDL SOLVE    COMMAND  *****

 *** WARNING ***                         ELAPSED TIME =     239.640   TIME= 09:07:22
 Material number 16 (used by element 2217) should normally have at least 
 one MP or one TB type command associated with it.  Output of energy by  
 material may not be available.                                          

 *** NOTE ***                            ELAPSED TIME =     239.644   TIME= 09:07:22
 The step data was checked and warning messages were found.              
  Please review output or errors file ( F:\CoME\Forth Semester\Practice  
 FEM\Git_upload\06_Dynamic_Analysis\3_transient_analysis\06_3_ii_four_ba 
 r_mechanism\ansys\project_files\_ProjectScratch\Scr451E\file0.err )     
 for these warning messages.                                             

 *** NOTE ***                            ELAPSED TIME =     239.644   TIME= 09:07:22
 This nonlinear analysis defaults to using the full Newton-Raphson       
 solution procedure.  This can be modified using the NROPT command.      

 *** MAPDL - ENGINEERING ANALYSIS SYSTEM  RELEASE 2026 R1          26.1     ***
 Ansys Mechanical Enterprise Academic Student      
 01055371  VERSION=WINDOWS x64   09:07:22  AUG 09, 2026 Elapsed Time=    239.684

 four_bar_mechanism--Transient (B5)                                            



                      L O A D   S T E P   O P T I O N S

   LOAD STEP NUMBER. . . . . . . . . . . . . . . .    29
   TIME AT END OF THE LOAD STEP. . . . . . . . . .  29.000    
   AUTOMATIC TIME STEPPING . . . . . . . . . . . .    ON
      STARTING TIME STEP SIZE. . . . . . . . . . . 0.50000    
      MINIMUM TIME STEP SIZE . . . . . . . . . . . 0.50000    
      MAXIMUM TIME STEP SIZE . . . . . . . . . . . 0.50000    
   MAXIMUM NUMBER OF EQUILIBRIUM ITERATIONS. . . .    15
   STEP CHANGE BOUNDARY CONDITIONS . . . . . . . .   YES
   STRESS-STIFFENING . . . . . . . . . . . . . . .    ON
   TRANSIENT (INERTIA) EFFECTS
      STRUCTURAL DOFS. . . . . . . . . . . . . . .    ON
   TRANSIENT INTEGRATION PARAMETERS
      GAMMA. . . . . . . . . . . . . . . . . . . . 0.10000    
      ALPHA. . . . . . . . . . . . . . . . . . . . 0.30250    
      DELTA. . . . . . . . . . . . . . . . . . . . 0.60000    
      USING HHT TIME INTEGRATION
      ALPHAF . . . . . . . . . . . . . . . . . . . 0.10000    
      ALPHAM . . . . . . . . . . . . . . . . . . .  0.0000    
   TERMINATE ANALYSIS IF NOT CONVERGED . . . . . .YES (EXIT)  
   CONVERGENCE CONTROLS. . . . . . . . . . . . . .USE DEFAULTS
   PRINT OUTPUT CONTROLS . . . . . . . . . . . . .NO PRINTOUT
   DATABASE OUTPUT CONTROLS
      ITEM     FREQUENCY   COMPONENT
       ALL       NONE               
      NSOL        ALL               
      RSOL        ALL               
      EANG        ALL               
      ETMP        ALL               
      VENG        ALL               
      STRS        ALL               
      EPEL        ALL               
      EPPL        ALL               
      CONT        ALL               
      V           ALL               
      A           ALL               
      MISC        ALL       _ELMISC 


 SOLUTION MONITORING INFO IS WRITTEN TO FILE= file.mntr                                                                                                                                                                                                                                                           
 MAXIMUM NUMBER OF EQUILIBRIUM ITERATIONS HAS BEEN MODIFIED              
  TO BE, NEQIT = 25, BY SOLUTION CONTROL LOGIC.                          

     FORCE CONVERGENCE VALUE  =  0.8122E-01  CRITERION=  0.3868E-03
     MOMENT CONVERGENCE VALUE =  0.8438E-14  CRITERION=  0.4272E-01
     DISP CONVERGENCE VALUE   =   27.85      CRITERION=   1.393    
    EQUIL ITER   1 COMPLETED.  NEW TRIANG MATRIX.  MAX DOF INC=   27.85    
     DISP CONVERGENCE VALUE   =   1.393      CRITERION=   1.393     <<< CONVERGED
     LINE SEARCH PARAMETER =  0.5000E-01 SCALED MAX DOF INC =   1.393    
     FORCE CONVERGENCE VALUE  =   4819.      CRITERION=  0.3529E-03
     MOMENT CONVERGENCE VALUE =  0.1566E-10  CRITERION=  0.3903E-01 <<< CONVERGED
    EQUIL ITER   2 COMPLETED.  NEW TRIANG MATRIX.  MAX DOF INC=   26.20    
     DISP CONVERGENCE VALUE   =   26.20      CRITERION=   1.393    
     LINE SEARCH PARAMETER =   1.000     SCALED MAX DOF INC =   26.20    
     CONSTRAINT CONDITIONS ARE NOT SATISFIED FOR      2 JOINT ELEMENTS WITH LAG MULT OPTION
     FORCE CONVERGENCE VALUE  =  0.1712E+07  CRITERION=   1.770    
     MOMENT CONVERGENCE VALUE =  0.1629E-04  CRITERION=   363.9     <<< CONVERGED
    EQUIL ITER   3 COMPLETED.  NEW TRIANG MATRIX.  MAX DOF INC=   1.011    
     DISP CONVERGENCE VALUE   =   1.009      CRITERION=   1.393     <<< CONVERGED
     LINE SEARCH PARAMETER =  0.9980     SCALED MAX DOF INC =   1.009    
     CONSTRAINT CONDITIONS ARE NOT SATISFIED FOR      2 JOINT ELEMENTS WITH LAG MULT OPTION
     FORCE CONVERGENCE VALUE  =   3055.      CRITERION=   15.92    
     MOMENT CONVERGENCE VALUE =  0.1768E-06  CRITERION=   1085.     <<< CONVERGED
    EQUIL ITER   4 COMPLETED.  NEW TRIANG MATRIX.  MAX DOF INC=  0.9571    
     DISP CONVERGENCE VALUE   =  0.9533      CRITERION=   1.429     <<< CONVERGED
     LINE SEARCH PARAMETER =  0.9960     SCALED MAX DOF INC =  0.9533    
     CONSTRAINT CONDITIONS ARE NOT SATISFIED FOR      2 JOINT ELEMENTS WITH LAG MULT OPTION
     FORCE CONVERGENCE VALUE  =   2510.      CRITERION=  0.1008    
     MOMENT CONVERGENCE VALUE =  0.1879E-05  CRITERION=   6.978     <<< CONVERGED
    EQUIL ITER   5 COMPLETED.  NEW TRIANG MATRIX.  MAX DOF INC= -0.2109E-01
     DISP CONVERGENCE VALUE   =  0.2109E-01  CRITERION=   1.430     <<< CONVERGED
     LINE SEARCH PARAMETER =   1.000     SCALED MAX DOF INC = -0.2109E-01
     FORCE CONVERGENCE VALUE  =   1.752      CRITERION=  0.7107E-02
     MOMENT CONVERGENCE VALUE =  0.1910E-09  CRITERION=  0.1273     <<< CONVERGED
    EQUIL ITER   6 COMPLETED.  NEW TRIANG MATRIX.  MAX DOF INC= -0.1223E-02
     DISP CONVERGENCE VALUE   =  0.1222E-02  CRITERION=  0.1430     <<< CONVERGED
     LINE SEARCH PARAMETER =  0.9993     SCALED MAX DOF INC = -0.1222E-02
     FORCE CONVERGENCE VALUE  =  0.1154E-01  CRITERION=  0.4061E-01 <<< CONVERGED

 *** WARNING ***                         ELAPSED TIME =     243.850   TIME= 09:07:26
 A reference force value times the tolerance is used by the              
 Newton-Raphson method for checking convergence.  The calculated         
 reference FORCE CONVERGENCE VALUE = 7.667220435E-02 is less than a      
 threshold.  This threshold is internally calculated.  You can           
 overwrite it by specifying MINREF on the CNVTOL command.  Check         
 results carefully.                                                      
     MOMENT CONVERGENCE VALUE =  0.3098E-12  CRITERION=  0.4083E-01 <<< CONVERGED
    >>> SOLUTION CONVERGED AFTER EQUILIBRIUM ITERATION   6
 *** LOAD STEP    29   SUBSTEP     1  COMPLETED.    CUM ITER =    283
 *** TIME =   28.5000         TIME INC =  0.500000    
 *** RESPONSE FREQ =  118.7       PERIOD=  0.8422E-02  PTS/CYC = 0.17E-01
 *** AUTO STEP TIME:  NEXT TIME INC = 0.50000      UNCHANGED

     FORCE CONVERGENCE VALUE  =  0.8681E-01  CRITERION=  0.3834E-03
     MOMENT CONVERGENCE VALUE =  0.3561E-13  CRITERION=  0.4083E-01
     DISP CONVERGENCE VALUE   =   29.28      CRITERION=   1.464    
    EQUIL ITER   1 COMPLETED.  NEW TRIANG MATRIX.  MAX DOF INC=   29.28    
     DISP CONVERGENCE VALUE   =   1.464      CRITERION=   1.464     <<< CONVERGED
     LINE SEARCH PARAMETER =  0.5000E-01 SCALED MAX DOF INC =   1.464    
     FORCE CONVERGENCE VALUE  =   5545.      CRITERION=  0.3499E-03
     MOMENT CONVERGENCE VALUE =  0.1577E-10  CRITERION=  0.3730E-01 <<< CONVERGED
    EQUIL ITER   2 COMPLETED.  NEW TRIANG MATRIX.  MAX DOF INC=   27.43    
     DISP CONVERGENCE VALUE   =   27.43      CRITERION=   1.464    
     LINE SEARCH PARAMETER =   1.000     SCALED MAX DOF INC =   27.43    
     CONSTRAINT CONDITIONS ARE NOT SATISFIED FOR      2 JOINT ELEMENTS WITH LAG MULT OPTION
     FORCE CONVERGENCE VALUE  =  0.1957E+07  CRITERION=   2.522    
     MOMENT CONVERGENCE VALUE =  0.2350E-04  CRITERION=   460.8     <<< CONVERGED
    EQUIL ITER   3 COMPLETED.  NEW TRIANG MATRIX.  MAX DOF INC=   1.056    
     DISP CONVERGENCE VALUE   =   1.054      CRITERION=   1.464     <<< CONVERGED
     LINE SEARCH PARAMETER =  0.9976     SCALED MAX DOF INC =   1.054    
     CONSTRAINT CONDITIONS ARE NOT SATISFIED FOR      1 JOINT ELEMENTS WITH LAG MULT OPTION
     FORCE CONVERGENCE VALUE  =   3210.      CRITERION=   17.69    
     MOMENT CONVERGENCE VALUE =  0.1284E-06  CRITERION=   1257.     <<< CONVERGED
    EQUIL ITER   4 COMPLETED.  NEW TRIANG MATRIX.  MAX DOF INC=   1.148    
     DISP CONVERGENCE VALUE   =   1.137      CRITERION=   1.491     <<< CONVERGED
     LINE SEARCH PARAMETER =  0.9907     SCALED MAX DOF INC =   1.137    
     CONSTRAINT CONDITIONS ARE NOT SATISFIED FOR      2 JOINT ELEMENTS WITH LAG MULT OPTION
     FORCE CONVERGENCE VALUE  =   3905.      CRITERION=  0.2039    
     MOMENT CONVERGENCE VALUE =  0.2564E-05  CRITERION=   14.84     <<< CONVERGED
    EQUIL ITER   5 COMPLETED.  NEW TRIANG MATRIX.  MAX DOF INC= -0.2677E-01
     DISP CONVERGENCE VALUE   =  0.2677E-01  CRITERION=   1.492     <<< CONVERGED
     LINE SEARCH PARAMETER =   1.000     SCALED MAX DOF INC = -0.2677E-01
     FORCE CONVERGENCE VALUE  =   2.533      CRITERION=  0.2888E-02
     MOMENT CONVERGENCE VALUE =  0.6408E-09  CRITERION=  0.2939     <<< CONVERGED
    EQUIL ITER   6 COMPLETED.  NEW TRIANG MATRIX.  MAX DOF INC= -0.2578E-02
     DISP CONVERGENCE VALUE   =  0.2576E-02  CRITERION=  0.1492     <<< CONVERGED
     LINE SEARCH PARAMETER =  0.9992     SCALED MAX DOF INC = -0.2576E-02
     FORCE CONVERGENCE VALUE  =  0.3378E-01  CRITERION=  0.4340E-01 <<< CONVERGED
     MOMENT CONVERGENCE VALUE =  0.1617E-11  CRITERION=  0.4711E-01 <<< CONVERGED
    >>> SOLUTION CONVERGED AFTER EQUILIBRIUM ITERATION   6
 *** LOAD STEP    29   SUBSTEP     2  COMPLETED.    CUM ITER =    289
 *** TIME =   29.0000         TIME INC =  0.500000    
 *** RESPONSE FREQ =  126.1       PERIOD=  0.7932E-02  PTS/CYC = 0.16E-01
 ****************************************************
 *************** FINISHED SOLVE FOR LS 29 *************
 ****************************************************
 ******************* SOLVE FOR LS 30 OF 45 ****************

 PRINTOUT RESUMED BY /GOP

 USE AUTOMATIC TIME STEPPING THIS LOAD STEP

 USE INITIAL TIME STEP SIZE OF 0.5000000     FOR ALL  DEGREES OF FREEDOM
 FOR AUTOMATIC TIME STEPPING:
   USE 0.5000000     AS THE MINIMUM TIME STEP SIZE
   USE 0.5000000     AS THE MAXIMUM TIME STEP SIZE

 TIME=  30.000    

 INCLUDE TRANSIENT EFFECTS FOR  ALL DEGREES OF FREEDOM THIS LOAD STEP

 ERASE THE CURRENT DATABASE OUTPUT CONTROL TABLE.


 WRITE ALL  ITEMS TO THE DATABASE WITH A FREQUENCY OF NONE
   FOR ALL APPLICABLE ENTITIES

 WRITE NSOL ITEMS TO THE DATABASE WITH A FREQUENCY OF ALL 
   FOR ALL APPLICABLE ENTITIES

 WRITE RSOL ITEMS TO THE DATABASE WITH A FREQUENCY OF ALL 
   FOR ALL APPLICABLE ENTITIES

 WRITE EANG ITEMS TO THE DATABASE WITH A FREQUENCY OF ALL 
   FOR ALL APPLICABLE ENTITIES

 WRITE ETMP ITEMS TO THE DATABASE WITH A FREQUENCY OF ALL 
   FOR ALL APPLICABLE ENTITIES

 WRITE VENG ITEMS TO THE DATABASE WITH A FREQUENCY OF ALL 
   FOR ALL APPLICABLE ENTITIES

 WRITE STRS ITEMS TO THE DATABASE WITH A FREQUENCY OF ALL 
   FOR ALL APPLICABLE ENTITIES

 WRITE EPEL ITEMS TO THE DATABASE WITH A FREQUENCY OF ALL 
   FOR ALL APPLICABLE ENTITIES

 WRITE EPPL ITEMS TO THE DATABASE WITH A FREQUENCY OF ALL 
   FOR ALL APPLICABLE ENTITIES

 WRITE CONT ITEMS TO THE DATABASE WITH A FREQUENCY OF ALL 
   FOR ALL APPLICABLE ENTITIES

 WRITE V    ITEMS TO THE DATABASE WITH A FREQUENCY OF ALL 
   FOR ALL APPLICABLE ENTITIES

 WRITE A    ITEMS TO THE DATABASE WITH A FREQUENCY OF ALL 
   FOR ALL APPLICABLE ENTITIES

 WRITE MISC ITEMS TO THE DATABASE WITH A FREQUENCY OF ALL 
   FOR THE ENTITIES DEFINED BY COMPONENT _ELMISC 

 *****  MAPDL SOLVE    COMMAND  *****

 *** WARNING ***                         ELAPSED TIME =     248.383   TIME= 09:07:30
 Material number 16 (used by element 2217) should normally have at least 
 one MP or one TB type command associated with it.  Output of energy by  
 material may not be available.                                          

 *** NOTE ***                            ELAPSED TIME =     248.386   TIME= 09:07:30
 The step data was checked and warning messages were found.              
  Please review output or errors file ( F:\CoME\Forth Semester\Practice  
 FEM\Git_upload\06_Dynamic_Analysis\3_transient_analysis\06_3_ii_four_ba 
 r_mechanism\ansys\project_files\_ProjectScratch\Scr451E\file0.err )     
 for these warning messages.                                             

 *** NOTE ***                            ELAPSED TIME =     248.386   TIME= 09:07:30
 This nonlinear analysis defaults to using the full Newton-Raphson       
 solution procedure.  This can be modified using the NROPT command.      

 *** MAPDL - ENGINEERING ANALYSIS SYSTEM  RELEASE 2026 R1          26.1     ***
 Ansys Mechanical Enterprise Academic Student      
 01055371  VERSION=WINDOWS x64   09:07:30  AUG 09, 2026 Elapsed Time=    248.431

 four_bar_mechanism--Transient (B5)                                            



                      L O A D   S T E P   O P T I O N S

   LOAD STEP NUMBER. . . . . . . . . . . . . . . .    30
   TIME AT END OF THE LOAD STEP. . . . . . . . . .  30.000    
   AUTOMATIC TIME STEPPING . . . . . . . . . . . .    ON
      STARTING TIME STEP SIZE. . . . . . . . . . . 0.50000    
      MINIMUM TIME STEP SIZE . . . . . . . . . . . 0.50000    
      MAXIMUM TIME STEP SIZE . . . . . . . . . . . 0.50000    
   MAXIMUM NUMBER OF EQUILIBRIUM ITERATIONS. . . .    15
   STEP CHANGE BOUNDARY CONDITIONS . . . . . . . .   YES
   STRESS-STIFFENING . . . . . . . . . . . . . . .    ON
   TRANSIENT (INERTIA) EFFECTS
      STRUCTURAL DOFS. . . . . . . . . . . . . . .    ON
   TRANSIENT INTEGRATION PARAMETERS
      GAMMA. . . . . . . . . . . . . . . . . . . . 0.10000    
      ALPHA. . . . . . . . . . . . . . . . . . . . 0.30250    
      DELTA. . . . . . . . . . . . . . . . . . . . 0.60000    
      USING HHT TIME INTEGRATION
      ALPHAF . . . . . . . . . . . . . . . . . . . 0.10000    
      ALPHAM . . . . . . . . . . . . . . . . . . .  0.0000    
   TERMINATE ANALYSIS IF NOT CONVERGED . . . . . .YES (EXIT)  
   CONVERGENCE CONTROLS. . . . . . . . . . . . . .USE DEFAULTS
   PRINT OUTPUT CONTROLS . . . . . . . . . . . . .NO PRINTOUT
   DATABASE OUTPUT CONTROLS
      ITEM     FREQUENCY   COMPONENT
       ALL       NONE               
      NSOL        ALL               
      RSOL        ALL               
      EANG        ALL               
      ETMP        ALL               
      VENG        ALL               
      STRS        ALL               
      EPEL        ALL               
      EPPL        ALL               
      CONT        ALL               
      V           ALL               
      A           ALL               
      MISC        ALL       _ELMISC 


 SOLUTION MONITORING INFO IS WRITTEN TO FILE= file.mntr                                                                                                                                                                                                                                                           
 MAXIMUM NUMBER OF EQUILIBRIUM ITERATIONS HAS BEEN MODIFIED              
  TO BE, NEQIT = 25, BY SOLUTION CONTROL LOGIC.                          

     FORCE CONVERGENCE VALUE  =  0.9815E-01  CRITERION=  0.4480E-03
     MOMENT CONVERGENCE VALUE =  0.1786E-12  CRITERION=  0.4711E-01
     DISP CONVERGENCE VALUE   =   30.31      CRITERION=   1.516    
    EQUIL ITER   1 COMPLETED.  NEW TRIANG MATRIX.  MAX DOF INC=   30.31    
     DISP CONVERGENCE VALUE   =   1.516      CRITERION=   1.516     <<< CONVERGED
     LINE SEARCH PARAMETER =  0.5000E-01 SCALED MAX DOF INC =   1.516    
     FORCE CONVERGENCE VALUE  =   6403.      CRITERION=  0.4092E-03
     MOMENT CONVERGENCE VALUE =  0.1787E-10  CRITERION=  0.4306E-01 <<< CONVERGED
    EQUIL ITER   2 COMPLETED.  NEW TRIANG MATRIX.  MAX DOF INC=   28.24    
     DISP CONVERGENCE VALUE   =   28.24      CRITERION=   1.516    
     LINE SEARCH PARAMETER =   1.000     SCALED MAX DOF INC =   28.24    
     CONSTRAINT CONDITIONS ARE NOT SATISFIED FOR      2 JOINT ELEMENTS WITH LAG MULT OPTION
     FORCE CONVERGENCE VALUE  =  0.2238E+07  CRITERION=   3.534    
     MOMENT CONVERGENCE VALUE =  0.3314E-04  CRITERION=   591.3     <<< CONVERGED
    EQUIL ITER   3 COMPLETED.  NEW TRIANG MATRIX.  MAX DOF INC=   1.082    
     DISP CONVERGENCE VALUE   =   1.078      CRITERION=   1.516     <<< CONVERGED
     LINE SEARCH PARAMETER =  0.9970     SCALED MAX DOF INC =   1.078    
     FORCE CONVERGENCE VALUE  =   3651.      CRITERION=   18.87    
     MOMENT CONVERGENCE VALUE =  0.1013E-06  CRITERION=   1411.     <<< CONVERGED
    EQUIL ITER   4 COMPLETED.  NEW TRIANG MATRIX.  MAX DOF INC=   1.320    
     DISP CONVERGENCE VALUE   =   1.296      CRITERION=   1.529     <<< CONVERGED
     LINE SEARCH PARAMETER =  0.9819     SCALED MAX DOF INC =   1.296    
     CONSTRAINT CONDITIONS ARE NOT SATISFIED FOR      2 JOINT ELEMENTS WITH LAG MULT OPTION
     FORCE CONVERGENCE VALUE  =   5756.      CRITERION=  0.3805    
     MOMENT CONVERGENCE VALUE =  0.3326E-05  CRITERION=   28.96     <<< CONVERGED
    EQUIL ITER   5 COMPLETED.  NEW TRIANG MATRIX.  MAX DOF INC= -0.3713E-01
     DISP CONVERGENCE VALUE   =  0.3713E-01  CRITERION=   1.530     <<< CONVERGED
     LINE SEARCH PARAMETER =   1.000     SCALED MAX DOF INC = -0.3713E-01
     FORCE CONVERGENCE VALUE  =   3.710      CRITERION=  0.4608E-02
     MOMENT CONVERGENCE VALUE =  0.2163E-08  CRITERION=  0.7333     <<< CONVERGED
    EQUIL ITER   6 COMPLETED.  NEW TRIANG MATRIX.  MAX DOF INC= -0.5656E-02
     DISP CONVERGENCE VALUE   =  0.5650E-02  CRITERION=   1.530     <<< CONVERGED
     LINE SEARCH PARAMETER =  0.9991     SCALED MAX DOF INC = -0.5650E-02
     FORCE CONVERGENCE VALUE  =  0.1245      CRITERION=  0.4908E-01
     MOMENT CONVERGENCE VALUE =  0.8877E-11  CRITERION=  0.4273E-01 <<< CONVERGED
    EQUIL ITER   7 COMPLETED.  NEW TRIANG MATRIX.  MAX DOF INC= -0.2150E-06
     DISP CONVERGENCE VALUE   =  0.2149E-06  CRITERION=  0.1530     <<< CONVERGED
     LINE SEARCH PARAMETER =  0.9996     SCALED MAX DOF INC = -0.2149E-06
     FORCE CONVERGENCE VALUE  =  0.3072E-04  CRITERION=  0.4171     <<< CONVERGED

 *** WARNING ***                         ELAPSED TIME =     253.196   TIME= 09:07:35
 A reference force value times the tolerance is used by the              
 Newton-Raphson method for checking convergence.  The calculated         
 reference FORCE CONVERGENCE VALUE = 8.678519286E-02 is less than a      
 threshold.  This threshold is internally calculated.  You can           
 overwrite it by specifying MINREF on the CNVTOL command.  Check         
 results carefully.                                                      
     MOMENT CONVERGENCE VALUE =  0.3985E-14  CRITERION=  0.2418     <<< CONVERGED
    >>> SOLUTION CONVERGED AFTER EQUILIBRIUM ITERATION   7
 *** LOAD STEP    30   SUBSTEP     1  COMPLETED.    CUM ITER =    296
 *** TIME =   29.5000         TIME INC =  0.500000    
 *** RESPONSE FREQ =  135.1       PERIOD=  0.7402E-02  PTS/CYC = 0.15E-01
 *** AUTO STEP TIME:  NEXT TIME INC = 0.50000      UNCHANGED

     FORCE CONVERGENCE VALUE  =  0.9568E-01  CRITERION=  0.4339E-03
     MOMENT CONVERGENCE VALUE =  0.1939E-13  CRITERION=  0.4219E-01
     DISP CONVERGENCE VALUE   =   30.78      CRITERION=   1.539    
    EQUIL ITER   1 COMPLETED.  NEW TRIANG MATRIX.  MAX DOF INC=   30.78    
     DISP CONVERGENCE VALUE   =   1.539      CRITERION=   1.539     <<< CONVERGED
     LINE SEARCH PARAMETER =  0.5000E-01 SCALED MAX DOF INC =   1.539    
     FORCE CONVERGENCE VALUE  =   7366.      CRITERION=  0.3958E-03
     MOMENT CONVERGENCE VALUE =  0.1732E-10  CRITERION=  0.3848E-01 <<< CONVERGED
    EQUIL ITER   2 COMPLETED.  NEW TRIANG MATRIX.  MAX DOF INC=   28.47    
     DISP CONVERGENCE VALUE   =   28.47      CRITERION=   1.539    
     LINE SEARCH PARAMETER =   1.000     SCALED MAX DOF INC =   28.47    
     CONSTRAINT CONDITIONS ARE NOT SATISFIED FOR      2 JOINT ELEMENTS WITH LAG MULT OPTION
     FORCE CONVERGENCE VALUE  =  0.2543E+07  CRITERION=   4.845    
     MOMENT CONVERGENCE VALUE =  0.4548E-04  CRITERION=   757.2     <<< CONVERGED
    EQUIL ITER   3 COMPLETED.  NEW TRIANG MATRIX.  MAX DOF INC=   1.081    
     DISP CONVERGENCE VALUE   =   1.077      CRITERION=   1.539     <<< CONVERGED
     LINE SEARCH PARAMETER =  0.9964     SCALED MAX DOF INC =   1.077    
     FORCE CONVERGENCE VALUE  =   4391.      CRITERION=   19.40    
     MOMENT CONVERGENCE VALUE =  0.9584E-07  CRITERION=   1539.     <<< CONVERGED
    EQUIL ITER   4 COMPLETED.  NEW TRIANG MATRIX.  MAX DOF INC=   1.543    
     DISP CONVERGENCE VALUE   =   1.494      CRITERION=   1.539     <<< CONVERGED
     LINE SEARCH PARAMETER =  0.9686     SCALED MAX DOF INC =   1.494    
     CONSTRAINT CONDITIONS ARE NOT SATISFIED FOR      2 JOINT ELEMENTS WITH LAG MULT OPTION
     FORCE CONVERGENCE VALUE  =   8015.      CRITERION=  0.6474    
     MOMENT CONVERGENCE VALUE =  0.4117E-05  CRITERION=   51.77     <<< CONVERGED
    EQUIL ITER   5 COMPLETED.  NEW TRIANG MATRIX.  MAX DOF INC=  0.5857E-01
     DISP CONVERGENCE VALUE   =  0.5857E-01  CRITERION=   1.539     <<< CONVERGED
     LINE SEARCH PARAMETER =   1.000     SCALED MAX DOF INC =  0.5857E-01
     FORCE CONVERGENCE VALUE  =   10.30      CRITERION=  0.1205E-01
     MOMENT CONVERGENCE VALUE =  0.6661E-08  CRITERION=   1.816     <<< CONVERGED
    EQUIL ITER   6 COMPLETED.  NEW TRIANG MATRIX.  MAX DOF INC= -0.1233E-01
     DISP CONVERGENCE VALUE   =  0.1232E-01  CRITERION=   1.539     <<< CONVERGED
     LINE SEARCH PARAMETER =  0.9992     SCALED MAX DOF INC = -0.1232E-01
     FORCE CONVERGENCE VALUE  =  0.5323      CRITERION=  0.4784E-01
     MOMENT CONVERGENCE VALUE =  0.4558E-10  CRITERION=  0.4271E-01 <<< CONVERGED
    EQUIL ITER   7 COMPLETED.  NEW TRIANG MATRIX.  MAX DOF INC= -0.7371E-06
     DISP CONVERGENCE VALUE   =  0.7366E-06  CRITERION=  0.1539     <<< CONVERGED
     LINE SEARCH PARAMETER =  0.9994     SCALED MAX DOF INC = -0.7366E-06
     FORCE CONVERGENCE VALUE  =  0.1361E-03  CRITERION=  0.3616     <<< CONVERGED
     MOMENT CONVERGENCE VALUE =  0.2572E-13  CRITERION=  0.2096     <<< CONVERGED
    >>> SOLUTION CONVERGED AFTER EQUILIBRIUM ITERATION   7
 *** LOAD STEP    30   SUBSTEP     2  COMPLETED.    CUM ITER =    303
 *** TIME =   30.0000         TIME INC =  0.500000    
 *** RESPONSE FREQ =  145.3       PERIOD=  0.6885E-02  PTS/CYC = 0.14E-01
 ****************************************************
 *************** FINISHED SOLVE FOR LS 30 *************
 ****************************************************
 ******************* SOLVE FOR LS 31 OF 45 ****************

 PRINTOUT RESUMED BY /GOP

 USE AUTOMATIC TIME STEPPING THIS LOAD STEP

 USE INITIAL TIME STEP SIZE OF 0.5000000     FOR ALL  DEGREES OF FREEDOM
 FOR AUTOMATIC TIME STEPPING:
   USE 0.5000000     AS THE MINIMUM TIME STEP SIZE
   USE 0.5000000     AS THE MAXIMUM TIME STEP SIZE

 TIME=  31.000    

 INCLUDE TRANSIENT EFFECTS FOR  ALL DEGREES OF FREEDOM THIS LOAD STEP

 ERASE THE CURRENT DATABASE OUTPUT CONTROL TABLE.


 WRITE ALL  ITEMS TO THE DATABASE WITH A FREQUENCY OF NONE
   FOR ALL APPLICABLE ENTITIES

 WRITE NSOL ITEMS TO THE DATABASE WITH A FREQUENCY OF ALL 
   FOR ALL APPLICABLE ENTITIES

 WRITE RSOL ITEMS TO THE DATABASE WITH A FREQUENCY OF ALL 
   FOR ALL APPLICABLE ENTITIES

 WRITE EANG ITEMS TO THE DATABASE WITH A FREQUENCY OF ALL 
   FOR ALL APPLICABLE ENTITIES

 WRITE ETMP ITEMS TO THE DATABASE WITH A FREQUENCY OF ALL 
   FOR ALL APPLICABLE ENTITIES

 WRITE VENG ITEMS TO THE DATABASE WITH A FREQUENCY OF ALL 
   FOR ALL APPLICABLE ENTITIES

 WRITE STRS ITEMS TO THE DATABASE WITH A FREQUENCY OF ALL 
   FOR ALL APPLICABLE ENTITIES

 WRITE EPEL ITEMS TO THE DATABASE WITH A FREQUENCY OF ALL 
   FOR ALL APPLICABLE ENTITIES

 WRITE EPPL ITEMS TO THE DATABASE WITH A FREQUENCY OF ALL 
   FOR ALL APPLICABLE ENTITIES

 WRITE CONT ITEMS TO THE DATABASE WITH A FREQUENCY OF ALL 
   FOR ALL APPLICABLE ENTITIES

 WRITE V    ITEMS TO THE DATABASE WITH A FREQUENCY OF ALL 
   FOR ALL APPLICABLE ENTITIES

 WRITE A    ITEMS TO THE DATABASE WITH A FREQUENCY OF ALL 
   FOR ALL APPLICABLE ENTITIES

 WRITE MISC ITEMS TO THE DATABASE WITH A FREQUENCY OF ALL 
   FOR THE ENTITIES DEFINED BY COMPONENT _ELMISC 

 *****  MAPDL SOLVE    COMMAND  *****

 *** WARNING ***                         ELAPSED TIME =     258.380   TIME= 09:07:40
 Material number 16 (used by element 2217) should normally have at least 
 one MP or one TB type command associated with it.  Output of energy by  
 material may not be available.                                          

 *** NOTE ***                            ELAPSED TIME =     258.384   TIME= 09:07:40
 The step data was checked and warning messages were found.              
  Please review output or errors file ( F:\CoME\Forth Semester\Practice  
 FEM\Git_upload\06_Dynamic_Analysis\3_transient_analysis\06_3_ii_four_ba 
 r_mechanism\ansys\project_files\_ProjectScratch\Scr451E\file0.err )     
 for these warning messages.                                             

 *** NOTE ***                            ELAPSED TIME =     258.384   TIME= 09:07:40
 This nonlinear analysis defaults to using the full Newton-Raphson       
 solution procedure.  This can be modified using the NROPT command.      

 *** MAPDL - ENGINEERING ANALYSIS SYSTEM  RELEASE 2026 R1          26.1     ***
 Ansys Mechanical Enterprise Academic Student      
 01055371  VERSION=WINDOWS x64   09:07:40  AUG 09, 2026 Elapsed Time=    258.413

 four_bar_mechanism--Transient (B5)                                            



                      L O A D   S T E P   O P T I O N S

   LOAD STEP NUMBER. . . . . . . . . . . . . . . .    31
   TIME AT END OF THE LOAD STEP. . . . . . . . . .  31.000    
   AUTOMATIC TIME STEPPING . . . . . . . . . . . .    ON
      STARTING TIME STEP SIZE. . . . . . . . . . . 0.50000    
      MINIMUM TIME STEP SIZE . . . . . . . . . . . 0.50000    
      MAXIMUM TIME STEP SIZE . . . . . . . . . . . 0.50000    
   MAXIMUM NUMBER OF EQUILIBRIUM ITERATIONS. . . .    15
   STEP CHANGE BOUNDARY CONDITIONS . . . . . . . .   YES
   STRESS-STIFFENING . . . . . . . . . . . . . . .    ON
   TRANSIENT (INERTIA) EFFECTS
      STRUCTURAL DOFS. . . . . . . . . . . . . . .    ON
   TRANSIENT INTEGRATION PARAMETERS
      GAMMA. . . . . . . . . . . . . . . . . . . . 0.10000    
      ALPHA. . . . . . . . . . . . . . . . . . . . 0.30250    
      DELTA. . . . . . . . . . . . . . . . . . . . 0.60000    
      USING HHT TIME INTEGRATION
      ALPHAF . . . . . . . . . . . . . . . . . . . 0.10000    
      ALPHAM . . . . . . . . . . . . . . . . . . .  0.0000    
   TERMINATE ANALYSIS IF NOT CONVERGED . . . . . .YES (EXIT)  
   CONVERGENCE CONTROLS. . . . . . . . . . . . . .USE DEFAULTS
   PRINT OUTPUT CONTROLS . . . . . . . . . . . . .NO PRINTOUT
   DATABASE OUTPUT CONTROLS
      ITEM     FREQUENCY   COMPONENT
       ALL       NONE               
      NSOL        ALL               
      RSOL        ALL               
      EANG        ALL               
      ETMP        ALL               
      VENG        ALL               
      STRS        ALL               
      EPEL        ALL               
      EPPL        ALL               
      CONT        ALL               
      V           ALL               
      A           ALL               
      MISC        ALL       _ELMISC 


 SOLUTION MONITORING INFO IS WRITTEN TO FILE= file.mntr                                                                                                                                                                                                                                                           
 MAXIMUM NUMBER OF EQUILIBRIUM ITERATIONS HAS BEEN MODIFIED              
  TO BE, NEQIT = 25, BY SOLUTION CONTROL LOGIC.                          

     FORCE CONVERGENCE VALUE  =  0.9966E-01  CRITERION=  0.4557E-03
     MOMENT CONVERGENCE VALUE =  0.4981E-14  CRITERION=  0.4139E-01
     DISP CONVERGENCE VALUE   =   32.06      CRITERION=   1.603    
    EQUIL ITER   1 COMPLETED.  NEW TRIANG MATRIX.  MAX DOF INC=   32.06    
     DISP CONVERGENCE VALUE   =   1.603      CRITERION=   1.603     <<< CONVERGED
     LINE SEARCH PARAMETER =  0.5000E-01 SCALED MAX DOF INC =   1.603    
     FORCE CONVERGENCE VALUE  =   8375.      CRITERION=  0.4155E-03
     MOMENT CONVERGENCE VALUE =  0.1749E-10  CRITERION=  0.3771E-01 <<< CONVERGED
    EQUIL ITER   2 COMPLETED.  NEW TRIANG MATRIX.  MAX DOF INC=   29.61    
     DISP CONVERGENCE VALUE   =   29.61      CRITERION=   1.603    
     LINE SEARCH PARAMETER =   1.000     SCALED MAX DOF INC =   29.61    
     CONSTRAINT CONDITIONS ARE NOT SATISFIED FOR      2 JOINT ELEMENTS WITH LAG MULT OPTION
     FORCE CONVERGENCE VALUE  =  0.2847E+07  CRITERION=   6.461    
     MOMENT CONVERGENCE VALUE =  0.6036E-04  CRITERION=   952.4     <<< CONVERGED
    EQUIL ITER   3 COMPLETED.  NEW TRIANG MATRIX.  MAX DOF INC=   1.048    
     DISP CONVERGENCE VALUE   =   1.044      CRITERION=   1.611     <<< CONVERGED
     LINE SEARCH PARAMETER =  0.9959     SCALED MAX DOF INC =   1.044    
     CONSTRAINT CONDITIONS ARE NOT SATISFIED FOR      1 JOINT ELEMENTS WITH LAG MULT OPTION
     FORCE CONVERGENCE VALUE  =   5323.      CRITERION=   19.18    
     MOMENT CONVERGENCE VALUE =  0.1792E-06  CRITERION=   1630.     <<< CONVERGED
    EQUIL ITER   4 COMPLETED.  NEW TRIANG MATRIX.  MAX DOF INC=   1.878    
     DISP CONVERGENCE VALUE   =   1.785      CRITERION=   1.699    
     LINE SEARCH PARAMETER =  0.9507     SCALED MAX DOF INC =   1.785    
     CONSTRAINT CONDITIONS ARE NOT SATISFIED FOR      2 JOINT ELEMENTS WITH LAG MULT OPTION
     FORCE CONVERGENCE VALUE  =  0.1045E+05  CRITERION=  0.9839    
     MOMENT CONVERGENCE VALUE =  0.4852E-05  CRITERION=   83.50     <<< CONVERGED
    EQUIL ITER   5 COMPLETED.  NEW TRIANG MATRIX.  MAX DOF INC=  0.1027    
     DISP CONVERGENCE VALUE   =  0.1027      CRITERION=   1.704     <<< CONVERGED
     LINE SEARCH PARAMETER =   1.000     SCALED MAX DOF INC =  0.1027    
     FORCE CONVERGENCE VALUE  =   32.76      CRITERION=  0.2775E-01
     MOMENT CONVERGENCE VALUE =  0.1735E-07  CRITERION=   3.958     <<< CONVERGED
    EQUIL ITER   6 COMPLETED.  NEW TRIANG MATRIX.  MAX DOF INC= -0.2483E-01
     DISP CONVERGENCE VALUE   =  0.2482E-01  CRITERION=   1.704     <<< CONVERGED
     LINE SEARCH PARAMETER =  0.9999     SCALED MAX DOF INC = -0.2482E-01
     FORCE CONVERGENCE VALUE  =   2.095      CRITERION=  0.4983E-01
     MOMENT CONVERGENCE VALUE =  0.1893E-09  CRITERION=  0.2977E-01 <<< CONVERGED
    EQUIL ITER   7 COMPLETED.  NEW TRIANG MATRIX.  MAX DOF INC=  0.4305E-05
     DISP CONVERGENCE VALUE   =  0.4302E-05  CRITERION=  0.1704     <<< CONVERGED
     LINE SEARCH PARAMETER =  0.9993     SCALED MAX DOF INC =  0.4302E-05
     FORCE CONVERGENCE VALUE  =  0.5777E-03  CRITERION=  0.3133     <<< CONVERGED

 *** WARNING ***                         ELAPSED TIME =     263.330   TIME= 09:07:45
 A reference force value times the tolerance is used by the              
 Newton-Raphson method for checking convergence.  The calculated         
 reference FORCE CONVERGENCE VALUE = 7.724575484E-02 is less than a      
 threshold.  This threshold is internally calculated.  You can           
 overwrite it by specifying MINREF on the CNVTOL command.  Check         
 results carefully.                                                      
     MOMENT CONVERGENCE VALUE =  0.1263E-12  CRITERION=  0.1816     <<< CONVERGED
    >>> SOLUTION CONVERGED AFTER EQUILIBRIUM ITERATION   7
 *** LOAD STEP    31   SUBSTEP     1  COMPLETED.    CUM ITER =    310
 *** TIME =   30.5000         TIME INC =  0.500000    
 *** RESPONSE FREQ =  155.7       PERIOD=  0.6421E-02  PTS/CYC = 0.13E-01
 *** AUTO STEP TIME:  NEXT TIME INC = 0.50000      UNCHANGED

     FORCE CONVERGENCE VALUE  =  0.1022      CRITERION=  0.3862E-03
     MOMENT CONVERGENCE VALUE =  0.1349E-13  CRITERION=  0.2849E-01
     DISP CONVERGENCE VALUE   =   36.05      CRITERION=   1.803    
    EQUIL ITER   1 COMPLETED.  NEW TRIANG MATRIX.  MAX DOF INC=   36.05    
     DISP CONVERGENCE VALUE   =   1.803      CRITERION=   1.803     <<< CONVERGED
     LINE SEARCH PARAMETER =  0.5000E-01 SCALED MAX DOF INC =   1.803    
     FORCE CONVERGENCE VALUE  =   9337.      CRITERION=  0.3515E-03
     MOMENT CONVERGENCE VALUE =  0.1378E-10  CRITERION=  0.2587E-01 <<< CONVERGED
    EQUIL ITER   2 COMPLETED.  NEW TRIANG MATRIX.  MAX DOF INC=   32.98    
     DISP CONVERGENCE VALUE   =   32.98      CRITERION=   1.803    
     LINE SEARCH PARAMETER =   1.000     SCALED MAX DOF INC =   32.98    
     CONSTRAINT CONDITIONS ARE NOT SATISFIED FOR      2 JOINT ELEMENTS WITH LAG MULT OPTION
     FORCE CONVERGENCE VALUE  =  0.3120E+07  CRITERION=   8.307    
     MOMENT CONVERGENCE VALUE =  0.7690E-04  CRITERION=   1157.     <<< CONVERGED
    EQUIL ITER   3 COMPLETED.  NEW TRIANG MATRIX.  MAX DOF INC=  -1.259    
     DISP CONVERGENCE VALUE   =   1.253      CRITERION=   1.803     <<< CONVERGED
     LINE SEARCH PARAMETER =  0.9954     SCALED MAX DOF INC =  -1.253    
     CONSTRAINT CONDITIONS ARE NOT SATISFIED FOR      1 JOINT ELEMENTS WITH LAG MULT OPTION
     FORCE CONVERGENCE VALUE  =   6254.      CRITERION=   18.02    
     MOMENT CONVERGENCE VALUE =  0.3323E-06  CRITERION=   1659.     <<< CONVERGED
    EQUIL ITER   4 COMPLETED.  NEW TRIANG MATRIX.  MAX DOF INC=   2.167    
     DISP CONVERGENCE VALUE   =   2.017      CRITERION=   1.885    
     LINE SEARCH PARAMETER =  0.9307     SCALED MAX DOF INC =   2.017    
     CONSTRAINT CONDITIONS ARE NOT SATISFIED FOR      2 JOINT ELEMENTS WITH LAG MULT OPTION
     FORCE CONVERGENCE VALUE  =  0.1254E+05  CRITERION=   1.284    
     MOMENT CONVERGENCE VALUE =  0.5375E-05  CRITERION=   117.4     <<< CONVERGED
    EQUIL ITER   5 COMPLETED.  NEW TRIANG MATRIX.  MAX DOF INC=  0.1571    
     DISP CONVERGENCE VALUE   =  0.1571      CRITERION=   1.892     <<< CONVERGED
     LINE SEARCH PARAMETER =   1.000     SCALED MAX DOF INC =  0.1571    
     FORCE CONVERGENCE VALUE  =   77.01      CRITERION=  0.5213E-01
     MOMENT CONVERGENCE VALUE =  0.3564E-07  CRITERION=   7.001     <<< CONVERGED
    EQUIL ITER   6 COMPLETED.  NEW TRIANG MATRIX.  MAX DOF INC= -0.4301E-01
     DISP CONVERGENCE VALUE   =  0.4301E-01  CRITERION=   1.893     <<< CONVERGED
     LINE SEARCH PARAMETER =   1.000     SCALED MAX DOF INC = -0.4301E-01
     FORCE CONVERGENCE VALUE  =   6.284      CRITERION=  0.5110E-01
     MOMENT CONVERGENCE VALUE =  0.5852E-09  CRITERION=  0.2962E-01 <<< CONVERGED
    EQUIL ITER   7 COMPLETED.  NEW TRIANG MATRIX.  MAX DOF INC= -0.3472E-04
     DISP CONVERGENCE VALUE   =  0.3469E-04  CRITERION=  0.1893     <<< CONVERGED
     LINE SEARCH PARAMETER =  0.9993     SCALED MAX DOF INC = -0.3469E-04
     FORCE CONVERGENCE VALUE  =  0.2050E-02  CRITERION=  0.2437     <<< CONVERGED
     MOMENT CONVERGENCE VALUE =  0.4362E-12  CRITERION=  0.1413     <<< CONVERGED
    >>> SOLUTION CONVERGED AFTER EQUILIBRIUM ITERATION   7
 *** LOAD STEP    31   SUBSTEP     2  COMPLETED.    CUM ITER =    317
 *** TIME =   31.0000         TIME INC =  0.500000    
 *** RESPONSE FREQ =  165.6       PERIOD=  0.6040E-02  PTS/CYC = 0.12E-01
 ****************************************************
 *************** FINISHED SOLVE FOR LS 31 *************
 ****************************************************
 ******************* SOLVE FOR LS 32 OF 45 ****************

 PRINTOUT RESUMED BY /GOP

 USE AUTOMATIC TIME STEPPING THIS LOAD STEP

 USE INITIAL TIME STEP SIZE OF 0.5000000     FOR ALL  DEGREES OF FREEDOM
 FOR AUTOMATIC TIME STEPPING:
   USE 0.5000000     AS THE MINIMUM TIME STEP SIZE
   USE 0.5000000     AS THE MAXIMUM TIME STEP SIZE

 TIME=  32.000    

 INCLUDE TRANSIENT EFFECTS FOR  ALL DEGREES OF FREEDOM THIS LOAD STEP

 ERASE THE CURRENT DATABASE OUTPUT CONTROL TABLE.


 WRITE ALL  ITEMS TO THE DATABASE WITH A FREQUENCY OF NONE
   FOR ALL APPLICABLE ENTITIES

 WRITE NSOL ITEMS TO THE DATABASE WITH A FREQUENCY OF ALL 
   FOR ALL APPLICABLE ENTITIES

 WRITE RSOL ITEMS TO THE DATABASE WITH A FREQUENCY OF ALL 
   FOR ALL APPLICABLE ENTITIES

 WRITE EANG ITEMS TO THE DATABASE WITH A FREQUENCY OF ALL 
   FOR ALL APPLICABLE ENTITIES

 WRITE ETMP ITEMS TO THE DATABASE WITH A FREQUENCY OF ALL 
   FOR ALL APPLICABLE ENTITIES

 WRITE VENG ITEMS TO THE DATABASE WITH A FREQUENCY OF ALL 
   FOR ALL APPLICABLE ENTITIES

 WRITE STRS ITEMS TO THE DATABASE WITH A FREQUENCY OF ALL 
   FOR ALL APPLICABLE ENTITIES

 WRITE EPEL ITEMS TO THE DATABASE WITH A FREQUENCY OF ALL 
   FOR ALL APPLICABLE ENTITIES

 WRITE EPPL ITEMS TO THE DATABASE WITH A FREQUENCY OF ALL 
   FOR ALL APPLICABLE ENTITIES

 WRITE CONT ITEMS TO THE DATABASE WITH A FREQUENCY OF ALL 
   FOR ALL APPLICABLE ENTITIES

 WRITE V    ITEMS TO THE DATABASE WITH A FREQUENCY OF ALL 
   FOR ALL APPLICABLE ENTITIES

 WRITE A    ITEMS TO THE DATABASE WITH A FREQUENCY OF ALL 
   FOR ALL APPLICABLE ENTITIES

 WRITE MISC ITEMS TO THE DATABASE WITH A FREQUENCY OF ALL 
   FOR THE ENTITIES DEFINED BY COMPONENT _ELMISC 

 *****  MAPDL SOLVE    COMMAND  *****

 *** WARNING ***                         ELAPSED TIME =     269.343   TIME= 09:07:51
 Material number 16 (used by element 2217) should normally have at least 
 one MP or one TB type command associated with it.  Output of energy by  
 material may not be available.                                          

 *** NOTE ***                            ELAPSED TIME =     269.348   TIME= 09:07:51
 The step data was checked and warning messages were found.              
  Please review output or errors file ( F:\CoME\Forth Semester\Practice  
 FEM\Git_upload\06_Dynamic_Analysis\3_transient_analysis\06_3_ii_four_ba 
 r_mechanism\ansys\project_files\_ProjectScratch\Scr451E\file0.err )     
 for these warning messages.                                             

 *** NOTE ***                            ELAPSED TIME =     269.349   TIME= 09:07:51
 This nonlinear analysis defaults to using the full Newton-Raphson       
 solution procedure.  This can be modified using the NROPT command.      

 *** MAPDL - ENGINEERING ANALYSIS SYSTEM  RELEASE 2026 R1          26.1     ***
 Ansys Mechanical Enterprise Academic Student      
 01055371  VERSION=WINDOWS x64   09:07:51  AUG 09, 2026 Elapsed Time=    269.387

 four_bar_mechanism--Transient (B5)                                            



                      L O A D   S T E P   O P T I O N S

   LOAD STEP NUMBER. . . . . . . . . . . . . . . .    32
   TIME AT END OF THE LOAD STEP. . . . . . . . . .  32.000    
   AUTOMATIC TIME STEPPING . . . . . . . . . . . .    ON
      STARTING TIME STEP SIZE. . . . . . . . . . . 0.50000    
      MINIMUM TIME STEP SIZE . . . . . . . . . . . 0.50000    
      MAXIMUM TIME STEP SIZE . . . . . . . . . . . 0.50000    
   MAXIMUM NUMBER OF EQUILIBRIUM ITERATIONS. . . .    15
   STEP CHANGE BOUNDARY CONDITIONS . . . . . . . .   YES
   STRESS-STIFFENING . . . . . . . . . . . . . . .    ON
   TRANSIENT (INERTIA) EFFECTS
      STRUCTURAL DOFS. . . . . . . . . . . . . . .    ON
   TRANSIENT INTEGRATION PARAMETERS
      GAMMA. . . . . . . . . . . . . . . . . . . . 0.10000    
      ALPHA. . . . . . . . . . . . . . . . . . . . 0.30250    
      DELTA. . . . . . . . . . . . . . . . . . . . 0.60000    
      USING HHT TIME INTEGRATION
      ALPHAF . . . . . . . . . . . . . . . . . . . 0.10000    
      ALPHAM . . . . . . . . . . . . . . . . . . .  0.0000    
   TERMINATE ANALYSIS IF NOT CONVERGED . . . . . .YES (EXIT)  
   CONVERGENCE CONTROLS. . . . . . . . . . . . . .USE DEFAULTS
   PRINT OUTPUT CONTROLS . . . . . . . . . . . . .NO PRINTOUT
   DATABASE OUTPUT CONTROLS
      ITEM     FREQUENCY   COMPONENT
       ALL       NONE               
      NSOL        ALL               
      RSOL        ALL               
      EANG        ALL               
      ETMP        ALL               
      VENG        ALL               
      STRS        ALL               
      EPEL        ALL               
      EPPL        ALL               
      CONT        ALL               
      V           ALL               
      A           ALL               
      MISC        ALL       _ELMISC 


 SOLUTION MONITORING INFO IS WRITTEN TO FILE= file.mntr                                                                                                                                                                                                                                                           
 MAXIMUM NUMBER OF EQUILIBRIUM ITERATIONS HAS BEEN MODIFIED              
  TO BE, NEQIT = 25, BY SOLUTION CONTROL LOGIC.                          

     FORCE CONVERGENCE VALUE  =  0.1033      CRITERION=  0.2990E-03
     MOMENT CONVERGENCE VALUE =  0.4697E-13  CRITERION=  0.1421E-01
     DISP CONVERGENCE VALUE   =   39.54      CRITERION=   1.977    
    EQUIL ITER   1 COMPLETED.  NEW TRIANG MATRIX.  MAX DOF INC=   39.54    
     DISP CONVERGENCE VALUE   =   1.977      CRITERION=   1.977     <<< CONVERGED
     LINE SEARCH PARAMETER =  0.5000E-01 SCALED MAX DOF INC =   1.977    
     FORCE CONVERGENCE VALUE  =  0.1011E+05  CRITERION=  0.2710E-03
     MOMENT CONVERGENCE VALUE =  0.8781E-11  CRITERION=  0.1276E-01 <<< CONVERGED
    EQUIL ITER   2 COMPLETED.  NEW TRIANG MATRIX.  MAX DOF INC=   35.85    
     DISP CONVERGENCE VALUE   =   35.85      CRITERION=   1.977    
     LINE SEARCH PARAMETER =   1.000     SCALED MAX DOF INC =   35.85    
          1  FORCE-DISTRIBUTED CONSTRAINTS DO NOT SATISFY COMPATIBILITY CONDITION 
     CONSTRAINT CONDITIONS ARE NOT SATISFIED FOR      2 JOINT ELEMENTS WITH LAG MULT OPTION
     FORCE CONVERGENCE VALUE  =  0.3324E+07  CRITERION=   10.19    
     MOMENT CONVERGENCE VALUE =  0.9313E-04  CRITERION=   1332.     <<< CONVERGED
    EQUIL ITER   3 COMPLETED.  NEW TRIANG MATRIX.  MAX DOF INC=  -1.443    
     DISP CONVERGENCE VALUE   =   1.435      CRITERION=   1.977     <<< CONVERGED
     LINE SEARCH PARAMETER =  0.9951     SCALED MAX DOF INC =  -1.435    
     CONSTRAINT CONDITIONS ARE NOT SATISFIED FOR      2 JOINT ELEMENTS WITH LAG MULT OPTION
     FORCE CONVERGENCE VALUE  =   6937.      CRITERION=   15.39    
     MOMENT CONVERGENCE VALUE =  0.4802E-06  CRITERION=   1587.     <<< CONVERGED
    EQUIL ITER   4 COMPLETED.  NEW TRIANG MATRIX.  MAX DOF INC=   2.309    
     DISP CONVERGENCE VALUE   =   2.113      CRITERION=   2.035    
     LINE SEARCH PARAMETER =  0.9151     SCALED MAX DOF INC =   2.113    
     CONSTRAINT CONDITIONS ARE NOT SATISFIED FOR      2 JOINT ELEMENTS WITH LAG MULT OPTION
     FORCE CONVERGENCE VALUE  =  0.1352E+05  CRITERION=   1.329    
     MOMENT CONVERGENCE VALUE =  0.5455E-05  CRITERION=   135.8     <<< CONVERGED
    EQUIL ITER   5 COMPLETED.  NEW TRIANG MATRIX.  MAX DOF INC=  0.1980    
     DISP CONVERGENCE VALUE   =  0.1980      CRITERION=   2.045     <<< CONVERGED
     LINE SEARCH PARAMETER =   1.000     SCALED MAX DOF INC =  0.1980    
     FORCE CONVERGENCE VALUE  =   124.5      CRITERION=  0.7249E-01
     MOMENT CONVERGENCE VALUE =  0.5257E-07  CRITERION=   9.122     <<< CONVERGED
    EQUIL ITER   6 COMPLETED.  NEW TRIANG MATRIX.  MAX DOF INC= -0.5960E-01
     DISP CONVERGENCE VALUE   =  0.5960E-01  CRITERION=   2.046     <<< CONVERGED
     LINE SEARCH PARAMETER =   1.000     SCALED MAX DOF INC = -0.5960E-01
     FORCE CONVERGENCE VALUE  =   12.06      CRITERION=  0.3708E-01
     MOMENT CONVERGENCE VALUE =  0.1067E-08  CRITERION=  0.2149E-01 <<< CONVERGED

 *** WARNING ***                         ELAPSED TIME =     274.157   TIME= 09:07:56
 A reference moment value times the tolerance is used by the             
 Newton-Raphson method for checking convergence.  The calculated         
 reference MOMENT CONVERGENCE VALUE = 2.40814851 is less than a          
 threshold.  This threshold is internally calculated.  You can           
 overwrite it by specifying MINREF on the CNVTOL command.  Check         
 results carefully.                                                      
    EQUIL ITER   7 COMPLETED.  NEW TRIANG MATRIX.  MAX DOF INC= -0.1224E-03
     DISP CONVERGENCE VALUE   =  0.1223E-03  CRITERION=  0.2046     <<< CONVERGED
     LINE SEARCH PARAMETER =  0.9992     SCALED MAX DOF INC = -0.1223E-03
     FORCE CONVERGENCE VALUE  =  0.4541E-02  CRITERION=  0.3680E-01 <<< CONVERGED
     MOMENT CONVERGENCE VALUE =  0.8553E-12  CRITERION=  0.2133E-01 <<< CONVERGED
    >>> SOLUTION CONVERGED AFTER EQUILIBRIUM ITERATION   7
 *** LOAD STEP    32   SUBSTEP     1  COMPLETED.    CUM ITER =    324
 *** TIME =   31.5000         TIME INC =  0.500000    
 *** RESPONSE FREQ =  173.5       PERIOD=  0.5762E-02  PTS/CYC = 0.12E-01
 *** AUTO STEP TIME:  NEXT TIME INC = 0.50000      UNCHANGED

     FORCE CONVERGENCE VALUE  =  0.1017      CRITERION=  0.1565E-03
     MOMENT CONVERGENCE VALUE =  0.8987E-13  CRITERION=  0.1323E-01
     DISP CONVERGENCE VALUE   =   42.08      CRITERION=   2.104    
    EQUIL ITER   1 COMPLETED.  NEW TRIANG MATRIX.  MAX DOF INC=   42.08    
     DISP CONVERGENCE VALUE   =   2.104      CRITERION=   2.104     <<< CONVERGED
     LINE SEARCH PARAMETER =  0.5000E-01 SCALED MAX DOF INC =   2.104    
     FORCE CONVERGENCE VALUE  =  0.1052E+05  CRITERION=  0.1420E-03
     MOMENT CONVERGENCE VALUE =  0.4217E-11  CRITERION=  0.1231E-01 <<< CONVERGED
    EQUIL ITER   2 COMPLETED.  NEW TRIANG MATRIX.  MAX DOF INC=   37.88    
     DISP CONVERGENCE VALUE   =   37.88      CRITERION=   2.104    
     LINE SEARCH PARAMETER =   1.000     SCALED MAX DOF INC =   37.88    
          1  FORCE-DISTRIBUTED CONSTRAINTS DO NOT SATISFY COMPATIBILITY CONDITION 
     CONSTRAINT CONDITIONS ARE NOT SATISFIED FOR      2 JOINT ELEMENTS WITH LAG MULT OPTION
     FORCE CONVERGENCE VALUE  =  0.3418E+07  CRITERION=   11.74    
     MOMENT CONVERGENCE VALUE =  0.1057E-03  CRITERION=   1425.     <<< CONVERGED
    EQUIL ITER   3 COMPLETED.  NEW TRIANG MATRIX.  MAX DOF INC=  -1.559    
     DISP CONVERGENCE VALUE   =   1.552      CRITERION=   2.104     <<< CONVERGED
     LINE SEARCH PARAMETER =  0.9950     SCALED MAX DOF INC =  -1.552    
     CONSTRAINT CONDITIONS ARE NOT SATISFIED FOR      2 JOINT ELEMENTS WITH LAG MULT OPTION
     FORCE CONVERGENCE VALUE  =   7105.      CRITERION=   10.31    
     MOMENT CONVERGENCE VALUE =  0.5203E-06  CRITERION=   1357.     <<< CONVERGED
    EQUIL ITER   4 COMPLETED.  NEW TRIANG MATRIX.  MAX DOF INC=   2.161    
     DISP CONVERGENCE VALUE   =   1.973      CRITERION=   2.126     <<< CONVERGED
     LINE SEARCH PARAMETER =  0.9130     SCALED MAX DOF INC =   1.973    
     CONSTRAINT CONDITIONS ARE NOT SATISFIED FOR      2 JOINT ELEMENTS WITH LAG MULT OPTION
     FORCE CONVERGENCE VALUE  =  0.1257E+05  CRITERION=  0.8945    
     MOMENT CONVERGENCE VALUE =  0.4782E-05  CRITERION=   118.0     <<< CONVERGED
    EQUIL ITER   5 COMPLETED.  NEW TRIANG MATRIX.  MAX DOF INC=  0.1882    
     DISP CONVERGENCE VALUE   =  0.1882      CRITERION=   2.136     <<< CONVERGED
     LINE SEARCH PARAMETER =   1.000     SCALED MAX DOF INC =  0.1882    
     FORCE CONVERGENCE VALUE  =   125.5      CRITERION=  0.6491E-01
     MOMENT CONVERGENCE VALUE =  0.4777E-07  CRITERION=   7.703     <<< CONVERGED
    EQUIL ITER   6 COMPLETED.  NEW TRIANG MATRIX.  MAX DOF INC= -0.5964E-01
     DISP CONVERGENCE VALUE   =  0.5964E-01  CRITERION=   2.136     <<< CONVERGED
     LINE SEARCH PARAMETER =   1.000     SCALED MAX DOF INC = -0.5964E-01
     FORCE CONVERGENCE VALUE  =   12.03      CRITERION=  0.5086E-01
     MOMENT CONVERGENCE VALUE =  0.9111E-09  CRITERION=  0.3666E-01 <<< CONVERGED
    EQUIL ITER   7 COMPLETED.  NEW TRIANG MATRIX.  MAX DOF INC= -0.1248E-03
     DISP CONVERGENCE VALUE   =  0.1247E-03  CRITERION=  0.2136     <<< CONVERGED
     LINE SEARCH PARAMETER =  0.9992     SCALED MAX DOF INC = -0.1247E-03
     FORCE CONVERGENCE VALUE  =  0.4533E-02  CRITERION=  0.5978E-01 <<< CONVERGED
     MOMENT CONVERGENCE VALUE =  0.7335E-12  CRITERION=  0.5075E-01 <<< CONVERGED
    >>> SOLUTION CONVERGED AFTER EQUILIBRIUM ITERATION   7
 *** LOAD STEP    32   SUBSTEP     2  COMPLETED.    CUM ITER =    331
 *** TIME =   32.0000         TIME INC =  0.500000    
 *** RESPONSE FREQ =  178.3       PERIOD=  0.5608E-02  PTS/CYC = 0.11E-01
 ****************************************************
 *************** FINISHED SOLVE FOR LS 32 *************
 ****************************************************
 ******************* SOLVE FOR LS 33 OF 45 ****************

 PRINTOUT RESUMED BY /GOP

 USE AUTOMATIC TIME STEPPING THIS LOAD STEP

 USE INITIAL TIME STEP SIZE OF 0.5000000     FOR ALL  DEGREES OF FREEDOM
 FOR AUTOMATIC TIME STEPPING:
   USE 0.5000000     AS THE MINIMUM TIME STEP SIZE
   USE 0.5000000     AS THE MAXIMUM TIME STEP SIZE

 TIME=  33.000    

 INCLUDE TRANSIENT EFFECTS FOR  ALL DEGREES OF FREEDOM THIS LOAD STEP

 ERASE THE CURRENT DATABASE OUTPUT CONTROL TABLE.


 WRITE ALL  ITEMS TO THE DATABASE WITH A FREQUENCY OF NONE
   FOR ALL APPLICABLE ENTITIES

 WRITE NSOL ITEMS TO THE DATABASE WITH A FREQUENCY OF ALL 
   FOR ALL APPLICABLE ENTITIES

 WRITE RSOL ITEMS TO THE DATABASE WITH A FREQUENCY OF ALL 
   FOR ALL APPLICABLE ENTITIES

 WRITE EANG ITEMS TO THE DATABASE WITH A FREQUENCY OF ALL 
   FOR ALL APPLICABLE ENTITIES

 WRITE ETMP ITEMS TO THE DATABASE WITH A FREQUENCY OF ALL 
   FOR ALL APPLICABLE ENTITIES

 WRITE VENG ITEMS TO THE DATABASE WITH A FREQUENCY OF ALL 
   FOR ALL APPLICABLE ENTITIES

 WRITE STRS ITEMS TO THE DATABASE WITH A FREQUENCY OF ALL 
   FOR ALL APPLICABLE ENTITIES

 WRITE EPEL ITEMS TO THE DATABASE WITH A FREQUENCY OF ALL 
   FOR ALL APPLICABLE ENTITIES

 WRITE EPPL ITEMS TO THE DATABASE WITH A FREQUENCY OF ALL 
   FOR ALL APPLICABLE ENTITIES

 WRITE CONT ITEMS TO THE DATABASE WITH A FREQUENCY OF ALL 
   FOR ALL APPLICABLE ENTITIES

 WRITE V    ITEMS TO THE DATABASE WITH A FREQUENCY OF ALL 
   FOR ALL APPLICABLE ENTITIES

 WRITE A    ITEMS TO THE DATABASE WITH A FREQUENCY OF ALL 
   FOR ALL APPLICABLE ENTITIES

 WRITE MISC ITEMS TO THE DATABASE WITH A FREQUENCY OF ALL 
   FOR THE ENTITIES DEFINED BY COMPONENT _ELMISC 

 *****  MAPDL SOLVE    COMMAND  *****

 *** WARNING ***                         ELAPSED TIME =     279.969   TIME= 09:08:02
 Material number 16 (used by element 2217) should normally have at least 
 one MP or one TB type command associated with it.  Output of energy by  
 material may not be available.                                          

 *** NOTE ***                            ELAPSED TIME =     279.973   TIME= 09:08:02
 The step data was checked and warning messages were found.              
  Please review output or errors file ( F:\CoME\Forth Semester\Practice  
 FEM\Git_upload\06_Dynamic_Analysis\3_transient_analysis\06_3_ii_four_ba 
 r_mechanism\ansys\project_files\_ProjectScratch\Scr451E\file0.err )     
 for these warning messages.                                             

 *** NOTE ***                            ELAPSED TIME =     279.973   TIME= 09:08:02
 This nonlinear analysis defaults to using the full Newton-Raphson       
 solution procedure.  This can be modified using the NROPT command.      

 *** MAPDL - ENGINEERING ANALYSIS SYSTEM  RELEASE 2026 R1          26.1     ***
 Ansys Mechanical Enterprise Academic Student      
 01055371  VERSION=WINDOWS x64   09:08:02  AUG 09, 2026 Elapsed Time=    280.023

 four_bar_mechanism--Transient (B5)                                            



                      L O A D   S T E P   O P T I O N S

   LOAD STEP NUMBER. . . . . . . . . . . . . . . .    33
   TIME AT END OF THE LOAD STEP. . . . . . . . . .  33.000    
   AUTOMATIC TIME STEPPING . . . . . . . . . . . .    ON
      STARTING TIME STEP SIZE. . . . . . . . . . . 0.50000    
      MINIMUM TIME STEP SIZE . . . . . . . . . . . 0.50000    
      MAXIMUM TIME STEP SIZE . . . . . . . . . . . 0.50000    
   MAXIMUM NUMBER OF EQUILIBRIUM ITERATIONS. . . .    15
   STEP CHANGE BOUNDARY CONDITIONS . . . . . . . .   YES
   STRESS-STIFFENING . . . . . . . . . . . . . . .    ON
   TRANSIENT (INERTIA) EFFECTS
      STRUCTURAL DOFS. . . . . . . . . . . . . . .    ON
   TRANSIENT INTEGRATION PARAMETERS
      GAMMA. . . . . . . . . . . . . . . . . . . . 0.10000    
      ALPHA. . . . . . . . . . . . . . . . . . . . 0.30250    
      DELTA. . . . . . . . . . . . . . . . . . . . 0.60000    
      USING HHT TIME INTEGRATION
      ALPHAF . . . . . . . . . . . . . . . . . . . 0.10000    
      ALPHAM . . . . . . . . . . . . . . . . . . .  0.0000    
   TERMINATE ANALYSIS IF NOT CONVERGED . . . . . .YES (EXIT)  
   CONVERGENCE CONTROLS. . . . . . . . . . . . . .USE DEFAULTS
   PRINT OUTPUT CONTROLS . . . . . . . . . . . . .NO PRINTOUT
   DATABASE OUTPUT CONTROLS
      ITEM     FREQUENCY   COMPONENT
       ALL       NONE               
      NSOL        ALL               
      RSOL        ALL               
      EANG        ALL               
      ETMP        ALL               
      VENG        ALL               
      STRS        ALL               
      EPEL        ALL               
      EPPL        ALL               
      CONT        ALL               
      V           ALL               
      A           ALL               
      MISC        ALL       _ELMISC 


 SOLUTION MONITORING INFO IS WRITTEN TO FILE= file.mntr                                                                                                                                                                                                                                                           
 MAXIMUM NUMBER OF EQUILIBRIUM ITERATIONS HAS BEEN MODIFIED              
  TO BE, NEQIT = 25, BY SOLUTION CONTROL LOGIC.                          

     FORCE CONVERGENCE VALUE  =  0.9694E-01  CRITERION=  0.3669E-03
     MOMENT CONVERGENCE VALUE =  0.7158E-13  CRITERION=  0.4318E-01
     DISP CONVERGENCE VALUE   =   43.07      CRITERION=   2.153    
    EQUIL ITER   1 COMPLETED.  NEW TRIANG MATRIX.  MAX DOF INC=   43.07    
     DISP CONVERGENCE VALUE   =   2.153      CRITERION=   2.153     <<< CONVERGED
     LINE SEARCH PARAMETER =  0.5000E-01 SCALED MAX DOF INC =   2.153    
     FORCE CONVERGENCE VALUE  =  0.1039E+05  CRITERION=  0.3396E-03
     MOMENT CONVERGENCE VALUE =  0.1862E-10  CRITERION=  0.3957E-01 <<< CONVERGED
    EQUIL ITER   2 COMPLETED.  NEW TRIANG MATRIX.  MAX DOF INC=   38.64    
     DISP CONVERGENCE VALUE   =   38.64      CRITERION=   2.153    
     LINE SEARCH PARAMETER =   1.000     SCALED MAX DOF INC =   38.64    
          1  FORCE-DISTRIBUTED CONSTRAINTS DO NOT SATISFY COMPATIBILITY CONDITION 
     CONSTRAINT CONDITIONS ARE NOT SATISFIED FOR      2 JOINT ELEMENTS WITH LAG MULT OPTION
     FORCE CONVERGENCE VALUE  =  0.3360E+07  CRITERION=   12.43    
     MOMENT CONVERGENCE VALUE =  0.1100E-03  CRITERION=   1383.     <<< CONVERGED
    EQUIL ITER   3 COMPLETED.  NEW TRIANG MATRIX.  MAX DOF INC=  -1.589    
     DISP CONVERGENCE VALUE   =   1.581      CRITERION=   2.153     <<< CONVERGED
     LINE SEARCH PARAMETER =  0.9952     SCALED MAX DOF INC =  -1.581    
     CONSTRAINT CONDITIONS ARE NOT SATISFIED FOR      2 JOINT ELEMENTS WITH LAG MULT OPTION
     FORCE CONVERGENCE VALUE  =   6530.      CRITERION=   2.723    
     MOMENT CONVERGENCE VALUE =  0.3772E-06  CRITERION=   928.2     <<< CONVERGED
    EQUIL ITER   4 COMPLETED.  NEW TRIANG MATRIX.  MAX DOF INC=   1.589    
     DISP CONVERGENCE VALUE   =   1.475      CRITERION=   2.153     <<< CONVERGED
     LINE SEARCH PARAMETER =  0.9281     SCALED MAX DOF INC =   1.475    
     CONSTRAINT CONDITIONS ARE NOT SATISFIED FOR      2 JOINT ELEMENTS WITH LAG MULT OPTION
     FORCE CONVERGENCE VALUE  =   9541.      CRITERION=  0.2056    
     MOMENT CONVERGENCE VALUE =  0.3077E-05  CRITERION=   66.70     <<< CONVERGED
    EQUIL ITER   5 COMPLETED.  NEW TRIANG MATRIX.  MAX DOF INC= -0.1230    
     DISP CONVERGENCE VALUE   =  0.1230      CRITERION=   2.153     <<< CONVERGED
     LINE SEARCH PARAMETER =   1.000     SCALED MAX DOF INC = -0.1230    
     FORCE CONVERGENCE VALUE  =   63.89      CRITERION=  0.2865E-01
     MOMENT CONVERGENCE VALUE =  0.2019E-07  CRITERION=   3.425     <<< CONVERGED
    EQUIL ITER   6 COMPLETED.  NEW TRIANG MATRIX.  MAX DOF INC= -0.3534E-01
     DISP CONVERGENCE VALUE   =  0.3534E-01  CRITERION=   2.153     <<< CONVERGED
     LINE SEARCH PARAMETER =   1.000     SCALED MAX DOF INC = -0.3534E-01
     FORCE CONVERGENCE VALUE  =   4.295      CRITERION=  0.4545E-01
     MOMENT CONVERGENCE VALUE =  0.2483E-09  CRITERION=  0.7604E-01 <<< CONVERGED
    EQUIL ITER   7 COMPLETED.  NEW TRIANG MATRIX.  MAX DOF INC= -0.1618E-04
     DISP CONVERGENCE VALUE   =  0.1617E-04  CRITERION=  0.2153     <<< CONVERGED
     LINE SEARCH PARAMETER =  0.9993     SCALED MAX DOF INC = -0.1617E-04
     FORCE CONVERGENCE VALUE  =  0.1308E-02  CRITERION=  0.2520     <<< CONVERGED

 *** WARNING ***                         ELAPSED TIME =     284.922   TIME= 09:08:07
 A reference force value times the tolerance is used by the              
 Newton-Raphson method for checking convergence.  The calculated         
 reference FORCE CONVERGENCE VALUE = 0.175342469 is less than a          
 threshold.  This threshold is internally calculated.  You can           
 overwrite it by specifying MINREF on the CNVTOL command.  Check         
 results carefully.                                                      
     MOMENT CONVERGENCE VALUE =  0.1834E-12  CRITERION=  0.1461     <<< CONVERGED
    >>> SOLUTION CONVERGED AFTER EQUILIBRIUM ITERATION   7
 *** LOAD STEP    33   SUBSTEP     1  COMPLETED.    CUM ITER =    338
 *** TIME =   32.5000         TIME INC =  0.500000    
 *** RESPONSE FREQ =  178.7       PERIOD=  0.5596E-02  PTS/CYC = 0.11E-01
 *** AUTO STEP TIME:  NEXT TIME INC = 0.50000      UNCHANGED

     FORCE CONVERGENCE VALUE  =  0.8795E-01  CRITERION=  0.8767E-03
     MOMENT CONVERGENCE VALUE =  0.1248E-13  CRITERION=  0.7793E-01
     DISP CONVERGENCE VALUE   =   41.94      CRITERION=   2.153    
    EQUIL ITER   1 COMPLETED.  NEW TRIANG MATRIX.  MAX DOF INC=   41.94    
     DISP CONVERGENCE VALUE   =   2.097      CRITERION=   2.153     <<< CONVERGED
     LINE SEARCH PARAMETER =  0.5000E-01 SCALED MAX DOF INC =   2.097    
     FORCE CONVERGENCE VALUE  =   9565.      CRITERION=  0.8069E-03
     MOMENT CONVERGENCE VALUE =  0.4059E-10  CRITERION=  0.7096E-01 <<< CONVERGED
    EQUIL ITER   2 COMPLETED.  NEW TRIANG MATRIX.  MAX DOF INC=   37.71    
     DISP CONVERGENCE VALUE   =   37.71      CRITERION=   2.153    
     LINE SEARCH PARAMETER =   1.000     SCALED MAX DOF INC =   37.71    
          1  FORCE-DISTRIBUTED CONSTRAINTS DO NOT SATISFY COMPATIBILITY CONDITION 
     CONSTRAINT CONDITIONS ARE NOT SATISFIED FOR      2 JOINT ELEMENTS WITH LAG MULT OPTION
     FORCE CONVERGENCE VALUE  =  0.3117E+07  CRITERION=   11.72    
     MOMENT CONVERGENCE VALUE =  0.1015E-03  CRITERION=   1182.     <<< CONVERGED
    EQUIL ITER   3 COMPLETED.  NEW TRIANG MATRIX.  MAX DOF INC=  -1.513    
     DISP CONVERGENCE VALUE   =   1.507      CRITERION=   2.153     <<< CONVERGED
     LINE SEARCH PARAMETER =  0.9959     SCALED MAX DOF INC =  -1.507    
     CONSTRAINT CONDITIONS ARE NOT SATISFIED FOR      2 JOINT ELEMENTS WITH LAG MULT OPTION
     FORCE CONVERGENCE VALUE  =   5141.      CRITERION=   15.06    
     MOMENT CONVERGENCE VALUE =  0.8171E-06  CRITERION=   366.6     <<< CONVERGED
    EQUIL ITER   4 COMPLETED.  NEW TRIANG MATRIX.  MAX DOF INC=  -1.404    
     DISP CONVERGENCE VALUE   =   1.338      CRITERION=   2.153     <<< CONVERGED
     LINE SEARCH PARAMETER =  0.9532     SCALED MAX DOF INC =  -1.338    
     CONSTRAINT CONDITIONS ARE NOT SATISFIED FOR      2 JOINT ELEMENTS WITH LAG MULT OPTION
     FORCE CONVERGENCE VALUE  =   6044.      CRITERION=  0.7411    
     MOMENT CONVERGENCE VALUE =  0.8690E-06  CRITERION=   17.89     <<< CONVERGED
    EQUIL ITER   5 COMPLETED.  NEW TRIANG MATRIX.  MAX DOF INC= -0.3133E-01
     DISP CONVERGENCE VALUE   =  0.3133E-01  CRITERION=   2.153     <<< CONVERGED
     LINE SEARCH PARAMETER =   1.000     SCALED MAX DOF INC = -0.3133E-01
     FORCE CONVERGENCE VALUE  =   5.588      CRITERION=  0.1712E-02
     MOMENT CONVERGENCE VALUE =  0.3016E-08  CRITERION=  0.4502     <<< CONVERGED
    EQUIL ITER   6 COMPLETED.  NEW TRIANG MATRIX.  MAX DOF INC= -0.6248E-02
     DISP CONVERGENCE VALUE   =  0.6241E-02  CRITERION=   2.153     <<< CONVERGED
     LINE SEARCH PARAMETER =  0.9990     SCALED MAX DOF INC = -0.6241E-02
     FORCE CONVERGENCE VALUE  =  0.1967      CRITERION=  0.2923E-01
     MOMENT CONVERGENCE VALUE =  0.8083E-11  CRITERION=  0.1017     <<< CONVERGED
    EQUIL ITER   7 COMPLETED.  NEW TRIANG MATRIX.  MAX DOF INC=  0.3481E-06
     DISP CONVERGENCE VALUE   =  0.3479E-06  CRITERION=  0.2153     <<< CONVERGED
     LINE SEARCH PARAMETER =  0.9994     SCALED MAX DOF INC =  0.3479E-06
     FORCE CONVERGENCE VALUE  =  0.4987E-04  CRITERION=  0.2453     <<< CONVERGED
     MOMENT CONVERGENCE VALUE =  0.4629E-14  CRITERION=  0.1422     <<< CONVERGED
    >>> SOLUTION CONVERGED AFTER EQUILIBRIUM ITERATION   7
 *** LOAD STEP    33   SUBSTEP     2  COMPLETED.    CUM ITER =    345
 *** TIME =   33.0000         TIME INC =  0.500000    
 *** RESPONSE FREQ =  174.1       PERIOD=  0.5745E-02  PTS/CYC = 0.11E-01
 ****************************************************
 *************** FINISHED SOLVE FOR LS 33 *************
 ****************************************************
 ******************* SOLVE FOR LS 34 OF 45 ****************

 PRINTOUT RESUMED BY /GOP

 USE AUTOMATIC TIME STEPPING THIS LOAD STEP

 USE INITIAL TIME STEP SIZE OF 0.5000000     FOR ALL  DEGREES OF FREEDOM
 FOR AUTOMATIC TIME STEPPING:
   USE 0.5000000     AS THE MINIMUM TIME STEP SIZE
   USE 0.5000000     AS THE MAXIMUM TIME STEP SIZE

 TIME=  34.000    

 INCLUDE TRANSIENT EFFECTS FOR  ALL DEGREES OF FREEDOM THIS LOAD STEP

 ERASE THE CURRENT DATABASE OUTPUT CONTROL TABLE.


 WRITE ALL  ITEMS TO THE DATABASE WITH A FREQUENCY OF NONE
   FOR ALL APPLICABLE ENTITIES

 WRITE NSOL ITEMS TO THE DATABASE WITH A FREQUENCY OF ALL 
   FOR ALL APPLICABLE ENTITIES

 WRITE RSOL ITEMS TO THE DATABASE WITH A FREQUENCY OF ALL 
   FOR ALL APPLICABLE ENTITIES

 WRITE EANG ITEMS TO THE DATABASE WITH A FREQUENCY OF ALL 
   FOR ALL APPLICABLE ENTITIES

 WRITE ETMP ITEMS TO THE DATABASE WITH A FREQUENCY OF ALL 
   FOR ALL APPLICABLE ENTITIES

 WRITE VENG ITEMS TO THE DATABASE WITH A FREQUENCY OF ALL 
   FOR ALL APPLICABLE ENTITIES

 WRITE STRS ITEMS TO THE DATABASE WITH A FREQUENCY OF ALL 
   FOR ALL APPLICABLE ENTITIES

 WRITE EPEL ITEMS TO THE DATABASE WITH A FREQUENCY OF ALL 
   FOR ALL APPLICABLE ENTITIES

 WRITE EPPL ITEMS TO THE DATABASE WITH A FREQUENCY OF ALL 
   FOR ALL APPLICABLE ENTITIES

 WRITE CONT ITEMS TO THE DATABASE WITH A FREQUENCY OF ALL 
   FOR ALL APPLICABLE ENTITIES

 WRITE V    ITEMS TO THE DATABASE WITH A FREQUENCY OF ALL 
   FOR ALL APPLICABLE ENTITIES

 WRITE A    ITEMS TO THE DATABASE WITH A FREQUENCY OF ALL 
   FOR ALL APPLICABLE ENTITIES

 WRITE MISC ITEMS TO THE DATABASE WITH A FREQUENCY OF ALL 
   FOR THE ENTITIES DEFINED BY COMPONENT _ELMISC 

 *****  MAPDL SOLVE    COMMAND  *****

 *** WARNING ***                         ELAPSED TIME =     290.368   TIME= 09:08:12
 Material number 16 (used by element 2217) should normally have at least 
 one MP or one TB type command associated with it.  Output of energy by  
 material may not be available.                                          

 *** NOTE ***                            ELAPSED TIME =     290.372   TIME= 09:08:12
 The step data was checked and warning messages were found.              
  Please review output or errors file ( F:\CoME\Forth Semester\Practice  
 FEM\Git_upload\06_Dynamic_Analysis\3_transient_analysis\06_3_ii_four_ba 
 r_mechanism\ansys\project_files\_ProjectScratch\Scr451E\file0.err )     
 for these warning messages.                                             

 *** NOTE ***                            ELAPSED TIME =     290.372   TIME= 09:08:12
 This nonlinear analysis defaults to using the full Newton-Raphson       
 solution procedure.  This can be modified using the NROPT command.      

 *** MAPDL - ENGINEERING ANALYSIS SYSTEM  RELEASE 2026 R1          26.1     ***
 Ansys Mechanical Enterprise Academic Student      
 01055371  VERSION=WINDOWS x64   09:08:12  AUG 09, 2026 Elapsed Time=    290.415

 four_bar_mechanism--Transient (B5)                                            



                      L O A D   S T E P   O P T I O N S

   LOAD STEP NUMBER. . . . . . . . . . . . . . . .    34
   TIME AT END OF THE LOAD STEP. . . . . . . . . .  34.000    
   AUTOMATIC TIME STEPPING . . . . . . . . . . . .    ON
      STARTING TIME STEP SIZE. . . . . . . . . . . 0.50000    
      MINIMUM TIME STEP SIZE . . . . . . . . . . . 0.50000    
      MAXIMUM TIME STEP SIZE . . . . . . . . . . . 0.50000    
   MAXIMUM NUMBER OF EQUILIBRIUM ITERATIONS. . . .    15
   STEP CHANGE BOUNDARY CONDITIONS . . . . . . . .   YES
   STRESS-STIFFENING . . . . . . . . . . . . . . .    ON
   TRANSIENT (INERTIA) EFFECTS
      STRUCTURAL DOFS. . . . . . . . . . . . . . .    ON
   TRANSIENT INTEGRATION PARAMETERS
      GAMMA. . . . . . . . . . . . . . . . . . . . 0.10000    
      ALPHA. . . . . . . . . . . . . . . . . . . . 0.30250    
      DELTA. . . . . . . . . . . . . . . . . . . . 0.60000    
      USING HHT TIME INTEGRATION
      ALPHAF . . . . . . . . . . . . . . . . . . . 0.10000    
      ALPHAM . . . . . . . . . . . . . . . . . . .  0.0000    
   TERMINATE ANALYSIS IF NOT CONVERGED . . . . . .YES (EXIT)  
   CONVERGENCE CONTROLS. . . . . . . . . . . . . .USE DEFAULTS
   PRINT OUTPUT CONTROLS . . . . . . . . . . . . .NO PRINTOUT
   DATABASE OUTPUT CONTROLS
      ITEM     FREQUENCY   COMPONENT
       ALL       NONE               
      NSOL        ALL               
      RSOL        ALL               
      EANG        ALL               
      ETMP        ALL               
      VENG        ALL               
      STRS        ALL               
      EPEL        ALL               
      EPPL        ALL               
      CONT        ALL               
      V           ALL               
      A           ALL               
      MISC        ALL       _ELMISC 


 SOLUTION MONITORING INFO IS WRITTEN TO FILE= file.mntr                                                                                                                                                                                                                                                           
 MAXIMUM NUMBER OF EQUILIBRIUM ITERATIONS HAS BEEN MODIFIED              
  TO BE, NEQIT = 25, BY SOLUTION CONTROL LOGIC.                          

     FORCE CONVERGENCE VALUE  =  0.7504E-01  CRITERION=  0.1477E-02
     MOMENT CONVERGENCE VALUE =  0.9977E-15  CRITERION=  0.1020    
     DISP CONVERGENCE VALUE   =   38.37      CRITERION=   2.153    
    EQUIL ITER   1 COMPLETED.  NEW TRIANG MATRIX.  MAX DOF INC=   38.37    
     DISP CONVERGENCE VALUE   =   1.918      CRITERION=   2.153     <<< CONVERGED
     LINE SEARCH PARAMETER =  0.5000E-01 SCALED MAX DOF INC =   1.918    
     FORCE CONVERGENCE VALUE  =   8090.      CRITERION=  0.1354E-02
     MOMENT CONVERGENCE VALUE =  0.6355E-10  CRITERION=  0.9235E-01 <<< CONVERGED
    EQUIL ITER   2 COMPLETED.  NEW TRIANG MATRIX.  MAX DOF INC=   34.73    
     DISP CONVERGENCE VALUE   =   34.73      CRITERION=   2.153    
     LINE SEARCH PARAMETER =   1.000     SCALED MAX DOF INC =   34.73    
          1  FORCE-DISTRIBUTED CONSTRAINTS DO NOT SATISFY COMPATIBILITY CONDITION 
     CONSTRAINT CONDITIONS ARE NOT SATISFIED FOR      2 JOINT ELEMENTS WITH LAG MULT OPTION
     FORCE CONVERGENCE VALUE  =  0.2680E+07  CRITERION=   9.453    
     MOMENT CONVERGENCE VALUE =  0.7945E-04  CRITERION=   865.8     <<< CONVERGED
    EQUIL ITER   3 COMPLETED.  NEW TRIANG MATRIX.  MAX DOF INC=  -1.333    
     DISP CONVERGENCE VALUE   =   1.330      CRITERION=   2.153     <<< CONVERGED
     LINE SEARCH PARAMETER =  0.9973     SCALED MAX DOF INC =  -1.330    
     CONSTRAINT CONDITIONS ARE NOT SATISFIED FOR      2 JOINT ELEMENTS WITH LAG MULT OPTION
     FORCE CONVERGENCE VALUE  =   3502.      CRITERION=   35.71    
     MOMENT CONVERGENCE VALUE =  0.2021E-05  CRITERION=   513.7     <<< CONVERGED
    EQUIL ITER   4 COMPLETED.  NEW TRIANG MATRIX.  MAX DOF INC=  -1.180    
     DISP CONVERGENCE VALUE   =   1.152      CRITERION=   2.153     <<< CONVERGED
     LINE SEARCH PARAMETER =  0.9763     SCALED MAX DOF INC =  -1.152    
     CONSTRAINT CONDITIONS ARE NOT SATISFIED FOR      2 JOINT ELEMENTS WITH LAG MULT OPTION
     FORCE CONVERGENCE VALUE  =   4528.      CRITERION=  0.7344    
     MOMENT CONVERGENCE VALUE =  0.5100E-06  CRITERION=   7.713     <<< CONVERGED
    EQUIL ITER   5 COMPLETED.  NEW TRIANG MATRIX.  MAX DOF INC=  0.6758E-01
     DISP CONVERGENCE VALUE   =  0.6758E-01  CRITERION=   2.153     <<< CONVERGED
     LINE SEARCH PARAMETER =   1.000     SCALED MAX DOF INC =  0.6758E-01
     FORCE CONVERGENCE VALUE  =   13.38      CRITERION=  0.3784E-02
     MOMENT CONVERGENCE VALUE =  0.1308E-08  CRITERION=  0.4256     <<< CONVERGED
    EQUIL ITER   6 COMPLETED.  NEW TRIANG MATRIX.  MAX DOF INC=  0.5886E-02
     DISP CONVERGENCE VALUE   =  0.5883E-02  CRITERION=   2.153     <<< CONVERGED
     LINE SEARCH PARAMETER =  0.9995     SCALED MAX DOF INC =  0.5883E-02
     FORCE CONVERGENCE VALUE  =  0.1250      CRITERION=  0.2184E-01
     MOMENT CONVERGENCE VALUE =  0.5820E-11  CRITERION=  0.1074     <<< CONVERGED
    EQUIL ITER   7 COMPLETED.  NEW TRIANG MATRIX.  MAX DOF INC= -0.5841E-06
     DISP CONVERGENCE VALUE   =  0.5839E-06  CRITERION=  0.2153     <<< CONVERGED
     LINE SEARCH PARAMETER =  0.9995     SCALED MAX DOF INC = -0.5839E-06
     FORCE CONVERGENCE VALUE  =  0.2316E-04  CRITERION=  0.1746     <<< CONVERGED

 *** WARNING ***                         ELAPSED TIME =     295.224   TIME= 09:08:17
 A reference force value times the tolerance is used by the              
 Newton-Raphson method for checking convergence.  The calculated         
 reference FORCE CONVERGENCE VALUE = 0.411215756 is less than a          
 threshold.  This threshold is internally calculated.  You can           
 overwrite it by specifying MINREF on the CNVTOL command.  Check         
 results carefully.                                                      
     MOMENT CONVERGENCE VALUE =  0.2815E-14  CRITERION=  0.1262     <<< CONVERGED
    >>> SOLUTION CONVERGED AFTER EQUILIBRIUM ITERATION   7
 *** LOAD STEP    34   SUBSTEP     1  COMPLETED.    CUM ITER =    352
 *** TIME =   33.5000         TIME INC =  0.500000    
 *** RESPONSE FREQ =  165.8       PERIOD=  0.6030E-02  PTS/CYC = 0.12E-01
 *** AUTO STEP TIME:  NEXT TIME INC = 0.50000      UNCHANGED

     FORCE CONVERGENCE VALUE  =  0.5877E-01  CRITERION=  0.2056E-02
     MOMENT CONVERGENCE VALUE =  0.9800E-15  CRITERION=  0.1073    
     DISP CONVERGENCE VALUE   =   32.43      CRITERION=   2.153    
    EQUIL ITER   1 COMPLETED.  NEW TRIANG MATRIX.  MAX DOF INC=   32.43    
     DISP CONVERGENCE VALUE   =   1.622      CRITERION=   2.153     <<< CONVERGED
     LINE SEARCH PARAMETER =  0.5000E-01 SCALED MAX DOF INC =   1.622    
     FORCE CONVERGENCE VALUE  =   6241.      CRITERION=  0.1877E-02
     MOMENT CONVERGENCE VALUE =  0.8289E-10  CRITERION=  0.9645E-01 <<< CONVERGED
    EQUIL ITER   2 COMPLETED.  NEW TRIANG MATRIX.  MAX DOF INC=   29.59    
     DISP CONVERGENCE VALUE   =   29.59      CRITERION=   2.153    
     LINE SEARCH PARAMETER =   1.000     SCALED MAX DOF INC =   29.59    
     CONSTRAINT CONDITIONS ARE NOT SATISFIED FOR      2 JOINT ELEMENTS WITH LAG MULT OPTION
     FORCE CONVERGENCE VALUE  =  0.2112E+07  CRITERION=   6.199    
     MOMENT CONVERGENCE VALUE =  0.4991E-04  CRITERION=   542.7     <<< CONVERGED
    EQUIL ITER   3 COMPLETED.  NEW TRIANG MATRIX.  MAX DOF INC=  -1.075    
     DISP CONVERGENCE VALUE   =   1.075      CRITERION=   2.153     <<< CONVERGED
     LINE SEARCH PARAMETER =  0.9997     SCALED MAX DOF INC =  -1.075    
     CONSTRAINT CONDITIONS ARE NOT SATISFIED FOR      2 JOINT ELEMENTS WITH LAG MULT OPTION
     FORCE CONVERGENCE VALUE  =   4020.      CRITERION=   54.76    
     MOMENT CONVERGENCE VALUE =  0.2663E-05  CRITERION=   921.1     <<< CONVERGED
    EQUIL ITER   4 COMPLETED.  NEW TRIANG MATRIX.  MAX DOF INC=  -1.502    
     DISP CONVERGENCE VALUE   =   1.475      CRITERION=   2.153     <<< CONVERGED
     LINE SEARCH PARAMETER =  0.9821     SCALED MAX DOF INC =  -1.475    
     CONSTRAINT CONDITIONS ARE NOT SATISFIED FOR      2 JOINT ELEMENTS WITH LAG MULT OPTION
     FORCE CONVERGENCE VALUE  =   5093.      CRITERION=  0.6379    
     MOMENT CONVERGENCE VALUE =  0.2319E-05  CRITERION=   15.18     <<< CONVERGED
    EQUIL ITER   5 COMPLETED.  NEW TRIANG MATRIX.  MAX DOF INC=  0.3599E-01
     DISP CONVERGENCE VALUE   =  0.3599E-01  CRITERION=   2.153     <<< CONVERGED
     LINE SEARCH PARAMETER =   1.000     SCALED MAX DOF INC =  0.3599E-01
     FORCE CONVERGENCE VALUE  =   3.976      CRITERION=  0.6272E-02
     MOMENT CONVERGENCE VALUE =  0.2469E-08  CRITERION=  0.3447     <<< CONVERGED
    EQUIL ITER   6 COMPLETED.  NEW TRIANG MATRIX.  MAX DOF INC=  0.3211E-02
     DISP CONVERGENCE VALUE   =  0.3209E-02  CRITERION=   2.153     <<< CONVERGED
     LINE SEARCH PARAMETER =  0.9994     SCALED MAX DOF INC =  0.3209E-02
     FORCE CONVERGENCE VALUE  =  0.3822E-01  CRITERION=  0.2046E-01
     MOMENT CONVERGENCE VALUE =  0.3527E-11  CRITERION=  0.8699E-01 <<< CONVERGED
    EQUIL ITER   7 COMPLETED.  NEW TRIANG MATRIX.  MAX DOF INC=  0.1282E-06
     DISP CONVERGENCE VALUE   =  0.1281E-06  CRITERION=  0.2153     <<< CONVERGED
     LINE SEARCH PARAMETER =  0.9997     SCALED MAX DOF INC =  0.1281E-06
     FORCE CONVERGENCE VALUE  =  0.7223E-05  CRITERION=  0.1871     <<< CONVERGED
     MOMENT CONVERGENCE VALUE =  0.1209E-14  CRITERION=  0.1085     <<< CONVERGED
    >>> SOLUTION CONVERGED AFTER EQUILIBRIUM ITERATION   7
 *** LOAD STEP    34   SUBSTEP     2  COMPLETED.    CUM ITER =    359
 *** TIME =   34.0000         TIME INC =  0.500000    
 *** RESPONSE FREQ =  159.5       PERIOD=  0.6268E-02  PTS/CYC = 0.13E-01
 ****************************************************
 *************** FINISHED SOLVE FOR LS 34 *************
 ****************************************************
 ******************* SOLVE FOR LS 35 OF 45 ****************

 PRINTOUT RESUMED BY /GOP

 USE AUTOMATIC TIME STEPPING THIS LOAD STEP

 USE INITIAL TIME STEP SIZE OF 0.5000000     FOR ALL  DEGREES OF FREEDOM
 FOR AUTOMATIC TIME STEPPING:
   USE 0.5000000     AS THE MINIMUM TIME STEP SIZE
   USE 0.5000000     AS THE MAXIMUM TIME STEP SIZE

 TIME=  35.000    

 INCLUDE TRANSIENT EFFECTS FOR  ALL DEGREES OF FREEDOM THIS LOAD STEP

 ERASE THE CURRENT DATABASE OUTPUT CONTROL TABLE.


 WRITE ALL  ITEMS TO THE DATABASE WITH A FREQUENCY OF NONE
   FOR ALL APPLICABLE ENTITIES

 WRITE NSOL ITEMS TO THE DATABASE WITH A FREQUENCY OF ALL 
   FOR ALL APPLICABLE ENTITIES

 WRITE RSOL ITEMS TO THE DATABASE WITH A FREQUENCY OF ALL 
   FOR ALL APPLICABLE ENTITIES

 WRITE EANG ITEMS TO THE DATABASE WITH A FREQUENCY OF ALL 
   FOR ALL APPLICABLE ENTITIES

 WRITE ETMP ITEMS TO THE DATABASE WITH A FREQUENCY OF ALL 
   FOR ALL APPLICABLE ENTITIES

 WRITE VENG ITEMS TO THE DATABASE WITH A FREQUENCY OF ALL 
   FOR ALL APPLICABLE ENTITIES

 WRITE STRS ITEMS TO THE DATABASE WITH A FREQUENCY OF ALL 
   FOR ALL APPLICABLE ENTITIES

 WRITE EPEL ITEMS TO THE DATABASE WITH A FREQUENCY OF ALL 
   FOR ALL APPLICABLE ENTITIES

 WRITE EPPL ITEMS TO THE DATABASE WITH A FREQUENCY OF ALL 
   FOR ALL APPLICABLE ENTITIES

 WRITE CONT ITEMS TO THE DATABASE WITH A FREQUENCY OF ALL 
   FOR ALL APPLICABLE ENTITIES

 WRITE V    ITEMS TO THE DATABASE WITH A FREQUENCY OF ALL 
   FOR ALL APPLICABLE ENTITIES

 WRITE A    ITEMS TO THE DATABASE WITH A FREQUENCY OF ALL 
   FOR ALL APPLICABLE ENTITIES

 WRITE MISC ITEMS TO THE DATABASE WITH A FREQUENCY OF ALL 
   FOR THE ENTITIES DEFINED BY COMPONENT _ELMISC 

 *****  MAPDL SOLVE    COMMAND  *****

 *** WARNING ***                         ELAPSED TIME =     300.429   TIME= 09:08:22
 Material number 16 (used by element 2217) should normally have at least 
 one MP or one TB type command associated with it.  Output of energy by  
 material may not be available.                                          

 *** NOTE ***                            ELAPSED TIME =     300.433   TIME= 09:08:22
 The step data was checked and warning messages were found.              
  Please review output or errors file ( F:\CoME\Forth Semester\Practice  
 FEM\Git_upload\06_Dynamic_Analysis\3_transient_analysis\06_3_ii_four_ba 
 r_mechanism\ansys\project_files\_ProjectScratch\Scr451E\file0.err )     
 for these warning messages.                                             

 *** NOTE ***                            ELAPSED TIME =     300.433   TIME= 09:08:22
 This nonlinear analysis defaults to using the full Newton-Raphson       
 solution procedure.  This can be modified using the NROPT command.      

 *** MAPDL - ENGINEERING ANALYSIS SYSTEM  RELEASE 2026 R1          26.1     ***
 Ansys Mechanical Enterprise Academic Student      
 01055371  VERSION=WINDOWS x64   09:08:22  AUG 09, 2026 Elapsed Time=    300.468

 four_bar_mechanism--Transient (B5)                                            



                      L O A D   S T E P   O P T I O N S

   LOAD STEP NUMBER. . . . . . . . . . . . . . . .    35
   TIME AT END OF THE LOAD STEP. . . . . . . . . .  35.000    
   AUTOMATIC TIME STEPPING . . . . . . . . . . . .    ON
      STARTING TIME STEP SIZE. . . . . . . . . . . 0.50000    
      MINIMUM TIME STEP SIZE . . . . . . . . . . . 0.50000    
      MAXIMUM TIME STEP SIZE . . . . . . . . . . . 0.50000    
   MAXIMUM NUMBER OF EQUILIBRIUM ITERATIONS. . . .    15
   STEP CHANGE BOUNDARY CONDITIONS . . . . . . . .   YES
   STRESS-STIFFENING . . . . . . . . . . . . . . .    ON
   TRANSIENT (INERTIA) EFFECTS
      STRUCTURAL DOFS. . . . . . . . . . . . . . .    ON
   TRANSIENT INTEGRATION PARAMETERS
      GAMMA. . . . . . . . . . . . . . . . . . . . 0.10000    
      ALPHA. . . . . . . . . . . . . . . . . . . . 0.30250    
      DELTA. . . . . . . . . . . . . . . . . . . . 0.60000    
      USING HHT TIME INTEGRATION
      ALPHAF . . . . . . . . . . . . . . . . . . . 0.10000    
      ALPHAM . . . . . . . . . . . . . . . . . . .  0.0000    
   TERMINATE ANALYSIS IF NOT CONVERGED . . . . . .YES (EXIT)  
   CONVERGENCE CONTROLS. . . . . . . . . . . . . .USE DEFAULTS
   PRINT OUTPUT CONTROLS . . . . . . . . . . . . .NO PRINTOUT
   DATABASE OUTPUT CONTROLS
      ITEM     FREQUENCY   COMPONENT
       ALL       NONE               
      NSOL        ALL               
      RSOL        ALL               
      EANG        ALL               
      ETMP        ALL               
      VENG        ALL               
      STRS        ALL               
      EPEL        ALL               
      EPPL        ALL               
      CONT        ALL               
      V           ALL               
      A           ALL               
      MISC        ALL       _ELMISC 


 SOLUTION MONITORING INFO IS WRITTEN TO FILE= file.mntr                                                                                                                                                                                                                                                           
 MAXIMUM NUMBER OF EQUILIBRIUM ITERATIONS HAS BEEN MODIFIED              
  TO BE, NEQIT = 25, BY SOLUTION CONTROL LOGIC.                          

     FORCE CONVERGENCE VALUE  =  0.4162E-01  CRITERION=  0.2354E-02
     MOMENT CONVERGENCE VALUE =  0.1056E-15  CRITERION=  0.8687E-01
     DISP CONVERGENCE VALUE   =   24.83      CRITERION=   2.153    
    EQUIL ITER   1 COMPLETED.  NEW TRIANG MATRIX.  MAX DOF INC=   24.83    
     DISP CONVERGENCE VALUE   =   1.242      CRITERION=   2.153     <<< CONVERGED
     LINE SEARCH PARAMETER =  0.5000E-01 SCALED MAX DOF INC =   1.242    
     FORCE CONVERGENCE VALUE  =   4516.      CRITERION=  0.2140E-02
     MOMENT CONVERGENCE VALUE =  0.9007E-10  CRITERION=  0.7729E-01 <<< CONVERGED
    EQUIL ITER   2 COMPLETED.  NEW TRIANG MATRIX.  MAX DOF INC=   22.78    
     DISP CONVERGENCE VALUE   =   22.78      CRITERION=   2.153    
     LINE SEARCH PARAMETER =   1.000     SCALED MAX DOF INC =   22.78    
     CONSTRAINT CONDITIONS ARE NOT SATISFIED FOR      2 JOINT ELEMENTS WITH LAG MULT OPTION
     FORCE CONVERGENCE VALUE  =  0.1561E+07  CRITERION=   3.155    
     MOMENT CONVERGENCE VALUE =  0.2406E-04  CRITERION=   314.9     <<< CONVERGED
    EQUIL ITER   3 COMPLETED.  NEW TRIANG MATRIX.  MAX DOF INC=  -1.666    
     DISP CONVERGENCE VALUE   =   1.666      CRITERION=   2.153     <<< CONVERGED
     LINE SEARCH PARAMETER =   1.000     SCALED MAX DOF INC =  -1.666    
     CONSTRAINT CONDITIONS ARE NOT SATISFIED FOR      2 JOINT ELEMENTS WITH LAG MULT OPTION
     FORCE CONVERGENCE VALUE  =   5282.      CRITERION=   58.34    
     MOMENT CONVERGENCE VALUE =  0.2161E-05  CRITERION=   886.0     <<< CONVERGED
    EQUIL ITER   4 COMPLETED.  NEW TRIANG MATRIX.  MAX DOF INC=  -1.639    
     DISP CONVERGENCE VALUE   =   1.630      CRITERION=   2.153     <<< CONVERGED
     LINE SEARCH PARAMETER =  0.9944     SCALED MAX DOF INC =  -1.630    
     CONSTRAINT CONDITIONS ARE NOT SATISFIED FOR      2 JOINT ELEMENTS WITH LAG MULT OPTION
     FORCE CONVERGENCE VALUE  =   4885.      CRITERION=  0.2655    
     MOMENT CONVERGENCE VALUE =  0.3527E-05  CRITERION=   20.40     <<< CONVERGED
    EQUIL ITER   5 COMPLETED.  NEW TRIANG MATRIX.  MAX DOF INC= -0.2897E-01
     DISP CONVERGENCE VALUE   =  0.2897E-01  CRITERION=   2.153     <<< CONVERGED
     LINE SEARCH PARAMETER =   1.000     SCALED MAX DOF INC = -0.2897E-01
     FORCE CONVERGENCE VALUE  =   4.382      CRITERION=  0.4616E-02
     MOMENT CONVERGENCE VALUE =  0.2605E-08  CRITERION=  0.2767     <<< CONVERGED
    EQUIL ITER   6 COMPLETED.  NEW TRIANG MATRIX.  MAX DOF INC= -0.3105E-02
     DISP CONVERGENCE VALUE   =  0.3104E-02  CRITERION=   2.153     <<< CONVERGED
     LINE SEARCH PARAMETER =  0.9998     SCALED MAX DOF INC = -0.3104E-02
     FORCE CONVERGENCE VALUE  =  0.3413E-01  CRITERION=  0.2081E-01
     MOMENT CONVERGENCE VALUE =  0.1207E-11  CRITERION=  0.5233E-01 <<< CONVERGED
    EQUIL ITER   7 COMPLETED.  NEW TRIANG MATRIX.  MAX DOF INC= -0.8987E-07
     DISP CONVERGENCE VALUE   =  0.8985E-07  CRITERION=  0.2153     <<< CONVERGED
     LINE SEARCH PARAMETER =  0.9998     SCALED MAX DOF INC = -0.8985E-07
     FORCE CONVERGENCE VALUE  =  0.3889E-05  CRITERION=  0.1962     <<< CONVERGED

 *** WARNING ***                         ELAPSED TIME =     305.235   TIME= 09:08:27
 A reference force value times the tolerance is used by the              
 Newton-Raphson method for checking convergence.  The calculated         
 reference FORCE CONVERGENCE VALUE = 0.457503989 is less than a          
 threshold.  This threshold is internally calculated.  You can           
 overwrite it by specifying MINREF on the CNVTOL command.  Check         
 results carefully.                                                      
     MOMENT CONVERGENCE VALUE =  0.8388E-15  CRITERION=  0.1137     <<< CONVERGED
    >>> SOLUTION CONVERGED AFTER EQUILIBRIUM ITERATION   7
 *** LOAD STEP    35   SUBSTEP     1  COMPLETED.    CUM ITER =    366
 *** TIME =   34.5000         TIME INC =  0.500000    
 *** RESPONSE FREQ =  168.1       PERIOD=  0.5948E-02  PTS/CYC = 0.12E-01
 *** AUTO STEP TIME:  NEXT TIME INC = 0.50000      UNCHANGED

     FORCE CONVERGENCE VALUE  =  0.2721E-01  CRITERION=  0.2288E-02
     MOMENT CONVERGENCE VALUE =  0.8902E-15  CRITERION=  0.5230E-01
     DISP CONVERGENCE VALUE   =   16.68      CRITERION=   2.153    
    EQUIL ITER   1 COMPLETED.  NEW TRIANG MATRIX.  MAX DOF INC=   16.68    
     DISP CONVERGENCE VALUE   =  0.8339      CRITERION=   2.153     <<< CONVERGED
     LINE SEARCH PARAMETER =  0.5000E-01 SCALED MAX DOF INC =  0.8339    
     FORCE CONVERGENCE VALUE  =   3379.      CRITERION=  0.2071E-02
     MOMENT CONVERGENCE VALUE =  0.8333E-10  CRITERION=  0.4583E-01 <<< CONVERGED
    EQUIL ITER   2 COMPLETED.  NEW TRIANG MATRIX.  MAX DOF INC=   15.28    
     DISP CONVERGENCE VALUE   =   15.28      CRITERION=   2.153    
     LINE SEARCH PARAMETER =   1.000     SCALED MAX DOF INC =   15.28    
     CONSTRAINT CONDITIONS ARE NOT SATISFIED FOR      2 JOINT ELEMENTS WITH LAG MULT OPTION
     FORCE CONVERGENCE VALUE  =  0.1190E+07  CRITERION=   1.210    
     MOMENT CONVERGENCE VALUE =  0.8756E-05  CRITERION=   204.8     <<< CONVERGED
    EQUIL ITER   3 COMPLETED.  NEW TRIANG MATRIX.  MAX DOF INC=  -2.292    
     DISP CONVERGENCE VALUE   =   2.292      CRITERION=   2.153    
     LINE SEARCH PARAMETER =   1.000     SCALED MAX DOF INC =  -2.292    
     CONSTRAINT CONDITIONS ARE NOT SATISFIED FOR      2 JOINT ELEMENTS WITH LAG MULT OPTION
     FORCE CONVERGENCE VALUE  =   9408.      CRITERION=   40.96    
     MOMENT CONVERGENCE VALUE =  0.2864E-05  CRITERION=   517.3     <<< CONVERGED
    EQUIL ITER   4 COMPLETED.  NEW TRIANG MATRIX.  MAX DOF INC=  -1.107    
     DISP CONVERGENCE VALUE   =   1.107      CRITERION=   2.153     <<< CONVERGED
     LINE SEARCH PARAMETER =   1.000     SCALED MAX DOF INC =  -1.107    
     CONSTRAINT CONDITIONS ARE NOT SATISFIED FOR      2 JOINT ELEMENTS WITH LAG MULT OPTION
     FORCE CONVERGENCE VALUE  =   2433.      CRITERION=  0.1829    
     MOMENT CONVERGENCE VALUE =  0.1688E-05  CRITERION=   11.77     <<< CONVERGED
    EQUIL ITER   5 COMPLETED.  NEW TRIANG MATRIX.  MAX DOF INC=  0.2592E-01
     DISP CONVERGENCE VALUE   =  0.2592E-01  CRITERION=   2.153     <<< CONVERGED
     LINE SEARCH PARAMETER =   1.000     SCALED MAX DOF INC =  0.2592E-01
     FORCE CONVERGENCE VALUE  =   2.438      CRITERION=  0.3498E-02
     MOMENT CONVERGENCE VALUE =  0.1684E-08  CRITERION=  0.1214     <<< CONVERGED
    EQUIL ITER   6 COMPLETED.  NEW TRIANG MATRIX.  MAX DOF INC=  0.1852E-02
     DISP CONVERGENCE VALUE   =  0.1852E-02  CRITERION=   2.153     <<< CONVERGED
     LINE SEARCH PARAMETER =  0.9999     SCALED MAX DOF INC =  0.1852E-02
     FORCE CONVERGENCE VALUE  =  0.1168E-01  CRITERION=  0.1361E-01 <<< CONVERGED
     MOMENT CONVERGENCE VALUE =  0.6181E-12  CRITERION=  0.1960E-01 <<< CONVERGED
    >>> SOLUTION CONVERGED AFTER EQUILIBRIUM ITERATION   6
 *** LOAD STEP    35   SUBSTEP     2  COMPLETED.    CUM ITER =    372
 *** TIME =   35.0000         TIME INC =  0.500000    
 *** RESPONSE FREQ =  208.5       PERIOD=  0.4796E-02  PTS/CYC = 0.96E-02
 ****************************************************
 *************** FINISHED SOLVE FOR LS 35 *************
 ****************************************************
 ******************* SOLVE FOR LS 36 OF 45 ****************

 PRINTOUT RESUMED BY /GOP

 USE AUTOMATIC TIME STEPPING THIS LOAD STEP

 USE INITIAL TIME STEP SIZE OF 0.5000000     FOR ALL  DEGREES OF FREEDOM
 FOR AUTOMATIC TIME STEPPING:
   USE 0.5000000     AS THE MINIMUM TIME STEP SIZE
   USE 0.5000000     AS THE MAXIMUM TIME STEP SIZE

 TIME=  36.000    

 INCLUDE TRANSIENT EFFECTS FOR  ALL DEGREES OF FREEDOM THIS LOAD STEP

 ERASE THE CURRENT DATABASE OUTPUT CONTROL TABLE.


 WRITE ALL  ITEMS TO THE DATABASE WITH A FREQUENCY OF NONE
   FOR ALL APPLICABLE ENTITIES

 WRITE NSOL ITEMS TO THE DATABASE WITH A FREQUENCY OF ALL 
   FOR ALL APPLICABLE ENTITIES

 WRITE RSOL ITEMS TO THE DATABASE WITH A FREQUENCY OF ALL 
   FOR ALL APPLICABLE ENTITIES

 WRITE EANG ITEMS TO THE DATABASE WITH A FREQUENCY OF ALL 
   FOR ALL APPLICABLE ENTITIES

 WRITE ETMP ITEMS TO THE DATABASE WITH A FREQUENCY OF ALL 
   FOR ALL APPLICABLE ENTITIES

 WRITE VENG ITEMS TO THE DATABASE WITH A FREQUENCY OF ALL 
   FOR ALL APPLICABLE ENTITIES

 WRITE STRS ITEMS TO THE DATABASE WITH A FREQUENCY OF ALL 
   FOR ALL APPLICABLE ENTITIES

 WRITE EPEL ITEMS TO THE DATABASE WITH A FREQUENCY OF ALL 
   FOR ALL APPLICABLE ENTITIES

 WRITE EPPL ITEMS TO THE DATABASE WITH A FREQUENCY OF ALL 
   FOR ALL APPLICABLE ENTITIES

 WRITE CONT ITEMS TO THE DATABASE WITH A FREQUENCY OF ALL 
   FOR ALL APPLICABLE ENTITIES

 WRITE V    ITEMS TO THE DATABASE WITH A FREQUENCY OF ALL 
   FOR ALL APPLICABLE ENTITIES

 WRITE A    ITEMS TO THE DATABASE WITH A FREQUENCY OF ALL 
   FOR ALL APPLICABLE ENTITIES

 WRITE MISC ITEMS TO THE DATABASE WITH A FREQUENCY OF ALL 
   FOR THE ENTITIES DEFINED BY COMPONENT _ELMISC 

 *****  MAPDL SOLVE    COMMAND  *****

 *** WARNING ***                         ELAPSED TIME =     309.850   TIME= 09:08:32
 Material number 16 (used by element 2217) should normally have at least 
 one MP or one TB type command associated with it.  Output of energy by  
 material may not be available.                                          

 *** NOTE ***                            ELAPSED TIME =     309.854   TIME= 09:08:32
 The step data was checked and warning messages were found.              
  Please review output or errors file ( F:\CoME\Forth Semester\Practice  
 FEM\Git_upload\06_Dynamic_Analysis\3_transient_analysis\06_3_ii_four_ba 
 r_mechanism\ansys\project_files\_ProjectScratch\Scr451E\file0.err )     
 for these warning messages.                                             

 *** NOTE ***                            ELAPSED TIME =     309.854   TIME= 09:08:32
 This nonlinear analysis defaults to using the full Newton-Raphson       
 solution procedure.  This can be modified using the NROPT command.      

 *** MAPDL - ENGINEERING ANALYSIS SYSTEM  RELEASE 2026 R1          26.1     ***
 Ansys Mechanical Enterprise Academic Student      
 01055371  VERSION=WINDOWS x64   09:08:32  AUG 09, 2026 Elapsed Time=    309.885

 four_bar_mechanism--Transient (B5)                                            



                      L O A D   S T E P   O P T I O N S

   LOAD STEP NUMBER. . . . . . . . . . . . . . . .    36
   TIME AT END OF THE LOAD STEP. . . . . . . . . .  36.000    
   AUTOMATIC TIME STEPPING . . . . . . . . . . . .    ON
      STARTING TIME STEP SIZE. . . . . . . . . . . 0.50000    
      MINIMUM TIME STEP SIZE . . . . . . . . . . . 0.50000    
      MAXIMUM TIME STEP SIZE . . . . . . . . . . . 0.50000    
   MAXIMUM NUMBER OF EQUILIBRIUM ITERATIONS. . . .    15
   STEP CHANGE BOUNDARY CONDITIONS . . . . . . . .   YES
   STRESS-STIFFENING . . . . . . . . . . . . . . .    ON
   TRANSIENT (INERTIA) EFFECTS
      STRUCTURAL DOFS. . . . . . . . . . . . . . .    ON
   TRANSIENT INTEGRATION PARAMETERS
      GAMMA. . . . . . . . . . . . . . . . . . . . 0.10000    
      ALPHA. . . . . . . . . . . . . . . . . . . . 0.30250    
      DELTA. . . . . . . . . . . . . . . . . . . . 0.60000    
      USING HHT TIME INTEGRATION
      ALPHAF . . . . . . . . . . . . . . . . . . . 0.10000    
      ALPHAM . . . . . . . . . . . . . . . . . . .  0.0000    
   TERMINATE ANALYSIS IF NOT CONVERGED . . . . . .YES (EXIT)  
   CONVERGENCE CONTROLS. . . . . . . . . . . . . .USE DEFAULTS
   PRINT OUTPUT CONTROLS . . . . . . . . . . . . .NO PRINTOUT
   DATABASE OUTPUT CONTROLS
      ITEM     FREQUENCY   COMPONENT
       ALL       NONE               
      NSOL        ALL               
      RSOL        ALL               
      EANG        ALL               
      ETMP        ALL               
      VENG        ALL               
      STRS        ALL               
      EPEL        ALL               
      EPPL        ALL               
      CONT        ALL               
      V           ALL               
      A           ALL               
      MISC        ALL       _ELMISC 


 SOLUTION MONITORING INFO IS WRITTEN TO FILE= file.mntr                                                                                                                                                                                                                                                           
 MAXIMUM NUMBER OF EQUILIBRIUM ITERATIONS HAS BEEN MODIFIED              
  TO BE, NEQIT = 25, BY SOLUTION CONTROL LOGIC.                          

     FORCE CONVERGENCE VALUE  =  0.2461E-01  CRITERION=  0.1924E-02
     MOMENT CONVERGENCE VALUE =  0.6905E-13  CRITERION=  0.1960E-01
     DISP CONVERGENCE VALUE   =   13.64      CRITERION=   2.153    
    EQUIL ITER   1 COMPLETED.  NEW TRIANG MATRIX.  MAX DOF INC=  -13.64    
     DISP CONVERGENCE VALUE   =  0.6820      CRITERION=   2.153     <<< CONVERGED
     LINE SEARCH PARAMETER =  0.5000E-01 SCALED MAX DOF INC = -0.6820    
     FORCE CONVERGENCE VALUE  =   2896.      CRITERION=  0.1736E-02
     MOMENT CONVERGENCE VALUE =  0.6762E-10  CRITERION=  0.1657E-01 <<< CONVERGED
    EQUIL ITER   2 COMPLETED.  NEW TRIANG MATRIX.  MAX DOF INC=  -12.90    
     DISP CONVERGENCE VALUE   =   12.90      CRITERION=   2.153    
     LINE SEARCH PARAMETER =   1.000     SCALED MAX DOF INC =  -12.90    
     CONSTRAINT CONDITIONS ARE NOT SATISFIED FOR      2 JOINT ELEMENTS WITH LAG MULT OPTION
     FORCE CONVERGENCE VALUE  =  0.1032E+07  CRITERION=  0.3564    
     MOMENT CONVERGENCE VALUE =  0.2504E-05  CRITERION=   167.9     <<< CONVERGED
    EQUIL ITER   3 COMPLETED.  NEW TRIANG MATRIX.  MAX DOF INC=  -2.564    
     DISP CONVERGENCE VALUE   =   2.564      CRITERION=   2.153    
     LINE SEARCH PARAMETER =   1.000     SCALED MAX DOF INC =  -2.564    
     CONSTRAINT CONDITIONS ARE NOT SATISFIED FOR      2 JOINT ELEMENTS WITH LAG MULT OPTION
     FORCE CONVERGENCE VALUE  =  0.1158E+05  CRITERION=   17.74    
     MOMENT CONVERGENCE VALUE =  0.2077E-05  CRITERION=   184.3     <<< CONVERGED
    EQUIL ITER   4 COMPLETED.  NEW TRIANG MATRIX.  MAX DOF INC= -0.4751    
     DISP CONVERGENCE VALUE   =  0.4751      CRITERION=   2.153     <<< CONVERGED
     LINE SEARCH PARAMETER =   1.000     SCALED MAX DOF INC = -0.4751    
     CONSTRAINT CONDITIONS ARE NOT SATISFIED FOR      1 JOINT ELEMENTS WITH LAG MULT OPTION
     FORCE CONVERGENCE VALUE  =   709.4      CRITERION=  0.1277    
     MOMENT CONVERGENCE VALUE =  0.1949E-06  CRITERION=   4.004     <<< CONVERGED
    EQUIL ITER   5 COMPLETED.  NEW TRIANG MATRIX.  MAX DOF INC=  0.6693E-01
     DISP CONVERGENCE VALUE   =  0.6693E-01  CRITERION=   2.153     <<< CONVERGED
     LINE SEARCH PARAMETER =   1.000     SCALED MAX DOF INC =  0.6693E-01
     FORCE CONVERGENCE VALUE  =   14.04      CRITERION=  0.1914E-02
     MOMENT CONVERGENCE VALUE =  0.6877E-09  CRITERION=  0.8146E-01 <<< CONVERGED
    EQUIL ITER   6 COMPLETED.  NEW TRIANG MATRIX.  MAX DOF INC=  0.1408E-02
     DISP CONVERGENCE VALUE   =  0.1408E-02  CRITERION=   2.153     <<< CONVERGED
     LINE SEARCH PARAMETER =   1.000     SCALED MAX DOF INC =  0.1408E-02
     FORCE CONVERGENCE VALUE  =  0.6304E-02  CRITERION=  0.1230E-01 <<< CONVERGED

 *** WARNING ***                         ELAPSED TIME =     314.195   TIME= 09:08:36
 A reference force value times the tolerance is used by the              
 Newton-Raphson method for checking convergence.  The calculated         
 reference FORCE CONVERGENCE VALUE = 0.2952 is less than a threshold.    
 This threshold is internally calculated.  You can overwrite it by       
 specifying MINREF on the CNVTOL command.  Check results carefully.      
     MOMENT CONVERGENCE VALUE =  0.2444E-12  CRITERION=  0.7132E-02 <<< CONVERGED
    >>> SOLUTION CONVERGED AFTER EQUILIBRIUM ITERATION   6
 *** LOAD STEP    36   SUBSTEP     1  COMPLETED.    CUM ITER =    378
 *** TIME =   35.5000         TIME INC =  0.500000    
 *** RESPONSE FREQ =  257.3       PERIOD=  0.3887E-02  PTS/CYC = 0.78E-02
 *** AUTO STEP TIME:  NEXT TIME INC = 0.50000      UNCHANGED

     FORCE CONVERGENCE VALUE  =  0.2466E-01  CRITERION=  0.1476E-02
     MOMENT CONVERGENCE VALUE =  0.2101E-13  CRITERION=  0.6865E-02
     DISP CONVERGENCE VALUE   =   13.81      CRITERION=   2.153    
    EQUIL ITER   1 COMPLETED.  NEW TRIANG MATRIX.  MAX DOF INC=  -13.81    
     DISP CONVERGENCE VALUE   =  0.6905      CRITERION=   2.153     <<< CONVERGED
     LINE SEARCH PARAMETER =  0.5000E-01 SCALED MAX DOF INC = -0.6905    
     FORCE CONVERGENCE VALUE  =   2759.      CRITERION=  0.1329E-02
     MOMENT CONVERGENCE VALUE =  0.5075E-10  CRITERION=  0.6716E-02 <<< CONVERGED
    EQUIL ITER   2 COMPLETED.  NEW TRIANG MATRIX.  MAX DOF INC=  -13.06    
     DISP CONVERGENCE VALUE   =   13.06      CRITERION=   2.153    
     LINE SEARCH PARAMETER =   1.000     SCALED MAX DOF INC =  -13.06    
     CONSTRAINT CONDITIONS ARE NOT SATISFIED FOR      2 JOINT ELEMENTS WITH LAG MULT OPTION
     FORCE CONVERGENCE VALUE  =  0.9871E+06  CRITERION=  0.9369E-01
     MOMENT CONVERGENCE VALUE =  0.6569E-06  CRITERION=   158.7     <<< CONVERGED
    EQUIL ITER   3 COMPLETED.  NEW TRIANG MATRIX.  MAX DOF INC=  -2.362    
     DISP CONVERGENCE VALUE   =   2.355      CRITERION=   2.153    
     LINE SEARCH PARAMETER =  0.9967     SCALED MAX DOF INC =  -2.355    
     CONSTRAINT CONDITIONS ARE NOT SATISFIED FOR      2 JOINT ELEMENTS WITH LAG MULT OPTION
     FORCE CONVERGENCE VALUE  =   9532.      CRITERION=   5.068    
     MOMENT CONVERGENCE VALUE =  0.7691E-06  CRITERION=   99.65     <<< CONVERGED
    EQUIL ITER   4 COMPLETED.  NEW TRIANG MATRIX.  MAX DOF INC=  0.1918    
     DISP CONVERGENCE VALUE   =  0.1918      CRITERION=   2.153     <<< CONVERGED
     LINE SEARCH PARAMETER =   1.000     SCALED MAX DOF INC =  0.1918    
     FORCE CONVERGENCE VALUE  =   171.8      CRITERION=  0.3540E-01
     MOMENT CONVERGENCE VALUE =  0.3752E-07  CRITERION=   2.302     <<< CONVERGED
    EQUIL ITER   5 COMPLETED.  NEW TRIANG MATRIX.  MAX DOF INC=  0.4138E-01
     DISP CONVERGENCE VALUE   =  0.4138E-01  CRITERION=   2.153     <<< CONVERGED
     LINE SEARCH PARAMETER =   1.000     SCALED MAX DOF INC =  0.4138E-01
     FORCE CONVERGENCE VALUE  =   5.275      CRITERION=  0.1233E-01
     MOMENT CONVERGENCE VALUE =  0.1717E-09  CRITERION=  0.1848E-01 <<< CONVERGED
    EQUIL ITER   6 COMPLETED.  NEW TRIANG MATRIX.  MAX DOF INC=  0.1980E-03
     DISP CONVERGENCE VALUE   =  0.1980E-03  CRITERION=  0.2153     <<< CONVERGED
     LINE SEARCH PARAMETER =   1.000     SCALED MAX DOF INC =  0.1980E-03
     FORCE CONVERGENCE VALUE  =  0.2115E-03  CRITERION=  0.1233E-01 <<< CONVERGED
     MOMENT CONVERGENCE VALUE =  0.4206E-14  CRITERION=  0.1532E-01 <<< CONVERGED
    >>> SOLUTION CONVERGED AFTER EQUILIBRIUM ITERATION   6
 *** LOAD STEP    36   SUBSTEP     2  COMPLETED.    CUM ITER =    384
 *** TIME =   36.0000         TIME INC =  0.500000    
 *** RESPONSE FREQ =  238.9       PERIOD=  0.4186E-02  PTS/CYC = 0.84E-02
 ****************************************************
 *************** FINISHED SOLVE FOR LS 36 *************
 ****************************************************
 ******************* SOLVE FOR LS 37 OF 45 ****************

 PRINTOUT RESUMED BY /GOP

 USE AUTOMATIC TIME STEPPING THIS LOAD STEP

 USE INITIAL TIME STEP SIZE OF 0.5000000     FOR ALL  DEGREES OF FREEDOM
 FOR AUTOMATIC TIME STEPPING:
   USE 0.5000000     AS THE MINIMUM TIME STEP SIZE
   USE 0.5000000     AS THE MAXIMUM TIME STEP SIZE

 TIME=  37.000    

 INCLUDE TRANSIENT EFFECTS FOR  ALL DEGREES OF FREEDOM THIS LOAD STEP

 ERASE THE CURRENT DATABASE OUTPUT CONTROL TABLE.


 WRITE ALL  ITEMS TO THE DATABASE WITH A FREQUENCY OF NONE
   FOR ALL APPLICABLE ENTITIES

 WRITE NSOL ITEMS TO THE DATABASE WITH A FREQUENCY OF ALL 
   FOR ALL APPLICABLE ENTITIES

 WRITE RSOL ITEMS TO THE DATABASE WITH A FREQUENCY OF ALL 
   FOR ALL APPLICABLE ENTITIES

 WRITE EANG ITEMS TO THE DATABASE WITH A FREQUENCY OF ALL 
   FOR ALL APPLICABLE ENTITIES

 WRITE ETMP ITEMS TO THE DATABASE WITH A FREQUENCY OF ALL 
   FOR ALL APPLICABLE ENTITIES

 WRITE VENG ITEMS TO THE DATABASE WITH A FREQUENCY OF ALL 
   FOR ALL APPLICABLE ENTITIES

 WRITE STRS ITEMS TO THE DATABASE WITH A FREQUENCY OF ALL 
   FOR ALL APPLICABLE ENTITIES

 WRITE EPEL ITEMS TO THE DATABASE WITH A FREQUENCY OF ALL 
   FOR ALL APPLICABLE ENTITIES

 WRITE EPPL ITEMS TO THE DATABASE WITH A FREQUENCY OF ALL 
   FOR ALL APPLICABLE ENTITIES

 WRITE CONT ITEMS TO THE DATABASE WITH A FREQUENCY OF ALL 
   FOR ALL APPLICABLE ENTITIES

 WRITE V    ITEMS TO THE DATABASE WITH A FREQUENCY OF ALL 
   FOR ALL APPLICABLE ENTITIES

 WRITE A    ITEMS TO THE DATABASE WITH A FREQUENCY OF ALL 
   FOR ALL APPLICABLE ENTITIES

 WRITE MISC ITEMS TO THE DATABASE WITH A FREQUENCY OF ALL 
   FOR THE ENTITIES DEFINED BY COMPONENT _ELMISC 

 *****  MAPDL SOLVE    COMMAND  *****

 *** WARNING ***                         ELAPSED TIME =     319.047   TIME= 09:08:41
 Material number 16 (used by element 2217) should normally have at least 
 one MP or one TB type command associated with it.  Output of energy by  
 material may not be available.                                          

 *** NOTE ***                            ELAPSED TIME =     319.052   TIME= 09:08:41
 The step data was checked and warning messages were found.              
  Please review output or errors file ( F:\CoME\Forth Semester\Practice  
 FEM\Git_upload\06_Dynamic_Analysis\3_transient_analysis\06_3_ii_four_ba 
 r_mechanism\ansys\project_files\_ProjectScratch\Scr451E\file0.err )     
 for these warning messages.                                             

 *** NOTE ***                            ELAPSED TIME =     319.052   TIME= 09:08:41
 This nonlinear analysis defaults to using the full Newton-Raphson       
 solution procedure.  This can be modified using the NROPT command.      

 *** MAPDL - ENGINEERING ANALYSIS SYSTEM  RELEASE 2026 R1          26.1     ***
 Ansys Mechanical Enterprise Academic Student      
 01055371  VERSION=WINDOWS x64   09:08:41  AUG 09, 2026 Elapsed Time=    319.093

 four_bar_mechanism--Transient (B5)                                            



                      L O A D   S T E P   O P T I O N S

   LOAD STEP NUMBER. . . . . . . . . . . . . . . .    37
   TIME AT END OF THE LOAD STEP. . . . . . . . . .  37.000    
   AUTOMATIC TIME STEPPING . . . . . . . . . . . .    ON
      STARTING TIME STEP SIZE. . . . . . . . . . . 0.50000    
      MINIMUM TIME STEP SIZE . . . . . . . . . . . 0.50000    
      MAXIMUM TIME STEP SIZE . . . . . . . . . . . 0.50000    
   MAXIMUM NUMBER OF EQUILIBRIUM ITERATIONS. . . .    15
   STEP CHANGE BOUNDARY CONDITIONS . . . . . . . .   YES
   STRESS-STIFFENING . . . . . . . . . . . . . . .    ON
   TRANSIENT (INERTIA) EFFECTS
      STRUCTURAL DOFS. . . . . . . . . . . . . . .    ON
   TRANSIENT INTEGRATION PARAMETERS
      GAMMA. . . . . . . . . . . . . . . . . . . . 0.10000    
      ALPHA. . . . . . . . . . . . . . . . . . . . 0.30250    
      DELTA. . . . . . . . . . . . . . . . . . . . 0.60000    
      USING HHT TIME INTEGRATION
      ALPHAF . . . . . . . . . . . . . . . . . . . 0.10000    
      ALPHAM . . . . . . . . . . . . . . . . . . .  0.0000    
   TERMINATE ANALYSIS IF NOT CONVERGED . . . . . .YES (EXIT)  
   CONVERGENCE CONTROLS. . . . . . . . . . . . . .USE DEFAULTS
   PRINT OUTPUT CONTROLS . . . . . . . . . . . . .NO PRINTOUT
   DATABASE OUTPUT CONTROLS
      ITEM     FREQUENCY   COMPONENT
       ALL       NONE               
      NSOL        ALL               
      RSOL        ALL               
      EANG        ALL               
      ETMP        ALL               
      VENG        ALL               
      STRS        ALL               
      EPEL        ALL               
      EPPL        ALL               
      CONT        ALL               
      V           ALL               
      A           ALL               
      MISC        ALL       _ELMISC 


 SOLUTION MONITORING INFO IS WRITTEN TO FILE= file.mntr                                                                                                                                                                                                                                                           
 MAXIMUM NUMBER OF EQUILIBRIUM ITERATIONS HAS BEEN MODIFIED              
  TO BE, NEQIT = 25, BY SOLUTION CONTROL LOGIC.                          

     FORCE CONVERGENCE VALUE  =  0.3051E-01  CRITERION=  0.1064E-02
     MOMENT CONVERGENCE VALUE =  0.1880E-14  CRITERION=  0.1532E-01
     DISP CONVERGENCE VALUE   =   13.92      CRITERION=   2.153    
    EQUIL ITER   1 COMPLETED.  NEW TRIANG MATRIX.  MAX DOF INC=  -13.92    
     DISP CONVERGENCE VALUE   =  0.6959      CRITERION=   2.153     <<< CONVERGED
     LINE SEARCH PARAMETER =  0.5000E-01 SCALED MAX DOF INC = -0.6959    
     FORCE CONVERGENCE VALUE  =   2727.      CRITERION=  0.9561E-03
     MOMENT CONVERGENCE VALUE =  0.3616E-10  CRITERION=  0.1434E-01 <<< CONVERGED
    EQUIL ITER   2 COMPLETED.  NEW TRIANG MATRIX.  MAX DOF INC=  -13.16    
     DISP CONVERGENCE VALUE   =   13.16      CRITERION=   2.153    
     LINE SEARCH PARAMETER =   1.000     SCALED MAX DOF INC =  -13.16    
     CONSTRAINT CONDITIONS ARE NOT SATISFIED FOR      1 JOINT ELEMENTS WITH LAG MULT OPTION
     FORCE CONVERGENCE VALUE  =  0.9768E+06  CRITERION=  0.1960E-01
     MOMENT CONVERGENCE VALUE =  0.1465E-06  CRITERION=   156.6     <<< CONVERGED
    EQUIL ITER   3 COMPLETED.  NEW TRIANG MATRIX.  MAX DOF INC=  -1.897    
     DISP CONVERGENCE VALUE   =   1.889      CRITERION=   2.153     <<< CONVERGED
     LINE SEARCH PARAMETER =  0.9959     SCALED MAX DOF INC =  -1.889    
     CONSTRAINT CONDITIONS ARE NOT SATISFIED FOR      2 JOINT ELEMENTS WITH LAG MULT OPTION
     FORCE CONVERGENCE VALUE  =   6272.      CRITERION=   2.235    
     MOMENT CONVERGENCE VALUE =  0.3095E-06  CRITERION=   125.8     <<< CONVERGED
    EQUIL ITER   4 COMPLETED.  NEW TRIANG MATRIX.  MAX DOF INC=  0.1268    
     DISP CONVERGENCE VALUE   =  0.1268      CRITERION=   2.153     <<< CONVERGED
     LINE SEARCH PARAMETER =   1.000     SCALED MAX DOF INC =  0.1268    
     FORCE CONVERGENCE VALUE  =   70.45      CRITERION=  0.1237E-01
     MOMENT CONVERGENCE VALUE =  0.3210E-07  CRITERION=   1.043     <<< CONVERGED
    EQUIL ITER   5 COMPLETED.  NEW TRIANG MATRIX.  MAX DOF INC=  0.1778E-01
     DISP CONVERGENCE VALUE   =  0.1778E-01  CRITERION=   2.153     <<< CONVERGED
     LINE SEARCH PARAMETER =   1.000     SCALED MAX DOF INC =  0.1778E-01
     FORCE CONVERGENCE VALUE  =  0.9694      CRITERION=  0.1526E-01
     MOMENT CONVERGENCE VALUE =  0.2929E-10  CRITERION=  0.1857E-01 <<< CONVERGED
    EQUIL ITER   6 COMPLETED.  NEW TRIANG MATRIX.  MAX DOF INC=  0.3180E-04
     DISP CONVERGENCE VALUE   =  0.3180E-04  CRITERION=  0.2153     <<< CONVERGED
     LINE SEARCH PARAMETER =   1.000     SCALED MAX DOF INC =  0.3180E-04
     FORCE CONVERGENCE VALUE  =  0.4176E-04  CRITERION=  0.6404E-01 <<< CONVERGED

 *** WARNING ***                         ELAPSED TIME =     323.411   TIME= 09:08:45
 A reference force value times the tolerance is used by the              
 Newton-Raphson method for checking convergence.  The calculated         
 reference FORCE CONVERGENCE VALUE = 0.149694036 is less than a          
 threshold.  This threshold is internally calculated.  You can           
 overwrite it by specifying MINREF on the CNVTOL command.  Check         
 results carefully.                                                      
     MOMENT CONVERGENCE VALUE =  0.8871E-15  CRITERION=  0.3712E-01 <<< CONVERGED
    >>> SOLUTION CONVERGED AFTER EQUILIBRIUM ITERATION   6
 *** LOAD STEP    37   SUBSTEP     1  COMPLETED.    CUM ITER =    390
 *** TIME =   36.5000         TIME INC =  0.500000    
 *** RESPONSE FREQ =  195.0       PERIOD=  0.5128E-02  PTS/CYC = 0.10E-01
 *** AUTO STEP TIME:  NEXT TIME INC = 0.50000      UNCHANGED

     FORCE CONVERGENCE VALUE  =  0.3667E-01  CRITERION=  0.7485E-03
     MOMENT CONVERGENCE VALUE =  0.9287E-15  CRITERION=  0.1848E-01
     DISP CONVERGENCE VALUE   =   13.96      CRITERION=   2.153    
    EQUIL ITER   1 COMPLETED.  NEW TRIANG MATRIX.  MAX DOF INC=  -13.96    
     DISP CONVERGENCE VALUE   =  0.6978      CRITERION=   2.153     <<< CONVERGED
     LINE SEARCH PARAMETER =  0.5000E-01 SCALED MAX DOF INC = -0.6978    
     FORCE CONVERGENCE VALUE  =   2729.      CRITERION=  0.6725E-03
     MOMENT CONVERGENCE VALUE =  0.2530E-10  CRITERION=  0.1699E-01 <<< CONVERGED
    EQUIL ITER   2 COMPLETED.  NEW TRIANG MATRIX.  MAX DOF INC=  -13.19    
     DISP CONVERGENCE VALUE   =   13.19      CRITERION=   2.153    
     LINE SEARCH PARAMETER =   1.000     SCALED MAX DOF INC =  -13.19    
     CONSTRAINT CONDITIONS ARE NOT SATISFIED FOR      2 JOINT ELEMENTS WITH LAG MULT OPTION
     FORCE CONVERGENCE VALUE  =  0.9779E+06  CRITERION=  0.3160E-01
     MOMENT CONVERGENCE VALUE =  0.1900E-06  CRITERION=   156.8     <<< CONVERGED
    EQUIL ITER   3 COMPLETED.  NEW TRIANG MATRIX.  MAX DOF INC=  -1.422    
     DISP CONVERGENCE VALUE   =   1.416      CRITERION=   2.153     <<< CONVERGED
     LINE SEARCH PARAMETER =  0.9959     SCALED MAX DOF INC =  -1.416    
     CONSTRAINT CONDITIONS ARE NOT SATISFIED FOR      2 JOINT ELEMENTS WITH LAG MULT OPTION
     FORCE CONVERGENCE VALUE  =   3949.      CRITERION=   2.685    
     MOMENT CONVERGENCE VALUE =  0.2327E-06  CRITERION=   154.7     <<< CONVERGED
    EQUIL ITER   4 COMPLETED.  NEW TRIANG MATRIX.  MAX DOF INC=  0.1252    
     DISP CONVERGENCE VALUE   =  0.1252      CRITERION=   2.153     <<< CONVERGED
     LINE SEARCH PARAMETER =   1.000     SCALED MAX DOF INC =  0.1252    
     FORCE CONVERGENCE VALUE  =   80.64      CRITERION=  0.8227E-02
     MOMENT CONVERGENCE VALUE =  0.4558E-07  CRITERION=  0.6137     <<< CONVERGED
    EQUIL ITER   5 COMPLETED.  NEW TRIANG MATRIX.  MAX DOF INC=  0.1049E-01
     DISP CONVERGENCE VALUE   =  0.1049E-01  CRITERION=   2.153     <<< CONVERGED
     LINE SEARCH PARAMETER =   1.000     SCALED MAX DOF INC =  0.1049E-01
     FORCE CONVERGENCE VALUE  =  0.3401      CRITERION=  0.1834E-01
     MOMENT CONVERGENCE VALUE =  0.1014E-10  CRITERION=  0.1795E-01 <<< CONVERGED
    EQUIL ITER   6 COMPLETED.  NEW TRIANG MATRIX.  MAX DOF INC=  0.2133E-04
     DISP CONVERGENCE VALUE   =  0.2133E-04  CRITERION=  0.2153     <<< CONVERGED
     LINE SEARCH PARAMETER =  0.9999     SCALED MAX DOF INC =  0.2133E-04
     FORCE CONVERGENCE VALUE  =  0.5370E-04  CRITERION=  0.8174E-01 <<< CONVERGED
     MOMENT CONVERGENCE VALUE =  0.5811E-15  CRITERION=  0.4738E-01 <<< CONVERGED
    >>> SOLUTION CONVERGED AFTER EQUILIBRIUM ITERATION   6
 *** LOAD STEP    37   SUBSTEP     2  COMPLETED.    CUM ITER =    396
 *** TIME =   37.0000         TIME INC =  0.500000    
 *** RESPONSE FREQ =  164.4       PERIOD=  0.6081E-02  PTS/CYC = 0.12E-01
 ****************************************************
 *************** FINISHED SOLVE FOR LS 37 *************
 ****************************************************
 ******************* SOLVE FOR LS 38 OF 45 ****************

 PRINTOUT RESUMED BY /GOP

 USE AUTOMATIC TIME STEPPING THIS LOAD STEP

 USE INITIAL TIME STEP SIZE OF 0.5000000     FOR ALL  DEGREES OF FREEDOM
 FOR AUTOMATIC TIME STEPPING:
   USE 0.5000000     AS THE MINIMUM TIME STEP SIZE
   USE 0.5000000     AS THE MAXIMUM TIME STEP SIZE

 TIME=  38.000    

 INCLUDE TRANSIENT EFFECTS FOR  ALL DEGREES OF FREEDOM THIS LOAD STEP

 ERASE THE CURRENT DATABASE OUTPUT CONTROL TABLE.


 WRITE ALL  ITEMS TO THE DATABASE WITH A FREQUENCY OF NONE
   FOR ALL APPLICABLE ENTITIES

 WRITE NSOL ITEMS TO THE DATABASE WITH A FREQUENCY OF ALL 
   FOR ALL APPLICABLE ENTITIES

 WRITE RSOL ITEMS TO THE DATABASE WITH A FREQUENCY OF ALL 
   FOR ALL APPLICABLE ENTITIES

 WRITE EANG ITEMS TO THE DATABASE WITH A FREQUENCY OF ALL 
   FOR ALL APPLICABLE ENTITIES

 WRITE ETMP ITEMS TO THE DATABASE WITH A FREQUENCY OF ALL 
   FOR ALL APPLICABLE ENTITIES

 WRITE VENG ITEMS TO THE DATABASE WITH A FREQUENCY OF ALL 
   FOR ALL APPLICABLE ENTITIES

 WRITE STRS ITEMS TO THE DATABASE WITH A FREQUENCY OF ALL 
   FOR ALL APPLICABLE ENTITIES

 WRITE EPEL ITEMS TO THE DATABASE WITH A FREQUENCY OF ALL 
   FOR ALL APPLICABLE ENTITIES

 WRITE EPPL ITEMS TO THE DATABASE WITH A FREQUENCY OF ALL 
   FOR ALL APPLICABLE ENTITIES

 WRITE CONT ITEMS TO THE DATABASE WITH A FREQUENCY OF ALL 
   FOR ALL APPLICABLE ENTITIES

 WRITE V    ITEMS TO THE DATABASE WITH A FREQUENCY OF ALL 
   FOR ALL APPLICABLE ENTITIES

 WRITE A    ITEMS TO THE DATABASE WITH A FREQUENCY OF ALL 
   FOR ALL APPLICABLE ENTITIES

 WRITE MISC ITEMS TO THE DATABASE WITH A FREQUENCY OF ALL 
   FOR THE ENTITIES DEFINED BY COMPONENT _ELMISC 

 *****  MAPDL SOLVE    COMMAND  *****

 *** WARNING ***                         ELAPSED TIME =     328.186   TIME= 09:08:50
 Material number 16 (used by element 2217) should normally have at least 
 one MP or one TB type command associated with it.  Output of energy by  
 material may not be available.                                          

 *** NOTE ***                            ELAPSED TIME =     328.190   TIME= 09:08:50
 The step data was checked and warning messages were found.              
  Please review output or errors file ( F:\CoME\Forth Semester\Practice  
 FEM\Git_upload\06_Dynamic_Analysis\3_transient_analysis\06_3_ii_four_ba 
 r_mechanism\ansys\project_files\_ProjectScratch\Scr451E\file0.err )     
 for these warning messages.                                             

 *** NOTE ***                            ELAPSED TIME =     328.190   TIME= 09:08:50
 This nonlinear analysis defaults to using the full Newton-Raphson       
 solution procedure.  This can be modified using the NROPT command.      

 *** MAPDL - ENGINEERING ANALYSIS SYSTEM  RELEASE 2026 R1          26.1     ***
 Ansys Mechanical Enterprise Academic Student      
 01055371  VERSION=WINDOWS x64   09:08:50  AUG 09, 2026 Elapsed Time=    328.221

 four_bar_mechanism--Transient (B5)                                            



                      L O A D   S T E P   O P T I O N S

   LOAD STEP NUMBER. . . . . . . . . . . . . . . .    38
   TIME AT END OF THE LOAD STEP. . . . . . . . . .  38.000    
   AUTOMATIC TIME STEPPING . . . . . . . . . . . .    ON
      STARTING TIME STEP SIZE. . . . . . . . . . . 0.50000    
      MINIMUM TIME STEP SIZE . . . . . . . . . . . 0.50000    
      MAXIMUM TIME STEP SIZE . . . . . . . . . . . 0.50000    
   MAXIMUM NUMBER OF EQUILIBRIUM ITERATIONS. . . .    15
   STEP CHANGE BOUNDARY CONDITIONS . . . . . . . .   YES
   STRESS-STIFFENING . . . . . . . . . . . . . . .    ON
   TRANSIENT (INERTIA) EFFECTS
      STRUCTURAL DOFS. . . . . . . . . . . . . . .    ON
   TRANSIENT INTEGRATION PARAMETERS
      GAMMA. . . . . . . . . . . . . . . . . . . . 0.10000    
      ALPHA. . . . . . . . . . . . . . . . . . . . 0.30250    
      DELTA. . . . . . . . . . . . . . . . . . . . 0.60000    
      USING HHT TIME INTEGRATION
      ALPHAF . . . . . . . . . . . . . . . . . . . 0.10000    
      ALPHAM . . . . . . . . . . . . . . . . . . .  0.0000    
   TERMINATE ANALYSIS IF NOT CONVERGED . . . . . .YES (EXIT)  
   CONVERGENCE CONTROLS. . . . . . . . . . . . . .USE DEFAULTS
   PRINT OUTPUT CONTROLS . . . . . . . . . . . . .NO PRINTOUT
   DATABASE OUTPUT CONTROLS
      ITEM     FREQUENCY   COMPONENT
       ALL       NONE               
      NSOL        ALL               
      RSOL        ALL               
      EANG        ALL               
      ETMP        ALL               
      VENG        ALL               
      STRS        ALL               
      EPEL        ALL               
      EPPL        ALL               
      CONT        ALL               
      V           ALL               
      A           ALL               
      MISC        ALL       _ELMISC 


 SOLUTION MONITORING INFO IS WRITTEN TO FILE= file.mntr                                                                                                                                                                                                                                                           
 MAXIMUM NUMBER OF EQUILIBRIUM ITERATIONS HAS BEEN MODIFIED              
  TO BE, NEQIT = 25, BY SOLUTION CONTROL LOGIC.                          

     FORCE CONVERGENCE VALUE  =  0.4171E-01  CRITERION=  0.5181E-03
     MOMENT CONVERGENCE VALUE =  0.3886E-16  CRITERION=  0.1787E-01
     DISP CONVERGENCE VALUE   =   13.92      CRITERION=   2.153    
    EQUIL ITER   1 COMPLETED.  NEW TRIANG MATRIX.  MAX DOF INC=  -13.92    
     DISP CONVERGENCE VALUE   =  0.6961      CRITERION=   2.153     <<< CONVERGED
     LINE SEARCH PARAMETER =  0.5000E-01 SCALED MAX DOF INC = -0.6961    
     FORCE CONVERGENCE VALUE  =   2753.      CRITERION=  0.4655E-03
     MOMENT CONVERGENCE VALUE =  0.1752E-10  CRITERION=  0.1631E-01 <<< CONVERGED
    EQUIL ITER   2 COMPLETED.  NEW TRIANG MATRIX.  MAX DOF INC=  -13.16    
     DISP CONVERGENCE VALUE   =   13.16      CRITERION=   2.153    
     LINE SEARCH PARAMETER =   1.000     SCALED MAX DOF INC =  -13.16    
     CONSTRAINT CONDITIONS ARE NOT SATISFIED FOR      2 JOINT ELEMENTS WITH LAG MULT OPTION
     FORCE CONVERGENCE VALUE  =  0.9868E+06  CRITERION=  0.9213E-01
     MOMENT CONVERGENCE VALUE =  0.5569E-06  CRITERION=   158.6     <<< CONVERGED
    EQUIL ITER   3 COMPLETED.  NEW TRIANG MATRIX.  MAX DOF INC=  -1.046    
     DISP CONVERGENCE VALUE   =   1.041      CRITERION=   2.153     <<< CONVERGED
     LINE SEARCH PARAMETER =  0.9959     SCALED MAX DOF INC =  -1.041    
     CONSTRAINT CONDITIONS ARE NOT SATISFIED FOR      2 JOINT ELEMENTS WITH LAG MULT OPTION
     FORCE CONVERGENCE VALUE  =   2766.      CRITERION=   3.219    
     MOMENT CONVERGENCE VALUE =  0.1742E-06  CRITERION=   178.5     <<< CONVERGED
    EQUIL ITER   4 COMPLETED.  NEW TRIANG MATRIX.  MAX DOF INC= -0.1398    
     DISP CONVERGENCE VALUE   =  0.1398      CRITERION=   2.153     <<< CONVERGED
     LINE SEARCH PARAMETER =   1.000     SCALED MAX DOF INC = -0.1398    
     FORCE CONVERGENCE VALUE  =   83.11      CRITERION=  0.5206E-02
     MOMENT CONVERGENCE VALUE =  0.5709E-07  CRITERION=  0.3434     <<< CONVERGED
    EQUIL ITER   5 COMPLETED.  NEW TRIANG MATRIX.  MAX DOF INC=  0.5846E-02
     DISP CONVERGENCE VALUE   =  0.5846E-02  CRITERION=   2.153     <<< CONVERGED
     LINE SEARCH PARAMETER =   1.000     SCALED MAX DOF INC =  0.5846E-02
     FORCE CONVERGENCE VALUE  =  0.1162      CRITERION=  0.2085E-01
     MOMENT CONVERGENCE VALUE =  0.2943E-11  CRITERION=  0.1588E-01 <<< CONVERGED
    EQUIL ITER   6 COMPLETED.  NEW TRIANG MATRIX.  MAX DOF INC=  0.1187E-04
     DISP CONVERGENCE VALUE   =  0.1187E-04  CRITERION=  0.2153     <<< CONVERGED
     LINE SEARCH PARAMETER =  0.9998     SCALED MAX DOF INC =  0.1187E-04
     FORCE CONVERGENCE VALUE  =  0.5777E-04  CRITERION=  0.1009     <<< CONVERGED

 *** WARNING ***                         ELAPSED TIME =     332.973   TIME= 09:08:55
 A reference force value times the tolerance is used by the              
 Newton-Raphson method for checking convergence.  The calculated         
 reference FORCE CONVERGENCE VALUE = 7.21174758E-02 is less than a       
 threshold.  This threshold is internally calculated.  You can           
 overwrite it by specifying MINREF on the CNVTOL command.  Check         
 results carefully.                                                      
     MOMENT CONVERGENCE VALUE =  0.1032E-14  CRITERION=  0.5850E-01 <<< CONVERGED
    >>> SOLUTION CONVERGED AFTER EQUILIBRIUM ITERATION   6
 *** LOAD STEP    38   SUBSTEP     1  COMPLETED.    CUM ITER =    402
 *** TIME =   37.5000         TIME INC =  0.500000    
 *** RESPONSE FREQ =  146.0       PERIOD=  0.6852E-02  PTS/CYC = 0.14E-01
 *** AUTO STEP TIME:  NEXT TIME INC = 0.50000      UNCHANGED

     FORCE CONVERGENCE VALUE  =  0.4567E-01  CRITERION=  0.3606E-03
     MOMENT CONVERGENCE VALUE =  0.8925E-15  CRITERION=  0.1583E-01
     DISP CONVERGENCE VALUE   =   13.82      CRITERION=   2.153    
    EQUIL ITER   1 COMPLETED.  NEW TRIANG MATRIX.  MAX DOF INC=  -13.82    
     DISP CONVERGENCE VALUE   =  0.6910      CRITERION=   2.153     <<< CONVERGED
     LINE SEARCH PARAMETER =  0.5000E-01 SCALED MAX DOF INC = -0.6910    
     FORCE CONVERGENCE VALUE  =   2794.      CRITERION=  0.3241E-03
     MOMENT CONVERGENCE VALUE =  0.1218E-10  CRITERION=  0.1440E-01 <<< CONVERGED
    EQUIL ITER   2 COMPLETED.  NEW TRIANG MATRIX.  MAX DOF INC=  -13.05    
     DISP CONVERGENCE VALUE   =   13.05      CRITERION=   2.153    
     LINE SEARCH PARAMETER =   1.000     SCALED MAX DOF INC =  -13.05    
     CONSTRAINT CONDITIONS ARE NOT SATISFIED FOR      2 JOINT ELEMENTS WITH LAG MULT OPTION
     FORCE CONVERGENCE VALUE  =  0.1001E+07  CRITERION=  0.1554    
     MOMENT CONVERGENCE VALUE =  0.9356E-06  CRITERION=   161.6     <<< CONVERGED
    EQUIL ITER   3 COMPLETED.  NEW TRIANG MATRIX.  MAX DOF INC= -0.7666    
     DISP CONVERGENCE VALUE   =  0.7635      CRITERION=   2.153     <<< CONVERGED
     LINE SEARCH PARAMETER =  0.9959     SCALED MAX DOF INC = -0.7635    
     FORCE CONVERGENCE VALUE  =   2275.      CRITERION=   3.258    
     MOMENT CONVERGENCE VALUE =  0.1193E-06  CRITERION=   192.9     <<< CONVERGED
    EQUIL ITER   4 COMPLETED.  NEW TRIANG MATRIX.  MAX DOF INC= -0.1461    
     DISP CONVERGENCE VALUE   =  0.1461      CRITERION=   2.153     <<< CONVERGED
     LINE SEARCH PARAMETER =   1.000     SCALED MAX DOF INC = -0.1461    
     FORCE CONVERGENCE VALUE  =   77.09      CRITERION=  0.3434E-02
     MOMENT CONVERGENCE VALUE =  0.5933E-07  CRITERION=  0.2100     <<< CONVERGED
    EQUIL ITER   5 COMPLETED.  NEW TRIANG MATRIX.  MAX DOF INC=  0.3499E-02
     DISP CONVERGENCE VALUE   =  0.3499E-02  CRITERION=   2.153     <<< CONVERGED
     LINE SEARCH PARAMETER =   1.000     SCALED MAX DOF INC =  0.3499E-02
     FORCE CONVERGENCE VALUE  =  0.6690E-01  CRITERION=  0.2283E-01
     MOMENT CONVERGENCE VALUE =  0.1014E-11  CRITERION=  0.1325E-01 <<< CONVERGED
    EQUIL ITER   6 COMPLETED.  NEW TRIANG MATRIX.  MAX DOF INC=  0.5960E-05
     DISP CONVERGENCE VALUE   =  0.5956E-05  CRITERION=  0.2153     <<< CONVERGED
     LINE SEARCH PARAMETER =  0.9994     SCALED MAX DOF INC =  0.5956E-05
     FORCE CONVERGENCE VALUE  =  0.4308E-04  CRITERION=  0.1208     <<< CONVERGED
     MOMENT CONVERGENCE VALUE =  0.9701E-15  CRITERION=  0.7000E-01 <<< CONVERGED
    >>> SOLUTION CONVERGED AFTER EQUILIBRIUM ITERATION   6
 *** LOAD STEP    38   SUBSTEP     2  COMPLETED.    CUM ITER =    408
 *** TIME =   38.0000         TIME INC =  0.500000    
 *** RESPONSE FREQ =  134.7       PERIOD=  0.7424E-02  PTS/CYC = 0.15E-01
 ****************************************************
 *************** FINISHED SOLVE FOR LS 38 *************
 ****************************************************
 ******************* SOLVE FOR LS 39 OF 45 ****************

 PRINTOUT RESUMED BY /GOP

 USE AUTOMATIC TIME STEPPING THIS LOAD STEP

 USE INITIAL TIME STEP SIZE OF 0.5000000     FOR ALL  DEGREES OF FREEDOM
 FOR AUTOMATIC TIME STEPPING:
   USE 0.5000000     AS THE MINIMUM TIME STEP SIZE
   USE 0.5000000     AS THE MAXIMUM TIME STEP SIZE

 TIME=  39.000    

 INCLUDE TRANSIENT EFFECTS FOR  ALL DEGREES OF FREEDOM THIS LOAD STEP

 ERASE THE CURRENT DATABASE OUTPUT CONTROL TABLE.


 WRITE ALL  ITEMS TO THE DATABASE WITH A FREQUENCY OF NONE
   FOR ALL APPLICABLE ENTITIES

 WRITE NSOL ITEMS TO THE DATABASE WITH A FREQUENCY OF ALL 
   FOR ALL APPLICABLE ENTITIES

 WRITE RSOL ITEMS TO THE DATABASE WITH A FREQUENCY OF ALL 
   FOR ALL APPLICABLE ENTITIES

 WRITE EANG ITEMS TO THE DATABASE WITH A FREQUENCY OF ALL 
   FOR ALL APPLICABLE ENTITIES

 WRITE ETMP ITEMS TO THE DATABASE WITH A FREQUENCY OF ALL 
   FOR ALL APPLICABLE ENTITIES

 WRITE VENG ITEMS TO THE DATABASE WITH A FREQUENCY OF ALL 
   FOR ALL APPLICABLE ENTITIES

 WRITE STRS ITEMS TO THE DATABASE WITH A FREQUENCY OF ALL 
   FOR ALL APPLICABLE ENTITIES

 WRITE EPEL ITEMS TO THE DATABASE WITH A FREQUENCY OF ALL 
   FOR ALL APPLICABLE ENTITIES

 WRITE EPPL ITEMS TO THE DATABASE WITH A FREQUENCY OF ALL 
   FOR ALL APPLICABLE ENTITIES

 WRITE CONT ITEMS TO THE DATABASE WITH A FREQUENCY OF ALL 
   FOR ALL APPLICABLE ENTITIES

 WRITE V    ITEMS TO THE DATABASE WITH A FREQUENCY OF ALL 
   FOR ALL APPLICABLE ENTITIES

 WRITE A    ITEMS TO THE DATABASE WITH A FREQUENCY OF ALL 
   FOR ALL APPLICABLE ENTITIES

 WRITE MISC ITEMS TO THE DATABASE WITH A FREQUENCY OF ALL 
   FOR THE ENTITIES DEFINED BY COMPONENT _ELMISC 

 *****  MAPDL SOLVE    COMMAND  *****

 *** WARNING ***                         ELAPSED TIME =     338.213   TIME= 09:09:00
 Material number 16 (used by element 2217) should normally have at least 
 one MP or one TB type command associated with it.  Output of energy by  
 material may not be available.                                          

 *** NOTE ***                            ELAPSED TIME =     338.217   TIME= 09:09:00
 The step data was checked and warning messages were found.              
  Please review output or errors file ( F:\CoME\Forth Semester\Practice  
 FEM\Git_upload\06_Dynamic_Analysis\3_transient_analysis\06_3_ii_four_ba 
 r_mechanism\ansys\project_files\_ProjectScratch\Scr451E\file0.err )     
 for these warning messages.                                             

 *** NOTE ***                            ELAPSED TIME =     338.218   TIME= 09:09:00
 This nonlinear analysis defaults to using the full Newton-Raphson       
 solution procedure.  This can be modified using the NROPT command.      

 *** MAPDL - ENGINEERING ANALYSIS SYSTEM  RELEASE 2026 R1          26.1     ***
 Ansys Mechanical Enterprise Academic Student      
 01055371  VERSION=WINDOWS x64   09:09:00  AUG 09, 2026 Elapsed Time=    338.262

 four_bar_mechanism--Transient (B5)                                            



                      L O A D   S T E P   O P T I O N S

   LOAD STEP NUMBER. . . . . . . . . . . . . . . .    39
   TIME AT END OF THE LOAD STEP. . . . . . . . . .  39.000    
   AUTOMATIC TIME STEPPING . . . . . . . . . . . .    ON
      STARTING TIME STEP SIZE. . . . . . . . . . . 0.50000    
      MINIMUM TIME STEP SIZE . . . . . . . . . . . 0.50000    
      MAXIMUM TIME STEP SIZE . . . . . . . . . . . 0.50000    
   MAXIMUM NUMBER OF EQUILIBRIUM ITERATIONS. . . .    15
   STEP CHANGE BOUNDARY CONDITIONS . . . . . . . .   YES
   STRESS-STIFFENING . . . . . . . . . . . . . . .    ON
   TRANSIENT (INERTIA) EFFECTS
      STRUCTURAL DOFS. . . . . . . . . . . . . . .    ON
   TRANSIENT INTEGRATION PARAMETERS
      GAMMA. . . . . . . . . . . . . . . . . . . . 0.10000    
      ALPHA. . . . . . . . . . . . . . . . . . . . 0.30250    
      DELTA. . . . . . . . . . . . . . . . . . . . 0.60000    
      USING HHT TIME INTEGRATION
      ALPHAF . . . . . . . . . . . . . . . . . . . 0.10000    
      ALPHAM . . . . . . . . . . . . . . . . . . .  0.0000    
   TERMINATE ANALYSIS IF NOT CONVERGED . . . . . .YES (EXIT)  
   CONVERGENCE CONTROLS. . . . . . . . . . . . . .USE DEFAULTS
   PRINT OUTPUT CONTROLS . . . . . . . . . . . . .NO PRINTOUT
   DATABASE OUTPUT CONTROLS
      ITEM     FREQUENCY   COMPONENT
       ALL       NONE               
      NSOL        ALL               
      RSOL        ALL               
      EANG        ALL               
      ETMP        ALL               
      VENG        ALL               
      STRS        ALL               
      EPEL        ALL               
      EPPL        ALL               
      CONT        ALL               
      V           ALL               
      A           ALL               
      MISC        ALL       _ELMISC 


 SOLUTION MONITORING INFO IS WRITTEN TO FILE= file.mntr                                                                                                                                                                                                                                                           
 MAXIMUM NUMBER OF EQUILIBRIUM ITERATIONS HAS BEEN MODIFIED              
  TO BE, NEQIT = 25, BY SOLUTION CONTROL LOGIC.                          

     FORCE CONVERGENCE VALUE  =  0.4871E-01  CRITERION=  0.2503E-03
     MOMENT CONVERGENCE VALUE =  0.9060E-15  CRITERION=  0.1323E-01
     DISP CONVERGENCE VALUE   =   15.07      CRITERION=   2.153    
    EQUIL ITER   1 COMPLETED.  NEW TRIANG MATRIX.  MAX DOF INC=  -15.07    
     DISP CONVERGENCE VALUE   =  0.7537      CRITERION=   2.153     <<< CONVERGED
     LINE SEARCH PARAMETER =  0.5000E-01 SCALED MAX DOF INC = -0.7537    
     FORCE CONVERGENCE VALUE  =   2844.      CRITERION=  0.2251E-03
     MOMENT CONVERGENCE VALUE =  0.8481E-11  CRITERION=  0.1201E-01 <<< CONVERGED
    EQUIL ITER   2 COMPLETED.  NEW TRIANG MATRIX.  MAX DOF INC=  -14.32    
     DISP CONVERGENCE VALUE   =   14.32      CRITERION=   2.153    
     LINE SEARCH PARAMETER =   1.000     SCALED MAX DOF INC =  -14.32    
     CONSTRAINT CONDITIONS ARE NOT SATISFIED FOR      2 JOINT ELEMENTS WITH LAG MULT OPTION
     FORCE CONVERGENCE VALUE  =  0.1019E+07  CRITERION=  0.2118    
     MOMENT CONVERGENCE VALUE =  0.1268E-05  CRITERION=   165.3     <<< CONVERGED
    EQUIL ITER   3 COMPLETED.  NEW TRIANG MATRIX.  MAX DOF INC= -0.5599    
     DISP CONVERGENCE VALUE   =  0.5575      CRITERION=   2.153     <<< CONVERGED
     LINE SEARCH PARAMETER =  0.9959     SCALED MAX DOF INC = -0.5575    
     FORCE CONVERGENCE VALUE  =   2105.      CRITERION=   2.963    
     MOMENT CONVERGENCE VALUE =  0.7686E-07  CRITERION=   198.5     <<< CONVERGED
    EQUIL ITER   4 COMPLETED.  NEW TRIANG MATRIX.  MAX DOF INC= -0.1438    
     DISP CONVERGENCE VALUE   =  0.1438      CRITERION=   2.153     <<< CONVERGED
     LINE SEARCH PARAMETER =   1.000     SCALED MAX DOF INC = -0.1438    
     FORCE CONVERGENCE VALUE  =   70.46      CRITERION=  0.2652E-02
     MOMENT CONVERGENCE VALUE =  0.5546E-07  CRITERION=  0.1547     <<< CONVERGED
    EQUIL ITER   5 COMPLETED.  NEW TRIANG MATRIX.  MAX DOF INC=  0.2514E-02
     DISP CONVERGENCE VALUE   =  0.2513E-02  CRITERION=   2.153     <<< CONVERGED
     LINE SEARCH PARAMETER =  0.9996     SCALED MAX DOF INC =  0.2513E-02
     FORCE CONVERGENCE VALUE  =  0.5365E-01  CRITERION=  0.2436E-01
     MOMENT CONVERGENCE VALUE =  0.2274E-10  CRITERION=  0.1412E-01 <<< CONVERGED

 *** WARNING ***                         ELAPSED TIME =     342.191   TIME= 09:09:04
 A reference moment value times the tolerance is used by the             
 Newton-Raphson method for checking convergence.  The calculated         
 reference MOMENT CONVERGENCE VALUE = 2.17114448 is less than a          
 threshold.  This threshold is internally calculated.  You can           
 overwrite it by specifying MINREF on the CNVTOL command.  Check         
 results carefully.                                                      
    EQUIL ITER   6 COMPLETED.  NEW TRIANG MATRIX.  MAX DOF INC=  0.4409E-05
     DISP CONVERGENCE VALUE   =  0.4407E-05  CRITERION=  0.2153     <<< CONVERGED
     LINE SEARCH PARAMETER =  0.9994     SCALED MAX DOF INC =  0.4407E-05
     FORCE CONVERGENCE VALUE  =  0.3465E-04  CRITERION=  0.1336     <<< CONVERGED
     MOMENT CONVERGENCE VALUE =  0.1319E-13  CRITERION=  0.7744E-01 <<< CONVERGED
    >>> SOLUTION CONVERGED AFTER EQUILIBRIUM ITERATION   6
 *** LOAD STEP    39   SUBSTEP     1  COMPLETED.    CUM ITER =    414
 *** TIME =   38.5000         TIME INC =  0.500000    
 *** RESPONSE FREQ =  127.7       PERIOD=  0.7833E-02  PTS/CYC = 0.16E-01
 *** AUTO STEP TIME:  NEXT TIME INC = 0.50000      UNCHANGED

     FORCE CONVERGENCE VALUE  =  0.5106E-01  CRITERION=  0.1765E-03
     MOMENT CONVERGENCE VALUE =  0.1470E-14  CRITERION=  0.1082E-01
     DISP CONVERGENCE VALUE   =   16.39      CRITERION=   2.153    
    EQUIL ITER   1 COMPLETED.  NEW TRIANG MATRIX.  MAX DOF INC=  -16.39    
     DISP CONVERGENCE VALUE   =  0.8197      CRITERION=   2.153     <<< CONVERGED
     LINE SEARCH PARAMETER =  0.5000E-01 SCALED MAX DOF INC = -0.8197    
     FORCE CONVERGENCE VALUE  =   2895.      CRITERION=  0.1588E-03
     MOMENT CONVERGENCE VALUE =  0.5958E-11  CRITERION=  0.9817E-02 <<< CONVERGED
    EQUIL ITER   2 COMPLETED.  NEW TRIANG MATRIX.  MAX DOF INC=  -15.54    
     DISP CONVERGENCE VALUE   =   15.54      CRITERION=   2.153    
     LINE SEARCH PARAMETER =   1.000     SCALED MAX DOF INC =  -15.54    
     CONSTRAINT CONDITIONS ARE NOT SATISFIED FOR      2 JOINT ELEMENTS WITH LAG MULT OPTION
     FORCE CONVERGENCE VALUE  =  0.1037E+07  CRITERION=  0.2564    
     MOMENT CONVERGENCE VALUE =  0.1528E-05  CRITERION=   169.2     <<< CONVERGED
    EQUIL ITER   3 COMPLETED.  NEW TRIANG MATRIX.  MAX DOF INC= -0.4234    
     DISP CONVERGENCE VALUE   =  0.4216      CRITERION=   2.153     <<< CONVERGED
     LINE SEARCH PARAMETER =  0.9959     SCALED MAX DOF INC = -0.4216    
     FORCE CONVERGENCE VALUE  =   2061.      CRITERION=   2.533    
     MOMENT CONVERGENCE VALUE =  0.4716E-07  CRITERION=   198.3     <<< CONVERGED
    EQUIL ITER   4 COMPLETED.  NEW TRIANG MATRIX.  MAX DOF INC= -0.1377    
     DISP CONVERGENCE VALUE   =  0.1377      CRITERION=   2.153     <<< CONVERGED
     LINE SEARCH PARAMETER =   1.000     SCALED MAX DOF INC = -0.1377    
     FORCE CONVERGENCE VALUE  =   64.90      CRITERION=  0.2459E-02
     MOMENT CONVERGENCE VALUE =  0.4885E-07  CRITERION=  0.1352     <<< CONVERGED
    EQUIL ITER   5 COMPLETED.  NEW TRIANG MATRIX.  MAX DOF INC=  0.2126E-02
     DISP CONVERGENCE VALUE   =  0.2125E-02  CRITERION=   2.153     <<< CONVERGED
     LINE SEARCH PARAMETER =  0.9994     SCALED MAX DOF INC =  0.2125E-02
     FORCE CONVERGENCE VALUE  =  0.4637E-01  CRITERION=  0.2529E-01
     MOMENT CONVERGENCE VALUE =  0.3030E-10  CRITERION=  0.1466E-01 <<< CONVERGED
    EQUIL ITER   6 COMPLETED.  NEW TRIANG MATRIX.  MAX DOF INC=  0.3531E-05
     DISP CONVERGENCE VALUE   =  0.3529E-05  CRITERION=  0.2153     <<< CONVERGED
     LINE SEARCH PARAMETER =  0.9995     SCALED MAX DOF INC =  0.3529E-05
     FORCE CONVERGENCE VALUE  =  0.2880E-04  CRITERION=  0.1406     <<< CONVERGED
     MOMENT CONVERGENCE VALUE =  0.1597E-13  CRITERION=  0.8149E-01 <<< CONVERGED
    >>> SOLUTION CONVERGED AFTER EQUILIBRIUM ITERATION   6
 *** LOAD STEP    39   SUBSTEP     2  COMPLETED.    CUM ITER =    420
 *** TIME =   39.0000         TIME INC =  0.500000    
 *** RESPONSE FREQ =  123.1       PERIOD=  0.8122E-02  PTS/CYC = 0.16E-01
 ****************************************************
 *************** FINISHED SOLVE FOR LS 39 *************
 ****************************************************
 ******************* SOLVE FOR LS 40 OF 45 ****************

 PRINTOUT RESUMED BY /GOP

 USE AUTOMATIC TIME STEPPING THIS LOAD STEP

 USE INITIAL TIME STEP SIZE OF 0.5000000     FOR ALL  DEGREES OF FREEDOM
 FOR AUTOMATIC TIME STEPPING:
   USE 0.5000000     AS THE MINIMUM TIME STEP SIZE
   USE 0.5000000     AS THE MAXIMUM TIME STEP SIZE

 TIME=  40.000    

 INCLUDE TRANSIENT EFFECTS FOR  ALL DEGREES OF FREEDOM THIS LOAD STEP

 ERASE THE CURRENT DATABASE OUTPUT CONTROL TABLE.


 WRITE ALL  ITEMS TO THE DATABASE WITH A FREQUENCY OF NONE
   FOR ALL APPLICABLE ENTITIES

 WRITE NSOL ITEMS TO THE DATABASE WITH A FREQUENCY OF ALL 
   FOR ALL APPLICABLE ENTITIES

 WRITE RSOL ITEMS TO THE DATABASE WITH A FREQUENCY OF ALL 
   FOR ALL APPLICABLE ENTITIES

 WRITE EANG ITEMS TO THE DATABASE WITH A FREQUENCY OF ALL 
   FOR ALL APPLICABLE ENTITIES

 WRITE ETMP ITEMS TO THE DATABASE WITH A FREQUENCY OF ALL 
   FOR ALL APPLICABLE ENTITIES

 WRITE VENG ITEMS TO THE DATABASE WITH A FREQUENCY OF ALL 
   FOR ALL APPLICABLE ENTITIES

 WRITE STRS ITEMS TO THE DATABASE WITH A FREQUENCY OF ALL 
   FOR ALL APPLICABLE ENTITIES

 WRITE EPEL ITEMS TO THE DATABASE WITH A FREQUENCY OF ALL 
   FOR ALL APPLICABLE ENTITIES

 WRITE EPPL ITEMS TO THE DATABASE WITH A FREQUENCY OF ALL 
   FOR ALL APPLICABLE ENTITIES

 WRITE CONT ITEMS TO THE DATABASE WITH A FREQUENCY OF ALL 
   FOR ALL APPLICABLE ENTITIES

 WRITE V    ITEMS TO THE DATABASE WITH A FREQUENCY OF ALL 
   FOR ALL APPLICABLE ENTITIES

 WRITE A    ITEMS TO THE DATABASE WITH A FREQUENCY OF ALL 
   FOR ALL APPLICABLE ENTITIES

 WRITE MISC ITEMS TO THE DATABASE WITH A FREQUENCY OF ALL 
   FOR THE ENTITIES DEFINED BY COMPONENT _ELMISC 

 *****  MAPDL SOLVE    COMMAND  *****

 *** WARNING ***                         ELAPSED TIME =     348.462   TIME= 09:09:10
 Material number 16 (used by element 2217) should normally have at least 
 one MP or one TB type command associated with it.  Output of energy by  
 material may not be available.                                          

 *** NOTE ***                            ELAPSED TIME =     348.467   TIME= 09:09:10
 The step data was checked and warning messages were found.              
  Please review output or errors file ( F:\CoME\Forth Semester\Practice  
 FEM\Git_upload\06_Dynamic_Analysis\3_transient_analysis\06_3_ii_four_ba 
 r_mechanism\ansys\project_files\_ProjectScratch\Scr451E\file0.err )     
 for these warning messages.                                             

 *** NOTE ***                            ELAPSED TIME =     348.467   TIME= 09:09:10
 This nonlinear analysis defaults to using the full Newton-Raphson       
 solution procedure.  This can be modified using the NROPT command.      

 *** MAPDL - ENGINEERING ANALYSIS SYSTEM  RELEASE 2026 R1          26.1     ***
 Ansys Mechanical Enterprise Academic Student      
 01055371  VERSION=WINDOWS x64   09:09:10  AUG 09, 2026 Elapsed Time=    348.506

 four_bar_mechanism--Transient (B5)                                            



                      L O A D   S T E P   O P T I O N S

   LOAD STEP NUMBER. . . . . . . . . . . . . . . .    40
   TIME AT END OF THE LOAD STEP. . . . . . . . . .  40.000    
   AUTOMATIC TIME STEPPING . . . . . . . . . . . .    ON
      STARTING TIME STEP SIZE. . . . . . . . . . . 0.50000    
      MINIMUM TIME STEP SIZE . . . . . . . . . . . 0.50000    
      MAXIMUM TIME STEP SIZE . . . . . . . . . . . 0.50000    
   MAXIMUM NUMBER OF EQUILIBRIUM ITERATIONS. . . .    15
   STEP CHANGE BOUNDARY CONDITIONS . . . . . . . .   YES
   STRESS-STIFFENING . . . . . . . . . . . . . . .    ON
   TRANSIENT (INERTIA) EFFECTS
      STRUCTURAL DOFS. . . . . . . . . . . . . . .    ON
   TRANSIENT INTEGRATION PARAMETERS
      GAMMA. . . . . . . . . . . . . . . . . . . . 0.10000    
      ALPHA. . . . . . . . . . . . . . . . . . . . 0.30250    
      DELTA. . . . . . . . . . . . . . . . . . . . 0.60000    
      USING HHT TIME INTEGRATION
      ALPHAF . . . . . . . . . . . . . . . . . . . 0.10000    
      ALPHAM . . . . . . . . . . . . . . . . . . .  0.0000    
   TERMINATE ANALYSIS IF NOT CONVERGED . . . . . .YES (EXIT)  
   CONVERGENCE CONTROLS. . . . . . . . . . . . . .USE DEFAULTS
   PRINT OUTPUT CONTROLS . . . . . . . . . . . . .NO PRINTOUT
   DATABASE OUTPUT CONTROLS
      ITEM     FREQUENCY   COMPONENT
       ALL       NONE               
      NSOL        ALL               
      RSOL        ALL               
      EANG        ALL               
      ETMP        ALL               
      VENG        ALL               
      STRS        ALL               
      EPEL        ALL               
      EPPL        ALL               
      CONT        ALL               
      V           ALL               
      A           ALL               
      MISC        ALL       _ELMISC 


 SOLUTION MONITORING INFO IS WRITTEN TO FILE= file.mntr                                                                                                                                                                                                                                                           
 MAXIMUM NUMBER OF EQUILIBRIUM ITERATIONS HAS BEEN MODIFIED              
  TO BE, NEQIT = 25, BY SOLUTION CONTROL LOGIC.                          

     FORCE CONVERGENCE VALUE  =  0.5283E-01  CRITERION=  0.1249E-03
     MOMENT CONVERGENCE VALUE =  0.1620E-14  CRITERION=  0.8584E-02
     DISP CONVERGENCE VALUE   =   17.35      CRITERION=   2.153    
    EQUIL ITER   1 COMPLETED.  NEW TRIANG MATRIX.  MAX DOF INC=  -17.35    
     DISP CONVERGENCE VALUE   =  0.8675      CRITERION=   2.153     <<< CONVERGED
     LINE SEARCH PARAMETER =  0.5000E-01 SCALED MAX DOF INC = -0.8675    
     FORCE CONVERGENCE VALUE  =   2943.      CRITERION=  0.1124E-03
     MOMENT CONVERGENCE VALUE =  0.4195E-11  CRITERION=  0.7782E-02 <<< CONVERGED
    EQUIL ITER   2 COMPLETED.  NEW TRIANG MATRIX.  MAX DOF INC=  -16.42    
     DISP CONVERGENCE VALUE   =   16.42      CRITERION=   2.153    
     LINE SEARCH PARAMETER =   1.000     SCALED MAX DOF INC =  -16.42    
     CONSTRAINT CONDITIONS ARE NOT SATISFIED FOR      2 JOINT ELEMENTS WITH LAG MULT OPTION
     FORCE CONVERGENCE VALUE  =  0.1054E+07  CRITERION=  0.2888    
     MOMENT CONVERGENCE VALUE =  0.1710E-05  CRITERION=   172.9     <<< CONVERGED
    EQUIL ITER   3 COMPLETED.  NEW TRIANG MATRIX.  MAX DOF INC= -0.4139    
     DISP CONVERGENCE VALUE   =  0.4122      CRITERION=   2.153     <<< CONVERGED
     LINE SEARCH PARAMETER =  0.9959     SCALED MAX DOF INC = -0.4122    
     FORCE CONVERGENCE VALUE  =   2063.      CRITERION=   2.087    
     MOMENT CONVERGENCE VALUE =  0.2751E-07  CRITERION=   194.6     <<< CONVERGED
    EQUIL ITER   4 COMPLETED.  NEW TRIANG MATRIX.  MAX DOF INC= -0.1304    
     DISP CONVERGENCE VALUE   =  0.1304      CRITERION=   2.153     <<< CONVERGED
     LINE SEARCH PARAMETER =  0.9997     SCALED MAX DOF INC = -0.1304    
     FORCE CONVERGENCE VALUE  =   60.47      CRITERION=  0.2791E-02
     MOMENT CONVERGENCE VALUE =  0.4162E-07  CRITERION=  0.1488     <<< CONVERGED
    EQUIL ITER   5 COMPLETED.  NEW TRIANG MATRIX.  MAX DOF INC=  0.1980E-02
     DISP CONVERGENCE VALUE   =  0.1979E-02  CRITERION=   2.153     <<< CONVERGED
     LINE SEARCH PARAMETER =  0.9993     SCALED MAX DOF INC =  0.1979E-02
     FORCE CONVERGENCE VALUE  =  0.4129E-01  CRITERION=  0.1859E-01
     MOMENT CONVERGENCE VALUE =  0.3019E-10  CRITERION=  0.1078E-01 <<< CONVERGED

 *** WARNING ***                         ELAPSED TIME =     352.388   TIME= 09:09:14
 A reference moment value times the tolerance is used by the             
 Newton-Raphson method for checking convergence.  The calculated         
 reference MOMENT CONVERGENCE VALUE = 1.36717327 is less than a          
 threshold.  This threshold is internally calculated.  You can           
 overwrite it by specifying MINREF on the CNVTOL command.  Check         
 results carefully.                                                      
    EQUIL ITER   6 COMPLETED.  NEW TRIANG MATRIX.  MAX DOF INC=  0.3052E-05
     DISP CONVERGENCE VALUE   =  0.3051E-05  CRITERION=  0.2153     <<< CONVERGED
     LINE SEARCH PARAMETER =  0.9995     SCALED MAX DOF INC =  0.3051E-05
     FORCE CONVERGENCE VALUE  =  0.2492E-04  CRITERION=  0.1043     <<< CONVERGED
     MOMENT CONVERGENCE VALUE =  0.1500E-13  CRITERION=  0.6046E-01 <<< CONVERGED
    >>> SOLUTION CONVERGED AFTER EQUILIBRIUM ITERATION   6
 *** LOAD STEP    40   SUBSTEP     1  COMPLETED.    CUM ITER =    426
 *** TIME =   39.5000         TIME INC =  0.500000    
 *** RESPONSE FREQ =  120.1       PERIOD=  0.8324E-02  PTS/CYC = 0.17E-01
 *** AUTO STEP TIME:  NEXT TIME INC = 0.50000      UNCHANGED

     FORCE CONVERGENCE VALUE  =  0.5418E-01  CRITERION=  0.9111E-04
     MOMENT CONVERGENCE VALUE =  0.1488E-14  CRITERION=  0.6753E-02
     DISP CONVERGENCE VALUE   =   18.02      CRITERION=   2.153    
    EQUIL ITER   1 COMPLETED.  NEW TRIANG MATRIX.  MAX DOF INC=  -18.02    
     DISP CONVERGENCE VALUE   =  0.9010      CRITERION=   2.153     <<< CONVERGED
     LINE SEARCH PARAMETER =  0.5000E-01 SCALED MAX DOF INC = -0.9010    
     FORCE CONVERGENCE VALUE  =   2986.      CRITERION=  0.8215E-04
     MOMENT CONVERGENCE VALUE =  0.2978E-11  CRITERION=  0.6122E-02 <<< CONVERGED
    EQUIL ITER   2 COMPLETED.  NEW TRIANG MATRIX.  MAX DOF INC=  -17.05    
     DISP CONVERGENCE VALUE   =   17.05      CRITERION=   2.153    
     LINE SEARCH PARAMETER =   1.000     SCALED MAX DOF INC =  -17.05    
     CONSTRAINT CONDITIONS ARE NOT SATISFIED FOR      2 JOINT ELEMENTS WITH LAG MULT OPTION
     FORCE CONVERGENCE VALUE  =  0.1069E+07  CRITERION=  0.3103    
     MOMENT CONVERGENCE VALUE =  0.1825E-05  CRITERION=   176.2     <<< CONVERGED
    EQUIL ITER   3 COMPLETED.  NEW TRIANG MATRIX.  MAX DOF INC= -0.4028    
     DISP CONVERGENCE VALUE   =  0.4011      CRITERION=   2.153     <<< CONVERGED
     LINE SEARCH PARAMETER =  0.9959     SCALED MAX DOF INC = -0.4011    
     FORCE CONVERGENCE VALUE  =   2079.      CRITERION=   1.680    
     MOMENT CONVERGENCE VALUE =  0.1503E-07  CRITERION=   189.2     <<< CONVERGED
    EQUIL ITER   4 COMPLETED.  NEW TRIANG MATRIX.  MAX DOF INC= -0.1231    
     DISP CONVERGENCE VALUE   =  0.1231      CRITERION=   2.153     <<< CONVERGED
     LINE SEARCH PARAMETER =  0.9995     SCALED MAX DOF INC = -0.1231    
     FORCE CONVERGENCE VALUE  =   56.64      CRITERION=  0.2900E-02
     MOMENT CONVERGENCE VALUE =  0.3485E-07  CRITERION=  0.1660     <<< CONVERGED
    EQUIL ITER   5 COMPLETED.  NEW TRIANG MATRIX.  MAX DOF INC=  0.1910E-02
     DISP CONVERGENCE VALUE   =  0.1909E-02  CRITERION=   2.153     <<< CONVERGED
     LINE SEARCH PARAMETER =  0.9992     SCALED MAX DOF INC =  0.1909E-02
     FORCE CONVERGENCE VALUE  =  0.3736E-01  CRITERION=  0.1408E-01
     MOMENT CONVERGENCE VALUE =  0.2739E-10  CRITERION=  0.8159E-02 <<< CONVERGED
    EQUIL ITER   6 COMPLETED.  NEW TRIANG MATRIX.  MAX DOF INC=  0.2740E-05
     DISP CONVERGENCE VALUE   =  0.2739E-05  CRITERION=  0.2153     <<< CONVERGED
     LINE SEARCH PARAMETER =  0.9995     SCALED MAX DOF INC =  0.2739E-05
     FORCE CONVERGENCE VALUE  =  0.2221E-04  CRITERION=  0.7953E-01 <<< CONVERGED
     MOMENT CONVERGENCE VALUE =  0.1318E-13  CRITERION=  0.4610E-01 <<< CONVERGED
    >>> SOLUTION CONVERGED AFTER EQUILIBRIUM ITERATION   6
 *** LOAD STEP    40   SUBSTEP     2  COMPLETED.    CUM ITER =    432
 *** TIME =   40.0000         TIME INC =  0.500000    
 *** RESPONSE FREQ =  118.1       PERIOD=  0.8465E-02  PTS/CYC = 0.17E-01
 ****************************************************
 *************** FINISHED SOLVE FOR LS 40 *************
 ****************************************************
 ******************* SOLVE FOR LS 41 OF 45 ****************

 PRINTOUT RESUMED BY /GOP

 USE AUTOMATIC TIME STEPPING THIS LOAD STEP

 USE INITIAL TIME STEP SIZE OF 0.5000000     FOR ALL  DEGREES OF FREEDOM
 FOR AUTOMATIC TIME STEPPING:
   USE 0.5000000     AS THE MINIMUM TIME STEP SIZE
   USE 0.5000000     AS THE MAXIMUM TIME STEP SIZE

 TIME=  41.000    

 INCLUDE TRANSIENT EFFECTS FOR  ALL DEGREES OF FREEDOM THIS LOAD STEP

 ERASE THE CURRENT DATABASE OUTPUT CONTROL TABLE.


 WRITE ALL  ITEMS TO THE DATABASE WITH A FREQUENCY OF NONE
   FOR ALL APPLICABLE ENTITIES

 WRITE NSOL ITEMS TO THE DATABASE WITH A FREQUENCY OF ALL 
   FOR ALL APPLICABLE ENTITIES

 WRITE RSOL ITEMS TO THE DATABASE WITH A FREQUENCY OF ALL 
   FOR ALL APPLICABLE ENTITIES

 WRITE EANG ITEMS TO THE DATABASE WITH A FREQUENCY OF ALL 
   FOR ALL APPLICABLE ENTITIES

 WRITE ETMP ITEMS TO THE DATABASE WITH A FREQUENCY OF ALL 
   FOR ALL APPLICABLE ENTITIES

 WRITE VENG ITEMS TO THE DATABASE WITH A FREQUENCY OF ALL 
   FOR ALL APPLICABLE ENTITIES

 WRITE STRS ITEMS TO THE DATABASE WITH A FREQUENCY OF ALL 
   FOR ALL APPLICABLE ENTITIES

 WRITE EPEL ITEMS TO THE DATABASE WITH A FREQUENCY OF ALL 
   FOR ALL APPLICABLE ENTITIES

 WRITE EPPL ITEMS TO THE DATABASE WITH A FREQUENCY OF ALL 
   FOR ALL APPLICABLE ENTITIES

 WRITE CONT ITEMS TO THE DATABASE WITH A FREQUENCY OF ALL 
   FOR ALL APPLICABLE ENTITIES

 WRITE V    ITEMS TO THE DATABASE WITH A FREQUENCY OF ALL 
   FOR ALL APPLICABLE ENTITIES

 WRITE A    ITEMS TO THE DATABASE WITH A FREQUENCY OF ALL 
   FOR ALL APPLICABLE ENTITIES

 WRITE MISC ITEMS TO THE DATABASE WITH A FREQUENCY OF ALL 
   FOR THE ENTITIES DEFINED BY COMPONENT _ELMISC 

 *****  MAPDL SOLVE    COMMAND  *****

 *** WARNING ***                         ELAPSED TIME =     357.644   TIME= 09:09:20
 Material number 16 (used by element 2217) should normally have at least 
 one MP or one TB type command associated with it.  Output of energy by  
 material may not be available.                                          

 *** NOTE ***                            ELAPSED TIME =     357.648   TIME= 09:09:20
 The step data was checked and warning messages were found.              
  Please review output or errors file ( F:\CoME\Forth Semester\Practice  
 FEM\Git_upload\06_Dynamic_Analysis\3_transient_analysis\06_3_ii_four_ba 
 r_mechanism\ansys\project_files\_ProjectScratch\Scr451E\file0.err )     
 for these warning messages.                                             

 *** NOTE ***                            ELAPSED TIME =     357.648   TIME= 09:09:20
 This nonlinear analysis defaults to using the full Newton-Raphson       
 solution procedure.  This can be modified using the NROPT command.      

 *** MAPDL - ENGINEERING ANALYSIS SYSTEM  RELEASE 2026 R1          26.1     ***
 Ansys Mechanical Enterprise Academic Student      
 01055371  VERSION=WINDOWS x64   09:09:20  AUG 09, 2026 Elapsed Time=    357.701

 four_bar_mechanism--Transient (B5)                                            



                      L O A D   S T E P   O P T I O N S

   LOAD STEP NUMBER. . . . . . . . . . . . . . . .    41
   TIME AT END OF THE LOAD STEP. . . . . . . . . .  41.000    
   AUTOMATIC TIME STEPPING . . . . . . . . . . . .    ON
      STARTING TIME STEP SIZE. . . . . . . . . . . 0.50000    
      MINIMUM TIME STEP SIZE . . . . . . . . . . . 0.50000    
      MAXIMUM TIME STEP SIZE . . . . . . . . . . . 0.50000    
   MAXIMUM NUMBER OF EQUILIBRIUM ITERATIONS. . . .    15
   STEP CHANGE BOUNDARY CONDITIONS . . . . . . . .   YES
   STRESS-STIFFENING . . . . . . . . . . . . . . .    ON
   TRANSIENT (INERTIA) EFFECTS
      STRUCTURAL DOFS. . . . . . . . . . . . . . .    ON
   TRANSIENT INTEGRATION PARAMETERS
      GAMMA. . . . . . . . . . . . . . . . . . . . 0.10000    
      ALPHA. . . . . . . . . . . . . . . . . . . . 0.30250    
      DELTA. . . . . . . . . . . . . . . . . . . . 0.60000    
      USING HHT TIME INTEGRATION
      ALPHAF . . . . . . . . . . . . . . . . . . . 0.10000    
      ALPHAM . . . . . . . . . . . . . . . . . . .  0.0000    
   TERMINATE ANALYSIS IF NOT CONVERGED . . . . . .YES (EXIT)  
   CONVERGENCE CONTROLS. . . . . . . . . . . . . .USE DEFAULTS
   PRINT OUTPUT CONTROLS . . . . . . . . . . . . .NO PRINTOUT
   DATABASE OUTPUT CONTROLS
      ITEM     FREQUENCY   COMPONENT
       ALL       NONE               
      NSOL        ALL               
      RSOL        ALL               
      EANG        ALL               
      ETMP        ALL               
      VENG        ALL               
      STRS        ALL               
      EPEL        ALL               
      EPPL        ALL               
      CONT        ALL               
      V           ALL               
      A           ALL               
      MISC        ALL       _ELMISC 


 SOLUTION MONITORING INFO IS WRITTEN TO FILE= file.mntr                                                                                                                                                                                                                                                           
 MAXIMUM NUMBER OF EQUILIBRIUM ITERATIONS HAS BEEN MODIFIED              
  TO BE, NEQIT = 25, BY SOLUTION CONTROL LOGIC.                          

     FORCE CONVERGENCE VALUE  =  0.5518E-01  CRITERION=  0.6862E-04
     MOMENT CONVERGENCE VALUE =  0.1302E-14  CRITERION=  0.5133E-02
     DISP CONVERGENCE VALUE   =   18.46      CRITERION=   2.153    
    EQUIL ITER   1 COMPLETED.  NEW TRIANG MATRIX.  MAX DOF INC=  -18.46    
     DISP CONVERGENCE VALUE   =  0.9231      CRITERION=   2.153     <<< CONVERGED
     LINE SEARCH PARAMETER =  0.5000E-01 SCALED MAX DOF INC = -0.9231    
     FORCE CONVERGENCE VALUE  =   3022.      CRITERION=  0.6199E-04
     MOMENT CONVERGENCE VALUE =  0.2128E-11  CRITERION=  0.4654E-02 <<< CONVERGED
    EQUIL ITER   2 COMPLETED.  NEW TRIANG MATRIX.  MAX DOF INC=  -17.45    
     DISP CONVERGENCE VALUE   =   17.45      CRITERION=   2.153    
     LINE SEARCH PARAMETER =   1.000     SCALED MAX DOF INC =  -17.45    
     CONSTRAINT CONDITIONS ARE NOT SATISFIED FOR      2 JOINT ELEMENTS WITH LAG MULT OPTION
     FORCE CONVERGENCE VALUE  =  0.1081E+07  CRITERION=  0.3228    
     MOMENT CONVERGENCE VALUE =  0.1884E-05  CRITERION=   179.1     <<< CONVERGED
    EQUIL ITER   3 COMPLETED.  NEW TRIANG MATRIX.  MAX DOF INC= -0.3900    
     DISP CONVERGENCE VALUE   =  0.3884      CRITERION=   2.153     <<< CONVERGED
     LINE SEARCH PARAMETER =  0.9959     SCALED MAX DOF INC = -0.3884    
     FORCE CONVERGENCE VALUE  =   2096.      CRITERION=   1.329    
     MOMENT CONVERGENCE VALUE =  0.7611E-08  CRITERION=   183.1     <<< CONVERGED
    EQUIL ITER   4 COMPLETED.  NEW TRIANG MATRIX.  MAX DOF INC= -0.1162    
     DISP CONVERGENCE VALUE   =  0.1162      CRITERION=   2.153     <<< CONVERGED
     LINE SEARCH PARAMETER =  0.9994     SCALED MAX DOF INC = -0.1162    
     FORCE CONVERGENCE VALUE  =   53.29      CRITERION=  0.2859E-02
     MOMENT CONVERGENCE VALUE =  0.2893E-07  CRITERION=  0.1809     <<< CONVERGED
    EQUIL ITER   5 COMPLETED.  NEW TRIANG MATRIX.  MAX DOF INC=  0.1860E-02
     DISP CONVERGENCE VALUE   =  0.1859E-02  CRITERION=   2.153     <<< CONVERGED
     LINE SEARCH PARAMETER =  0.9992     SCALED MAX DOF INC =  0.1859E-02
     FORCE CONVERGENCE VALUE  =  0.3416E-01  CRITERION=  0.1145E-01
     MOMENT CONVERGENCE VALUE =  0.2381E-10  CRITERION=  0.6637E-02 <<< CONVERGED

 *** WARNING ***                         ELAPSED TIME =     361.141   TIME= 09:09:23
 A reference moment value times the tolerance is used by the             
 Newton-Raphson method for checking convergence.  The calculated         
 reference MOMENT CONVERGENCE VALUE = 0.79716429 is less than a          
 threshold.  This threshold is internally calculated.  You can           
 overwrite it by specifying MINREF on the CNVTOL command.  Check         
 results carefully.                                                      
    EQUIL ITER   6 COMPLETED.  NEW TRIANG MATRIX.  MAX DOF INC=  0.2505E-05
     DISP CONVERGENCE VALUE   =  0.2503E-05  CRITERION=  0.2153     <<< CONVERGED
     LINE SEARCH PARAMETER =  0.9995     SCALED MAX DOF INC =  0.2503E-05
     FORCE CONVERGENCE VALUE  =  0.2021E-04  CRITERION=  0.6542E-01 <<< CONVERGED
     MOMENT CONVERGENCE VALUE =  0.1128E-13  CRITERION=  0.3792E-01 <<< CONVERGED
    >>> SOLUTION CONVERGED AFTER EQUILIBRIUM ITERATION   6
 *** LOAD STEP    41   SUBSTEP     1  COMPLETED.    CUM ITER =    438
 *** TIME =   40.5000         TIME INC =  0.500000    
 *** RESPONSE FREQ =  116.8       PERIOD=  0.8562E-02  PTS/CYC = 0.17E-01
 *** AUTO STEP TIME:  NEXT TIME INC = 0.50000      UNCHANGED

     FORCE CONVERGENCE VALUE  =  0.5590E-01  CRITERION=  0.5588E-04
     MOMENT CONVERGENCE VALUE =  0.1109E-14  CRITERION=  0.3839E-02
     DISP CONVERGENCE VALUE   =   18.72      CRITERION=   2.153    
    EQUIL ITER   1 COMPLETED.  NEW TRIANG MATRIX.  MAX DOF INC=  -18.72    
     DISP CONVERGENCE VALUE   =  0.9359      CRITERION=   2.153     <<< CONVERGED
     LINE SEARCH PARAMETER =  0.5000E-01 SCALED MAX DOF INC = -0.9359    
     FORCE CONVERGENCE VALUE  =   3052.      CRITERION=  0.5059E-04
     MOMENT CONVERGENCE VALUE =  0.1543E-11  CRITERION=  0.3484E-02 <<< CONVERGED
    EQUIL ITER   2 COMPLETED.  NEW TRIANG MATRIX.  MAX DOF INC=  -17.68    
     DISP CONVERGENCE VALUE   =   17.68      CRITERION=   2.153    
     LINE SEARCH PARAMETER =   1.000     SCALED MAX DOF INC =  -17.68    
     CONSTRAINT CONDITIONS ARE NOT SATISFIED FOR      2 JOINT ELEMENTS WITH LAG MULT OPTION
     FORCE CONVERGENCE VALUE  =  0.1092E+07  CRITERION=  0.3282    
     MOMENT CONVERGENCE VALUE =  0.1900E-05  CRITERION=   181.4     <<< CONVERGED
    EQUIL ITER   3 COMPLETED.  NEW TRIANG MATRIX.  MAX DOF INC= -0.3756    
     DISP CONVERGENCE VALUE   =  0.3741      CRITERION=   2.153     <<< CONVERGED
     LINE SEARCH PARAMETER =  0.9959     SCALED MAX DOF INC = -0.3741    
     FORCE CONVERGENCE VALUE  =   2112.      CRITERION=   1.035    
     MOMENT CONVERGENCE VALUE =  0.4354E-08  CRITERION=   176.9     <<< CONVERGED
    EQUIL ITER   4 COMPLETED.  NEW TRIANG MATRIX.  MAX DOF INC= -0.1098    
     DISP CONVERGENCE VALUE   =  0.1097      CRITERION=   2.153     <<< CONVERGED
     LINE SEARCH PARAMETER =  0.9992     SCALED MAX DOF INC = -0.1097    
     FORCE CONVERGENCE VALUE  =   50.33      CRITERION=  0.2939E-02
     MOMENT CONVERGENCE VALUE =  0.2394E-07  CRITERION=  0.1922     <<< CONVERGED
    EQUIL ITER   5 COMPLETED.  NEW TRIANG MATRIX.  MAX DOF INC=  0.1811E-02
     DISP CONVERGENCE VALUE   =  0.1809E-02  CRITERION=  0.2153     <<< CONVERGED
     LINE SEARCH PARAMETER =  0.9991     SCALED MAX DOF INC =  0.1809E-02
     FORCE CONVERGENCE VALUE  =  0.3144E-01  CRITERION=  0.1002E-01
     MOMENT CONVERGENCE VALUE =  0.2030E-10  CRITERION=  0.5809E-02 <<< CONVERGED
    EQUIL ITER   6 COMPLETED.  NEW TRIANG MATRIX.  MAX DOF INC=  0.2308E-05
     DISP CONVERGENCE VALUE   =  0.2307E-05  CRITERION=  0.2153     <<< CONVERGED
     LINE SEARCH PARAMETER =  0.9995     SCALED MAX DOF INC =  0.2307E-05
     FORCE CONVERGENCE VALUE  =  0.1863E-04  CRITERION=  0.5825E-01 <<< CONVERGED
     MOMENT CONVERGENCE VALUE =  0.9546E-14  CRITERION=  0.3376E-01 <<< CONVERGED
    >>> SOLUTION CONVERGED AFTER EQUILIBRIUM ITERATION   6
 *** LOAD STEP    41   SUBSTEP     2  COMPLETED.    CUM ITER =    444
 *** TIME =   41.0000         TIME INC =  0.500000    
 *** RESPONSE FREQ =  115.9       PERIOD=  0.8627E-02  PTS/CYC = 0.17E-01
 ****************************************************
 *************** FINISHED SOLVE FOR LS 41 *************
 ****************************************************
 ******************* SOLVE FOR LS 42 OF 45 ****************

 PRINTOUT RESUMED BY /GOP

 USE AUTOMATIC TIME STEPPING THIS LOAD STEP

 USE INITIAL TIME STEP SIZE OF 0.5000000     FOR ALL  DEGREES OF FREEDOM
 FOR AUTOMATIC TIME STEPPING:
   USE 0.5000000     AS THE MINIMUM TIME STEP SIZE
   USE 0.5000000     AS THE MAXIMUM TIME STEP SIZE

 TIME=  42.000    

 INCLUDE TRANSIENT EFFECTS FOR  ALL DEGREES OF FREEDOM THIS LOAD STEP

 ERASE THE CURRENT DATABASE OUTPUT CONTROL TABLE.


 WRITE ALL  ITEMS TO THE DATABASE WITH A FREQUENCY OF NONE
   FOR ALL APPLICABLE ENTITIES

 WRITE NSOL ITEMS TO THE DATABASE WITH A FREQUENCY OF ALL 
   FOR ALL APPLICABLE ENTITIES

 WRITE RSOL ITEMS TO THE DATABASE WITH A FREQUENCY OF ALL 
   FOR ALL APPLICABLE ENTITIES

 WRITE EANG ITEMS TO THE DATABASE WITH A FREQUENCY OF ALL 
   FOR ALL APPLICABLE ENTITIES

 WRITE ETMP ITEMS TO THE DATABASE WITH A FREQUENCY OF ALL 
   FOR ALL APPLICABLE ENTITIES

 WRITE VENG ITEMS TO THE DATABASE WITH A FREQUENCY OF ALL 
   FOR ALL APPLICABLE ENTITIES

 WRITE STRS ITEMS TO THE DATABASE WITH A FREQUENCY OF ALL 
   FOR ALL APPLICABLE ENTITIES

 WRITE EPEL ITEMS TO THE DATABASE WITH A FREQUENCY OF ALL 
   FOR ALL APPLICABLE ENTITIES

 WRITE EPPL ITEMS TO THE DATABASE WITH A FREQUENCY OF ALL 
   FOR ALL APPLICABLE ENTITIES

 WRITE CONT ITEMS TO THE DATABASE WITH A FREQUENCY OF ALL 
   FOR ALL APPLICABLE ENTITIES

 WRITE V    ITEMS TO THE DATABASE WITH A FREQUENCY OF ALL 
   FOR ALL APPLICABLE ENTITIES

 WRITE A    ITEMS TO THE DATABASE WITH A FREQUENCY OF ALL 
   FOR ALL APPLICABLE ENTITIES

 WRITE MISC ITEMS TO THE DATABASE WITH A FREQUENCY OF ALL 
   FOR THE ENTITIES DEFINED BY COMPONENT _ELMISC 

 *****  MAPDL SOLVE    COMMAND  *****

 *** WARNING ***                         ELAPSED TIME =     366.139   TIME= 09:09:28
 Material number 16 (used by element 2217) should normally have at least 
 one MP or one TB type command associated with it.  Output of energy by  
 material may not be available.                                          

 *** NOTE ***                            ELAPSED TIME =     366.143   TIME= 09:09:28
 The step data was checked and warning messages were found.              
  Please review output or errors file ( F:\CoME\Forth Semester\Practice  
 FEM\Git_upload\06_Dynamic_Analysis\3_transient_analysis\06_3_ii_four_ba 
 r_mechanism\ansys\project_files\_ProjectScratch\Scr451E\file0.err )     
 for these warning messages.                                             

 *** NOTE ***                            ELAPSED TIME =     366.143   TIME= 09:09:28
 This nonlinear analysis defaults to using the full Newton-Raphson       
 solution procedure.  This can be modified using the NROPT command.      

 *** MAPDL - ENGINEERING ANALYSIS SYSTEM  RELEASE 2026 R1          26.1     ***
 Ansys Mechanical Enterprise Academic Student      
 01055371  VERSION=WINDOWS x64   09:09:28  AUG 09, 2026 Elapsed Time=    366.176

 four_bar_mechanism--Transient (B5)                                            



                      L O A D   S T E P   O P T I O N S

   LOAD STEP NUMBER. . . . . . . . . . . . . . . .    42
   TIME AT END OF THE LOAD STEP. . . . . . . . . .  42.000    
   AUTOMATIC TIME STEPPING . . . . . . . . . . . .    ON
      STARTING TIME STEP SIZE. . . . . . . . . . . 0.50000    
      MINIMUM TIME STEP SIZE . . . . . . . . . . . 0.50000    
      MAXIMUM TIME STEP SIZE . . . . . . . . . . . 0.50000    
   MAXIMUM NUMBER OF EQUILIBRIUM ITERATIONS. . . .    15
   STEP CHANGE BOUNDARY CONDITIONS . . . . . . . .   YES
   STRESS-STIFFENING . . . . . . . . . . . . . . .    ON
   TRANSIENT (INERTIA) EFFECTS
      STRUCTURAL DOFS. . . . . . . . . . . . . . .    ON
   TRANSIENT INTEGRATION PARAMETERS
      GAMMA. . . . . . . . . . . . . . . . . . . . 0.10000    
      ALPHA. . . . . . . . . . . . . . . . . . . . 0.30250    
      DELTA. . . . . . . . . . . . . . . . . . . . 0.60000    
      USING HHT TIME INTEGRATION
      ALPHAF . . . . . . . . . . . . . . . . . . . 0.10000    
      ALPHAM . . . . . . . . . . . . . . . . . . .  0.0000    
   TERMINATE ANALYSIS IF NOT CONVERGED . . . . . .YES (EXIT)  
   CONVERGENCE CONTROLS. . . . . . . . . . . . . .USE DEFAULTS
   PRINT OUTPUT CONTROLS . . . . . . . . . . . . .NO PRINTOUT
   DATABASE OUTPUT CONTROLS
      ITEM     FREQUENCY   COMPONENT
       ALL       NONE               
      NSOL        ALL               
      RSOL        ALL               
      EANG        ALL               
      ETMP        ALL               
      VENG        ALL               
      STRS        ALL               
      EPEL        ALL               
      EPPL        ALL               
      CONT        ALL               
      V           ALL               
      A           ALL               
      MISC        ALL       _ELMISC 


 SOLUTION MONITORING INFO IS WRITTEN TO FILE= file.mntr                                                                                                                                                                                                                                                           
 MAXIMUM NUMBER OF EQUILIBRIUM ITERATIONS HAS BEEN MODIFIED              
  TO BE, NEQIT = 25, BY SOLUTION CONTROL LOGIC.                          

     FORCE CONVERGENCE VALUE  =  0.5640E-01  CRITERION=  0.5000E-04
     MOMENT CONVERGENCE VALUE =  0.9392E-15  CRITERION=  0.2703E-02
     DISP CONVERGENCE VALUE   =   18.82      CRITERION=   2.153    
    EQUIL ITER   1 COMPLETED.  NEW TRIANG MATRIX.  MAX DOF INC=  -18.82    
     DISP CONVERGENCE VALUE   =  0.9410      CRITERION=   2.153     <<< CONVERGED
     LINE SEARCH PARAMETER =  0.5000E-01 SCALED MAX DOF INC = -0.9410    
     FORCE CONVERGENCE VALUE  =   3075.      CRITERION=  0.5000E-04
     MOMENT CONVERGENCE VALUE =  0.1159E-11  CRITERION=  0.2455E-02 <<< CONVERGED
    EQUIL ITER   2 COMPLETED.  NEW TRIANG MATRIX.  MAX DOF INC=  -17.77    
     DISP CONVERGENCE VALUE   =   17.77      CRITERION=   2.153    
     LINE SEARCH PARAMETER =   1.000     SCALED MAX DOF INC =  -17.77    
     CONSTRAINT CONDITIONS ARE NOT SATISFIED FOR      2 JOINT ELEMENTS WITH LAG MULT OPTION
     FORCE CONVERGENCE VALUE  =  0.1100E+07  CRITERION=  0.3284    
     MOMENT CONVERGENCE VALUE =  0.1884E-05  CRITERION=   183.3     <<< CONVERGED
    EQUIL ITER   3 COMPLETED.  NEW TRIANG MATRIX.  MAX DOF INC= -0.3602    
     DISP CONVERGENCE VALUE   =  0.3588      CRITERION=   2.153     <<< CONVERGED
     LINE SEARCH PARAMETER =  0.9959     SCALED MAX DOF INC = -0.3588    
     FORCE CONVERGENCE VALUE  =   2125.      CRITERION=  0.7920    
     MOMENT CONVERGENCE VALUE =  0.4516E-08  CRITERION=   170.9     <<< CONVERGED
    EQUIL ITER   4 COMPLETED.  NEW TRIANG MATRIX.  MAX DOF INC= -0.1038    
     DISP CONVERGENCE VALUE   =  0.1037      CRITERION=   2.153     <<< CONVERGED
     LINE SEARCH PARAMETER =  0.9991     SCALED MAX DOF INC = -0.1037    
     FORCE CONVERGENCE VALUE  =   47.68      CRITERION=  0.3091E-02
     MOMENT CONVERGENCE VALUE =  0.1979E-07  CRITERION=  0.2000     <<< CONVERGED
    EQUIL ITER   5 COMPLETED.  NEW TRIANG MATRIX.  MAX DOF INC=  0.1755E-02
     DISP CONVERGENCE VALUE   =  0.1753E-02  CRITERION=  0.2153     <<< CONVERGED
     LINE SEARCH PARAMETER =  0.9991     SCALED MAX DOF INC =  0.1753E-02
     FORCE CONVERGENCE VALUE  =  0.2905E-01  CRITERION=  0.9501E-02
     MOMENT CONVERGENCE VALUE =  0.1715E-10  CRITERION=  0.5507E-02 <<< CONVERGED

 *** WARNING ***                         ELAPSED TIME =     369.601   TIME= 09:09:31
 A reference moment value times the tolerance is used by the             
 Newton-Raphson method for checking convergence.  The calculated         
 reference MOMENT CONVERGENCE VALUE = 0.398678551 is less than a         
 threshold.  This threshold is internally calculated.  You can           
 overwrite it by specifying MINREF on the CNVTOL command.  Check         
 results carefully.                                                      
    EQUIL ITER   6 COMPLETED.  NEW TRIANG MATRIX.  MAX DOF INC=  0.2136E-05
     DISP CONVERGENCE VALUE   =  0.2135E-05  CRITERION=  0.2153     <<< CONVERGED
     LINE SEARCH PARAMETER =  0.9995     SCALED MAX DOF INC =  0.2135E-05
     FORCE CONVERGENCE VALUE  =  0.1731E-04  CRITERION=  0.5628E-01 <<< CONVERGED
     MOMENT CONVERGENCE VALUE =  0.8045E-14  CRITERION=  0.3262E-01 <<< CONVERGED
    >>> SOLUTION CONVERGED AFTER EQUILIBRIUM ITERATION   6
 *** LOAD STEP    42   SUBSTEP     1  COMPLETED.    CUM ITER =    450
 *** TIME =   41.5000         TIME INC =  0.500000    
 *** RESPONSE FREQ =  115.4       PERIOD=  0.8668E-02  PTS/CYC = 0.17E-01
 *** AUTO STEP TIME:  NEXT TIME INC = 0.50000      UNCHANGED

     FORCE CONVERGENCE VALUE  =  0.5671E-01  CRITERION=  0.5000E-04
     MOMENT CONVERGENCE VALUE =  0.7917E-15  CRITERION=  0.1800E-02
     DISP CONVERGENCE VALUE   =   18.79      CRITERION=   2.153    
    EQUIL ITER   1 COMPLETED.  NEW TRIANG MATRIX.  MAX DOF INC=  -18.79    
     DISP CONVERGENCE VALUE   =  0.9397      CRITERION=   2.153     <<< CONVERGED
     LINE SEARCH PARAMETER =  0.5000E-01 SCALED MAX DOF INC = -0.9397    
     FORCE CONVERGENCE VALUE  =   3092.      CRITERION=  0.5000E-04
     MOMENT CONVERGENCE VALUE =  0.9465E-12  CRITERION=  0.1638E-02 <<< CONVERGED
    EQUIL ITER   2 COMPLETED.  NEW TRIANG MATRIX.  MAX DOF INC=  -17.74    
     DISP CONVERGENCE VALUE   =   17.74      CRITERION=   2.153    
     LINE SEARCH PARAMETER =   1.000     SCALED MAX DOF INC =  -17.74    
     CONSTRAINT CONDITIONS ARE NOT SATISFIED FOR      2 JOINT ELEMENTS WITH LAG MULT OPTION
     FORCE CONVERGENCE VALUE  =  0.1106E+07  CRITERION=  0.3247    
     MOMENT CONVERGENCE VALUE =  0.1844E-05  CRITERION=   184.7     <<< CONVERGED
    EQUIL ITER   3 COMPLETED.  NEW TRIANG MATRIX.  MAX DOF INC= -0.3433    
     DISP CONVERGENCE VALUE   =  0.3419      CRITERION=   2.153     <<< CONVERGED
     LINE SEARCH PARAMETER =  0.9959     SCALED MAX DOF INC = -0.3419    
     FORCE CONVERGENCE VALUE  =   2135.      CRITERION=  0.5924    
     MOMENT CONVERGENCE VALUE =  0.5585E-08  CRITERION=   165.2     <<< CONVERGED
    EQUIL ITER   4 COMPLETED.  NEW TRIANG MATRIX.  MAX DOF INC= -0.9824E-01
     DISP CONVERGENCE VALUE   =  0.9814E-01  CRITERION=   2.153     <<< CONVERGED
     LINE SEARCH PARAMETER =  0.9990     SCALED MAX DOF INC = -0.9814E-01
     FORCE CONVERGENCE VALUE  =   45.30      CRITERION=  0.3263E-02
     MOMENT CONVERGENCE VALUE =  0.1636E-07  CRITERION=  0.2049     <<< CONVERGED
    EQUIL ITER   5 COMPLETED.  NEW TRIANG MATRIX.  MAX DOF INC=  0.1692E-02
     DISP CONVERGENCE VALUE   =  0.1690E-02  CRITERION=  0.2153     <<< CONVERGED
     LINE SEARCH PARAMETER =  0.9991     SCALED MAX DOF INC =  0.1690E-02
     FORCE CONVERGENCE VALUE  =  0.2691E-01  CRITERION=  0.9447E-02
     MOMENT CONVERGENCE VALUE =  0.1443E-10  CRITERION=  0.5476E-02 <<< CONVERGED
    EQUIL ITER   6 COMPLETED.  NEW TRIANG MATRIX.  MAX DOF INC=  0.1981E-05
     DISP CONVERGENCE VALUE   =  0.1980E-05  CRITERION=  0.2153     <<< CONVERGED
     LINE SEARCH PARAMETER =  0.9995     SCALED MAX DOF INC =  0.1980E-05
     FORCE CONVERGENCE VALUE  =  0.1611E-04  CRITERION=  0.5691E-01 <<< CONVERGED
     MOMENT CONVERGENCE VALUE =  0.6798E-14  CRITERION=  0.3299E-01 <<< CONVERGED
    >>> SOLUTION CONVERGED AFTER EQUILIBRIUM ITERATION   6
 *** LOAD STEP    42   SUBSTEP     2  COMPLETED.    CUM ITER =    456
 *** TIME =   42.0000         TIME INC =  0.500000    
 *** RESPONSE FREQ =  115.1       PERIOD=  0.8691E-02  PTS/CYC = 0.17E-01
 ****************************************************
 *************** FINISHED SOLVE FOR LS 42 *************
 ****************************************************
 ******************* SOLVE FOR LS 43 OF 45 ****************

 PRINTOUT RESUMED BY /GOP

 USE AUTOMATIC TIME STEPPING THIS LOAD STEP

 USE INITIAL TIME STEP SIZE OF 0.5000000     FOR ALL  DEGREES OF FREEDOM
 FOR AUTOMATIC TIME STEPPING:
   USE 0.5000000     AS THE MINIMUM TIME STEP SIZE
   USE 0.5000000     AS THE MAXIMUM TIME STEP SIZE

 TIME=  43.000    

 INCLUDE TRANSIENT EFFECTS FOR  ALL DEGREES OF FREEDOM THIS LOAD STEP

 ERASE THE CURRENT DATABASE OUTPUT CONTROL TABLE.


 WRITE ALL  ITEMS TO THE DATABASE WITH A FREQUENCY OF NONE
   FOR ALL APPLICABLE ENTITIES

 WRITE NSOL ITEMS TO THE DATABASE WITH A FREQUENCY OF ALL 
   FOR ALL APPLICABLE ENTITIES

 WRITE RSOL ITEMS TO THE DATABASE WITH A FREQUENCY OF ALL 
   FOR ALL APPLICABLE ENTITIES

 WRITE EANG ITEMS TO THE DATABASE WITH A FREQUENCY OF ALL 
   FOR ALL APPLICABLE ENTITIES

 WRITE ETMP ITEMS TO THE DATABASE WITH A FREQUENCY OF ALL 
   FOR ALL APPLICABLE ENTITIES

 WRITE VENG ITEMS TO THE DATABASE WITH A FREQUENCY OF ALL 
   FOR ALL APPLICABLE ENTITIES

 WRITE STRS ITEMS TO THE DATABASE WITH A FREQUENCY OF ALL 
   FOR ALL APPLICABLE ENTITIES

 WRITE EPEL ITEMS TO THE DATABASE WITH A FREQUENCY OF ALL 
   FOR ALL APPLICABLE ENTITIES

 WRITE EPPL ITEMS TO THE DATABASE WITH A FREQUENCY OF ALL 
   FOR ALL APPLICABLE ENTITIES

 WRITE CONT ITEMS TO THE DATABASE WITH A FREQUENCY OF ALL 
   FOR ALL APPLICABLE ENTITIES

 WRITE V    ITEMS TO THE DATABASE WITH A FREQUENCY OF ALL 
   FOR ALL APPLICABLE ENTITIES

 WRITE A    ITEMS TO THE DATABASE WITH A FREQUENCY OF ALL 
   FOR ALL APPLICABLE ENTITIES

 WRITE MISC ITEMS TO THE DATABASE WITH A FREQUENCY OF ALL 
   FOR THE ENTITIES DEFINED BY COMPONENT _ELMISC 

 *****  MAPDL SOLVE    COMMAND  *****

 *** WARNING ***                         ELAPSED TIME =     374.667   TIME= 09:09:37
 Material number 16 (used by element 2217) should normally have at least 
 one MP or one TB type command associated with it.  Output of energy by  
 material may not be available.                                          

 *** NOTE ***                            ELAPSED TIME =     374.672   TIME= 09:09:37
 The step data was checked and warning messages were found.              
  Please review output or errors file ( F:\CoME\Forth Semester\Practice  
 FEM\Git_upload\06_Dynamic_Analysis\3_transient_analysis\06_3_ii_four_ba 
 r_mechanism\ansys\project_files\_ProjectScratch\Scr451E\file0.err )     
 for these warning messages.                                             

 *** NOTE ***                            ELAPSED TIME =     374.672   TIME= 09:09:37
 This nonlinear analysis defaults to using the full Newton-Raphson       
 solution procedure.  This can be modified using the NROPT command.      

 *** MAPDL - ENGINEERING ANALYSIS SYSTEM  RELEASE 2026 R1          26.1     ***
 Ansys Mechanical Enterprise Academic Student      
 01055371  VERSION=WINDOWS x64   09:09:37  AUG 09, 2026 Elapsed Time=    374.700

 four_bar_mechanism--Transient (B5)                                            



                      L O A D   S T E P   O P T I O N S

   LOAD STEP NUMBER. . . . . . . . . . . . . . . .    43
   TIME AT END OF THE LOAD STEP. . . . . . . . . .  43.000    
   AUTOMATIC TIME STEPPING . . . . . . . . . . . .    ON
      STARTING TIME STEP SIZE. . . . . . . . . . . 0.50000    
      MINIMUM TIME STEP SIZE . . . . . . . . . . . 0.50000    
      MAXIMUM TIME STEP SIZE . . . . . . . . . . . 0.50000    
   MAXIMUM NUMBER OF EQUILIBRIUM ITERATIONS. . . .    15
   STEP CHANGE BOUNDARY CONDITIONS . . . . . . . .   YES
   STRESS-STIFFENING . . . . . . . . . . . . . . .    ON
   TRANSIENT (INERTIA) EFFECTS
      STRUCTURAL DOFS. . . . . . . . . . . . . . .    ON
   TRANSIENT INTEGRATION PARAMETERS
      GAMMA. . . . . . . . . . . . . . . . . . . . 0.10000    
      ALPHA. . . . . . . . . . . . . . . . . . . . 0.30250    
      DELTA. . . . . . . . . . . . . . . . . . . . 0.60000    
      USING HHT TIME INTEGRATION
      ALPHAF . . . . . . . . . . . . . . . . . . . 0.10000    
      ALPHAM . . . . . . . . . . . . . . . . . . .  0.0000    
   TERMINATE ANALYSIS IF NOT CONVERGED . . . . . .YES (EXIT)  
   CONVERGENCE CONTROLS. . . . . . . . . . . . . .USE DEFAULTS
   PRINT OUTPUT CONTROLS . . . . . . . . . . . . .NO PRINTOUT
   DATABASE OUTPUT CONTROLS
      ITEM     FREQUENCY   COMPONENT
       ALL       NONE               
      NSOL        ALL               
      RSOL        ALL               
      EANG        ALL               
      ETMP        ALL               
      VENG        ALL               
      STRS        ALL               
      EPEL        ALL               
      EPPL        ALL               
      CONT        ALL               
      V           ALL               
      A           ALL               
      MISC        ALL       _ELMISC 


 SOLUTION MONITORING INFO IS WRITTEN TO FILE= file.mntr                                                                                                                                                                                                                                                           
 MAXIMUM NUMBER OF EQUILIBRIUM ITERATIONS HAS BEEN MODIFIED              
  TO BE, NEQIT = 25, BY SOLUTION CONTROL LOGIC.                          

     FORCE CONVERGENCE VALUE  =  0.5686E-01  CRITERION=  0.5000E-04
     MOMENT CONVERGENCE VALUE =  0.1108E-14  CRITERION=  0.1033E-02
     DISP CONVERGENCE VALUE   =   18.66      CRITERION=   2.153    
    EQUIL ITER   1 COMPLETED.  NEW TRIANG MATRIX.  MAX DOF INC=  -18.66    
     DISP CONVERGENCE VALUE   =  0.9329      CRITERION=   2.153     <<< CONVERGED
     LINE SEARCH PARAMETER =  0.5000E-01 SCALED MAX DOF INC = -0.9329    
     FORCE CONVERGENCE VALUE  =   3105.      CRITERION=  0.5000E-04
     MOMENT CONVERGENCE VALUE =  0.8562E-12  CRITERION=  0.9440E-03 <<< CONVERGED
    EQUIL ITER   2 COMPLETED.  NEW TRIANG MATRIX.  MAX DOF INC=  -17.61    
     DISP CONVERGENCE VALUE   =   17.61      CRITERION=   2.153    
     LINE SEARCH PARAMETER =   1.000     SCALED MAX DOF INC =  -17.61    
     CONSTRAINT CONDITIONS ARE NOT SATISFIED FOR      2 JOINT ELEMENTS WITH LAG MULT OPTION
     FORCE CONVERGENCE VALUE  =  0.1110E+07  CRITERION=  0.3181    
     MOMENT CONVERGENCE VALUE =  0.1787E-05  CRITERION=   185.7     <<< CONVERGED
    EQUIL ITER   3 COMPLETED.  NEW TRIANG MATRIX.  MAX DOF INC= -0.3278    
     DISP CONVERGENCE VALUE   =  0.3265      CRITERION=   2.153     <<< CONVERGED
     LINE SEARCH PARAMETER =  0.9959     SCALED MAX DOF INC = -0.3265    
     FORCE CONVERGENCE VALUE  =   2142.      CRITERION=  0.4283    
     MOMENT CONVERGENCE VALUE =  0.6459E-08  CRITERION=   159.9     <<< CONVERGED
    EQUIL ITER   4 COMPLETED.  NEW TRIANG MATRIX.  MAX DOF INC= -0.9298E-01
     DISP CONVERGENCE VALUE   =  0.9288E-01  CRITERION=   2.153     <<< CONVERGED
     LINE SEARCH PARAMETER =  0.9989     SCALED MAX DOF INC = -0.9288E-01
     FORCE CONVERGENCE VALUE  =   43.15      CRITERION=  0.3459E-02
     MOMENT CONVERGENCE VALUE =  0.1354E-07  CRITERION=  0.2073     <<< CONVERGED
    EQUIL ITER   5 COMPLETED.  NEW TRIANG MATRIX.  MAX DOF INC=  0.1622E-02
     DISP CONVERGENCE VALUE   =  0.1621E-02  CRITERION=  0.2153     <<< CONVERGED
     LINE SEARCH PARAMETER =  0.9991     SCALED MAX DOF INC =  0.1621E-02
     FORCE CONVERGENCE VALUE  =  0.2495E-01  CRITERION=  0.9640E-02
     MOMENT CONVERGENCE VALUE =  0.1212E-10  CRITERION=  0.5588E-02 <<< CONVERGED

 *** WARNING ***                         ELAPSED TIME =     378.083   TIME= 09:09:40
 A reference moment value times the tolerance is used by the             
 Newton-Raphson method for checking convergence.  The calculated         
 reference MOMENT CONVERGENCE VALUE = 0.151556426 is less than a         
 threshold.  This threshold is internally calculated.  You can           
 overwrite it by specifying MINREF on the CNVTOL command.  Check         
 results carefully.                                                      
    EQUIL ITER   6 COMPLETED.  NEW TRIANG MATRIX.  MAX DOF INC=  0.1840E-05
     DISP CONVERGENCE VALUE   =  0.1840E-05  CRITERION=  0.2153     <<< CONVERGED
     LINE SEARCH PARAMETER =  0.9995     SCALED MAX DOF INC =  0.1840E-05
     FORCE CONVERGENCE VALUE  =  0.1501E-04  CRITERION=  0.5883E-01 <<< CONVERGED
     MOMENT CONVERGENCE VALUE =  0.5695E-14  CRITERION=  0.3410E-01 <<< CONVERGED
    >>> SOLUTION CONVERGED AFTER EQUILIBRIUM ITERATION   6
 *** LOAD STEP    43   SUBSTEP     1  COMPLETED.    CUM ITER =    462
 *** TIME =   42.5000         TIME INC =  0.500000    
 *** RESPONSE FREQ =  115.0       PERIOD=  0.8699E-02  PTS/CYC = 0.17E-01
 *** AUTO STEP TIME:  NEXT TIME INC = 0.50000      UNCHANGED

     FORCE CONVERGENCE VALUE  =  0.5688E-01  CRITERION=  0.5000E-04
     MOMENT CONVERGENCE VALUE =  0.1047E-14  CRITERION=  0.5604E-03
     DISP CONVERGENCE VALUE   =   18.43      CRITERION=   2.153    
    EQUIL ITER   1 COMPLETED.  NEW TRIANG MATRIX.  MAX DOF INC=  -18.43    
     DISP CONVERGENCE VALUE   =  0.9214      CRITERION=   2.153     <<< CONVERGED
     LINE SEARCH PARAMETER =  0.5000E-01 SCALED MAX DOF INC = -0.9214    
     FORCE CONVERGENCE VALUE  =   3112.      CRITERION=  0.5000E-04
     MOMENT CONVERGENCE VALUE =  0.8344E-12  CRITERION=  0.5127E-03 <<< CONVERGED
    EQUIL ITER   2 COMPLETED.  NEW TRIANG MATRIX.  MAX DOF INC=  -17.39    
     DISP CONVERGENCE VALUE   =   17.39      CRITERION=   2.153    
     LINE SEARCH PARAMETER =   1.000     SCALED MAX DOF INC =  -17.39    
     CONSTRAINT CONDITIONS ARE NOT SATISFIED FOR      2 JOINT ELEMENTS WITH LAG MULT OPTION
     FORCE CONVERGENCE VALUE  =  0.1112E+07  CRITERION=  0.3095    
     MOMENT CONVERGENCE VALUE =  0.1719E-05  CRITERION=   186.3     <<< CONVERGED
    EQUIL ITER   3 COMPLETED.  NEW TRIANG MATRIX.  MAX DOF INC=  0.3448    
     DISP CONVERGENCE VALUE   =  0.3434      CRITERION=   2.153     <<< CONVERGED
     LINE SEARCH PARAMETER =  0.9959     SCALED MAX DOF INC =  0.3434    
     FORCE CONVERGENCE VALUE  =   2147.      CRITERION=  0.2932    
     MOMENT CONVERGENCE VALUE =  0.7055E-08  CRITERION=   155.0     <<< CONVERGED
    EQUIL ITER   4 COMPLETED.  NEW TRIANG MATRIX.  MAX DOF INC= -0.8798E-01
     DISP CONVERGENCE VALUE   =  0.8788E-01  CRITERION=   2.153     <<< CONVERGED
     LINE SEARCH PARAMETER =  0.9988     SCALED MAX DOF INC = -0.8788E-01
     FORCE CONVERGENCE VALUE  =   41.19      CRITERION=  0.3681E-02
     MOMENT CONVERGENCE VALUE =  0.1119E-07  CRITERION=  0.2078     <<< CONVERGED
    EQUIL ITER   5 COMPLETED.  NEW TRIANG MATRIX.  MAX DOF INC=  0.1548E-02
     DISP CONVERGENCE VALUE   =  0.1547E-02  CRITERION=  0.2153     <<< CONVERGED
     LINE SEARCH PARAMETER =  0.9991     SCALED MAX DOF INC =  0.1547E-02
     FORCE CONVERGENCE VALUE  =  0.2316E-01  CRITERION=  0.9927E-02
     MOMENT CONVERGENCE VALUE =  0.1017E-10  CRITERION=  0.5754E-02 <<< CONVERGED
    EQUIL ITER   6 COMPLETED.  NEW TRIANG MATRIX.  MAX DOF INC=  0.1711E-05
     DISP CONVERGENCE VALUE   =  0.1710E-05  CRITERION=  0.2153     <<< CONVERGED
     LINE SEARCH PARAMETER =  0.9995     SCALED MAX DOF INC =  0.1710E-05
     FORCE CONVERGENCE VALUE  =  0.1401E-04  CRITERION=  0.6122E-01 <<< CONVERGED
     MOMENT CONVERGENCE VALUE =  0.4716E-14  CRITERION=  0.3549E-01 <<< CONVERGED
    >>> SOLUTION CONVERGED AFTER EQUILIBRIUM ITERATION   6
 *** LOAD STEP    43   SUBSTEP     2  COMPLETED.    CUM ITER =    468
 *** TIME =   43.0000         TIME INC =  0.500000    
 *** RESPONSE FREQ =  115.0       PERIOD=  0.8696E-02  PTS/CYC = 0.17E-01
 ****************************************************
 *************** FINISHED SOLVE FOR LS 43 *************
 ****************************************************
 ******************* SOLVE FOR LS 44 OF 45 ****************

 PRINTOUT RESUMED BY /GOP

 USE AUTOMATIC TIME STEPPING THIS LOAD STEP

 USE INITIAL TIME STEP SIZE OF 0.5000000     FOR ALL  DEGREES OF FREEDOM
 FOR AUTOMATIC TIME STEPPING:
   USE 0.5000000     AS THE MINIMUM TIME STEP SIZE
   USE 0.5000000     AS THE MAXIMUM TIME STEP SIZE

 TIME=  44.000    

 INCLUDE TRANSIENT EFFECTS FOR  ALL DEGREES OF FREEDOM THIS LOAD STEP

 ERASE THE CURRENT DATABASE OUTPUT CONTROL TABLE.


 WRITE ALL  ITEMS TO THE DATABASE WITH A FREQUENCY OF NONE
   FOR ALL APPLICABLE ENTITIES

 WRITE NSOL ITEMS TO THE DATABASE WITH A FREQUENCY OF ALL 
   FOR ALL APPLICABLE ENTITIES

 WRITE RSOL ITEMS TO THE DATABASE WITH A FREQUENCY OF ALL 
   FOR ALL APPLICABLE ENTITIES

 WRITE EANG ITEMS TO THE DATABASE WITH A FREQUENCY OF ALL 
   FOR ALL APPLICABLE ENTITIES

 WRITE ETMP ITEMS TO THE DATABASE WITH A FREQUENCY OF ALL 
   FOR ALL APPLICABLE ENTITIES

 WRITE VENG ITEMS TO THE DATABASE WITH A FREQUENCY OF ALL 
   FOR ALL APPLICABLE ENTITIES

 WRITE STRS ITEMS TO THE DATABASE WITH A FREQUENCY OF ALL 
   FOR ALL APPLICABLE ENTITIES

 WRITE EPEL ITEMS TO THE DATABASE WITH A FREQUENCY OF ALL 
   FOR ALL APPLICABLE ENTITIES

 WRITE EPPL ITEMS TO THE DATABASE WITH A FREQUENCY OF ALL 
   FOR ALL APPLICABLE ENTITIES

 WRITE CONT ITEMS TO THE DATABASE WITH A FREQUENCY OF ALL 
   FOR ALL APPLICABLE ENTITIES

 WRITE V    ITEMS TO THE DATABASE WITH A FREQUENCY OF ALL 
   FOR ALL APPLICABLE ENTITIES

 WRITE A    ITEMS TO THE DATABASE WITH A FREQUENCY OF ALL 
   FOR ALL APPLICABLE ENTITIES

 WRITE MISC ITEMS TO THE DATABASE WITH A FREQUENCY OF ALL 
   FOR THE ENTITIES DEFINED BY COMPONENT _ELMISC 

 *****  MAPDL SOLVE    COMMAND  *****

 *** WARNING ***                         ELAPSED TIME =     383.272   TIME= 09:09:45
 Material number 16 (used by element 2217) should normally have at least 
 one MP or one TB type command associated with it.  Output of energy by  
 material may not be available.                                          

 *** NOTE ***                            ELAPSED TIME =     383.276   TIME= 09:09:45
 The step data was checked and warning messages were found.              
  Please review output or errors file ( F:\CoME\Forth Semester\Practice  
 FEM\Git_upload\06_Dynamic_Analysis\3_transient_analysis\06_3_ii_four_ba 
 r_mechanism\ansys\project_files\_ProjectScratch\Scr451E\file0.err )     
 for these warning messages.                                             

 *** NOTE ***                            ELAPSED TIME =     383.276   TIME= 09:09:45
 This nonlinear analysis defaults to using the full Newton-Raphson       
 solution procedure.  This can be modified using the NROPT command.      

 *** MAPDL - ENGINEERING ANALYSIS SYSTEM  RELEASE 2026 R1          26.1     ***
 Ansys Mechanical Enterprise Academic Student      
 01055371  VERSION=WINDOWS x64   09:09:45  AUG 09, 2026 Elapsed Time=    383.307

 four_bar_mechanism--Transient (B5)                                            



                      L O A D   S T E P   O P T I O N S

   LOAD STEP NUMBER. . . . . . . . . . . . . . . .    44
   TIME AT END OF THE LOAD STEP. . . . . . . . . .  44.000    
   AUTOMATIC TIME STEPPING . . . . . . . . . . . .    ON
      STARTING TIME STEP SIZE. . . . . . . . . . . 0.50000    
      MINIMUM TIME STEP SIZE . . . . . . . . . . . 0.50000    
      MAXIMUM TIME STEP SIZE . . . . . . . . . . . 0.50000    
   MAXIMUM NUMBER OF EQUILIBRIUM ITERATIONS. . . .    15
   STEP CHANGE BOUNDARY CONDITIONS . . . . . . . .   YES
   STRESS-STIFFENING . . . . . . . . . . . . . . .    ON
   TRANSIENT (INERTIA) EFFECTS
      STRUCTURAL DOFS. . . . . . . . . . . . . . .    ON
   TRANSIENT INTEGRATION PARAMETERS
      GAMMA. . . . . . . . . . . . . . . . . . . . 0.10000    
      ALPHA. . . . . . . . . . . . . . . . . . . . 0.30250    
      DELTA. . . . . . . . . . . . . . . . . . . . 0.60000    
      USING HHT TIME INTEGRATION
      ALPHAF . . . . . . . . . . . . . . . . . . . 0.10000    
      ALPHAM . . . . . . . . . . . . . . . . . . .  0.0000    
   TERMINATE ANALYSIS IF NOT CONVERGED . . . . . .YES (EXIT)  
   CONVERGENCE CONTROLS. . . . . . . . . . . . . .USE DEFAULTS
   PRINT OUTPUT CONTROLS . . . . . . . . . . . . .NO PRINTOUT
   DATABASE OUTPUT CONTROLS
      ITEM     FREQUENCY   COMPONENT
       ALL       NONE               
      NSOL        ALL               
      RSOL        ALL               
      EANG        ALL               
      ETMP        ALL               
      VENG        ALL               
      STRS        ALL               
      EPEL        ALL               
      EPPL        ALL               
      CONT        ALL               
      V           ALL               
      A           ALL               
      MISC        ALL       _ELMISC 


 SOLUTION MONITORING INFO IS WRITTEN TO FILE= file.mntr                                                                                                                                                                                                                                                           
 MAXIMUM NUMBER OF EQUILIBRIUM ITERATIONS HAS BEEN MODIFIED              
  TO BE, NEQIT = 25, BY SOLUTION CONTROL LOGIC.                          

     FORCE CONVERGENCE VALUE  =  0.5678E-01  CRITERION=  0.5017E-04
     MOMENT CONVERGENCE VALUE =  0.4624E-15  CRITERION=  0.6654E-03
     DISP CONVERGENCE VALUE   =   18.12      CRITERION=   2.153    
    EQUIL ITER   1 COMPLETED.  NEW TRIANG MATRIX.  MAX DOF INC=  -18.12    
     DISP CONVERGENCE VALUE   =  0.9058      CRITERION=   2.153     <<< CONVERGED
     LINE SEARCH PARAMETER =  0.5000E-01 SCALED MAX DOF INC = -0.9058    
     FORCE CONVERGENCE VALUE  =   3116.      CRITERION=  0.5000E-04
     MOMENT CONVERGENCE VALUE =  0.8492E-12  CRITERION=  0.5985E-03 <<< CONVERGED
    EQUIL ITER   2 COMPLETED.  NEW TRIANG MATRIX.  MAX DOF INC=  -17.09    
     DISP CONVERGENCE VALUE   =   17.09      CRITERION=   2.153    
     LINE SEARCH PARAMETER =   1.000     SCALED MAX DOF INC =  -17.09    
     CONSTRAINT CONDITIONS ARE NOT SATISFIED FOR      2 JOINT ELEMENTS WITH LAG MULT OPTION
     FORCE CONVERGENCE VALUE  =  0.1114E+07  CRITERION=  0.2995    
     MOMENT CONVERGENCE VALUE =  0.1644E-05  CRITERION=   186.5     <<< CONVERGED
    EQUIL ITER   3 COMPLETED.  NEW TRIANG MATRIX.  MAX DOF INC=  0.3623    
     DISP CONVERGENCE VALUE   =  0.3608      CRITERION=   2.153     <<< CONVERGED
     LINE SEARCH PARAMETER =  0.9959     SCALED MAX DOF INC =  0.3608    
     FORCE CONVERGENCE VALUE  =   2149.      CRITERION=  0.1820    
     MOMENT CONVERGENCE VALUE =  0.7449E-08  CRITERION=   150.4     <<< CONVERGED
    EQUIL ITER   4 COMPLETED.  NEW TRIANG MATRIX.  MAX DOF INC= -0.8321E-01
     DISP CONVERGENCE VALUE   =  0.8311E-01  CRITERION=   2.153     <<< CONVERGED
     LINE SEARCH PARAMETER =  0.9988     SCALED MAX DOF INC = -0.8311E-01
     FORCE CONVERGENCE VALUE  =   39.40      CRITERION=  0.3933E-02
     MOMENT CONVERGENCE VALUE =  0.9241E-08  CRITERION=  0.2069     <<< CONVERGED
    EQUIL ITER   5 COMPLETED.  NEW TRIANG MATRIX.  MAX DOF INC=  0.1472E-02
     DISP CONVERGENCE VALUE   =  0.1470E-02  CRITERION=  0.2153     <<< CONVERGED
     LINE SEARCH PARAMETER =  0.9991     SCALED MAX DOF INC =  0.1470E-02
     FORCE CONVERGENCE VALUE  =  0.2151E-01  CRITERION=  0.1023E-01
     MOMENT CONVERGENCE VALUE =  0.8510E-11  CRITERION=  0.5928E-02 <<< CONVERGED

 *** WARNING ***                         ELAPSED TIME =     386.692   TIME= 09:09:49
 A reference moment value times the tolerance is used by the             
 Newton-Raphson method for checking convergence.  The calculated         
 reference MOMENT CONVERGENCE VALUE = 0.197610492 is less than a         
 threshold.  This threshold is internally calculated.  You can           
 overwrite it by specifying MINREF on the CNVTOL command.  Check         
 results carefully.                                                      
    EQUIL ITER   6 COMPLETED.  NEW TRIANG MATRIX.  MAX DOF INC=  0.1592E-05
     DISP CONVERGENCE VALUE   =  0.1591E-05  CRITERION=  0.2153     <<< CONVERGED
     LINE SEARCH PARAMETER =  0.9995     SCALED MAX DOF INC =  0.1591E-05
     FORCE CONVERGENCE VALUE  =  0.1306E-04  CRITERION=  0.6361E-01 <<< CONVERGED
     MOMENT CONVERGENCE VALUE =  0.3915E-14  CRITERION=  0.3687E-01 <<< CONVERGED
    >>> SOLUTION CONVERGED AFTER EQUILIBRIUM ITERATION   6
 *** LOAD STEP    44   SUBSTEP     1  COMPLETED.    CUM ITER =    474
 *** TIME =   43.5000         TIME INC =  0.500000    
 *** RESPONSE FREQ =  115.2       PERIOD=  0.8682E-02  PTS/CYC = 0.17E-01
 *** AUTO STEP TIME:  NEXT TIME INC = 0.50000      UNCHANGED

     FORCE CONVERGENCE VALUE  =  0.5659E-01  CRITERION=  0.5173E-04
     MOMENT CONVERGENCE VALUE =  0.3839E-15  CRITERION=  0.1066E-02
     DISP CONVERGENCE VALUE   =   17.74      CRITERION=   2.153    
    EQUIL ITER   1 COMPLETED.  NEW TRIANG MATRIX.  MAX DOF INC=  -17.74    
     DISP CONVERGENCE VALUE   =  0.8868      CRITERION=   2.153     <<< CONVERGED
     LINE SEARCH PARAMETER =  0.5000E-01 SCALED MAX DOF INC = -0.8868    
     FORCE CONVERGENCE VALUE  =   3115.      CRITERION=  0.5000E-04
     MOMENT CONVERGENCE VALUE =  0.8831E-12  CRITERION=  0.9586E-03 <<< CONVERGED
    EQUIL ITER   2 COMPLETED.  NEW TRIANG MATRIX.  MAX DOF INC=  -16.73    
     DISP CONVERGENCE VALUE   =   16.73      CRITERION=   2.153    
     LINE SEARCH PARAMETER =   1.000     SCALED MAX DOF INC =  -16.73    
     CONSTRAINT CONDITIONS ARE NOT SATISFIED FOR      2 JOINT ELEMENTS WITH LAG MULT OPTION
     FORCE CONVERGENCE VALUE  =  0.1113E+07  CRITERION=  0.2885    
     MOMENT CONVERGENCE VALUE =  0.1564E-05  CRITERION=   186.5     <<< CONVERGED
    EQUIL ITER   3 COMPLETED.  NEW TRIANG MATRIX.  MAX DOF INC=  0.3782    
     DISP CONVERGENCE VALUE   =  0.3767      CRITERION=   2.153     <<< CONVERGED
     LINE SEARCH PARAMETER =  0.9959     SCALED MAX DOF INC =  0.3767    
     FORCE CONVERGENCE VALUE  =   2149.      CRITERION=  0.9257E-01
     MOMENT CONVERGENCE VALUE =  0.7712E-08  CRITERION=   146.2     <<< CONVERGED
    EQUIL ITER   4 COMPLETED.  NEW TRIANG MATRIX.  MAX DOF INC= -0.7863E-01
     DISP CONVERGENCE VALUE   =  0.7852E-01  CRITERION=   2.153     <<< CONVERGED
     LINE SEARCH PARAMETER =  0.9987     SCALED MAX DOF INC = -0.7852E-01
     FORCE CONVERGENCE VALUE  =   37.77      CRITERION=  0.4216E-02
     MOMENT CONVERGENCE VALUE =  0.7612E-08  CRITERION=  0.2049     <<< CONVERGED
    EQUIL ITER   5 COMPLETED.  NEW TRIANG MATRIX.  MAX DOF INC=  0.1394E-02
     DISP CONVERGENCE VALUE   =  0.1392E-02  CRITERION=  0.2153     <<< CONVERGED
     LINE SEARCH PARAMETER =  0.9991     SCALED MAX DOF INC =  0.1392E-02
     FORCE CONVERGENCE VALUE  =  0.1999E-01  CRITERION=  0.1052E-01
     MOMENT CONVERGENCE VALUE =  0.7103E-11  CRITERION=  0.6098E-02 <<< CONVERGED
    EQUIL ITER   6 COMPLETED.  NEW TRIANG MATRIX.  MAX DOF INC=  0.1482E-05
     DISP CONVERGENCE VALUE   =  0.1481E-05  CRITERION=  0.2153     <<< CONVERGED
     LINE SEARCH PARAMETER =  0.9995     SCALED MAX DOF INC =  0.1481E-05
     FORCE CONVERGENCE VALUE  =  0.1216E-04  CRITERION=  0.6594E-01 <<< CONVERGED
     MOMENT CONVERGENCE VALUE =  0.3241E-14  CRITERION=  0.3822E-01 <<< CONVERGED
    >>> SOLUTION CONVERGED AFTER EQUILIBRIUM ITERATION   6
 *** LOAD STEP    44   SUBSTEP     2  COMPLETED.    CUM ITER =    480
 *** TIME =   44.0000         TIME INC =  0.500000    
 *** RESPONSE FREQ =  115.5       PERIOD=  0.8658E-02  PTS/CYC = 0.17E-01
 ****************************************************
 *************** FINISHED SOLVE FOR LS 44 *************
 ****************************************************
 ******************* SOLVE FOR LS 45 OF 45 ****************

 PRINTOUT RESUMED BY /GOP

 USE AUTOMATIC TIME STEPPING THIS LOAD STEP

 USE INITIAL TIME STEP SIZE OF 0.5000000     FOR ALL  DEGREES OF FREEDOM
 FOR AUTOMATIC TIME STEPPING:
   USE 0.5000000     AS THE MINIMUM TIME STEP SIZE
   USE 0.5000000     AS THE MAXIMUM TIME STEP SIZE

 TIME=  45.000    

 INCLUDE TRANSIENT EFFECTS FOR  ALL DEGREES OF FREEDOM THIS LOAD STEP

 ERASE THE CURRENT DATABASE OUTPUT CONTROL TABLE.


 WRITE ALL  ITEMS TO THE DATABASE WITH A FREQUENCY OF NONE
   FOR ALL APPLICABLE ENTITIES

 WRITE NSOL ITEMS TO THE DATABASE WITH A FREQUENCY OF ALL 
   FOR ALL APPLICABLE ENTITIES

 WRITE RSOL ITEMS TO THE DATABASE WITH A FREQUENCY OF ALL 
   FOR ALL APPLICABLE ENTITIES

 WRITE EANG ITEMS TO THE DATABASE WITH A FREQUENCY OF ALL 
   FOR ALL APPLICABLE ENTITIES

 WRITE ETMP ITEMS TO THE DATABASE WITH A FREQUENCY OF ALL 
   FOR ALL APPLICABLE ENTITIES

 WRITE VENG ITEMS TO THE DATABASE WITH A FREQUENCY OF ALL 
   FOR ALL APPLICABLE ENTITIES

 WRITE STRS ITEMS TO THE DATABASE WITH A FREQUENCY OF ALL 
   FOR ALL APPLICABLE ENTITIES

 WRITE EPEL ITEMS TO THE DATABASE WITH A FREQUENCY OF ALL 
   FOR ALL APPLICABLE ENTITIES

 WRITE EPPL ITEMS TO THE DATABASE WITH A FREQUENCY OF ALL 
   FOR ALL APPLICABLE ENTITIES

 WRITE CONT ITEMS TO THE DATABASE WITH A FREQUENCY OF ALL 
   FOR ALL APPLICABLE ENTITIES

 WRITE V    ITEMS TO THE DATABASE WITH A FREQUENCY OF ALL 
   FOR ALL APPLICABLE ENTITIES

 WRITE A    ITEMS TO THE DATABASE WITH A FREQUENCY OF ALL 
   FOR ALL APPLICABLE ENTITIES

 WRITE MISC ITEMS TO THE DATABASE WITH A FREQUENCY OF ALL 
   FOR THE ENTITIES DEFINED BY COMPONENT _ELMISC 

 *****  MAPDL SOLVE    COMMAND  *****

 *** WARNING ***                         ELAPSED TIME =     391.661   TIME= 09:09:54
 Material number 16 (used by element 2217) should normally have at least 
 one MP or one TB type command associated with it.  Output of energy by  
 material may not be available.                                          

 *** NOTE ***                            ELAPSED TIME =     391.665   TIME= 09:09:54
 The step data was checked and warning messages were found.              
  Please review output or errors file ( F:\CoME\Forth Semester\Practice  
 FEM\Git_upload\06_Dynamic_Analysis\3_transient_analysis\06_3_ii_four_ba 
 r_mechanism\ansys\project_files\_ProjectScratch\Scr451E\file0.err )     
 for these warning messages.                                             

 *** NOTE ***                            ELAPSED TIME =     391.665   TIME= 09:09:54
 This nonlinear analysis defaults to using the full Newton-Raphson       
 solution procedure.  This can be modified using the NROPT command.      

 *** MAPDL - ENGINEERING ANALYSIS SYSTEM  RELEASE 2026 R1          26.1     ***
 Ansys Mechanical Enterprise Academic Student      
 01055371  VERSION=WINDOWS x64   09:09:54  AUG 09, 2026 Elapsed Time=    391.709

 four_bar_mechanism--Transient (B5)                                            



                      L O A D   S T E P   O P T I O N S

   LOAD STEP NUMBER. . . . . . . . . . . . . . . .    45
   TIME AT END OF THE LOAD STEP. . . . . . . . . .  45.000    
   AUTOMATIC TIME STEPPING . . . . . . . . . . . .    ON
      STARTING TIME STEP SIZE. . . . . . . . . . . 0.50000    
      MINIMUM TIME STEP SIZE . . . . . . . . . . . 0.50000    
      MAXIMUM TIME STEP SIZE . . . . . . . . . . . 0.50000    
   MAXIMUM NUMBER OF EQUILIBRIUM ITERATIONS. . . .    15
   STEP CHANGE BOUNDARY CONDITIONS . . . . . . . .   YES
   STRESS-STIFFENING . . . . . . . . . . . . . . .    ON
   TRANSIENT (INERTIA) EFFECTS
      STRUCTURAL DOFS. . . . . . . . . . . . . . .    ON
   TRANSIENT INTEGRATION PARAMETERS
      GAMMA. . . . . . . . . . . . . . . . . . . . 0.10000    
      ALPHA. . . . . . . . . . . . . . . . . . . . 0.30250    
      DELTA. . . . . . . . . . . . . . . . . . . . 0.60000    
      USING HHT TIME INTEGRATION
      ALPHAF . . . . . . . . . . . . . . . . . . . 0.10000    
      ALPHAM . . . . . . . . . . . . . . . . . . .  0.0000    
   TERMINATE ANALYSIS IF NOT CONVERGED . . . . . .YES (EXIT)  
   CONVERGENCE CONTROLS. . . . . . . . . . . . . .USE DEFAULTS
   PRINT OUTPUT CONTROLS . . . . . . . . . . . . .NO PRINTOUT
   DATABASE OUTPUT CONTROLS
      ITEM     FREQUENCY   COMPONENT
       ALL       NONE               
      NSOL        ALL               
      RSOL        ALL               
      EANG        ALL               
      ETMP        ALL               
      VENG        ALL               
      STRS        ALL               
      EPEL        ALL               
      EPPL        ALL               
      CONT        ALL               
      V           ALL               
      A           ALL               
      MISC        ALL       _ELMISC 


 SOLUTION MONITORING INFO IS WRITTEN TO FILE= file.mntr                                                                                                                                                                                                                                                           
 MAXIMUM NUMBER OF EQUILIBRIUM ITERATIONS HAS BEEN MODIFIED              
  TO BE, NEQIT = 25, BY SOLUTION CONTROL LOGIC.                          

     FORCE CONVERGENCE VALUE  =  0.5630E-01  CRITERION=  0.5321E-04
     MOMENT CONVERGENCE VALUE =  0.3187E-15  CRITERION=  0.1502E-02
     DISP CONVERGENCE VALUE   =   17.30      CRITERION=   2.153    
    EQUIL ITER   1 COMPLETED.  NEW TRIANG MATRIX.  MAX DOF INC=  -17.30    
     DISP CONVERGENCE VALUE   =  0.8648      CRITERION=   2.153     <<< CONVERGED
     LINE SEARCH PARAMETER =  0.5000E-01 SCALED MAX DOF INC = -0.8648    
     FORCE CONVERGENCE VALUE  =   3112.      CRITERION=  0.5000E-04
     MOMENT CONVERGENCE VALUE =  0.9208E-12  CRITERION=  0.1353E-02 <<< CONVERGED
    EQUIL ITER   2 COMPLETED.  NEW TRIANG MATRIX.  MAX DOF INC=  -16.31    
     DISP CONVERGENCE VALUE   =   16.31      CRITERION=   2.153    
     LINE SEARCH PARAMETER =   1.000     SCALED MAX DOF INC =  -16.31    
     CONSTRAINT CONDITIONS ARE NOT SATISFIED FOR      2 JOINT ELEMENTS WITH LAG MULT OPTION
     FORCE CONVERGENCE VALUE  =  0.1112E+07  CRITERION=  0.2769    
     MOMENT CONVERGENCE VALUE =  0.1482E-05  CRITERION=   186.2     <<< CONVERGED
    EQUIL ITER   3 COMPLETED.  NEW TRIANG MATRIX.  MAX DOF INC=  0.3933    
     DISP CONVERGENCE VALUE   =  0.3917      CRITERION=   2.153     <<< CONVERGED
     LINE SEARCH PARAMETER =  0.9959     SCALED MAX DOF INC =  0.3917    
     FORCE CONVERGENCE VALUE  =   2148.      CRITERION=  0.4045E-01
     MOMENT CONVERGENCE VALUE =  0.7895E-08  CRITERION=   142.4     <<< CONVERGED
    EQUIL ITER   4 COMPLETED.  NEW TRIANG MATRIX.  MAX DOF INC= -0.7423E-01
     DISP CONVERGENCE VALUE   =  0.7413E-01  CRITERION=   2.153     <<< CONVERGED
     LINE SEARCH PARAMETER =  0.9987     SCALED MAX DOF INC = -0.7413E-01
     FORCE CONVERGENCE VALUE  =   36.26      CRITERION=  0.4535E-02
     MOMENT CONVERGENCE VALUE =  0.6250E-08  CRITERION=  0.2021     <<< CONVERGED
    EQUIL ITER   5 COMPLETED.  NEW TRIANG MATRIX.  MAX DOF INC=  0.1315E-02
     DISP CONVERGENCE VALUE   =  0.1314E-02  CRITERION=  0.2153     <<< CONVERGED
     LINE SEARCH PARAMETER =  0.9990     SCALED MAX DOF INC =  0.1314E-02
     FORCE CONVERGENCE VALUE  =  0.1859E-01  CRITERION=  0.1078E-01
     MOMENT CONVERGENCE VALUE =  0.5907E-11  CRITERION=  0.6247E-02 <<< CONVERGED

 *** WARNING ***                         ELAPSED TIME =     395.119   TIME= 09:09:57
 A reference moment value times the tolerance is used by the             
 Newton-Raphson method for checking convergence.  The calculated         
 reference MOMENT CONVERGENCE VALUE = 0.349964327 is less than a         
 threshold.  This threshold is internally calculated.  You can           
 overwrite it by specifying MINREF on the CNVTOL command.  Check         
 results carefully.                                                      
    EQUIL ITER   6 COMPLETED.  NEW TRIANG MATRIX.  MAX DOF INC=  0.1380E-05
     DISP CONVERGENCE VALUE   =  0.1379E-05  CRITERION=  0.2153     <<< CONVERGED
     LINE SEARCH PARAMETER =  0.9995     SCALED MAX DOF INC =  0.1379E-05
     FORCE CONVERGENCE VALUE  =  0.1131E-04  CRITERION=  0.6802E-01 <<< CONVERGED
     MOMENT CONVERGENCE VALUE =  0.2659E-14  CRITERION=  0.3943E-01 <<< CONVERGED
    >>> SOLUTION CONVERGED AFTER EQUILIBRIUM ITERATION   6
 *** LOAD STEP    45   SUBSTEP     1  COMPLETED.    CUM ITER =    486
 *** TIME =   44.5000         TIME INC =  0.500000    
 *** RESPONSE FREQ =  115.9       PERIOD=  0.8627E-02  PTS/CYC = 0.17E-01
 *** AUTO STEP TIME:  NEXT TIME INC = 0.50000      UNCHANGED

     FORCE CONVERGENCE VALUE  =  0.5592E-01  CRITERION=  0.5449E-04
     MOMENT CONVERGENCE VALUE =  0.2604E-15  CRITERION=  0.1890E-02
     DISP CONVERGENCE VALUE   =   16.81      CRITERION=   2.153    
    EQUIL ITER   1 COMPLETED.  NEW TRIANG MATRIX.  MAX DOF INC=  -16.81    
     DISP CONVERGENCE VALUE   =  0.8404      CRITERION=   2.153     <<< CONVERGED
     LINE SEARCH PARAMETER =  0.5000E-01 SCALED MAX DOF INC = -0.8404    
     FORCE CONVERGENCE VALUE  =   3106.      CRITERION=  0.5000E-04
     MOMENT CONVERGENCE VALUE =  0.9630E-12  CRITERION=  0.1703E-02 <<< CONVERGED
    EQUIL ITER   2 COMPLETED.  NEW TRIANG MATRIX.  MAX DOF INC=  -15.85    
     DISP CONVERGENCE VALUE   =   15.85      CRITERION=   2.153    
     LINE SEARCH PARAMETER =   1.000     SCALED MAX DOF INC =  -15.85    
     CONSTRAINT CONDITIONS ARE NOT SATISFIED FOR      2 JOINT ELEMENTS WITH LAG MULT OPTION
     FORCE CONVERGENCE VALUE  =  0.1110E+07  CRITERION=  0.2650    
     MOMENT CONVERGENCE VALUE =  0.1399E-05  CRITERION=   185.8     <<< CONVERGED
    EQUIL ITER   3 COMPLETED.  NEW TRIANG MATRIX.  MAX DOF INC=  0.4067    
     DISP CONVERGENCE VALUE   =  0.4051      CRITERION=   2.153     <<< CONVERGED
     LINE SEARCH PARAMETER =  0.9959     SCALED MAX DOF INC =  0.4051    
     FORCE CONVERGENCE VALUE  =   2144.      CRITERION=  0.7404E-01
     MOMENT CONVERGENCE VALUE =  0.8033E-08  CRITERION=   138.8     <<< CONVERGED
    EQUIL ITER   4 COMPLETED.  NEW TRIANG MATRIX.  MAX DOF INC= -0.7000E-01
     DISP CONVERGENCE VALUE   =  0.6990E-01  CRITERION=   2.153     <<< CONVERGED
     LINE SEARCH PARAMETER =  0.9986     SCALED MAX DOF INC = -0.6990E-01
     FORCE CONVERGENCE VALUE  =   34.88      CRITERION=  0.4892E-02
     MOMENT CONVERGENCE VALUE =  0.5112E-08  CRITERION=  0.1987     <<< CONVERGED
    EQUIL ITER   5 COMPLETED.  NEW TRIANG MATRIX.  MAX DOF INC=  0.1237E-02
     DISP CONVERGENCE VALUE   =  0.1236E-02  CRITERION=  0.2153     <<< CONVERGED
     LINE SEARCH PARAMETER =  0.9990     SCALED MAX DOF INC =  0.1236E-02
     FORCE CONVERGENCE VALUE  =  0.1731E-01  CRITERION=  0.1101E-01
     MOMENT CONVERGENCE VALUE =  0.4893E-11  CRITERION=  0.6384E-02 <<< CONVERGED
    EQUIL ITER   6 COMPLETED.  NEW TRIANG MATRIX.  MAX DOF INC=  0.1284E-05
     DISP CONVERGENCE VALUE   =  0.1284E-05  CRITERION=  0.2153     <<< CONVERGED
     LINE SEARCH PARAMETER =  0.9996     SCALED MAX DOF INC =  0.1284E-05
     FORCE CONVERGENCE VALUE  =  0.1054E-04  CRITERION=  0.6997E-01 <<< CONVERGED
     MOMENT CONVERGENCE VALUE =  0.2177E-14  CRITERION=  0.4056E-01 <<< CONVERGED
    >>> SOLUTION CONVERGED AFTER EQUILIBRIUM ITERATION   6
 *** LOAD STEP    45   SUBSTEP     2  COMPLETED.    CUM ITER =    492
 *** TIME =   45.0000         TIME INC =  0.500000    
 *** RESPONSE FREQ =  116.4       PERIOD=  0.8588E-02  PTS/CYC = 0.17E-01
 ****************************************************
 *************** FINISHED SOLVE FOR LS 45 *************

 FINISH SOLUTION PROCESSING


 ***** ROUTINE COMPLETED *****  ELAPSED TIME =       402.617



 *GET  _WALLASOL  FROM  ACTI  ITEM=TIME WALL  VALUE= 0.111838618    

 PRINTOUT RESUMED BY /GOP

 *** MAPDL - ENGINEERING ANALYSIS SYSTEM  RELEASE 2026 R1          26.1     ***
 Ansys Mechanical Enterprise Academic Student      
 01055371  VERSION=WINDOWS x64   09:10:05  AUG 09, 2026 Elapsed Time=    402.636

 four_bar_mechanism--Transient (B5)                                            



          ***** MAPDL RESULTS INTERPRETATION (POST1) *****

 *** NOTE ***                            ELAPSED TIME =     402.638   TIME= 09:10:05
 Reading results into the database (SET command) will update the current 
 displacement and force boundary conditions in the database with the     
 values from the results file for that load set.  Note that any          
 subsequent solutions will use these values unless action is taken to    
 either SAVE the current values or not overwrite them (/EXIT,NOSAVE).    

 Set Encoding of XML File to:ISO-8859-1

 Set Output of XML File to:
     PARM,     ,     ,     ,     ,     ,     ,     ,     ,     ,     ,     ,
         ,     ,     ,     ,     ,     ,     ,

 DATABASE WRITTEN ON FILE  parm.xml                                                                                                                                                                                                                                                            

 EXIT THE MAPDL POST1 DATABASE PROCESSOR


 ***** ROUTINE COMPLETED *****  ELAPSED TIME =       402.648



 PRINTOUT RESUMED BY /GOP

 *GET  _WALLDONE  FROM  ACTI  ITEM=TIME WALL  VALUE= 0.111846981    

 PARAMETER _PREPTIME =    0.1401561000    

 PARAMETER _SOLVTIME =     396.5228532    

 PARAMETER _POSTTIME =    0.3010740000E-01

 PARAMETER _TOTALTIM =     396.6931167    

 *GET  _DLBRATIO  FROM  ACTI  ITEM=SOLU DLBR  VALUE=  1.00257400    

 *GET  _COMBTIME  FROM  ACTI  ITEM=SOLU COMB  VALUE=  2.43023720    

 *GET  _SSMODE   FROM  ACTI  ITEM=SOLU SSMM  VALUE=  2.00000000    

 *GET  _NDOFS    FROM  ACTI  ITEM=SOLU NDOF  VALUE=  8502.00000    

 *GET  _SOL_END_TIME  FROM  ACTI  ITEM=SET  TIME  VALUE=  45.0000000    

 *IF  _sol_end_time  ( =   45.0000     )  EQ  
      45.000000  ( =   45.0000     )  THEN    

 /FCLEAN COMMAND REMOVING ALL LOCAL FILES

 *ENDIF
 --- Total number of nodes = 2833
 --- Total number of elements = 1560
 --- Element load balance ratio = 1.002574
 --- Time to combine distributed files = 2.4302372
 --- Sparse memory mode = 2
 --- Number of DOF = 8502

 EXIT MAPDL WITHOUT SAVING DATABASE


 NUMBER OF WARNING MESSAGES ENCOUNTERED=         87
 NUMBER OF ERROR   MESSAGES ENCOUNTERED=          0

 *** WARNING ***                         ELAPSED TIME =     423.183   TIME= 09:10:25
 During this session the elapsed time exceeds the CPU time by 37%.  This 
 often indicates either a lack of physical memory (RAM) required to      
 efficiently handle this simulation or a particularly slow hard drive    
 configuration.  This simulation can be expected to run faster on        
 identical hardware if additional RAM or a faster hard drive             
 configuration is made available.  For more details, please see the      
 Mechanical APDL Performance Guide which is part of the Ansys Help       
 system.                                                                 

+--------------------- M A P D L   S T A T I S T I C S ------------------------+

Release: 2026 R1            Build: 26.1       Update: UP20260202   Platform: WINDOWS x64 
Date Run: 08/09/2026   Time: 09:10     Process ID: 10680
Operating System: Windows 10  (Build: 19045)

Processor Model: Intel(R) Core(TM) i3-6100U CPU @ 2.30GHz

Compiler: Intel(R) Fortran Compiler Classic Version 2021.9  (Build: 20230302)
          Intel(R) C/C++ Compiler Classic Version 2021.9  (Build: 20230302)
          Intel(R) oneAPI Math Kernel Library Version 2024.2.3-Product Build 20250403

Number of machines requested            :    1
Total number of cores available         :    4
Number of physical cores available      :    2
Number of processes requested           :    2
Number of threads per process requested :    1
Total number of cores requested         :    2 (Distributed Memory Parallel)               
MPI Type: INTELMPI
MPI Version: Intel(R) MPI Library 2021.16 for Windows* OS


GPU Acceleration: Not Requested

Job Name: file0
Input File: dummy.dat

  Core                Machine Name   Working Directory
 -----------------------------------------------------
     0             DESKTOP-U6BRQ9B   F:\CoME\Forth Semester\Practice FEM\Git_upload\06_Dynamic_Analysis\3_transient_analysis\06_3_ii_four_bar_mechanism\ansys\project_files\_ProjectScratch\Scr451E
     1             DESKTOP-U6BRQ9B   F:\CoME\Forth Semester\Practice FEM\Git_upload\06_Dynamic_Analysis\3_transient_analysis\06_3_ii_four_bar_mechanism\ansys\project_files\_ProjectScratch\Scr451E
 
Latency time from master to core     1 =   20.471 microseconds
 
Communication speed from master to core     1 =  1925.44 MB/sec

Total CPU time for main thread                    :      308.3 seconds
Total CPU time summed for all threads             :      313.7 seconds

Elapsed time spent obtaining a license            :        0.6 seconds
Elapsed time spent pre-processing model (/PREP7)  :        0.1 seconds
Elapsed time spent solution - preprocessing       :        3.9 seconds
Elapsed time spent computing solution             :      387.7 seconds
   Elapsed time in element formation & assembly   :      130.2 seconds
   Elapsed time in equation solver                :      121.7 seconds
   Elapsed time in element result calculations    :       23.3 seconds
Elapsed time spent solution - postprocessing      :        2.4 seconds
Elapsed time spent post-processing model (/POST1) :        0.0 seconds
 
Equation solver used                              :            Sparse (symmetric)
Sparse direct equation solver computational rate  :        4.6 Gflops

Sum of disk space used on all processes           :      123.8 MB

Sum of memory used on all processes               :      107.0 MB
Sum of memory allocated on all processes          :     2496.0 MB
Physical memory available                         :         12 GB
Total amount of I/O written to disk               :        5.5 GB
Total amount of I/O read from disk                :       13.5 GB

+------------------ E N D   M A P D L   S T A T I S T I C S -------------------+


 *-----------------------------------------------------------------------------*
 |                                                                             |
 |                               RUN COMPLETED                                 |
 |                                                                             |
 |-----------------------------------------------------------------------------|
 |                                                                             |
 |  Ansys MAPDL 2026 R1         Build 26.1         UP20260202    WINDOWS x64   |
 |                                                                             |
 |-----------------------------------------------------------------------------|
 |                                                                             |
 |  Database Requested(-db)     1024 MB     Scratch Memory Requested   1024 MB |
 |  Max Database Used(Master)      4 MB     Max Scratch Used(Master)     52 MB |
 |  Max Database Used(Workers)     1 MB     Max Scratch Used(Workers)    50 MB |
 |  Sum Database Used(All)         5 MB     Sum Scratch Used(All)       102 MB |
 |                                                                             |
 |-----------------------------------------------------------------------------|
 |                                                                             |
 |        CP Time      (sec) =        313.656       Time  =  09:10:25          |
 |        Elapsed Time (sec) =        423.183       Date  =  08/09/2026        |
 |                                                                             |
 *-----------------------------------------------------------------------------*
