ISO-10303-21;
HEADER;
/* Generated by software containing ST-Developer
 * from STEP Tools, Inc. (www.steptools.com) 
 */

FILE_DESCRIPTION(
/* description */ (''),
/* implementation_level */ '2;1');

FILE_NAME(
/* name */ '',
/* time_stamp */ '2025-06-07T12:34:20+03:00',
/* author */ (''),
/* organization */ (''),
/* preprocessor_version */ 'ST-DEVELOPER v20.1',
/* originating_system */ 'Autodesk Translation Framework v14.10.0.0',
/* authorisation */ '');

FILE_SCHEMA (('AP203_CONFIGURATION_CONTROLLED_3D_DESIGN_OF_MECHANICAL_PARTS_AND_ASSEMBLIES_MIM_LF { 1 0 10303 203 3 1 4 }',
'AUTOMOTIVE_DESIGN { 1 0 10303 214 3 1 1 }'));
ENDSEC;

DATA;
#10=MECHANICAL_DESIGN_GEOMETRIC_PRESENTATION_REPRESENTATION('',(#13),#2662);
#11=SHAPE_REPRESENTATION_RELATIONSHIP('SRR','None',#2669,#12);
#12=ADVANCED_BREP_SHAPE_REPRESENTATION('',(#14),#2661);
#13=STYLED_ITEM('',(#2679),#14);
#14=MANIFOLD_SOLID_BREP('Body1',#1570);
#15=PLANE('',#1587);
#16=PLANE('',#1591);
#17=PLANE('',#1595);
#18=PLANE('',#1599);
#19=PLANE('',#1603);
#20=PLANE('',#1607);
#21=PLANE('',#1611);
#22=PLANE('',#1615);
#23=PLANE('',#1619);
#24=PLANE('',#1623);
#25=PLANE('',#1627);
#26=PLANE('',#1631);
#27=PLANE('',#1635);
#28=PLANE('',#1639);
#29=PLANE('',#1643);
#30=PLANE('',#1647);
#31=PLANE('',#1651);
#32=PLANE('',#1655);
#33=PLANE('',#1659);
#34=PLANE('',#1660);
#35=PLANE('',#1679);
#36=PLANE('',#1682);
#37=PLANE('',#1685);
#38=PLANE('',#1688);
#39=PLANE('',#1691);
#40=PLANE('',#1694);
#41=PLANE('',#1697);
#42=PLANE('',#1700);
#43=PLANE('',#1703);
#44=PLANE('',#1706);
#45=PLANE('',#1709);
#46=PLANE('',#1712);
#47=PLANE('',#1715);
#48=PLANE('',#1718);
#49=PLANE('',#1721);
#50=PLANE('',#1724);
#51=PLANE('',#1725);
#52=PLANE('',#1726);
#53=PLANE('',#1727);
#54=PLANE('',#1728);
#55=PLANE('',#1729);
#56=PLANE('',#1730);
#57=PLANE('',#1731);
#58=PLANE('',#1732);
#59=FACE_OUTER_BOUND('',#138,.T.);
#60=FACE_OUTER_BOUND('',#139,.T.);
#61=FACE_OUTER_BOUND('',#140,.T.);
#62=FACE_OUTER_BOUND('',#141,.T.);
#63=FACE_OUTER_BOUND('',#142,.T.);
#64=FACE_OUTER_BOUND('',#143,.T.);
#65=FACE_OUTER_BOUND('',#144,.T.);
#66=FACE_OUTER_BOUND('',#145,.T.);
#67=FACE_OUTER_BOUND('',#146,.T.);
#68=FACE_OUTER_BOUND('',#147,.T.);
#69=FACE_OUTER_BOUND('',#148,.T.);
#70=FACE_OUTER_BOUND('',#149,.T.);
#71=FACE_OUTER_BOUND('',#150,.T.);
#72=FACE_OUTER_BOUND('',#151,.T.);
#73=FACE_OUTER_BOUND('',#152,.T.);
#74=FACE_OUTER_BOUND('',#153,.T.);
#75=FACE_OUTER_BOUND('',#154,.T.);
#76=FACE_OUTER_BOUND('',#155,.T.);
#77=FACE_OUTER_BOUND('',#156,.T.);
#78=FACE_OUTER_BOUND('',#157,.T.);
#79=FACE_OUTER_BOUND('',#158,.T.);
#80=FACE_OUTER_BOUND('',#159,.T.);
#81=FACE_OUTER_BOUND('',#160,.T.);
#82=FACE_OUTER_BOUND('',#161,.T.);
#83=FACE_OUTER_BOUND('',#162,.T.);
#84=FACE_OUTER_BOUND('',#163,.T.);
#85=FACE_OUTER_BOUND('',#164,.T.);
#86=FACE_OUTER_BOUND('',#165,.T.);
#87=FACE_OUTER_BOUND('',#166,.T.);
#88=FACE_OUTER_BOUND('',#167,.T.);
#89=FACE_OUTER_BOUND('',#168,.T.);
#90=FACE_OUTER_BOUND('',#169,.T.);
#91=FACE_OUTER_BOUND('',#170,.T.);
#92=FACE_OUTER_BOUND('',#171,.T.);
#93=FACE_OUTER_BOUND('',#172,.T.);
#94=FACE_OUTER_BOUND('',#173,.T.);
#95=FACE_OUTER_BOUND('',#174,.T.);
#96=FACE_OUTER_BOUND('',#175,.T.);
#97=FACE_OUTER_BOUND('',#176,.T.);
#98=FACE_OUTER_BOUND('',#177,.T.);
#99=FACE_OUTER_BOUND('',#178,.T.);
#100=FACE_OUTER_BOUND('',#179,.T.);
#101=FACE_OUTER_BOUND('',#180,.T.);
#102=FACE_OUTER_BOUND('',#181,.T.);
#103=FACE_OUTER_BOUND('',#182,.T.);
#104=FACE_OUTER_BOUND('',#183,.T.);
#105=FACE_OUTER_BOUND('',#184,.T.);
#106=FACE_OUTER_BOUND('',#185,.T.);
#107=FACE_OUTER_BOUND('',#186,.T.);
#108=FACE_OUTER_BOUND('',#187,.T.);
#109=FACE_OUTER_BOUND('',#188,.T.);
#110=FACE_OUTER_BOUND('',#189,.T.);
#111=FACE_OUTER_BOUND('',#190,.T.);
#112=FACE_OUTER_BOUND('',#191,.T.);
#113=FACE_OUTER_BOUND('',#192,.T.);
#114=FACE_OUTER_BOUND('',#193,.T.);
#115=FACE_OUTER_BOUND('',#194,.T.);
#116=FACE_OUTER_BOUND('',#195,.T.);
#117=FACE_OUTER_BOUND('',#196,.T.);
#118=FACE_OUTER_BOUND('',#197,.T.);
#119=FACE_OUTER_BOUND('',#198,.T.);
#120=FACE_OUTER_BOUND('',#199,.T.);
#121=FACE_OUTER_BOUND('',#200,.T.);
#122=FACE_OUTER_BOUND('',#201,.T.);
#123=FACE_OUTER_BOUND('',#202,.T.);
#124=FACE_OUTER_BOUND('',#203,.T.);
#125=FACE_OUTER_BOUND('',#204,.T.);
#126=FACE_OUTER_BOUND('',#205,.T.);
#127=FACE_OUTER_BOUND('',#206,.T.);
#128=FACE_OUTER_BOUND('',#207,.T.);
#129=FACE_OUTER_BOUND('',#208,.T.);
#130=FACE_OUTER_BOUND('',#209,.T.);
#131=FACE_OUTER_BOUND('',#210,.T.);
#132=FACE_OUTER_BOUND('',#211,.T.);
#133=FACE_OUTER_BOUND('',#212,.T.);
#134=FACE_OUTER_BOUND('',#213,.T.);
#135=FACE_OUTER_BOUND('',#214,.T.);
#136=FACE_OUTER_BOUND('',#215,.T.);
#137=FACE_OUTER_BOUND('',#216,.T.);
#138=EDGE_LOOP('',(#994,#995,#996,#997));
#139=EDGE_LOOP('',(#998,#999,#1000,#1001));
#140=EDGE_LOOP('',(#1002,#1003,#1004,#1005));
#141=EDGE_LOOP('',(#1006,#1007,#1008,#1009));
#142=EDGE_LOOP('',(#1010,#1011,#1012,#1013));
#143=EDGE_LOOP('',(#1014,#1015,#1016,#1017));
#144=EDGE_LOOP('',(#1018,#1019,#1020,#1021));
#145=EDGE_LOOP('',(#1022,#1023,#1024,#1025));
#146=EDGE_LOOP('',(#1026,#1027,#1028,#1029));
#147=EDGE_LOOP('',(#1030,#1031,#1032,#1033));
#148=EDGE_LOOP('',(#1034,#1035,#1036,#1037));
#149=EDGE_LOOP('',(#1038,#1039,#1040,#1041));
#150=EDGE_LOOP('',(#1042,#1043,#1044,#1045));
#151=EDGE_LOOP('',(#1046,#1047,#1048,#1049));
#152=EDGE_LOOP('',(#1050,#1051,#1052,#1053));
#153=EDGE_LOOP('',(#1054,#1055,#1056,#1057));
#154=EDGE_LOOP('',(#1058,#1059,#1060,#1061));
#155=EDGE_LOOP('',(#1062,#1063,#1064,#1065));
#156=EDGE_LOOP('',(#1066,#1067,#1068,#1069));
#157=EDGE_LOOP('',(#1070,#1071,#1072,#1073));
#158=EDGE_LOOP('',(#1074,#1075,#1076,#1077));
#159=EDGE_LOOP('',(#1078,#1079,#1080,#1081));
#160=EDGE_LOOP('',(#1082,#1083,#1084,#1085));
#161=EDGE_LOOP('',(#1086,#1087,#1088,#1089));
#162=EDGE_LOOP('',(#1090,#1091,#1092,#1093));
#163=EDGE_LOOP('',(#1094,#1095,#1096,#1097));
#164=EDGE_LOOP('',(#1098,#1099,#1100,#1101));
#165=EDGE_LOOP('',(#1102,#1103,#1104,#1105));
#166=EDGE_LOOP('',(#1106,#1107,#1108,#1109));
#167=EDGE_LOOP('',(#1110,#1111,#1112,#1113));
#168=EDGE_LOOP('',(#1114,#1115,#1116,#1117));
#169=EDGE_LOOP('',(#1118,#1119,#1120,#1121));
#170=EDGE_LOOP('',(#1122,#1123,#1124,#1125));
#171=EDGE_LOOP('',(#1126,#1127,#1128,#1129));
#172=EDGE_LOOP('',(#1130,#1131,#1132,#1133));
#173=EDGE_LOOP('',(#1134,#1135,#1136,#1137));
#174=EDGE_LOOP('',(#1138,#1139,#1140,#1141));
#175=EDGE_LOOP('',(#1142,#1143,#1144,#1145));
#176=EDGE_LOOP('',(#1146,#1147,#1148,#1149,#1150,#1151,#1152,#1153,#1154,
#1155,#1156,#1157,#1158,#1159,#1160,#1161,#1162,#1163,#1164,#1165,#1166,
#1167,#1168,#1169,#1170,#1171,#1172,#1173,#1174,#1175,#1176,#1177,#1178,
#1179,#1180,#1181,#1182,#1183,#1184,#1185,#1186,#1187,#1188,#1189,#1190,
#1191,#1192,#1193,#1194,#1195,#1196,#1197,#1198,#1199,#1200,#1201,#1202,
#1203,#1204,#1205,#1206,#1207,#1208,#1209,#1210,#1211,#1212,#1213,#1214,
#1215,#1216,#1217,#1218,#1219,#1220,#1221,#1222));
#177=EDGE_LOOP('',(#1223,#1224,#1225,#1226));
#178=EDGE_LOOP('',(#1227,#1228,#1229,#1230));
#179=EDGE_LOOP('',(#1231,#1232,#1233,#1234));
#180=EDGE_LOOP('',(#1235,#1236,#1237,#1238));
#181=EDGE_LOOP('',(#1239,#1240,#1241,#1242));
#182=EDGE_LOOP('',(#1243,#1244,#1245,#1246));
#183=EDGE_LOOP('',(#1247,#1248,#1249,#1250));
#184=EDGE_LOOP('',(#1251,#1252,#1253,#1254));
#185=EDGE_LOOP('',(#1255,#1256,#1257,#1258));
#186=EDGE_LOOP('',(#1259,#1260,#1261,#1262));
#187=EDGE_LOOP('',(#1263,#1264,#1265,#1266));
#188=EDGE_LOOP('',(#1267,#1268,#1269,#1270));
#189=EDGE_LOOP('',(#1271,#1272,#1273,#1274));
#190=EDGE_LOOP('',(#1275,#1276,#1277,#1278));
#191=EDGE_LOOP('',(#1279,#1280,#1281,#1282));
#192=EDGE_LOOP('',(#1283,#1284,#1285,#1286));
#193=EDGE_LOOP('',(#1287,#1288,#1289,#1290));
#194=EDGE_LOOP('',(#1291,#1292,#1293,#1294));
#195=EDGE_LOOP('',(#1295,#1296,#1297,#1298));
#196=EDGE_LOOP('',(#1299,#1300,#1301,#1302));
#197=EDGE_LOOP('',(#1303,#1304,#1305,#1306));
#198=EDGE_LOOP('',(#1307,#1308,#1309,#1310));
#199=EDGE_LOOP('',(#1311,#1312,#1313,#1314));
#200=EDGE_LOOP('',(#1315,#1316,#1317,#1318));
#201=EDGE_LOOP('',(#1319,#1320,#1321,#1322));
#202=EDGE_LOOP('',(#1323,#1324,#1325,#1326));
#203=EDGE_LOOP('',(#1327,#1328,#1329,#1330));
#204=EDGE_LOOP('',(#1331,#1332,#1333,#1334));
#205=EDGE_LOOP('',(#1335,#1336,#1337,#1338));
#206=EDGE_LOOP('',(#1339,#1340,#1341,#1342));
#207=EDGE_LOOP('',(#1343,#1344,#1345,#1346));
#208=EDGE_LOOP('',(#1347,#1348,#1349,#1350));
#209=EDGE_LOOP('',(#1351,#1352,#1353,#1354));
#210=EDGE_LOOP('',(#1355,#1356,#1357,#1358));
#211=EDGE_LOOP('',(#1359,#1360,#1361,#1362));
#212=EDGE_LOOP('',(#1363,#1364,#1365,#1366));
#213=EDGE_LOOP('',(#1367,#1368,#1369,#1370));
#214=EDGE_LOOP('',(#1371,#1372,#1373,#1374));
#215=EDGE_LOOP('',(#1375,#1376,#1377,#1378));
#216=EDGE_LOOP('',(#1379,#1380,#1381,#1382,#1383,#1384,#1385,#1386,#1387,
#1388,#1389,#1390,#1391,#1392,#1393,#1394,#1395,#1396,#1397,#1398,#1399,
#1400,#1401,#1402,#1403,#1404,#1405,#1406,#1407,#1408,#1409,#1410,#1411,
#1412,#1413,#1414,#1415,#1416,#1417,#1418,#1419,#1420,#1421,#1422,#1423,
#1424,#1425,#1426,#1427,#1428,#1429,#1430,#1431,#1432,#1433,#1434,#1435,
#1436,#1437,#1438,#1439,#1440,#1441,#1442,#1443,#1444,#1445,#1446,#1447,
#1448,#1449,#1450,#1451,#1452,#1453,#1454,#1455));
#217=LINE('',#2200,#378);
#218=LINE('',#2203,#379);
#219=LINE('',#2206,#380);
#220=LINE('',#2208,#381);
#221=LINE('',#2209,#382);
#222=LINE('',#2215,#383);
#223=LINE('',#2218,#384);
#224=LINE('',#2221,#385);
#225=LINE('',#2223,#386);
#226=LINE('',#2224,#387);
#227=LINE('',#2230,#388);
#228=LINE('',#2233,#389);
#229=LINE('',#2236,#390);
#230=LINE('',#2238,#391);
#231=LINE('',#2239,#392);
#232=LINE('',#2245,#393);
#233=LINE('',#2248,#394);
#234=LINE('',#2251,#395);
#235=LINE('',#2253,#396);
#236=LINE('',#2254,#397);
#237=LINE('',#2260,#398);
#238=LINE('',#2263,#399);
#239=LINE('',#2266,#400);
#240=LINE('',#2268,#401);
#241=LINE('',#2269,#402);
#242=LINE('',#2275,#403);
#243=LINE('',#2278,#404);
#244=LINE('',#2281,#405);
#245=LINE('',#2283,#406);
#246=LINE('',#2284,#407);
#247=LINE('',#2290,#408);
#248=LINE('',#2293,#409);
#249=LINE('',#2296,#410);
#250=LINE('',#2298,#411);
#251=LINE('',#2299,#412);
#252=LINE('',#2305,#413);
#253=LINE('',#2308,#414);
#254=LINE('',#2311,#415);
#255=LINE('',#2313,#416);
#256=LINE('',#2314,#417);
#257=LINE('',#2320,#418);
#258=LINE('',#2323,#419);
#259=LINE('',#2326,#420);
#260=LINE('',#2328,#421);
#261=LINE('',#2329,#422);
#262=LINE('',#2335,#423);
#263=LINE('',#2338,#424);
#264=LINE('',#2341,#425);
#265=LINE('',#2343,#426);
#266=LINE('',#2344,#427);
#267=LINE('',#2350,#428);
#268=LINE('',#2353,#429);
#269=LINE('',#2356,#430);
#270=LINE('',#2358,#431);
#271=LINE('',#2359,#432);
#272=LINE('',#2365,#433);
#273=LINE('',#2368,#434);
#274=LINE('',#2371,#435);
#275=LINE('',#2373,#436);
#276=LINE('',#2374,#437);
#277=LINE('',#2380,#438);
#278=LINE('',#2383,#439);
#279=LINE('',#2386,#440);
#280=LINE('',#2388,#441);
#281=LINE('',#2389,#442);
#282=LINE('',#2395,#443);
#283=LINE('',#2398,#444);
#284=LINE('',#2401,#445);
#285=LINE('',#2403,#446);
#286=LINE('',#2404,#447);
#287=LINE('',#2410,#448);
#288=LINE('',#2413,#449);
#289=LINE('',#2416,#450);
#290=LINE('',#2418,#451);
#291=LINE('',#2419,#452);
#292=LINE('',#2425,#453);
#293=LINE('',#2428,#454);
#294=LINE('',#2431,#455);
#295=LINE('',#2433,#456);
#296=LINE('',#2434,#457);
#297=LINE('',#2440,#458);
#298=LINE('',#2443,#459);
#299=LINE('',#2446,#460);
#300=LINE('',#2448,#461);
#301=LINE('',#2449,#462);
#302=LINE('',#2455,#463);
#303=LINE('',#2458,#464);
#304=LINE('',#2461,#465);
#305=LINE('',#2463,#466);
#306=LINE('',#2464,#467);
#307=LINE('',#2469,#468);
#308=LINE('',#2472,#469);
#309=LINE('',#2473,#470);
#310=LINE('',#2476,#471);
#311=LINE('',#2479,#472);
#312=LINE('',#2482,#473);
#313=LINE('',#2485,#474);
#314=LINE('',#2488,#475);
#315=LINE('',#2491,#476);
#316=LINE('',#2494,#477);
#317=LINE('',#2497,#478);
#318=LINE('',#2500,#479);
#319=LINE('',#2503,#480);
#320=LINE('',#2506,#481);
#321=LINE('',#2509,#482);
#322=LINE('',#2511,#483);
#323=LINE('',#2513,#484);
#324=LINE('',#2516,#485);
#325=LINE('',#2519,#486);
#326=LINE('',#2522,#487);
#327=LINE('',#2526,#488);
#328=LINE('',#2528,#489);
#329=LINE('',#2530,#490);
#330=LINE('',#2532,#491);
#331=LINE('',#2534,#492);
#332=LINE('',#2535,#493);
#333=LINE('',#2539,#494);
#334=LINE('',#2541,#495);
#335=LINE('',#2545,#496);
#336=LINE('',#2547,#497);
#337=LINE('',#2551,#498);
#338=LINE('',#2553,#499);
#339=LINE('',#2557,#500);
#340=LINE('',#2559,#501);
#341=LINE('',#2563,#502);
#342=LINE('',#2565,#503);
#343=LINE('',#2569,#504);
#344=LINE('',#2571,#505);
#345=LINE('',#2575,#506);
#346=LINE('',#2577,#507);
#347=LINE('',#2581,#508);
#348=LINE('',#2583,#509);
#349=LINE('',#2587,#510);
#350=LINE('',#2589,#511);
#351=LINE('',#2593,#512);
#352=LINE('',#2595,#513);
#353=LINE('',#2599,#514);
#354=LINE('',#2601,#515);
#355=LINE('',#2605,#516);
#356=LINE('',#2607,#517);
#357=LINE('',#2611,#518);
#358=LINE('',#2613,#519);
#359=LINE('',#2617,#520);
#360=LINE('',#2619,#521);
#361=LINE('',#2623,#522);
#362=LINE('',#2625,#523);
#363=LINE('',#2630,#524);
#364=LINE('',#2631,#525);
#365=LINE('',#2633,#526);
#366=LINE('',#2635,#527);
#367=LINE('',#2638,#528);
#368=LINE('',#2639,#529);
#369=LINE('',#2642,#530);
#370=LINE('',#2643,#531);
#371=LINE('',#2646,#532);
#372=LINE('',#2647,#533);
#373=LINE('',#2650,#534);
#374=LINE('',#2651,#535);
#375=LINE('',#2654,#536);
#376=LINE('',#2655,#537);
#377=LINE('',#2657,#538);
#378=VECTOR('',#1739,10.);
#379=VECTOR('',#1742,10.);
#380=VECTOR('',#1745,10.);
#381=VECTOR('',#1746,10.);
#382=VECTOR('',#1747,10.);
#383=VECTOR('',#1752,10.);
#384=VECTOR('',#1755,10.);
#385=VECTOR('',#1758,10.);
#386=VECTOR('',#1759,10.);
#387=VECTOR('',#1760,10.);
#388=VECTOR('',#1765,10.);
#389=VECTOR('',#1768,10.);
#390=VECTOR('',#1771,10.);
#391=VECTOR('',#1772,10.);
#392=VECTOR('',#1773,10.);
#393=VECTOR('',#1778,10.);
#394=VECTOR('',#1781,10.);
#395=VECTOR('',#1784,10.);
#396=VECTOR('',#1785,10.);
#397=VECTOR('',#1786,10.);
#398=VECTOR('',#1791,10.);
#399=VECTOR('',#1794,10.);
#400=VECTOR('',#1797,10.);
#401=VECTOR('',#1798,10.);
#402=VECTOR('',#1799,10.);
#403=VECTOR('',#1804,10.);
#404=VECTOR('',#1807,10.);
#405=VECTOR('',#1810,10.);
#406=VECTOR('',#1811,10.);
#407=VECTOR('',#1812,10.);
#408=VECTOR('',#1817,10.);
#409=VECTOR('',#1820,10.);
#410=VECTOR('',#1823,10.);
#411=VECTOR('',#1824,10.);
#412=VECTOR('',#1825,10.);
#413=VECTOR('',#1830,10.);
#414=VECTOR('',#1833,10.);
#415=VECTOR('',#1836,10.);
#416=VECTOR('',#1837,10.);
#417=VECTOR('',#1838,10.);
#418=VECTOR('',#1843,10.);
#419=VECTOR('',#1846,10.);
#420=VECTOR('',#1849,10.);
#421=VECTOR('',#1850,10.);
#422=VECTOR('',#1851,10.);
#423=VECTOR('',#1856,10.);
#424=VECTOR('',#1859,10.);
#425=VECTOR('',#1862,10.);
#426=VECTOR('',#1863,10.);
#427=VECTOR('',#1864,10.);
#428=VECTOR('',#1869,10.);
#429=VECTOR('',#1872,10.);
#430=VECTOR('',#1875,10.);
#431=VECTOR('',#1876,10.);
#432=VECTOR('',#1877,10.);
#433=VECTOR('',#1882,10.);
#434=VECTOR('',#1885,10.);
#435=VECTOR('',#1888,10.);
#436=VECTOR('',#1889,10.);
#437=VECTOR('',#1890,10.);
#438=VECTOR('',#1895,10.);
#439=VECTOR('',#1898,10.);
#440=VECTOR('',#1901,10.);
#441=VECTOR('',#1902,10.);
#442=VECTOR('',#1903,10.);
#443=VECTOR('',#1908,10.);
#444=VECTOR('',#1911,10.);
#445=VECTOR('',#1914,10.);
#446=VECTOR('',#1915,10.);
#447=VECTOR('',#1916,10.);
#448=VECTOR('',#1921,10.);
#449=VECTOR('',#1924,10.);
#450=VECTOR('',#1927,10.);
#451=VECTOR('',#1928,10.);
#452=VECTOR('',#1929,10.);
#453=VECTOR('',#1934,10.);
#454=VECTOR('',#1937,10.);
#455=VECTOR('',#1940,10.);
#456=VECTOR('',#1941,10.);
#457=VECTOR('',#1942,10.);
#458=VECTOR('',#1947,10.);
#459=VECTOR('',#1950,10.);
#460=VECTOR('',#1953,10.);
#461=VECTOR('',#1954,10.);
#462=VECTOR('',#1955,10.);
#463=VECTOR('',#1960,10.);
#464=VECTOR('',#1963,10.);
#465=VECTOR('',#1966,10.);
#466=VECTOR('',#1967,10.);
#467=VECTOR('',#1968,10.);
#468=VECTOR('',#1973,10.);
#469=VECTOR('',#1978,10.);
#470=VECTOR('',#1979,10.);
#471=VECTOR('',#1982,10.);
#472=VECTOR('',#1985,10.);
#473=VECTOR('',#1988,10.);
#474=VECTOR('',#1991,10.);
#475=VECTOR('',#1994,10.);
#476=VECTOR('',#1997,10.);
#477=VECTOR('',#2000,10.);
#478=VECTOR('',#2003,10.);
#479=VECTOR('',#2006,10.);
#480=VECTOR('',#2009,10.);
#481=VECTOR('',#2012,10.);
#482=VECTOR('',#2015,10.);
#483=VECTOR('',#2018,10.);
#484=VECTOR('',#2019,10.);
#485=VECTOR('',#2022,10.);
#486=VECTOR('',#2025,10.);
#487=VECTOR('',#2028,10.);
#488=VECTOR('',#2031,10.);
#489=VECTOR('',#2032,10.);
#490=VECTOR('',#2033,10.);
#491=VECTOR('',#2034,10.);
#492=VECTOR('',#2035,10.);
#493=VECTOR('',#2036,10.);
#494=VECTOR('',#2041,10.);
#495=VECTOR('',#2044,10.);
#496=VECTOR('',#2049,10.);
#497=VECTOR('',#2052,10.);
#498=VECTOR('',#2057,10.);
#499=VECTOR('',#2060,10.);
#500=VECTOR('',#2065,10.);
#501=VECTOR('',#2068,10.);
#502=VECTOR('',#2073,10.);
#503=VECTOR('',#2076,10.);
#504=VECTOR('',#2081,10.);
#505=VECTOR('',#2084,10.);
#506=VECTOR('',#2089,10.);
#507=VECTOR('',#2092,10.);
#508=VECTOR('',#2097,10.);
#509=VECTOR('',#2100,10.);
#510=VECTOR('',#2105,10.);
#511=VECTOR('',#2108,10.);
#512=VECTOR('',#2113,10.);
#513=VECTOR('',#2116,10.);
#514=VECTOR('',#2121,10.);
#515=VECTOR('',#2124,10.);
#516=VECTOR('',#2129,10.);
#517=VECTOR('',#2132,10.);
#518=VECTOR('',#2137,10.);
#519=VECTOR('',#2140,10.);
#520=VECTOR('',#2145,10.);
#521=VECTOR('',#2148,10.);
#522=VECTOR('',#2153,10.);
#523=VECTOR('',#2156,10.);
#524=VECTOR('',#2161,10.);
#525=VECTOR('',#2162,10.);
#526=VECTOR('',#2165,10.);
#527=VECTOR('',#2168,10.);
#528=VECTOR('',#2171,10.);
#529=VECTOR('',#2172,10.);
#530=VECTOR('',#2175,10.);
#531=VECTOR('',#2176,10.);
#532=VECTOR('',#2179,10.);
#533=VECTOR('',#2180,10.);
#534=VECTOR('',#2183,10.);
#535=VECTOR('',#2184,10.);
#536=VECTOR('',#2187,10.);
#537=VECTOR('',#2188,10.);
#538=VECTOR('',#2191,10.);
#539=CIRCLE('',#1585,10.);
#540=CIRCLE('',#1586,10.);
#541=CIRCLE('',#1589,10.);
#542=CIRCLE('',#1590,10.);
#543=CIRCLE('',#1593,10.);
#544=CIRCLE('',#1594,10.);
#545=CIRCLE('',#1597,10.);
#546=CIRCLE('',#1598,10.);
#547=CIRCLE('',#1601,10.);
#548=CIRCLE('',#1602,10.);
#549=CIRCLE('',#1605,10.);
#550=CIRCLE('',#1606,10.);
#551=CIRCLE('',#1609,10.);
#552=CIRCLE('',#1610,10.);
#553=CIRCLE('',#1613,10.);
#554=CIRCLE('',#1614,10.);
#555=CIRCLE('',#1617,10.);
#556=CIRCLE('',#1618,10.);
#557=CIRCLE('',#1621,10.);
#558=CIRCLE('',#1622,10.);
#559=CIRCLE('',#1625,10.);
#560=CIRCLE('',#1626,10.);
#561=CIRCLE('',#1629,10.);
#562=CIRCLE('',#1630,10.);
#563=CIRCLE('',#1633,10.);
#564=CIRCLE('',#1634,10.);
#565=CIRCLE('',#1637,10.);
#566=CIRCLE('',#1638,10.);
#567=CIRCLE('',#1641,10.);
#568=CIRCLE('',#1642,10.);
#569=CIRCLE('',#1645,10.);
#570=CIRCLE('',#1646,10.);
#571=CIRCLE('',#1649,10.);
#572=CIRCLE('',#1650,10.);
#573=CIRCLE('',#1653,10.);
#574=CIRCLE('',#1654,10.);
#575=CIRCLE('',#1657,20.);
#576=CIRCLE('',#1658,20.);
#577=CIRCLE('',#1661,20.);
#578=CIRCLE('',#1662,20.);
#579=CIRCLE('',#1663,20.);
#580=CIRCLE('',#1664,20.);
#581=CIRCLE('',#1665,20.);
#582=CIRCLE('',#1666,20.);
#583=CIRCLE('',#1667,20.);
#584=CIRCLE('',#1668,20.);
#585=CIRCLE('',#1669,20.);
#586=CIRCLE('',#1670,20.);
#587=CIRCLE('',#1671,20.);
#588=CIRCLE('',#1672,20.);
#589=CIRCLE('',#1673,20.);
#590=CIRCLE('',#1674,20.);
#591=CIRCLE('',#1675,20.);
#592=CIRCLE('',#1676,20.);
#593=CIRCLE('',#1678,20.);
#594=CIRCLE('',#1681,20.);
#595=CIRCLE('',#1684,20.);
#596=CIRCLE('',#1687,20.);
#597=CIRCLE('',#1690,20.);
#598=CIRCLE('',#1693,20.);
#599=CIRCLE('',#1696,20.);
#600=CIRCLE('',#1699,20.);
#601=CIRCLE('',#1702,20.);
#602=CIRCLE('',#1705,20.);
#603=CIRCLE('',#1708,20.);
#604=CIRCLE('',#1711,20.);
#605=CIRCLE('',#1714,20.);
#606=CIRCLE('',#1717,20.);
#607=CIRCLE('',#1720,20.);
#608=CIRCLE('',#1723,20.);
#609=VERTEX_POINT('',#2196);
#610=VERTEX_POINT('',#2197);
#611=VERTEX_POINT('',#2199);
#612=VERTEX_POINT('',#2201);
#613=VERTEX_POINT('',#2205);
#614=VERTEX_POINT('',#2207);
#615=VERTEX_POINT('',#2211);
#616=VERTEX_POINT('',#2212);
#617=VERTEX_POINT('',#2214);
#618=VERTEX_POINT('',#2216);
#619=VERTEX_POINT('',#2220);
#620=VERTEX_POINT('',#2222);
#621=VERTEX_POINT('',#2226);
#622=VERTEX_POINT('',#2227);
#623=VERTEX_POINT('',#2229);
#624=VERTEX_POINT('',#2231);
#625=VERTEX_POINT('',#2235);
#626=VERTEX_POINT('',#2237);
#627=VERTEX_POINT('',#2241);
#628=VERTEX_POINT('',#2242);
#629=VERTEX_POINT('',#2244);
#630=VERTEX_POINT('',#2246);
#631=VERTEX_POINT('',#2250);
#632=VERTEX_POINT('',#2252);
#633=VERTEX_POINT('',#2256);
#634=VERTEX_POINT('',#2257);
#635=VERTEX_POINT('',#2259);
#636=VERTEX_POINT('',#2261);
#637=VERTEX_POINT('',#2265);
#638=VERTEX_POINT('',#2267);
#639=VERTEX_POINT('',#2271);
#640=VERTEX_POINT('',#2272);
#641=VERTEX_POINT('',#2274);
#642=VERTEX_POINT('',#2276);
#643=VERTEX_POINT('',#2280);
#644=VERTEX_POINT('',#2282);
#645=VERTEX_POINT('',#2286);
#646=VERTEX_POINT('',#2287);
#647=VERTEX_POINT('',#2289);
#648=VERTEX_POINT('',#2291);
#649=VERTEX_POINT('',#2295);
#650=VERTEX_POINT('',#2297);
#651=VERTEX_POINT('',#2301);
#652=VERTEX_POINT('',#2302);
#653=VERTEX_POINT('',#2304);
#654=VERTEX_POINT('',#2306);
#655=VERTEX_POINT('',#2310);
#656=VERTEX_POINT('',#2312);
#657=VERTEX_POINT('',#2316);
#658=VERTEX_POINT('',#2317);
#659=VERTEX_POINT('',#2319);
#660=VERTEX_POINT('',#2321);
#661=VERTEX_POINT('',#2325);
#662=VERTEX_POINT('',#2327);
#663=VERTEX_POINT('',#2331);
#664=VERTEX_POINT('',#2332);
#665=VERTEX_POINT('',#2334);
#666=VERTEX_POINT('',#2336);
#667=VERTEX_POINT('',#2340);
#668=VERTEX_POINT('',#2342);
#669=VERTEX_POINT('',#2346);
#670=VERTEX_POINT('',#2347);
#671=VERTEX_POINT('',#2349);
#672=VERTEX_POINT('',#2351);
#673=VERTEX_POINT('',#2355);
#674=VERTEX_POINT('',#2357);
#675=VERTEX_POINT('',#2361);
#676=VERTEX_POINT('',#2362);
#677=VERTEX_POINT('',#2364);
#678=VERTEX_POINT('',#2366);
#679=VERTEX_POINT('',#2370);
#680=VERTEX_POINT('',#2372);
#681=VERTEX_POINT('',#2376);
#682=VERTEX_POINT('',#2377);
#683=VERTEX_POINT('',#2379);
#684=VERTEX_POINT('',#2381);
#685=VERTEX_POINT('',#2385);
#686=VERTEX_POINT('',#2387);
#687=VERTEX_POINT('',#2391);
#688=VERTEX_POINT('',#2392);
#689=VERTEX_POINT('',#2394);
#690=VERTEX_POINT('',#2396);
#691=VERTEX_POINT('',#2400);
#692=VERTEX_POINT('',#2402);
#693=VERTEX_POINT('',#2406);
#694=VERTEX_POINT('',#2407);
#695=VERTEX_POINT('',#2409);
#696=VERTEX_POINT('',#2411);
#697=VERTEX_POINT('',#2415);
#698=VERTEX_POINT('',#2417);
#699=VERTEX_POINT('',#2421);
#700=VERTEX_POINT('',#2422);
#701=VERTEX_POINT('',#2424);
#702=VERTEX_POINT('',#2426);
#703=VERTEX_POINT('',#2430);
#704=VERTEX_POINT('',#2432);
#705=VERTEX_POINT('',#2436);
#706=VERTEX_POINT('',#2437);
#707=VERTEX_POINT('',#2439);
#708=VERTEX_POINT('',#2441);
#709=VERTEX_POINT('',#2445);
#710=VERTEX_POINT('',#2447);
#711=VERTEX_POINT('',#2451);
#712=VERTEX_POINT('',#2452);
#713=VERTEX_POINT('',#2454);
#714=VERTEX_POINT('',#2456);
#715=VERTEX_POINT('',#2460);
#716=VERTEX_POINT('',#2462);
#717=VERTEX_POINT('',#2466);
#718=VERTEX_POINT('',#2468);
#719=VERTEX_POINT('',#2475);
#720=VERTEX_POINT('',#2478);
#721=VERTEX_POINT('',#2481);
#722=VERTEX_POINT('',#2484);
#723=VERTEX_POINT('',#2487);
#724=VERTEX_POINT('',#2490);
#725=VERTEX_POINT('',#2493);
#726=VERTEX_POINT('',#2496);
#727=VERTEX_POINT('',#2499);
#728=VERTEX_POINT('',#2502);
#729=VERTEX_POINT('',#2505);
#730=VERTEX_POINT('',#2508);
#731=VERTEX_POINT('',#2512);
#732=VERTEX_POINT('',#2515);
#733=VERTEX_POINT('',#2518);
#734=VERTEX_POINT('',#2521);
#735=VERTEX_POINT('',#2523);
#736=VERTEX_POINT('',#2525);
#737=VERTEX_POINT('',#2527);
#738=VERTEX_POINT('',#2529);
#739=VERTEX_POINT('',#2531);
#740=VERTEX_POINT('',#2533);
#741=VERTEX_POINT('',#2537);
#742=VERTEX_POINT('',#2543);
#743=VERTEX_POINT('',#2549);
#744=VERTEX_POINT('',#2555);
#745=VERTEX_POINT('',#2561);
#746=VERTEX_POINT('',#2567);
#747=VERTEX_POINT('',#2573);
#748=VERTEX_POINT('',#2579);
#749=VERTEX_POINT('',#2585);
#750=VERTEX_POINT('',#2591);
#751=VERTEX_POINT('',#2597);
#752=VERTEX_POINT('',#2603);
#753=VERTEX_POINT('',#2609);
#754=VERTEX_POINT('',#2615);
#755=VERTEX_POINT('',#2621);
#756=VERTEX_POINT('',#2627);
#757=VERTEX_POINT('',#2628);
#758=VERTEX_POINT('',#2637);
#759=VERTEX_POINT('',#2641);
#760=VERTEX_POINT('',#2645);
#761=VERTEX_POINT('',#2649);
#762=VERTEX_POINT('',#2653);
#763=EDGE_CURVE('',#609,#610,#539,.T.);
#764=EDGE_CURVE('',#610,#611,#217,.T.);
#765=EDGE_CURVE('',#611,#612,#540,.T.);
#766=EDGE_CURVE('',#612,#609,#218,.T.);
#767=EDGE_CURVE('',#613,#610,#219,.T.);
#768=EDGE_CURVE('',#614,#613,#220,.T.);
#769=EDGE_CURVE('',#611,#614,#221,.T.);
#770=EDGE_CURVE('',#615,#616,#541,.T.);
#771=EDGE_CURVE('',#616,#617,#222,.T.);
#772=EDGE_CURVE('',#617,#618,#542,.T.);
#773=EDGE_CURVE('',#618,#615,#223,.T.);
#774=EDGE_CURVE('',#619,#616,#224,.T.);
#775=EDGE_CURVE('',#620,#619,#225,.T.);
#776=EDGE_CURVE('',#617,#620,#226,.T.);
#777=EDGE_CURVE('',#621,#622,#543,.T.);
#778=EDGE_CURVE('',#622,#623,#227,.T.);
#779=EDGE_CURVE('',#623,#624,#544,.T.);
#780=EDGE_CURVE('',#624,#621,#228,.T.);
#781=EDGE_CURVE('',#625,#622,#229,.T.);
#782=EDGE_CURVE('',#626,#625,#230,.T.);
#783=EDGE_CURVE('',#623,#626,#231,.T.);
#784=EDGE_CURVE('',#627,#628,#545,.T.);
#785=EDGE_CURVE('',#628,#629,#232,.T.);
#786=EDGE_CURVE('',#629,#630,#546,.T.);
#787=EDGE_CURVE('',#630,#627,#233,.T.);
#788=EDGE_CURVE('',#631,#628,#234,.T.);
#789=EDGE_CURVE('',#631,#632,#235,.T.);
#790=EDGE_CURVE('',#629,#632,#236,.T.);
#791=EDGE_CURVE('',#633,#634,#547,.T.);
#792=EDGE_CURVE('',#634,#635,#237,.T.);
#793=EDGE_CURVE('',#635,#636,#548,.T.);
#794=EDGE_CURVE('',#636,#633,#238,.T.);
#795=EDGE_CURVE('',#637,#634,#239,.T.);
#796=EDGE_CURVE('',#638,#637,#240,.T.);
#797=EDGE_CURVE('',#635,#638,#241,.T.);
#798=EDGE_CURVE('',#639,#640,#549,.T.);
#799=EDGE_CURVE('',#640,#641,#242,.T.);
#800=EDGE_CURVE('',#641,#642,#550,.T.);
#801=EDGE_CURVE('',#642,#639,#243,.T.);
#802=EDGE_CURVE('',#643,#640,#244,.T.);
#803=EDGE_CURVE('',#644,#643,#245,.T.);
#804=EDGE_CURVE('',#641,#644,#246,.T.);
#805=EDGE_CURVE('',#645,#646,#551,.T.);
#806=EDGE_CURVE('',#646,#647,#247,.T.);
#807=EDGE_CURVE('',#647,#648,#552,.T.);
#808=EDGE_CURVE('',#648,#645,#248,.T.);
#809=EDGE_CURVE('',#649,#646,#249,.T.);
#810=EDGE_CURVE('',#650,#649,#250,.T.);
#811=EDGE_CURVE('',#647,#650,#251,.T.);
#812=EDGE_CURVE('',#651,#652,#553,.T.);
#813=EDGE_CURVE('',#652,#653,#252,.T.);
#814=EDGE_CURVE('',#653,#654,#554,.T.);
#815=EDGE_CURVE('',#654,#651,#253,.T.);
#816=EDGE_CURVE('',#655,#652,#254,.T.);
#817=EDGE_CURVE('',#656,#655,#255,.T.);
#818=EDGE_CURVE('',#653,#656,#256,.T.);
#819=EDGE_CURVE('',#657,#658,#555,.T.);
#820=EDGE_CURVE('',#658,#659,#257,.T.);
#821=EDGE_CURVE('',#659,#660,#556,.T.);
#822=EDGE_CURVE('',#660,#657,#258,.T.);
#823=EDGE_CURVE('',#661,#658,#259,.T.);
#824=EDGE_CURVE('',#662,#661,#260,.T.);
#825=EDGE_CURVE('',#659,#662,#261,.T.);
#826=EDGE_CURVE('',#663,#664,#557,.T.);
#827=EDGE_CURVE('',#664,#665,#262,.T.);
#828=EDGE_CURVE('',#665,#666,#558,.T.);
#829=EDGE_CURVE('',#666,#663,#263,.T.);
#830=EDGE_CURVE('',#667,#664,#264,.T.);
#831=EDGE_CURVE('',#668,#667,#265,.T.);
#832=EDGE_CURVE('',#665,#668,#266,.T.);
#833=EDGE_CURVE('',#669,#670,#559,.T.);
#834=EDGE_CURVE('',#670,#671,#267,.T.);
#835=EDGE_CURVE('',#671,#672,#560,.T.);
#836=EDGE_CURVE('',#672,#669,#268,.T.);
#837=EDGE_CURVE('',#673,#670,#269,.T.);
#838=EDGE_CURVE('',#674,#673,#270,.T.);
#839=EDGE_CURVE('',#671,#674,#271,.T.);
#840=EDGE_CURVE('',#675,#676,#561,.T.);
#841=EDGE_CURVE('',#676,#677,#272,.T.);
#842=EDGE_CURVE('',#677,#678,#562,.T.);
#843=EDGE_CURVE('',#678,#675,#273,.T.);
#844=EDGE_CURVE('',#679,#676,#274,.T.);
#845=EDGE_CURVE('',#680,#679,#275,.T.);
#846=EDGE_CURVE('',#677,#680,#276,.T.);
#847=EDGE_CURVE('',#681,#682,#563,.T.);
#848=EDGE_CURVE('',#682,#683,#277,.T.);
#849=EDGE_CURVE('',#683,#684,#564,.T.);
#850=EDGE_CURVE('',#684,#681,#278,.T.);
#851=EDGE_CURVE('',#685,#682,#279,.T.);
#852=EDGE_CURVE('',#686,#685,#280,.T.);
#853=EDGE_CURVE('',#683,#686,#281,.T.);
#854=EDGE_CURVE('',#687,#688,#565,.T.);
#855=EDGE_CURVE('',#688,#689,#282,.T.);
#856=EDGE_CURVE('',#689,#690,#566,.T.);
#857=EDGE_CURVE('',#690,#687,#283,.T.);
#858=EDGE_CURVE('',#691,#688,#284,.T.);
#859=EDGE_CURVE('',#692,#691,#285,.T.);
#860=EDGE_CURVE('',#689,#692,#286,.T.);
#861=EDGE_CURVE('',#693,#694,#567,.T.);
#862=EDGE_CURVE('',#694,#695,#287,.T.);
#863=EDGE_CURVE('',#695,#696,#568,.T.);
#864=EDGE_CURVE('',#696,#693,#288,.T.);
#865=EDGE_CURVE('',#697,#694,#289,.T.);
#866=EDGE_CURVE('',#698,#697,#290,.T.);
#867=EDGE_CURVE('',#695,#698,#291,.T.);
#868=EDGE_CURVE('',#699,#700,#569,.T.);
#869=EDGE_CURVE('',#700,#701,#292,.T.);
#870=EDGE_CURVE('',#701,#702,#570,.T.);
#871=EDGE_CURVE('',#702,#699,#293,.T.);
#872=EDGE_CURVE('',#703,#700,#294,.T.);
#873=EDGE_CURVE('',#704,#703,#295,.T.);
#874=EDGE_CURVE('',#701,#704,#296,.T.);
#875=EDGE_CURVE('',#705,#706,#571,.T.);
#876=EDGE_CURVE('',#706,#707,#297,.T.);
#877=EDGE_CURVE('',#707,#708,#572,.T.);
#878=EDGE_CURVE('',#708,#705,#298,.T.);
#879=EDGE_CURVE('',#709,#706,#299,.T.);
#880=EDGE_CURVE('',#710,#709,#300,.T.);
#881=EDGE_CURVE('',#707,#710,#301,.T.);
#882=EDGE_CURVE('',#711,#712,#573,.T.);
#883=EDGE_CURVE('',#712,#713,#302,.T.);
#884=EDGE_CURVE('',#713,#714,#574,.T.);
#885=EDGE_CURVE('',#714,#711,#303,.T.);
#886=EDGE_CURVE('',#715,#712,#304,.T.);
#887=EDGE_CURVE('',#715,#716,#305,.T.);
#888=EDGE_CURVE('',#713,#716,#306,.T.);
#889=EDGE_CURVE('',#709,#717,#575,.T.);
#890=EDGE_CURVE('',#717,#718,#307,.T.);
#891=EDGE_CURVE('',#718,#710,#576,.T.);
#892=EDGE_CURVE('',#718,#714,#308,.T.);
#893=EDGE_CURVE('',#711,#717,#309,.T.);
#894=EDGE_CURVE('',#705,#719,#310,.T.);
#895=EDGE_CURVE('',#703,#719,#577,.T.);
#896=EDGE_CURVE('',#699,#720,#311,.T.);
#897=EDGE_CURVE('',#697,#720,#578,.T.);
#898=EDGE_CURVE('',#693,#721,#312,.T.);
#899=EDGE_CURVE('',#691,#721,#579,.T.);
#900=EDGE_CURVE('',#687,#722,#313,.T.);
#901=EDGE_CURVE('',#685,#722,#580,.T.);
#902=EDGE_CURVE('',#681,#723,#314,.T.);
#903=EDGE_CURVE('',#679,#723,#581,.T.);
#904=EDGE_CURVE('',#675,#724,#315,.T.);
#905=EDGE_CURVE('',#673,#724,#582,.T.);
#906=EDGE_CURVE('',#669,#725,#316,.T.);
#907=EDGE_CURVE('',#667,#725,#583,.T.);
#908=EDGE_CURVE('',#663,#726,#317,.T.);
#909=EDGE_CURVE('',#661,#726,#584,.T.);
#910=EDGE_CURVE('',#657,#727,#318,.T.);
#911=EDGE_CURVE('',#655,#727,#585,.T.);
#912=EDGE_CURVE('',#651,#728,#319,.T.);
#913=EDGE_CURVE('',#649,#728,#586,.T.);
#914=EDGE_CURVE('',#645,#729,#320,.T.);
#915=EDGE_CURVE('',#643,#729,#587,.T.);
#916=EDGE_CURVE('',#639,#730,#321,.T.);
#917=EDGE_CURVE('',#637,#730,#588,.T.);
#918=EDGE_CURVE('',#633,#631,#322,.T.);
#919=EDGE_CURVE('',#627,#731,#323,.T.);
#920=EDGE_CURVE('',#625,#731,#589,.T.);
#921=EDGE_CURVE('',#621,#732,#324,.T.);
#922=EDGE_CURVE('',#619,#732,#590,.T.);
#923=EDGE_CURVE('',#615,#733,#325,.T.);
#924=EDGE_CURVE('',#613,#733,#591,.T.);
#925=EDGE_CURVE('',#609,#734,#326,.T.);
#926=EDGE_CURVE('',#735,#734,#592,.T.);
#927=EDGE_CURVE('',#735,#736,#327,.T.);
#928=EDGE_CURVE('',#736,#737,#328,.T.);
#929=EDGE_CURVE('',#737,#738,#329,.T.);
#930=EDGE_CURVE('',#738,#739,#330,.T.);
#931=EDGE_CURVE('',#739,#740,#331,.T.);
#932=EDGE_CURVE('',#740,#715,#332,.T.);
#933=EDGE_CURVE('',#741,#704,#593,.T.);
#934=EDGE_CURVE('',#719,#741,#333,.T.);
#935=EDGE_CURVE('',#741,#708,#334,.T.);
#936=EDGE_CURVE('',#742,#698,#594,.T.);
#937=EDGE_CURVE('',#720,#742,#335,.T.);
#938=EDGE_CURVE('',#742,#702,#336,.T.);
#939=EDGE_CURVE('',#743,#692,#595,.T.);
#940=EDGE_CURVE('',#721,#743,#337,.T.);
#941=EDGE_CURVE('',#743,#696,#338,.T.);
#942=EDGE_CURVE('',#744,#686,#596,.T.);
#943=EDGE_CURVE('',#722,#744,#339,.T.);
#944=EDGE_CURVE('',#744,#690,#340,.T.);
#945=EDGE_CURVE('',#745,#680,#597,.T.);
#946=EDGE_CURVE('',#723,#745,#341,.T.);
#947=EDGE_CURVE('',#745,#684,#342,.T.);
#948=EDGE_CURVE('',#746,#674,#598,.T.);
#949=EDGE_CURVE('',#724,#746,#343,.T.);
#950=EDGE_CURVE('',#746,#678,#344,.T.);
#951=EDGE_CURVE('',#747,#668,#599,.T.);
#952=EDGE_CURVE('',#725,#747,#345,.T.);
#953=EDGE_CURVE('',#747,#672,#346,.T.);
#954=EDGE_CURVE('',#748,#662,#600,.T.);
#955=EDGE_CURVE('',#726,#748,#347,.T.);
#956=EDGE_CURVE('',#748,#666,#348,.T.);
#957=EDGE_CURVE('',#749,#656,#601,.T.);
#958=EDGE_CURVE('',#727,#749,#349,.T.);
#959=EDGE_CURVE('',#749,#660,#350,.T.);
#960=EDGE_CURVE('',#750,#650,#602,.T.);
#961=EDGE_CURVE('',#728,#750,#351,.T.);
#962=EDGE_CURVE('',#750,#654,#352,.T.);
#963=EDGE_CURVE('',#751,#644,#603,.T.);
#964=EDGE_CURVE('',#729,#751,#353,.T.);
#965=EDGE_CURVE('',#751,#648,#354,.T.);
#966=EDGE_CURVE('',#752,#638,#604,.T.);
#967=EDGE_CURVE('',#730,#752,#355,.T.);
#968=EDGE_CURVE('',#752,#642,#356,.T.);
#969=EDGE_CURVE('',#753,#626,#605,.T.);
#970=EDGE_CURVE('',#731,#753,#357,.T.);
#971=EDGE_CURVE('',#753,#630,#358,.T.);
#972=EDGE_CURVE('',#754,#620,#606,.T.);
#973=EDGE_CURVE('',#732,#754,#359,.T.);
#974=EDGE_CURVE('',#754,#624,#360,.T.);
#975=EDGE_CURVE('',#755,#614,#607,.T.);
#976=EDGE_CURVE('',#733,#755,#361,.T.);
#977=EDGE_CURVE('',#755,#618,#362,.T.);
#978=EDGE_CURVE('',#756,#757,#608,.T.);
#979=EDGE_CURVE('',#757,#735,#363,.T.);
#980=EDGE_CURVE('',#734,#756,#364,.T.);
#981=EDGE_CURVE('',#756,#612,#365,.T.);
#982=EDGE_CURVE('',#632,#636,#366,.T.);
#983=EDGE_CURVE('',#758,#757,#367,.T.);
#984=EDGE_CURVE('',#736,#758,#368,.T.);
#985=EDGE_CURVE('',#759,#758,#369,.T.);
#986=EDGE_CURVE('',#737,#759,#370,.T.);
#987=EDGE_CURVE('',#760,#759,#371,.T.);
#988=EDGE_CURVE('',#738,#760,#372,.T.);
#989=EDGE_CURVE('',#761,#760,#373,.T.);
#990=EDGE_CURVE('',#739,#761,#374,.T.);
#991=EDGE_CURVE('',#762,#761,#375,.T.);
#992=EDGE_CURVE('',#740,#762,#376,.T.);
#993=EDGE_CURVE('',#716,#762,#377,.T.);
#994=ORIENTED_EDGE('',*,*,#763,.T.);
#995=ORIENTED_EDGE('',*,*,#764,.T.);
#996=ORIENTED_EDGE('',*,*,#765,.T.);
#997=ORIENTED_EDGE('',*,*,#766,.T.);
#998=ORIENTED_EDGE('',*,*,#764,.F.);
#999=ORIENTED_EDGE('',*,*,#767,.F.);
#1000=ORIENTED_EDGE('',*,*,#768,.F.);
#1001=ORIENTED_EDGE('',*,*,#769,.F.);
#1002=ORIENTED_EDGE('',*,*,#770,.T.);
#1003=ORIENTED_EDGE('',*,*,#771,.T.);
#1004=ORIENTED_EDGE('',*,*,#772,.T.);
#1005=ORIENTED_EDGE('',*,*,#773,.T.);
#1006=ORIENTED_EDGE('',*,*,#771,.F.);
#1007=ORIENTED_EDGE('',*,*,#774,.F.);
#1008=ORIENTED_EDGE('',*,*,#775,.F.);
#1009=ORIENTED_EDGE('',*,*,#776,.F.);
#1010=ORIENTED_EDGE('',*,*,#777,.T.);
#1011=ORIENTED_EDGE('',*,*,#778,.T.);
#1012=ORIENTED_EDGE('',*,*,#779,.T.);
#1013=ORIENTED_EDGE('',*,*,#780,.T.);
#1014=ORIENTED_EDGE('',*,*,#778,.F.);
#1015=ORIENTED_EDGE('',*,*,#781,.F.);
#1016=ORIENTED_EDGE('',*,*,#782,.F.);
#1017=ORIENTED_EDGE('',*,*,#783,.F.);
#1018=ORIENTED_EDGE('',*,*,#784,.T.);
#1019=ORIENTED_EDGE('',*,*,#785,.T.);
#1020=ORIENTED_EDGE('',*,*,#786,.T.);
#1021=ORIENTED_EDGE('',*,*,#787,.T.);
#1022=ORIENTED_EDGE('',*,*,#785,.F.);
#1023=ORIENTED_EDGE('',*,*,#788,.F.);
#1024=ORIENTED_EDGE('',*,*,#789,.T.);
#1025=ORIENTED_EDGE('',*,*,#790,.F.);
#1026=ORIENTED_EDGE('',*,*,#791,.T.);
#1027=ORIENTED_EDGE('',*,*,#792,.T.);
#1028=ORIENTED_EDGE('',*,*,#793,.T.);
#1029=ORIENTED_EDGE('',*,*,#794,.T.);
#1030=ORIENTED_EDGE('',*,*,#792,.F.);
#1031=ORIENTED_EDGE('',*,*,#795,.F.);
#1032=ORIENTED_EDGE('',*,*,#796,.F.);
#1033=ORIENTED_EDGE('',*,*,#797,.F.);
#1034=ORIENTED_EDGE('',*,*,#798,.T.);
#1035=ORIENTED_EDGE('',*,*,#799,.T.);
#1036=ORIENTED_EDGE('',*,*,#800,.T.);
#1037=ORIENTED_EDGE('',*,*,#801,.T.);
#1038=ORIENTED_EDGE('',*,*,#799,.F.);
#1039=ORIENTED_EDGE('',*,*,#802,.F.);
#1040=ORIENTED_EDGE('',*,*,#803,.F.);
#1041=ORIENTED_EDGE('',*,*,#804,.F.);
#1042=ORIENTED_EDGE('',*,*,#805,.T.);
#1043=ORIENTED_EDGE('',*,*,#806,.T.);
#1044=ORIENTED_EDGE('',*,*,#807,.T.);
#1045=ORIENTED_EDGE('',*,*,#808,.T.);
#1046=ORIENTED_EDGE('',*,*,#806,.F.);
#1047=ORIENTED_EDGE('',*,*,#809,.F.);
#1048=ORIENTED_EDGE('',*,*,#810,.F.);
#1049=ORIENTED_EDGE('',*,*,#811,.F.);
#1050=ORIENTED_EDGE('',*,*,#812,.T.);
#1051=ORIENTED_EDGE('',*,*,#813,.T.);
#1052=ORIENTED_EDGE('',*,*,#814,.T.);
#1053=ORIENTED_EDGE('',*,*,#815,.T.);
#1054=ORIENTED_EDGE('',*,*,#813,.F.);
#1055=ORIENTED_EDGE('',*,*,#816,.F.);
#1056=ORIENTED_EDGE('',*,*,#817,.F.);
#1057=ORIENTED_EDGE('',*,*,#818,.F.);
#1058=ORIENTED_EDGE('',*,*,#819,.T.);
#1059=ORIENTED_EDGE('',*,*,#820,.T.);
#1060=ORIENTED_EDGE('',*,*,#821,.T.);
#1061=ORIENTED_EDGE('',*,*,#822,.T.);
#1062=ORIENTED_EDGE('',*,*,#820,.F.);
#1063=ORIENTED_EDGE('',*,*,#823,.F.);
#1064=ORIENTED_EDGE('',*,*,#824,.F.);
#1065=ORIENTED_EDGE('',*,*,#825,.F.);
#1066=ORIENTED_EDGE('',*,*,#826,.T.);
#1067=ORIENTED_EDGE('',*,*,#827,.T.);
#1068=ORIENTED_EDGE('',*,*,#828,.T.);
#1069=ORIENTED_EDGE('',*,*,#829,.T.);
#1070=ORIENTED_EDGE('',*,*,#827,.F.);
#1071=ORIENTED_EDGE('',*,*,#830,.F.);
#1072=ORIENTED_EDGE('',*,*,#831,.F.);
#1073=ORIENTED_EDGE('',*,*,#832,.F.);
#1074=ORIENTED_EDGE('',*,*,#833,.T.);
#1075=ORIENTED_EDGE('',*,*,#834,.T.);
#1076=ORIENTED_EDGE('',*,*,#835,.T.);
#1077=ORIENTED_EDGE('',*,*,#836,.T.);
#1078=ORIENTED_EDGE('',*,*,#834,.F.);
#1079=ORIENTED_EDGE('',*,*,#837,.F.);
#1080=ORIENTED_EDGE('',*,*,#838,.F.);
#1081=ORIENTED_EDGE('',*,*,#839,.F.);
#1082=ORIENTED_EDGE('',*,*,#840,.T.);
#1083=ORIENTED_EDGE('',*,*,#841,.T.);
#1084=ORIENTED_EDGE('',*,*,#842,.T.);
#1085=ORIENTED_EDGE('',*,*,#843,.T.);
#1086=ORIENTED_EDGE('',*,*,#841,.F.);
#1087=ORIENTED_EDGE('',*,*,#844,.F.);
#1088=ORIENTED_EDGE('',*,*,#845,.F.);
#1089=ORIENTED_EDGE('',*,*,#846,.F.);
#1090=ORIENTED_EDGE('',*,*,#847,.T.);
#1091=ORIENTED_EDGE('',*,*,#848,.T.);
#1092=ORIENTED_EDGE('',*,*,#849,.T.);
#1093=ORIENTED_EDGE('',*,*,#850,.T.);
#1094=ORIENTED_EDGE('',*,*,#848,.F.);
#1095=ORIENTED_EDGE('',*,*,#851,.F.);
#1096=ORIENTED_EDGE('',*,*,#852,.F.);
#1097=ORIENTED_EDGE('',*,*,#853,.F.);
#1098=ORIENTED_EDGE('',*,*,#854,.T.);
#1099=ORIENTED_EDGE('',*,*,#855,.T.);
#1100=ORIENTED_EDGE('',*,*,#856,.T.);
#1101=ORIENTED_EDGE('',*,*,#857,.T.);
#1102=ORIENTED_EDGE('',*,*,#855,.F.);
#1103=ORIENTED_EDGE('',*,*,#858,.F.);
#1104=ORIENTED_EDGE('',*,*,#859,.F.);
#1105=ORIENTED_EDGE('',*,*,#860,.F.);
#1106=ORIENTED_EDGE('',*,*,#861,.T.);
#1107=ORIENTED_EDGE('',*,*,#862,.T.);
#1108=ORIENTED_EDGE('',*,*,#863,.T.);
#1109=ORIENTED_EDGE('',*,*,#864,.T.);
#1110=ORIENTED_EDGE('',*,*,#862,.F.);
#1111=ORIENTED_EDGE('',*,*,#865,.F.);
#1112=ORIENTED_EDGE('',*,*,#866,.F.);
#1113=ORIENTED_EDGE('',*,*,#867,.F.);
#1114=ORIENTED_EDGE('',*,*,#868,.T.);
#1115=ORIENTED_EDGE('',*,*,#869,.T.);
#1116=ORIENTED_EDGE('',*,*,#870,.T.);
#1117=ORIENTED_EDGE('',*,*,#871,.T.);
#1118=ORIENTED_EDGE('',*,*,#869,.F.);
#1119=ORIENTED_EDGE('',*,*,#872,.F.);
#1120=ORIENTED_EDGE('',*,*,#873,.F.);
#1121=ORIENTED_EDGE('',*,*,#874,.F.);
#1122=ORIENTED_EDGE('',*,*,#875,.T.);
#1123=ORIENTED_EDGE('',*,*,#876,.T.);
#1124=ORIENTED_EDGE('',*,*,#877,.T.);
#1125=ORIENTED_EDGE('',*,*,#878,.T.);
#1126=ORIENTED_EDGE('',*,*,#876,.F.);
#1127=ORIENTED_EDGE('',*,*,#879,.F.);
#1128=ORIENTED_EDGE('',*,*,#880,.F.);
#1129=ORIENTED_EDGE('',*,*,#881,.F.);
#1130=ORIENTED_EDGE('',*,*,#882,.T.);
#1131=ORIENTED_EDGE('',*,*,#883,.T.);
#1132=ORIENTED_EDGE('',*,*,#884,.T.);
#1133=ORIENTED_EDGE('',*,*,#885,.T.);
#1134=ORIENTED_EDGE('',*,*,#883,.F.);
#1135=ORIENTED_EDGE('',*,*,#886,.F.);
#1136=ORIENTED_EDGE('',*,*,#887,.T.);
#1137=ORIENTED_EDGE('',*,*,#888,.F.);
#1138=ORIENTED_EDGE('',*,*,#889,.T.);
#1139=ORIENTED_EDGE('',*,*,#890,.T.);
#1140=ORIENTED_EDGE('',*,*,#891,.T.);
#1141=ORIENTED_EDGE('',*,*,#880,.T.);
#1142=ORIENTED_EDGE('',*,*,#885,.F.);
#1143=ORIENTED_EDGE('',*,*,#892,.F.);
#1144=ORIENTED_EDGE('',*,*,#890,.F.);
#1145=ORIENTED_EDGE('',*,*,#893,.F.);
#1146=ORIENTED_EDGE('',*,*,#889,.F.);
#1147=ORIENTED_EDGE('',*,*,#879,.T.);
#1148=ORIENTED_EDGE('',*,*,#875,.F.);
#1149=ORIENTED_EDGE('',*,*,#894,.T.);
#1150=ORIENTED_EDGE('',*,*,#895,.F.);
#1151=ORIENTED_EDGE('',*,*,#872,.T.);
#1152=ORIENTED_EDGE('',*,*,#868,.F.);
#1153=ORIENTED_EDGE('',*,*,#896,.T.);
#1154=ORIENTED_EDGE('',*,*,#897,.F.);
#1155=ORIENTED_EDGE('',*,*,#865,.T.);
#1156=ORIENTED_EDGE('',*,*,#861,.F.);
#1157=ORIENTED_EDGE('',*,*,#898,.T.);
#1158=ORIENTED_EDGE('',*,*,#899,.F.);
#1159=ORIENTED_EDGE('',*,*,#858,.T.);
#1160=ORIENTED_EDGE('',*,*,#854,.F.);
#1161=ORIENTED_EDGE('',*,*,#900,.T.);
#1162=ORIENTED_EDGE('',*,*,#901,.F.);
#1163=ORIENTED_EDGE('',*,*,#851,.T.);
#1164=ORIENTED_EDGE('',*,*,#847,.F.);
#1165=ORIENTED_EDGE('',*,*,#902,.T.);
#1166=ORIENTED_EDGE('',*,*,#903,.F.);
#1167=ORIENTED_EDGE('',*,*,#844,.T.);
#1168=ORIENTED_EDGE('',*,*,#840,.F.);
#1169=ORIENTED_EDGE('',*,*,#904,.T.);
#1170=ORIENTED_EDGE('',*,*,#905,.F.);
#1171=ORIENTED_EDGE('',*,*,#837,.T.);
#1172=ORIENTED_EDGE('',*,*,#833,.F.);
#1173=ORIENTED_EDGE('',*,*,#906,.T.);
#1174=ORIENTED_EDGE('',*,*,#907,.F.);
#1175=ORIENTED_EDGE('',*,*,#830,.T.);
#1176=ORIENTED_EDGE('',*,*,#826,.F.);
#1177=ORIENTED_EDGE('',*,*,#908,.T.);
#1178=ORIENTED_EDGE('',*,*,#909,.F.);
#1179=ORIENTED_EDGE('',*,*,#823,.T.);
#1180=ORIENTED_EDGE('',*,*,#819,.F.);
#1181=ORIENTED_EDGE('',*,*,#910,.T.);
#1182=ORIENTED_EDGE('',*,*,#911,.F.);
#1183=ORIENTED_EDGE('',*,*,#816,.T.);
#1184=ORIENTED_EDGE('',*,*,#812,.F.);
#1185=ORIENTED_EDGE('',*,*,#912,.T.);
#1186=ORIENTED_EDGE('',*,*,#913,.F.);
#1187=ORIENTED_EDGE('',*,*,#809,.T.);
#1188=ORIENTED_EDGE('',*,*,#805,.F.);
#1189=ORIENTED_EDGE('',*,*,#914,.T.);
#1190=ORIENTED_EDGE('',*,*,#915,.F.);
#1191=ORIENTED_EDGE('',*,*,#802,.T.);
#1192=ORIENTED_EDGE('',*,*,#798,.F.);
#1193=ORIENTED_EDGE('',*,*,#916,.T.);
#1194=ORIENTED_EDGE('',*,*,#917,.F.);
#1195=ORIENTED_EDGE('',*,*,#795,.T.);
#1196=ORIENTED_EDGE('',*,*,#791,.F.);
#1197=ORIENTED_EDGE('',*,*,#918,.T.);
#1198=ORIENTED_EDGE('',*,*,#788,.T.);
#1199=ORIENTED_EDGE('',*,*,#784,.F.);
#1200=ORIENTED_EDGE('',*,*,#919,.T.);
#1201=ORIENTED_EDGE('',*,*,#920,.F.);
#1202=ORIENTED_EDGE('',*,*,#781,.T.);
#1203=ORIENTED_EDGE('',*,*,#777,.F.);
#1204=ORIENTED_EDGE('',*,*,#921,.T.);
#1205=ORIENTED_EDGE('',*,*,#922,.F.);
#1206=ORIENTED_EDGE('',*,*,#774,.T.);
#1207=ORIENTED_EDGE('',*,*,#770,.F.);
#1208=ORIENTED_EDGE('',*,*,#923,.T.);
#1209=ORIENTED_EDGE('',*,*,#924,.F.);
#1210=ORIENTED_EDGE('',*,*,#767,.T.);
#1211=ORIENTED_EDGE('',*,*,#763,.F.);
#1212=ORIENTED_EDGE('',*,*,#925,.T.);
#1213=ORIENTED_EDGE('',*,*,#926,.F.);
#1214=ORIENTED_EDGE('',*,*,#927,.T.);
#1215=ORIENTED_EDGE('',*,*,#928,.T.);
#1216=ORIENTED_EDGE('',*,*,#929,.T.);
#1217=ORIENTED_EDGE('',*,*,#930,.T.);
#1218=ORIENTED_EDGE('',*,*,#931,.T.);
#1219=ORIENTED_EDGE('',*,*,#932,.T.);
#1220=ORIENTED_EDGE('',*,*,#886,.T.);
#1221=ORIENTED_EDGE('',*,*,#882,.F.);
#1222=ORIENTED_EDGE('',*,*,#893,.T.);
#1223=ORIENTED_EDGE('',*,*,#933,.T.);
#1224=ORIENTED_EDGE('',*,*,#873,.T.);
#1225=ORIENTED_EDGE('',*,*,#895,.T.);
#1226=ORIENTED_EDGE('',*,*,#934,.T.);
#1227=ORIENTED_EDGE('',*,*,#878,.F.);
#1228=ORIENTED_EDGE('',*,*,#935,.F.);
#1229=ORIENTED_EDGE('',*,*,#934,.F.);
#1230=ORIENTED_EDGE('',*,*,#894,.F.);
#1231=ORIENTED_EDGE('',*,*,#936,.T.);
#1232=ORIENTED_EDGE('',*,*,#866,.T.);
#1233=ORIENTED_EDGE('',*,*,#897,.T.);
#1234=ORIENTED_EDGE('',*,*,#937,.T.);
#1235=ORIENTED_EDGE('',*,*,#871,.F.);
#1236=ORIENTED_EDGE('',*,*,#938,.F.);
#1237=ORIENTED_EDGE('',*,*,#937,.F.);
#1238=ORIENTED_EDGE('',*,*,#896,.F.);
#1239=ORIENTED_EDGE('',*,*,#939,.T.);
#1240=ORIENTED_EDGE('',*,*,#859,.T.);
#1241=ORIENTED_EDGE('',*,*,#899,.T.);
#1242=ORIENTED_EDGE('',*,*,#940,.T.);
#1243=ORIENTED_EDGE('',*,*,#864,.F.);
#1244=ORIENTED_EDGE('',*,*,#941,.F.);
#1245=ORIENTED_EDGE('',*,*,#940,.F.);
#1246=ORIENTED_EDGE('',*,*,#898,.F.);
#1247=ORIENTED_EDGE('',*,*,#942,.T.);
#1248=ORIENTED_EDGE('',*,*,#852,.T.);
#1249=ORIENTED_EDGE('',*,*,#901,.T.);
#1250=ORIENTED_EDGE('',*,*,#943,.T.);
#1251=ORIENTED_EDGE('',*,*,#857,.F.);
#1252=ORIENTED_EDGE('',*,*,#944,.F.);
#1253=ORIENTED_EDGE('',*,*,#943,.F.);
#1254=ORIENTED_EDGE('',*,*,#900,.F.);
#1255=ORIENTED_EDGE('',*,*,#945,.T.);
#1256=ORIENTED_EDGE('',*,*,#845,.T.);
#1257=ORIENTED_EDGE('',*,*,#903,.T.);
#1258=ORIENTED_EDGE('',*,*,#946,.T.);
#1259=ORIENTED_EDGE('',*,*,#850,.F.);
#1260=ORIENTED_EDGE('',*,*,#947,.F.);
#1261=ORIENTED_EDGE('',*,*,#946,.F.);
#1262=ORIENTED_EDGE('',*,*,#902,.F.);
#1263=ORIENTED_EDGE('',*,*,#948,.T.);
#1264=ORIENTED_EDGE('',*,*,#838,.T.);
#1265=ORIENTED_EDGE('',*,*,#905,.T.);
#1266=ORIENTED_EDGE('',*,*,#949,.T.);
#1267=ORIENTED_EDGE('',*,*,#843,.F.);
#1268=ORIENTED_EDGE('',*,*,#950,.F.);
#1269=ORIENTED_EDGE('',*,*,#949,.F.);
#1270=ORIENTED_EDGE('',*,*,#904,.F.);
#1271=ORIENTED_EDGE('',*,*,#951,.T.);
#1272=ORIENTED_EDGE('',*,*,#831,.T.);
#1273=ORIENTED_EDGE('',*,*,#907,.T.);
#1274=ORIENTED_EDGE('',*,*,#952,.T.);
#1275=ORIENTED_EDGE('',*,*,#836,.F.);
#1276=ORIENTED_EDGE('',*,*,#953,.F.);
#1277=ORIENTED_EDGE('',*,*,#952,.F.);
#1278=ORIENTED_EDGE('',*,*,#906,.F.);
#1279=ORIENTED_EDGE('',*,*,#954,.T.);
#1280=ORIENTED_EDGE('',*,*,#824,.T.);
#1281=ORIENTED_EDGE('',*,*,#909,.T.);
#1282=ORIENTED_EDGE('',*,*,#955,.T.);
#1283=ORIENTED_EDGE('',*,*,#829,.F.);
#1284=ORIENTED_EDGE('',*,*,#956,.F.);
#1285=ORIENTED_EDGE('',*,*,#955,.F.);
#1286=ORIENTED_EDGE('',*,*,#908,.F.);
#1287=ORIENTED_EDGE('',*,*,#957,.T.);
#1288=ORIENTED_EDGE('',*,*,#817,.T.);
#1289=ORIENTED_EDGE('',*,*,#911,.T.);
#1290=ORIENTED_EDGE('',*,*,#958,.T.);
#1291=ORIENTED_EDGE('',*,*,#822,.F.);
#1292=ORIENTED_EDGE('',*,*,#959,.F.);
#1293=ORIENTED_EDGE('',*,*,#958,.F.);
#1294=ORIENTED_EDGE('',*,*,#910,.F.);
#1295=ORIENTED_EDGE('',*,*,#960,.T.);
#1296=ORIENTED_EDGE('',*,*,#810,.T.);
#1297=ORIENTED_EDGE('',*,*,#913,.T.);
#1298=ORIENTED_EDGE('',*,*,#961,.T.);
#1299=ORIENTED_EDGE('',*,*,#815,.F.);
#1300=ORIENTED_EDGE('',*,*,#962,.F.);
#1301=ORIENTED_EDGE('',*,*,#961,.F.);
#1302=ORIENTED_EDGE('',*,*,#912,.F.);
#1303=ORIENTED_EDGE('',*,*,#963,.T.);
#1304=ORIENTED_EDGE('',*,*,#803,.T.);
#1305=ORIENTED_EDGE('',*,*,#915,.T.);
#1306=ORIENTED_EDGE('',*,*,#964,.T.);
#1307=ORIENTED_EDGE('',*,*,#808,.F.);
#1308=ORIENTED_EDGE('',*,*,#965,.F.);
#1309=ORIENTED_EDGE('',*,*,#964,.F.);
#1310=ORIENTED_EDGE('',*,*,#914,.F.);
#1311=ORIENTED_EDGE('',*,*,#966,.T.);
#1312=ORIENTED_EDGE('',*,*,#796,.T.);
#1313=ORIENTED_EDGE('',*,*,#917,.T.);
#1314=ORIENTED_EDGE('',*,*,#967,.T.);
#1315=ORIENTED_EDGE('',*,*,#801,.F.);
#1316=ORIENTED_EDGE('',*,*,#968,.F.);
#1317=ORIENTED_EDGE('',*,*,#967,.F.);
#1318=ORIENTED_EDGE('',*,*,#916,.F.);
#1319=ORIENTED_EDGE('',*,*,#969,.T.);
#1320=ORIENTED_EDGE('',*,*,#782,.T.);
#1321=ORIENTED_EDGE('',*,*,#920,.T.);
#1322=ORIENTED_EDGE('',*,*,#970,.T.);
#1323=ORIENTED_EDGE('',*,*,#787,.F.);
#1324=ORIENTED_EDGE('',*,*,#971,.F.);
#1325=ORIENTED_EDGE('',*,*,#970,.F.);
#1326=ORIENTED_EDGE('',*,*,#919,.F.);
#1327=ORIENTED_EDGE('',*,*,#972,.T.);
#1328=ORIENTED_EDGE('',*,*,#775,.T.);
#1329=ORIENTED_EDGE('',*,*,#922,.T.);
#1330=ORIENTED_EDGE('',*,*,#973,.T.);
#1331=ORIENTED_EDGE('',*,*,#780,.F.);
#1332=ORIENTED_EDGE('',*,*,#974,.F.);
#1333=ORIENTED_EDGE('',*,*,#973,.F.);
#1334=ORIENTED_EDGE('',*,*,#921,.F.);
#1335=ORIENTED_EDGE('',*,*,#975,.T.);
#1336=ORIENTED_EDGE('',*,*,#768,.T.);
#1337=ORIENTED_EDGE('',*,*,#924,.T.);
#1338=ORIENTED_EDGE('',*,*,#976,.T.);
#1339=ORIENTED_EDGE('',*,*,#773,.F.);
#1340=ORIENTED_EDGE('',*,*,#977,.F.);
#1341=ORIENTED_EDGE('',*,*,#976,.F.);
#1342=ORIENTED_EDGE('',*,*,#923,.F.);
#1343=ORIENTED_EDGE('',*,*,#978,.T.);
#1344=ORIENTED_EDGE('',*,*,#979,.T.);
#1345=ORIENTED_EDGE('',*,*,#926,.T.);
#1346=ORIENTED_EDGE('',*,*,#980,.T.);
#1347=ORIENTED_EDGE('',*,*,#766,.F.);
#1348=ORIENTED_EDGE('',*,*,#981,.F.);
#1349=ORIENTED_EDGE('',*,*,#980,.F.);
#1350=ORIENTED_EDGE('',*,*,#925,.F.);
#1351=ORIENTED_EDGE('',*,*,#794,.F.);
#1352=ORIENTED_EDGE('',*,*,#982,.F.);
#1353=ORIENTED_EDGE('',*,*,#789,.F.);
#1354=ORIENTED_EDGE('',*,*,#918,.F.);
#1355=ORIENTED_EDGE('',*,*,#979,.F.);
#1356=ORIENTED_EDGE('',*,*,#983,.F.);
#1357=ORIENTED_EDGE('',*,*,#984,.F.);
#1358=ORIENTED_EDGE('',*,*,#927,.F.);
#1359=ORIENTED_EDGE('',*,*,#984,.T.);
#1360=ORIENTED_EDGE('',*,*,#985,.F.);
#1361=ORIENTED_EDGE('',*,*,#986,.F.);
#1362=ORIENTED_EDGE('',*,*,#928,.F.);
#1363=ORIENTED_EDGE('',*,*,#986,.T.);
#1364=ORIENTED_EDGE('',*,*,#987,.F.);
#1365=ORIENTED_EDGE('',*,*,#988,.F.);
#1366=ORIENTED_EDGE('',*,*,#929,.F.);
#1367=ORIENTED_EDGE('',*,*,#988,.T.);
#1368=ORIENTED_EDGE('',*,*,#989,.F.);
#1369=ORIENTED_EDGE('',*,*,#990,.F.);
#1370=ORIENTED_EDGE('',*,*,#930,.F.);
#1371=ORIENTED_EDGE('',*,*,#990,.T.);
#1372=ORIENTED_EDGE('',*,*,#991,.F.);
#1373=ORIENTED_EDGE('',*,*,#992,.F.);
#1374=ORIENTED_EDGE('',*,*,#931,.F.);
#1375=ORIENTED_EDGE('',*,*,#992,.T.);
#1376=ORIENTED_EDGE('',*,*,#993,.F.);
#1377=ORIENTED_EDGE('',*,*,#887,.F.);
#1378=ORIENTED_EDGE('',*,*,#932,.F.);
#1379=ORIENTED_EDGE('',*,*,#891,.F.);
#1380=ORIENTED_EDGE('',*,*,#892,.T.);
#1381=ORIENTED_EDGE('',*,*,#884,.F.);
#1382=ORIENTED_EDGE('',*,*,#888,.T.);
#1383=ORIENTED_EDGE('',*,*,#993,.T.);
#1384=ORIENTED_EDGE('',*,*,#991,.T.);
#1385=ORIENTED_EDGE('',*,*,#989,.T.);
#1386=ORIENTED_EDGE('',*,*,#987,.T.);
#1387=ORIENTED_EDGE('',*,*,#985,.T.);
#1388=ORIENTED_EDGE('',*,*,#983,.T.);
#1389=ORIENTED_EDGE('',*,*,#978,.F.);
#1390=ORIENTED_EDGE('',*,*,#981,.T.);
#1391=ORIENTED_EDGE('',*,*,#765,.F.);
#1392=ORIENTED_EDGE('',*,*,#769,.T.);
#1393=ORIENTED_EDGE('',*,*,#975,.F.);
#1394=ORIENTED_EDGE('',*,*,#977,.T.);
#1395=ORIENTED_EDGE('',*,*,#772,.F.);
#1396=ORIENTED_EDGE('',*,*,#776,.T.);
#1397=ORIENTED_EDGE('',*,*,#972,.F.);
#1398=ORIENTED_EDGE('',*,*,#974,.T.);
#1399=ORIENTED_EDGE('',*,*,#779,.F.);
#1400=ORIENTED_EDGE('',*,*,#783,.T.);
#1401=ORIENTED_EDGE('',*,*,#969,.F.);
#1402=ORIENTED_EDGE('',*,*,#971,.T.);
#1403=ORIENTED_EDGE('',*,*,#786,.F.);
#1404=ORIENTED_EDGE('',*,*,#790,.T.);
#1405=ORIENTED_EDGE('',*,*,#982,.T.);
#1406=ORIENTED_EDGE('',*,*,#793,.F.);
#1407=ORIENTED_EDGE('',*,*,#797,.T.);
#1408=ORIENTED_EDGE('',*,*,#966,.F.);
#1409=ORIENTED_EDGE('',*,*,#968,.T.);
#1410=ORIENTED_EDGE('',*,*,#800,.F.);
#1411=ORIENTED_EDGE('',*,*,#804,.T.);
#1412=ORIENTED_EDGE('',*,*,#963,.F.);
#1413=ORIENTED_EDGE('',*,*,#965,.T.);
#1414=ORIENTED_EDGE('',*,*,#807,.F.);
#1415=ORIENTED_EDGE('',*,*,#811,.T.);
#1416=ORIENTED_EDGE('',*,*,#960,.F.);
#1417=ORIENTED_EDGE('',*,*,#962,.T.);
#1418=ORIENTED_EDGE('',*,*,#814,.F.);
#1419=ORIENTED_EDGE('',*,*,#818,.T.);
#1420=ORIENTED_EDGE('',*,*,#957,.F.);
#1421=ORIENTED_EDGE('',*,*,#959,.T.);
#1422=ORIENTED_EDGE('',*,*,#821,.F.);
#1423=ORIENTED_EDGE('',*,*,#825,.T.);
#1424=ORIENTED_EDGE('',*,*,#954,.F.);
#1425=ORIENTED_EDGE('',*,*,#956,.T.);
#1426=ORIENTED_EDGE('',*,*,#828,.F.);
#1427=ORIENTED_EDGE('',*,*,#832,.T.);
#1428=ORIENTED_EDGE('',*,*,#951,.F.);
#1429=ORIENTED_EDGE('',*,*,#953,.T.);
#1430=ORIENTED_EDGE('',*,*,#835,.F.);
#1431=ORIENTED_EDGE('',*,*,#839,.T.);
#1432=ORIENTED_EDGE('',*,*,#948,.F.);
#1433=ORIENTED_EDGE('',*,*,#950,.T.);
#1434=ORIENTED_EDGE('',*,*,#842,.F.);
#1435=ORIENTED_EDGE('',*,*,#846,.T.);
#1436=ORIENTED_EDGE('',*,*,#945,.F.);
#1437=ORIENTED_EDGE('',*,*,#947,.T.);
#1438=ORIENTED_EDGE('',*,*,#849,.F.);
#1439=ORIENTED_EDGE('',*,*,#853,.T.);
#1440=ORIENTED_EDGE('',*,*,#942,.F.);
#1441=ORIENTED_EDGE('',*,*,#944,.T.);
#1442=ORIENTED_EDGE('',*,*,#856,.F.);
#1443=ORIENTED_EDGE('',*,*,#860,.T.);
#1444=ORIENTED_EDGE('',*,*,#939,.F.);
#1445=ORIENTED_EDGE('',*,*,#941,.T.);
#1446=ORIENTED_EDGE('',*,*,#863,.F.);
#1447=ORIENTED_EDGE('',*,*,#867,.T.);
#1448=ORIENTED_EDGE('',*,*,#936,.F.);
#1449=ORIENTED_EDGE('',*,*,#938,.T.);
#1450=ORIENTED_EDGE('',*,*,#870,.F.);
#1451=ORIENTED_EDGE('',*,*,#874,.T.);
#1452=ORIENTED_EDGE('',*,*,#933,.F.);
#1453=ORIENTED_EDGE('',*,*,#935,.T.);
#1454=ORIENTED_EDGE('',*,*,#877,.F.);
#1455=ORIENTED_EDGE('',*,*,#881,.T.);
#1456=CYLINDRICAL_SURFACE('',#1584,10.);
#1457=CYLINDRICAL_SURFACE('',#1588,10.);
#1458=CYLINDRICAL_SURFACE('',#1592,10.);
#1459=CYLINDRICAL_SURFACE('',#1596,10.);
#1460=CYLINDRICAL_SURFACE('',#1600,10.);
#1461=CYLINDRICAL_SURFACE('',#1604,10.);
#1462=CYLINDRICAL_SURFACE('',#1608,10.);
#1463=CYLINDRICAL_SURFACE('',#1612,10.);
#1464=CYLINDRICAL_SURFACE('',#1616,10.);
#1465=CYLINDRICAL_SURFACE('',#1620,10.);
#1466=CYLINDRICAL_SURFACE('',#1624,10.);
#1467=CYLINDRICAL_SURFACE('',#1628,10.);
#1468=CYLINDRICAL_SURFACE('',#1632,10.);
#1469=CYLINDRICAL_SURFACE('',#1636,10.);
#1470=CYLINDRICAL_SURFACE('',#1640,10.);
#1471=CYLINDRICAL_SURFACE('',#1644,10.);
#1472=CYLINDRICAL_SURFACE('',#1648,10.);
#1473=CYLINDRICAL_SURFACE('',#1652,10.);
#1474=CYLINDRICAL_SURFACE('',#1656,20.);
#1475=CYLINDRICAL_SURFACE('',#1677,20.);
#1476=CYLINDRICAL_SURFACE('',#1680,20.);
#1477=CYLINDRICAL_SURFACE('',#1683,20.);
#1478=CYLINDRICAL_SURFACE('',#1686,20.);
#1479=CYLINDRICAL_SURFACE('',#1689,20.);
#1480=CYLINDRICAL_SURFACE('',#1692,20.);
#1481=CYLINDRICAL_SURFACE('',#1695,20.);
#1482=CYLINDRICAL_SURFACE('',#1698,20.);
#1483=CYLINDRICAL_SURFACE('',#1701,20.);
#1484=CYLINDRICAL_SURFACE('',#1704,20.);
#1485=CYLINDRICAL_SURFACE('',#1707,20.);
#1486=CYLINDRICAL_SURFACE('',#1710,20.);
#1487=CYLINDRICAL_SURFACE('',#1713,20.);
#1488=CYLINDRICAL_SURFACE('',#1716,20.);
#1489=CYLINDRICAL_SURFACE('',#1719,20.);
#1490=CYLINDRICAL_SURFACE('',#1722,20.);
#1491=ADVANCED_FACE('',(#59),#1456,.F.);
#1492=ADVANCED_FACE('',(#60),#15,.T.);
#1493=ADVANCED_FACE('',(#61),#1457,.F.);
#1494=ADVANCED_FACE('',(#62),#16,.T.);
#1495=ADVANCED_FACE('',(#63),#1458,.F.);
#1496=ADVANCED_FACE('',(#64),#17,.T.);
#1497=ADVANCED_FACE('',(#65),#1459,.F.);
#1498=ADVANCED_FACE('',(#66),#18,.T.);
#1499=ADVANCED_FACE('',(#67),#1460,.F.);
#1500=ADVANCED_FACE('',(#68),#19,.T.);
#1501=ADVANCED_FACE('',(#69),#1461,.F.);
#1502=ADVANCED_FACE('',(#70),#20,.T.);
#1503=ADVANCED_FACE('',(#71),#1462,.F.);
#1504=ADVANCED_FACE('',(#72),#21,.T.);
#1505=ADVANCED_FACE('',(#73),#1463,.F.);
#1506=ADVANCED_FACE('',(#74),#22,.T.);
#1507=ADVANCED_FACE('',(#75),#1464,.F.);
#1508=ADVANCED_FACE('',(#76),#23,.T.);
#1509=ADVANCED_FACE('',(#77),#1465,.F.);
#1510=ADVANCED_FACE('',(#78),#24,.T.);
#1511=ADVANCED_FACE('',(#79),#1466,.F.);
#1512=ADVANCED_FACE('',(#80),#25,.T.);
#1513=ADVANCED_FACE('',(#81),#1467,.F.);
#1514=ADVANCED_FACE('',(#82),#26,.T.);
#1515=ADVANCED_FACE('',(#83),#1468,.F.);
#1516=ADVANCED_FACE('',(#84),#27,.T.);
#1517=ADVANCED_FACE('',(#85),#1469,.F.);
#1518=ADVANCED_FACE('',(#86),#28,.T.);
#1519=ADVANCED_FACE('',(#87),#1470,.F.);
#1520=ADVANCED_FACE('',(#88),#29,.T.);
#1521=ADVANCED_FACE('',(#89),#1471,.F.);
#1522=ADVANCED_FACE('',(#90),#30,.T.);
#1523=ADVANCED_FACE('',(#91),#1472,.F.);
#1524=ADVANCED_FACE('',(#92),#31,.T.);
#1525=ADVANCED_FACE('',(#93),#1473,.F.);
#1526=ADVANCED_FACE('',(#94),#32,.T.);
#1527=ADVANCED_FACE('',(#95),#1474,.T.);
#1528=ADVANCED_FACE('',(#96),#33,.T.);
#1529=ADVANCED_FACE('',(#97),#34,.T.);
#1530=ADVANCED_FACE('',(#98),#1475,.T.);
#1531=ADVANCED_FACE('',(#99),#35,.T.);
#1532=ADVANCED_FACE('',(#100),#1476,.T.);
#1533=ADVANCED_FACE('',(#101),#36,.T.);
#1534=ADVANCED_FACE('',(#102),#1477,.T.);
#1535=ADVANCED_FACE('',(#103),#37,.T.);
#1536=ADVANCED_FACE('',(#104),#1478,.T.);
#1537=ADVANCED_FACE('',(#105),#38,.T.);
#1538=ADVANCED_FACE('',(#106),#1479,.T.);
#1539=ADVANCED_FACE('',(#107),#39,.T.);
#1540=ADVANCED_FACE('',(#108),#1480,.T.);
#1541=ADVANCED_FACE('',(#109),#40,.T.);
#1542=ADVANCED_FACE('',(#110),#1481,.T.);
#1543=ADVANCED_FACE('',(#111),#41,.T.);
#1544=ADVANCED_FACE('',(#112),#1482,.T.);
#1545=ADVANCED_FACE('',(#113),#42,.T.);
#1546=ADVANCED_FACE('',(#114),#1483,.T.);
#1547=ADVANCED_FACE('',(#115),#43,.T.);
#1548=ADVANCED_FACE('',(#116),#1484,.T.);
#1549=ADVANCED_FACE('',(#117),#44,.T.);
#1550=ADVANCED_FACE('',(#118),#1485,.T.);
#1551=ADVANCED_FACE('',(#119),#45,.T.);
#1552=ADVANCED_FACE('',(#120),#1486,.T.);
#1553=ADVANCED_FACE('',(#121),#46,.T.);
#1554=ADVANCED_FACE('',(#122),#1487,.T.);
#1555=ADVANCED_FACE('',(#123),#47,.T.);
#1556=ADVANCED_FACE('',(#124),#1488,.T.);
#1557=ADVANCED_FACE('',(#125),#48,.T.);
#1558=ADVANCED_FACE('',(#126),#1489,.T.);
#1559=ADVANCED_FACE('',(#127),#49,.T.);
#1560=ADVANCED_FACE('',(#128),#1490,.T.);
#1561=ADVANCED_FACE('',(#129),#50,.T.);
#1562=ADVANCED_FACE('',(#130),#51,.T.);
#1563=ADVANCED_FACE('',(#131),#52,.T.);
#1564=ADVANCED_FACE('',(#132),#53,.T.);
#1565=ADVANCED_FACE('',(#133),#54,.T.);
#1566=ADVANCED_FACE('',(#134),#55,.T.);
#1567=ADVANCED_FACE('',(#135),#56,.T.);
#1568=ADVANCED_FACE('',(#136),#57,.T.);
#1569=ADVANCED_FACE('',(#137),#58,.T.);
#1570=CLOSED_SHELL('',(#1491,#1492,#1493,#1494,#1495,#1496,#1497,#1498,
#1499,#1500,#1501,#1502,#1503,#1504,#1505,#1506,#1507,#1508,#1509,#1510,
#1511,#1512,#1513,#1514,#1515,#1516,#1517,#1518,#1519,#1520,#1521,#1522,
#1523,#1524,#1525,#1526,#1527,#1528,#1529,#1530,#1531,#1532,#1533,#1534,
#1535,#1536,#1537,#1538,#1539,#1540,#1541,#1542,#1543,#1544,#1545,#1546,
#1547,#1548,#1549,#1550,#1551,#1552,#1553,#1554,#1555,#1556,#1557,#1558,
#1559,#1560,#1561,#1562,#1563,#1564,#1565,#1566,#1567,#1568,#1569));
#1571=DERIVED_UNIT_ELEMENT(#1573,1.);
#1572=DERIVED_UNIT_ELEMENT(#2664,-3.);
#1573=(
MASS_UNIT()
NAMED_UNIT(*)
SI_UNIT(.KILO.,.GRAM.)
);
#1574=DERIVED_UNIT((#1571,#1572));
#1575=MEASURE_REPRESENTATION_ITEM('density measure',
POSITIVE_RATIO_MEASURE(7850.),#1574);
#1576=PROPERTY_DEFINITION_REPRESENTATION(#1581,#1578);
#1577=PROPERTY_DEFINITION_REPRESENTATION(#1582,#1579);
#1578=REPRESENTATION('material name',(#1580),#2661);
#1579=REPRESENTATION('density',(#1575),#2661);
#1580=DESCRIPTIVE_REPRESENTATION_ITEM('Steel','Steel');
#1581=PROPERTY_DEFINITION('material property','material name',#2671);
#1582=PROPERTY_DEFINITION('material property','density of part',#2671);
#1583=AXIS2_PLACEMENT_3D('',#2194,#1733,#1734);
#1584=AXIS2_PLACEMENT_3D('',#2195,#1735,#1736);
#1585=AXIS2_PLACEMENT_3D('',#2198,#1737,#1738);
#1586=AXIS2_PLACEMENT_3D('',#2202,#1740,#1741);
#1587=AXIS2_PLACEMENT_3D('',#2204,#1743,#1744);
#1588=AXIS2_PLACEMENT_3D('',#2210,#1748,#1749);
#1589=AXIS2_PLACEMENT_3D('',#2213,#1750,#1751);
#1590=AXIS2_PLACEMENT_3D('',#2217,#1753,#1754);
#1591=AXIS2_PLACEMENT_3D('',#2219,#1756,#1757);
#1592=AXIS2_PLACEMENT_3D('',#2225,#1761,#1762);
#1593=AXIS2_PLACEMENT_3D('',#2228,#1763,#1764);
#1594=AXIS2_PLACEMENT_3D('',#2232,#1766,#1767);
#1595=AXIS2_PLACEMENT_3D('',#2234,#1769,#1770);
#1596=AXIS2_PLACEMENT_3D('',#2240,#1774,#1775);
#1597=AXIS2_PLACEMENT_3D('',#2243,#1776,#1777);
#1598=AXIS2_PLACEMENT_3D('',#2247,#1779,#1780);
#1599=AXIS2_PLACEMENT_3D('',#2249,#1782,#1783);
#1600=AXIS2_PLACEMENT_3D('',#2255,#1787,#1788);
#1601=AXIS2_PLACEMENT_3D('',#2258,#1789,#1790);
#1602=AXIS2_PLACEMENT_3D('',#2262,#1792,#1793);
#1603=AXIS2_PLACEMENT_3D('',#2264,#1795,#1796);
#1604=AXIS2_PLACEMENT_3D('',#2270,#1800,#1801);
#1605=AXIS2_PLACEMENT_3D('',#2273,#1802,#1803);
#1606=AXIS2_PLACEMENT_3D('',#2277,#1805,#1806);
#1607=AXIS2_PLACEMENT_3D('',#2279,#1808,#1809);
#1608=AXIS2_PLACEMENT_3D('',#2285,#1813,#1814);
#1609=AXIS2_PLACEMENT_3D('',#2288,#1815,#1816);
#1610=AXIS2_PLACEMENT_3D('',#2292,#1818,#1819);
#1611=AXIS2_PLACEMENT_3D('',#2294,#1821,#1822);
#1612=AXIS2_PLACEMENT_3D('',#2300,#1826,#1827);
#1613=AXIS2_PLACEMENT_3D('',#2303,#1828,#1829);
#1614=AXIS2_PLACEMENT_3D('',#2307,#1831,#1832);
#1615=AXIS2_PLACEMENT_3D('',#2309,#1834,#1835);
#1616=AXIS2_PLACEMENT_3D('',#2315,#1839,#1840);
#1617=AXIS2_PLACEMENT_3D('',#2318,#1841,#1842);
#1618=AXIS2_PLACEMENT_3D('',#2322,#1844,#1845);
#1619=AXIS2_PLACEMENT_3D('',#2324,#1847,#1848);
#1620=AXIS2_PLACEMENT_3D('',#2330,#1852,#1853);
#1621=AXIS2_PLACEMENT_3D('',#2333,#1854,#1855);
#1622=AXIS2_PLACEMENT_3D('',#2337,#1857,#1858);
#1623=AXIS2_PLACEMENT_3D('',#2339,#1860,#1861);
#1624=AXIS2_PLACEMENT_3D('',#2345,#1865,#1866);
#1625=AXIS2_PLACEMENT_3D('',#2348,#1867,#1868);
#1626=AXIS2_PLACEMENT_3D('',#2352,#1870,#1871);
#1627=AXIS2_PLACEMENT_3D('',#2354,#1873,#1874);
#1628=AXIS2_PLACEMENT_3D('',#2360,#1878,#1879);
#1629=AXIS2_PLACEMENT_3D('',#2363,#1880,#1881);
#1630=AXIS2_PLACEMENT_3D('',#2367,#1883,#1884);
#1631=AXIS2_PLACEMENT_3D('',#2369,#1886,#1887);
#1632=AXIS2_PLACEMENT_3D('',#2375,#1891,#1892);
#1633=AXIS2_PLACEMENT_3D('',#2378,#1893,#1894);
#1634=AXIS2_PLACEMENT_3D('',#2382,#1896,#1897);
#1635=AXIS2_PLACEMENT_3D('',#2384,#1899,#1900);
#1636=AXIS2_PLACEMENT_3D('',#2390,#1904,#1905);
#1637=AXIS2_PLACEMENT_3D('',#2393,#1906,#1907);
#1638=AXIS2_PLACEMENT_3D('',#2397,#1909,#1910);
#1639=AXIS2_PLACEMENT_3D('',#2399,#1912,#1913);
#1640=AXIS2_PLACEMENT_3D('',#2405,#1917,#1918);
#1641=AXIS2_PLACEMENT_3D('',#2408,#1919,#1920);
#1642=AXIS2_PLACEMENT_3D('',#2412,#1922,#1923);
#1643=AXIS2_PLACEMENT_3D('',#2414,#1925,#1926);
#1644=AXIS2_PLACEMENT_3D('',#2420,#1930,#1931);
#1645=AXIS2_PLACEMENT_3D('',#2423,#1932,#1933);
#1646=AXIS2_PLACEMENT_3D('',#2427,#1935,#1936);
#1647=AXIS2_PLACEMENT_3D('',#2429,#1938,#1939);
#1648=AXIS2_PLACEMENT_3D('',#2435,#1943,#1944);
#1649=AXIS2_PLACEMENT_3D('',#2438,#1945,#1946);
#1650=AXIS2_PLACEMENT_3D('',#2442,#1948,#1949);
#1651=AXIS2_PLACEMENT_3D('',#2444,#1951,#1952);
#1652=AXIS2_PLACEMENT_3D('',#2450,#1956,#1957);
#1653=AXIS2_PLACEMENT_3D('',#2453,#1958,#1959);
#1654=AXIS2_PLACEMENT_3D('',#2457,#1961,#1962);
#1655=AXIS2_PLACEMENT_3D('',#2459,#1964,#1965);
#1656=AXIS2_PLACEMENT_3D('',#2465,#1969,#1970);
#1657=AXIS2_PLACEMENT_3D('',#2467,#1971,#1972);
#1658=AXIS2_PLACEMENT_3D('',#2470,#1974,#1975);
#1659=AXIS2_PLACEMENT_3D('',#2471,#1976,#1977);
#1660=AXIS2_PLACEMENT_3D('',#2474,#1980,#1981);
#1661=AXIS2_PLACEMENT_3D('',#2477,#1983,#1984);
#1662=AXIS2_PLACEMENT_3D('',#2480,#1986,#1987);
#1663=AXIS2_PLACEMENT_3D('',#2483,#1989,#1990);
#1664=AXIS2_PLACEMENT_3D('',#2486,#1992,#1993);
#1665=AXIS2_PLACEMENT_3D('',#2489,#1995,#1996);
#1666=AXIS2_PLACEMENT_3D('',#2492,#1998,#1999);
#1667=AXIS2_PLACEMENT_3D('',#2495,#2001,#2002);
#1668=AXIS2_PLACEMENT_3D('',#2498,#2004,#2005);
#1669=AXIS2_PLACEMENT_3D('',#2501,#2007,#2008);
#1670=AXIS2_PLACEMENT_3D('',#2504,#2010,#2011);
#1671=AXIS2_PLACEMENT_3D('',#2507,#2013,#2014);
#1672=AXIS2_PLACEMENT_3D('',#2510,#2016,#2017);
#1673=AXIS2_PLACEMENT_3D('',#2514,#2020,#2021);
#1674=AXIS2_PLACEMENT_3D('',#2517,#2023,#2024);
#1675=AXIS2_PLACEMENT_3D('',#2520,#2026,#2027);
#1676=AXIS2_PLACEMENT_3D('',#2524,#2029,#2030);
#1677=AXIS2_PLACEMENT_3D('',#2536,#2037,#2038);
#1678=AXIS2_PLACEMENT_3D('',#2538,#2039,#2040);
#1679=AXIS2_PLACEMENT_3D('',#2540,#2042,#2043);
#1680=AXIS2_PLACEMENT_3D('',#2542,#2045,#2046);
#1681=AXIS2_PLACEMENT_3D('',#2544,#2047,#2048);
#1682=AXIS2_PLACEMENT_3D('',#2546,#2050,#2051);
#1683=AXIS2_PLACEMENT_3D('',#2548,#2053,#2054);
#1684=AXIS2_PLACEMENT_3D('',#2550,#2055,#2056);
#1685=AXIS2_PLACEMENT_3D('',#2552,#2058,#2059);
#1686=AXIS2_PLACEMENT_3D('',#2554,#2061,#2062);
#1687=AXIS2_PLACEMENT_3D('',#2556,#2063,#2064);
#1688=AXIS2_PLACEMENT_3D('',#2558,#2066,#2067);
#1689=AXIS2_PLACEMENT_3D('',#2560,#2069,#2070);
#1690=AXIS2_PLACEMENT_3D('',#2562,#2071,#2072);
#1691=AXIS2_PLACEMENT_3D('',#2564,#2074,#2075);
#1692=AXIS2_PLACEMENT_3D('',#2566,#2077,#2078);
#1693=AXIS2_PLACEMENT_3D('',#2568,#2079,#2080);
#1694=AXIS2_PLACEMENT_3D('',#2570,#2082,#2083);
#1695=AXIS2_PLACEMENT_3D('',#2572,#2085,#2086);
#1696=AXIS2_PLACEMENT_3D('',#2574,#2087,#2088);
#1697=AXIS2_PLACEMENT_3D('',#2576,#2090,#2091);
#1698=AXIS2_PLACEMENT_3D('',#2578,#2093,#2094);
#1699=AXIS2_PLACEMENT_3D('',#2580,#2095,#2096);
#1700=AXIS2_PLACEMENT_3D('',#2582,#2098,#2099);
#1701=AXIS2_PLACEMENT_3D('',#2584,#2101,#2102);
#1702=AXIS2_PLACEMENT_3D('',#2586,#2103,#2104);
#1703=AXIS2_PLACEMENT_3D('',#2588,#2106,#2107);
#1704=AXIS2_PLACEMENT_3D('',#2590,#2109,#2110);
#1705=AXIS2_PLACEMENT_3D('',#2592,#2111,#2112);
#1706=AXIS2_PLACEMENT_3D('',#2594,#2114,#2115);
#1707=AXIS2_PLACEMENT_3D('',#2596,#2117,#2118);
#1708=AXIS2_PLACEMENT_3D('',#2598,#2119,#2120);
#1709=AXIS2_PLACEMENT_3D('',#2600,#2122,#2123);
#1710=AXIS2_PLACEMENT_3D('',#2602,#2125,#2126);
#1711=AXIS2_PLACEMENT_3D('',#2604,#2127,#2128);
#1712=AXIS2_PLACEMENT_3D('',#2606,#2130,#2131);
#1713=AXIS2_PLACEMENT_3D('',#2608,#2133,#2134);
#1714=AXIS2_PLACEMENT_3D('',#2610,#2135,#2136);
#1715=AXIS2_PLACEMENT_3D('',#2612,#2138,#2139);
#1716=AXIS2_PLACEMENT_3D('',#2614,#2141,#2142);
#1717=AXIS2_PLACEMENT_3D('',#2616,#2143,#2144);
#1718=AXIS2_PLACEMENT_3D('',#2618,#2146,#2147);
#1719=AXIS2_PLACEMENT_3D('',#2620,#2149,#2150);
#1720=AXIS2_PLACEMENT_3D('',#2622,#2151,#2152);
#1721=AXIS2_PLACEMENT_3D('',#2624,#2154,#2155);
#1722=AXIS2_PLACEMENT_3D('',#2626,#2157,#2158);
#1723=AXIS2_PLACEMENT_3D('',#2629,#2159,#2160);
#1724=AXIS2_PLACEMENT_3D('',#2632,#2163,#2164);
#1725=AXIS2_PLACEMENT_3D('',#2634,#2166,#2167);
#1726=AXIS2_PLACEMENT_3D('',#2636,#2169,#2170);
#1727=AXIS2_PLACEMENT_3D('',#2640,#2173,#2174);
#1728=AXIS2_PLACEMENT_3D('',#2644,#2177,#2178);
#1729=AXIS2_PLACEMENT_3D('',#2648,#2181,#2182);
#1730=AXIS2_PLACEMENT_3D('',#2652,#2185,#2186);
#1731=AXIS2_PLACEMENT_3D('',#2656,#2189,#2190);
#1732=AXIS2_PLACEMENT_3D('',#2658,#2192,#2193);
#1733=DIRECTION('axis',(0.,0.,1.));
#1734=DIRECTION('refdir',(1.,0.,0.));
#1735=DIRECTION('center_axis',(0.,1.,0.));
#1736=DIRECTION('ref_axis',(-0.707106781186547,0.,-0.707106781186547));
#1737=DIRECTION('center_axis',(0.,-1.,0.));
#1738=DIRECTION('ref_axis',(-0.707106781186547,0.,-0.707106781186547));
#1739=DIRECTION('',(0.,1.,0.));
#1740=DIRECTION('center_axis',(0.,1.,0.));
#1741=DIRECTION('ref_axis',(-0.707106781186547,0.,-0.707106781186547));
#1742=DIRECTION('',(0.,-1.,0.));
#1743=DIRECTION('center_axis',(0.,0.,1.));
#1744=DIRECTION('ref_axis',(1.,0.,0.));
#1745=DIRECTION('',(-1.,0.,0.));
#1746=DIRECTION('',(0.,-1.,0.));
#1747=DIRECTION('',(1.,0.,0.));
#1748=DIRECTION('center_axis',(0.,1.,0.));
#1749=DIRECTION('ref_axis',(-0.707106781186547,0.,-0.707106781186547));
#1750=DIRECTION('center_axis',(0.,-1.,0.));
#1751=DIRECTION('ref_axis',(-0.707106781186547,0.,-0.707106781186547));
#1752=DIRECTION('',(0.,1.,0.));
#1753=DIRECTION('center_axis',(0.,1.,0.));
#1754=DIRECTION('ref_axis',(-0.707106781186547,0.,-0.707106781186547));
#1755=DIRECTION('',(0.,-1.,0.));
#1756=DIRECTION('center_axis',(0.,0.,1.));
#1757=DIRECTION('ref_axis',(1.,0.,0.));
#1758=DIRECTION('',(-1.,0.,0.));
#1759=DIRECTION('',(0.,-1.,0.));
#1760=DIRECTION('',(1.,0.,0.));
#1761=DIRECTION('center_axis',(0.,1.,0.));
#1762=DIRECTION('ref_axis',(-0.707106781186547,0.,-0.707106781186547));
#1763=DIRECTION('center_axis',(0.,-1.,0.));
#1764=DIRECTION('ref_axis',(-0.707106781186547,0.,-0.707106781186547));
#1765=DIRECTION('',(0.,1.,0.));
#1766=DIRECTION('center_axis',(0.,1.,0.));
#1767=DIRECTION('ref_axis',(-0.707106781186547,0.,-0.707106781186547));
#1768=DIRECTION('',(0.,-1.,0.));
#1769=DIRECTION('center_axis',(0.,0.,1.));
#1770=DIRECTION('ref_axis',(1.,0.,0.));
#1771=DIRECTION('',(-1.,0.,0.));
#1772=DIRECTION('',(0.,-1.,0.));
#1773=DIRECTION('',(1.,0.,0.));
#1774=DIRECTION('center_axis',(0.,1.,0.));
#1775=DIRECTION('ref_axis',(-0.707106781186547,0.,-0.707106781186547));
#1776=DIRECTION('center_axis',(0.,-1.,0.));
#1777=DIRECTION('ref_axis',(-0.707106781186547,0.,-0.707106781186547));
#1778=DIRECTION('',(0.,1.,0.));
#1779=DIRECTION('center_axis',(0.,1.,0.));
#1780=DIRECTION('ref_axis',(-0.707106781186547,0.,-0.707106781186547));
#1781=DIRECTION('',(0.,-1.,0.));
#1782=DIRECTION('center_axis',(0.,0.,1.));
#1783=DIRECTION('ref_axis',(1.,0.,0.));
#1784=DIRECTION('',(-1.,0.,0.));
#1785=DIRECTION('',(0.,1.,0.));
#1786=DIRECTION('',(1.,0.,0.));
#1787=DIRECTION('center_axis',(0.,1.,0.));
#1788=DIRECTION('ref_axis',(-0.707106781186547,0.,-0.707106781186547));
#1789=DIRECTION('center_axis',(0.,-1.,0.));
#1790=DIRECTION('ref_axis',(-0.707106781186547,0.,-0.707106781186547));
#1791=DIRECTION('',(0.,1.,0.));
#1792=DIRECTION('center_axis',(0.,1.,0.));
#1793=DIRECTION('ref_axis',(-0.707106781186547,0.,-0.707106781186547));
#1794=DIRECTION('',(0.,-1.,0.));
#1795=DIRECTION('center_axis',(0.,0.,1.));
#1796=DIRECTION('ref_axis',(1.,0.,0.));
#1797=DIRECTION('',(-1.,0.,0.));
#1798=DIRECTION('',(0.,-1.,0.));
#1799=DIRECTION('',(1.,0.,0.));
#1800=DIRECTION('center_axis',(0.,1.,0.));
#1801=DIRECTION('ref_axis',(-0.707106781186547,0.,-0.707106781186547));
#1802=DIRECTION('center_axis',(0.,-1.,0.));
#1803=DIRECTION('ref_axis',(-0.707106781186547,0.,-0.707106781186547));
#1804=DIRECTION('',(0.,1.,0.));
#1805=DIRECTION('center_axis',(0.,1.,0.));
#1806=DIRECTION('ref_axis',(-0.707106781186547,0.,-0.707106781186547));
#1807=DIRECTION('',(0.,-1.,0.));
#1808=DIRECTION('center_axis',(0.,0.,1.));
#1809=DIRECTION('ref_axis',(1.,0.,0.));
#1810=DIRECTION('',(-1.,0.,0.));
#1811=DIRECTION('',(0.,-1.,0.));
#1812=DIRECTION('',(1.,0.,0.));
#1813=DIRECTION('center_axis',(0.,1.,0.));
#1814=DIRECTION('ref_axis',(-0.707106781186547,0.,-0.707106781186547));
#1815=DIRECTION('center_axis',(0.,-1.,0.));
#1816=DIRECTION('ref_axis',(-0.707106781186547,0.,-0.707106781186547));
#1817=DIRECTION('',(0.,1.,0.));
#1818=DIRECTION('center_axis',(0.,1.,0.));
#1819=DIRECTION('ref_axis',(-0.707106781186547,0.,-0.707106781186547));
#1820=DIRECTION('',(0.,-1.,0.));
#1821=DIRECTION('center_axis',(0.,0.,1.));
#1822=DIRECTION('ref_axis',(1.,0.,0.));
#1823=DIRECTION('',(-1.,0.,0.));
#1824=DIRECTION('',(0.,-1.,0.));
#1825=DIRECTION('',(1.,0.,0.));
#1826=DIRECTION('center_axis',(0.,1.,0.));
#1827=DIRECTION('ref_axis',(-0.707106781186547,0.,-0.707106781186547));
#1828=DIRECTION('center_axis',(0.,-1.,0.));
#1829=DIRECTION('ref_axis',(-0.707106781186547,0.,-0.707106781186547));
#1830=DIRECTION('',(0.,1.,0.));
#1831=DIRECTION('center_axis',(0.,1.,0.));
#1832=DIRECTION('ref_axis',(-0.707106781186547,0.,-0.707106781186547));
#1833=DIRECTION('',(0.,-1.,0.));
#1834=DIRECTION('center_axis',(0.,0.,1.));
#1835=DIRECTION('ref_axis',(1.,0.,0.));
#1836=DIRECTION('',(-1.,0.,0.));
#1837=DIRECTION('',(0.,-1.,0.));
#1838=DIRECTION('',(1.,0.,0.));
#1839=DIRECTION('center_axis',(0.,1.,0.));
#1840=DIRECTION('ref_axis',(-0.707106781186547,0.,-0.707106781186547));
#1841=DIRECTION('center_axis',(0.,-1.,0.));
#1842=DIRECTION('ref_axis',(-0.707106781186547,0.,-0.707106781186547));
#1843=DIRECTION('',(0.,1.,0.));
#1844=DIRECTION('center_axis',(0.,1.,0.));
#1845=DIRECTION('ref_axis',(-0.707106781186547,0.,-0.707106781186547));
#1846=DIRECTION('',(0.,-1.,0.));
#1847=DIRECTION('center_axis',(0.,0.,1.));
#1848=DIRECTION('ref_axis',(1.,0.,0.));
#1849=DIRECTION('',(-1.,0.,0.));
#1850=DIRECTION('',(0.,-1.,0.));
#1851=DIRECTION('',(1.,0.,0.));
#1852=DIRECTION('center_axis',(0.,1.,0.));
#1853=DIRECTION('ref_axis',(-0.707106781186547,0.,-0.707106781186547));
#1854=DIRECTION('center_axis',(0.,-1.,0.));
#1855=DIRECTION('ref_axis',(-0.707106781186547,0.,-0.707106781186547));
#1856=DIRECTION('',(0.,1.,0.));
#1857=DIRECTION('center_axis',(0.,1.,0.));
#1858=DIRECTION('ref_axis',(-0.707106781186547,0.,-0.707106781186547));
#1859=DIRECTION('',(0.,-1.,0.));
#1860=DIRECTION('center_axis',(0.,0.,1.));
#1861=DIRECTION('ref_axis',(1.,0.,0.));
#1862=DIRECTION('',(-1.,0.,0.));
#1863=DIRECTION('',(0.,-1.,0.));
#1864=DIRECTION('',(1.,0.,0.));
#1865=DIRECTION('center_axis',(0.,1.,0.));
#1866=DIRECTION('ref_axis',(-0.707106781186547,0.,-0.707106781186547));
#1867=DIRECTION('center_axis',(0.,-1.,0.));
#1868=DIRECTION('ref_axis',(-0.707106781186547,0.,-0.707106781186547));
#1869=DIRECTION('',(0.,1.,0.));
#1870=DIRECTION('center_axis',(0.,1.,0.));
#1871=DIRECTION('ref_axis',(-0.707106781186547,0.,-0.707106781186547));
#1872=DIRECTION('',(0.,-1.,0.));
#1873=DIRECTION('center_axis',(0.,0.,1.));
#1874=DIRECTION('ref_axis',(1.,0.,0.));
#1875=DIRECTION('',(-1.,0.,0.));
#1876=DIRECTION('',(0.,-1.,0.));
#1877=DIRECTION('',(1.,0.,0.));
#1878=DIRECTION('center_axis',(0.,1.,0.));
#1879=DIRECTION('ref_axis',(-0.707106781186547,0.,-0.707106781186547));
#1880=DIRECTION('center_axis',(0.,-1.,0.));
#1881=DIRECTION('ref_axis',(-0.707106781186547,0.,-0.707106781186547));
#1882=DIRECTION('',(0.,1.,0.));
#1883=DIRECTION('center_axis',(0.,1.,0.));
#1884=DIRECTION('ref_axis',(-0.707106781186547,0.,-0.707106781186547));
#1885=DIRECTION('',(0.,-1.,0.));
#1886=DIRECTION('center_axis',(0.,0.,1.));
#1887=DIRECTION('ref_axis',(1.,0.,0.));
#1888=DIRECTION('',(-1.,0.,0.));
#1889=DIRECTION('',(0.,-1.,0.));
#1890=DIRECTION('',(1.,0.,0.));
#1891=DIRECTION('center_axis',(0.,1.,0.));
#1892=DIRECTION('ref_axis',(-0.707106781186547,0.,-0.707106781186547));
#1893=DIRECTION('center_axis',(0.,-1.,0.));
#1894=DIRECTION('ref_axis',(-0.707106781186547,0.,-0.707106781186547));
#1895=DIRECTION('',(0.,1.,0.));
#1896=DIRECTION('center_axis',(0.,1.,0.));
#1897=DIRECTION('ref_axis',(-0.707106781186547,0.,-0.707106781186547));
#1898=DIRECTION('',(0.,-1.,0.));
#1899=DIRECTION('center_axis',(0.,0.,1.));
#1900=DIRECTION('ref_axis',(1.,0.,0.));
#1901=DIRECTION('',(-1.,0.,0.));
#1902=DIRECTION('',(0.,-1.,0.));
#1903=DIRECTION('',(1.,0.,0.));
#1904=DIRECTION('center_axis',(0.,1.,0.));
#1905=DIRECTION('ref_axis',(-0.707106781186547,0.,-0.707106781186547));
#1906=DIRECTION('center_axis',(0.,-1.,0.));
#1907=DIRECTION('ref_axis',(-0.707106781186547,0.,-0.707106781186547));
#1908=DIRECTION('',(0.,1.,0.));
#1909=DIRECTION('center_axis',(0.,1.,0.));
#1910=DIRECTION('ref_axis',(-0.707106781186547,0.,-0.707106781186547));
#1911=DIRECTION('',(0.,-1.,0.));
#1912=DIRECTION('center_axis',(0.,0.,1.));
#1913=DIRECTION('ref_axis',(1.,0.,0.));
#1914=DIRECTION('',(-1.,0.,0.));
#1915=DIRECTION('',(0.,-1.,0.));
#1916=DIRECTION('',(1.,0.,0.));
#1917=DIRECTION('center_axis',(0.,1.,0.));
#1918=DIRECTION('ref_axis',(-0.707106781186547,0.,-0.707106781186547));
#1919=DIRECTION('center_axis',(0.,-1.,0.));
#1920=DIRECTION('ref_axis',(-0.707106781186547,0.,-0.707106781186547));
#1921=DIRECTION('',(0.,1.,0.));
#1922=DIRECTION('center_axis',(0.,1.,0.));
#1923=DIRECTION('ref_axis',(-0.707106781186547,0.,-0.707106781186547));
#1924=DIRECTION('',(0.,-1.,0.));
#1925=DIRECTION('center_axis',(0.,0.,1.));
#1926=DIRECTION('ref_axis',(1.,0.,0.));
#1927=DIRECTION('',(-1.,0.,0.));
#1928=DIRECTION('',(0.,-1.,0.));
#1929=DIRECTION('',(1.,0.,0.));
#1930=DIRECTION('center_axis',(0.,1.,0.));
#1931=DIRECTION('ref_axis',(-0.707106781186547,0.,-0.707106781186547));
#1932=DIRECTION('center_axis',(0.,-1.,0.));
#1933=DIRECTION('ref_axis',(-0.707106781186547,0.,-0.707106781186547));
#1934=DIRECTION('',(0.,1.,0.));
#1935=DIRECTION('center_axis',(0.,1.,0.));
#1936=DIRECTION('ref_axis',(-0.707106781186547,0.,-0.707106781186547));
#1937=DIRECTION('',(0.,-1.,0.));
#1938=DIRECTION('center_axis',(0.,0.,1.));
#1939=DIRECTION('ref_axis',(1.,0.,0.));
#1940=DIRECTION('',(-1.,0.,0.));
#1941=DIRECTION('',(0.,-1.,0.));
#1942=DIRECTION('',(1.,0.,0.));
#1943=DIRECTION('center_axis',(0.,1.,0.));
#1944=DIRECTION('ref_axis',(-0.707106781186547,0.,-0.707106781186547));
#1945=DIRECTION('center_axis',(0.,-1.,0.));
#1946=DIRECTION('ref_axis',(-0.707106781186547,0.,-0.707106781186547));
#1947=DIRECTION('',(0.,1.,0.));
#1948=DIRECTION('center_axis',(0.,1.,0.));
#1949=DIRECTION('ref_axis',(-0.707106781186547,0.,-0.707106781186547));
#1950=DIRECTION('',(0.,-1.,0.));
#1951=DIRECTION('center_axis',(0.,0.,1.));
#1952=DIRECTION('ref_axis',(1.,0.,0.));
#1953=DIRECTION('',(-1.,0.,0.));
#1954=DIRECTION('',(0.,-1.,0.));
#1955=DIRECTION('',(1.,0.,0.));
#1956=DIRECTION('center_axis',(0.,1.,0.));
#1957=DIRECTION('ref_axis',(-0.707106781186547,0.,-0.707106781186547));
#1958=DIRECTION('center_axis',(0.,-1.,0.));
#1959=DIRECTION('ref_axis',(-0.707106781186547,0.,-0.707106781186547));
#1960=DIRECTION('',(0.,1.,0.));
#1961=DIRECTION('center_axis',(0.,1.,0.));
#1962=DIRECTION('ref_axis',(-0.707106781186547,0.,-0.707106781186547));
#1963=DIRECTION('',(0.,-1.,0.));
#1964=DIRECTION('center_axis',(0.,0.,1.));
#1965=DIRECTION('ref_axis',(1.,0.,0.));
#1966=DIRECTION('',(-1.,0.,0.));
#1967=DIRECTION('',(0.,1.,0.));
#1968=DIRECTION('',(1.,0.,0.));
#1969=DIRECTION('center_axis',(0.,-1.,0.));
#1970=DIRECTION('ref_axis',(0.707106781186547,0.,0.707106781186547));
#1971=DIRECTION('center_axis',(0.,1.,0.));
#1972=DIRECTION('ref_axis',(0.707106781186547,0.,0.707106781186547));
#1973=DIRECTION('',(0.,1.,0.));
#1974=DIRECTION('center_axis',(0.,-1.,0.));
#1975=DIRECTION('ref_axis',(0.707106781186547,0.,0.707106781186547));
#1976=DIRECTION('center_axis',(1.,0.,0.));
#1977=DIRECTION('ref_axis',(0.,0.,-1.));
#1978=DIRECTION('',(0.,0.,-1.));
#1979=DIRECTION('',(0.,0.,1.));
#1980=DIRECTION('center_axis',(0.,-1.,0.));
#1981=DIRECTION('ref_axis',(0.,0.,-1.));
#1982=DIRECTION('',(0.,0.,1.));
#1983=DIRECTION('center_axis',(0.,1.,0.));
#1984=DIRECTION('ref_axis',(0.707106781186547,0.,0.707106781186547));
#1985=DIRECTION('',(0.,0.,1.));
#1986=DIRECTION('center_axis',(0.,1.,0.));
#1987=DIRECTION('ref_axis',(0.707106781186547,0.,0.707106781186547));
#1988=DIRECTION('',(-7.5791225147744E-15,0.,1.));
#1989=DIRECTION('center_axis',(0.,1.,0.));
#1990=DIRECTION('ref_axis',(0.707106781186547,0.,0.707106781186547));
#1991=DIRECTION('',(0.,0.,1.));
#1992=DIRECTION('center_axis',(0.,1.,0.));
#1993=DIRECTION('ref_axis',(0.707106781186547,0.,0.707106781186547));
#1994=DIRECTION('',(0.,0.,1.));
#1995=DIRECTION('center_axis',(0.,1.,0.));
#1996=DIRECTION('ref_axis',(0.707106781186547,0.,0.707106781186547));
#1997=DIRECTION('',(0.,0.,1.));
#1998=DIRECTION('center_axis',(0.,1.,0.));
#1999=DIRECTION('ref_axis',(0.707106781186547,0.,0.707106781186547));
#2000=DIRECTION('',(-2.368475785867E-16,0.,1.));
#2001=DIRECTION('center_axis',(0.,1.,0.));
#2002=DIRECTION('ref_axis',(0.707106781186547,0.,0.707106781186547));
#2003=DIRECTION('',(2.36107429903617E-15,0.,1.));
#2004=DIRECTION('center_axis',(0.,1.,0.));
#2005=DIRECTION('ref_axis',(0.707106781186547,0.,0.707106781186547));
#2006=DIRECTION('',(3.3158661002138E-15,0.,1.));
#2007=DIRECTION('center_axis',(0.,1.,0.));
#2008=DIRECTION('ref_axis',(0.707106781186547,0.,0.707106781186547));
#2009=DIRECTION('',(0.,0.,1.));
#2010=DIRECTION('center_axis',(0.,1.,0.));
#2011=DIRECTION('ref_axis',(0.707106781186547,0.,0.707106781186547));
#2012=DIRECTION('',(0.,0.,1.));
#2013=DIRECTION('center_axis',(0.,1.,0.));
#2014=DIRECTION('ref_axis',(0.707106781186547,0.,0.707106781186547));
#2015=DIRECTION('',(0.,0.,1.));
#2016=DIRECTION('center_axis',(0.,1.,0.));
#2017=DIRECTION('ref_axis',(0.707106781186547,0.,0.707106781186547));
#2018=DIRECTION('',(0.,0.,1.));
#2019=DIRECTION('',(0.,0.,1.));
#2020=DIRECTION('center_axis',(0.,1.,0.));
#2021=DIRECTION('ref_axis',(0.707106781186547,0.,0.707106781186547));
#2022=DIRECTION('',(0.,0.,1.));
#2023=DIRECTION('center_axis',(0.,1.,0.));
#2024=DIRECTION('ref_axis',(0.707106781186547,0.,0.707106781186547));
#2025=DIRECTION('',(0.,0.,1.));
#2026=DIRECTION('center_axis',(0.,1.,0.));
#2027=DIRECTION('ref_axis',(0.707106781186547,0.,0.707106781186547));
#2028=DIRECTION('',(0.,0.,1.));
#2029=DIRECTION('center_axis',(0.,1.,0.));
#2030=DIRECTION('ref_axis',(0.707106781186547,0.,0.707106781186547));
#2031=DIRECTION('',(-1.,0.,0.));
#2032=DIRECTION('',(0.,0.,-1.));
#2033=DIRECTION('',(1.,0.,2.57972063332382E-15));
#2034=DIRECTION('',(0.890319275883572,0.,-0.455336784139116));
#2035=DIRECTION('',(1.,0.,0.));
#2036=DIRECTION('',(0.,0.,1.));
#2037=DIRECTION('center_axis',(0.,1.,0.));
#2038=DIRECTION('ref_axis',(0.707106781186547,0.,0.707106781186547));
#2039=DIRECTION('center_axis',(0.,-1.,0.));
#2040=DIRECTION('ref_axis',(0.707106781186547,0.,0.707106781186547));
#2041=DIRECTION('',(0.,1.,0.));
#2042=DIRECTION('center_axis',(1.,0.,0.));
#2043=DIRECTION('ref_axis',(0.,0.,-1.));
#2044=DIRECTION('',(0.,0.,-1.));
#2045=DIRECTION('center_axis',(0.,1.,0.));
#2046=DIRECTION('ref_axis',(0.707106781186547,0.,0.707106781186547));
#2047=DIRECTION('center_axis',(0.,-1.,0.));
#2048=DIRECTION('ref_axis',(0.707106781186547,0.,0.707106781186547));
#2049=DIRECTION('',(0.,1.,0.));
#2050=DIRECTION('center_axis',(1.,0.,0.));
#2051=DIRECTION('ref_axis',(0.,0.,-1.));
#2052=DIRECTION('',(0.,0.,-1.));
#2053=DIRECTION('center_axis',(0.,1.,0.));
#2054=DIRECTION('ref_axis',(0.707106781186547,0.,0.707106781186547));
#2055=DIRECTION('center_axis',(0.,-1.,0.));
#2056=DIRECTION('ref_axis',(0.707106781186547,0.,0.707106781186547));
#2057=DIRECTION('',(0.,1.,0.));
#2058=DIRECTION('center_axis',(1.,0.,7.5791225147744E-15));
#2059=DIRECTION('ref_axis',(7.5791225147744E-15,0.,-1.));
#2060=DIRECTION('',(7.5791225147744E-15,0.,-1.));
#2061=DIRECTION('center_axis',(0.,1.,0.));
#2062=DIRECTION('ref_axis',(0.707106781186547,0.,0.707106781186547));
#2063=DIRECTION('center_axis',(0.,-1.,0.));
#2064=DIRECTION('ref_axis',(0.707106781186547,0.,0.707106781186547));
#2065=DIRECTION('',(0.,1.,0.));
#2066=DIRECTION('center_axis',(1.,0.,0.));
#2067=DIRECTION('ref_axis',(0.,0.,-1.));
#2068=DIRECTION('',(0.,0.,-1.));
#2069=DIRECTION('center_axis',(0.,1.,0.));
#2070=DIRECTION('ref_axis',(0.707106781186547,0.,0.707106781186547));
#2071=DIRECTION('center_axis',(0.,-1.,0.));
#2072=DIRECTION('ref_axis',(0.707106781186547,0.,0.707106781186547));
#2073=DIRECTION('',(0.,1.,0.));
#2074=DIRECTION('center_axis',(1.,0.,0.));
#2075=DIRECTION('ref_axis',(0.,0.,-1.));
#2076=DIRECTION('',(0.,0.,-1.));
#2077=DIRECTION('center_axis',(0.,1.,0.));
#2078=DIRECTION('ref_axis',(0.707106781186547,0.,0.707106781186547));
#2079=DIRECTION('center_axis',(0.,-1.,0.));
#2080=DIRECTION('ref_axis',(0.707106781186547,0.,0.707106781186547));
#2081=DIRECTION('',(0.,1.,0.));
#2082=DIRECTION('center_axis',(1.,0.,0.));
#2083=DIRECTION('ref_axis',(0.,0.,-1.));
#2084=DIRECTION('',(0.,0.,-1.));
#2085=DIRECTION('center_axis',(0.,1.,0.));
#2086=DIRECTION('ref_axis',(0.707106781186547,0.,0.707106781186547));
#2087=DIRECTION('center_axis',(0.,-1.,0.));
#2088=DIRECTION('ref_axis',(0.707106781186547,0.,0.707106781186547));
#2089=DIRECTION('',(0.,1.,0.));
#2090=DIRECTION('center_axis',(1.,0.,2.368475785867E-16));
#2091=DIRECTION('ref_axis',(2.368475785867E-16,0.,-1.));
#2092=DIRECTION('',(2.368475785867E-16,0.,-1.));
#2093=DIRECTION('center_axis',(0.,1.,0.));
#2094=DIRECTION('ref_axis',(0.707106781186547,0.,0.707106781186547));
#2095=DIRECTION('center_axis',(0.,-1.,0.));
#2096=DIRECTION('ref_axis',(0.707106781186547,0.,0.707106781186547));
#2097=DIRECTION('',(0.,1.,0.));
#2098=DIRECTION('center_axis',(1.,0.,-2.36107429903617E-15));
#2099=DIRECTION('ref_axis',(-2.36107429903617E-15,0.,-1.));
#2100=DIRECTION('',(-2.36107429903617E-15,0.,-1.));
#2101=DIRECTION('center_axis',(0.,1.,0.));
#2102=DIRECTION('ref_axis',(0.707106781186547,0.,0.707106781186547));
#2103=DIRECTION('center_axis',(0.,-1.,0.));
#2104=DIRECTION('ref_axis',(0.707106781186547,0.,0.707106781186547));
#2105=DIRECTION('',(0.,1.,0.));
#2106=DIRECTION('center_axis',(1.,0.,-3.3158661002138E-15));
#2107=DIRECTION('ref_axis',(-3.3158661002138E-15,0.,-1.));
#2108=DIRECTION('',(-3.3158661002138E-15,0.,-1.));
#2109=DIRECTION('center_axis',(0.,1.,0.));
#2110=DIRECTION('ref_axis',(0.707106781186547,0.,0.707106781186547));
#2111=DIRECTION('center_axis',(0.,-1.,0.));
#2112=DIRECTION('ref_axis',(0.707106781186547,0.,0.707106781186547));
#2113=DIRECTION('',(0.,1.,0.));
#2114=DIRECTION('center_axis',(1.,0.,0.));
#2115=DIRECTION('ref_axis',(0.,0.,-1.));
#2116=DIRECTION('',(0.,0.,-1.));
#2117=DIRECTION('center_axis',(0.,1.,0.));
#2118=DIRECTION('ref_axis',(0.707106781186547,0.,0.707106781186547));
#2119=DIRECTION('center_axis',(0.,-1.,0.));
#2120=DIRECTION('ref_axis',(0.707106781186547,0.,0.707106781186547));
#2121=DIRECTION('',(0.,1.,0.));
#2122=DIRECTION('center_axis',(1.,0.,0.));
#2123=DIRECTION('ref_axis',(0.,0.,-1.));
#2124=DIRECTION('',(0.,0.,-1.));
#2125=DIRECTION('center_axis',(0.,1.,0.));
#2126=DIRECTION('ref_axis',(0.707106781186547,0.,0.707106781186547));
#2127=DIRECTION('center_axis',(0.,-1.,0.));
#2128=DIRECTION('ref_axis',(0.707106781186547,0.,0.707106781186547));
#2129=DIRECTION('',(0.,1.,0.));
#2130=DIRECTION('center_axis',(1.,0.,0.));
#2131=DIRECTION('ref_axis',(0.,0.,-1.));
#2132=DIRECTION('',(0.,0.,-1.));
#2133=DIRECTION('center_axis',(0.,1.,0.));
#2134=DIRECTION('ref_axis',(0.707106781186547,0.,0.707106781186547));
#2135=DIRECTION('center_axis',(0.,-1.,0.));
#2136=DIRECTION('ref_axis',(0.707106781186547,0.,0.707106781186547));
#2137=DIRECTION('',(0.,1.,0.));
#2138=DIRECTION('center_axis',(1.,0.,0.));
#2139=DIRECTION('ref_axis',(0.,0.,-1.));
#2140=DIRECTION('',(0.,0.,-1.));
#2141=DIRECTION('center_axis',(0.,1.,0.));
#2142=DIRECTION('ref_axis',(0.707106781186547,0.,0.707106781186547));
#2143=DIRECTION('center_axis',(0.,-1.,0.));
#2144=DIRECTION('ref_axis',(0.707106781186547,0.,0.707106781186547));
#2145=DIRECTION('',(0.,1.,0.));
#2146=DIRECTION('center_axis',(1.,0.,0.));
#2147=DIRECTION('ref_axis',(0.,0.,-1.));
#2148=DIRECTION('',(0.,0.,-1.));
#2149=DIRECTION('center_axis',(0.,1.,0.));
#2150=DIRECTION('ref_axis',(0.707106781186547,0.,0.707106781186547));
#2151=DIRECTION('center_axis',(0.,-1.,0.));
#2152=DIRECTION('ref_axis',(0.707106781186547,0.,0.707106781186547));
#2153=DIRECTION('',(0.,1.,0.));
#2154=DIRECTION('center_axis',(1.,0.,0.));
#2155=DIRECTION('ref_axis',(0.,0.,-1.));
#2156=DIRECTION('',(0.,0.,-1.));
#2157=DIRECTION('center_axis',(0.,1.,0.));
#2158=DIRECTION('ref_axis',(0.707106781186547,0.,0.707106781186547));
#2159=DIRECTION('center_axis',(0.,-1.,0.));
#2160=DIRECTION('ref_axis',(0.707106781186547,0.,0.707106781186547));
#2161=DIRECTION('',(0.,-1.,0.));
#2162=DIRECTION('',(0.,1.,0.));
#2163=DIRECTION('center_axis',(1.,0.,0.));
#2164=DIRECTION('ref_axis',(0.,0.,-1.));
#2165=DIRECTION('',(0.,0.,-1.));
#2166=DIRECTION('center_axis',(1.,0.,0.));
#2167=DIRECTION('ref_axis',(0.,0.,-1.));
#2168=DIRECTION('',(0.,0.,-1.));
#2169=DIRECTION('center_axis',(0.,0.,1.));
#2170=DIRECTION('ref_axis',(1.,0.,0.));
#2171=DIRECTION('',(1.,0.,0.));
#2172=DIRECTION('',(0.,1.,0.));
#2173=DIRECTION('center_axis',(-1.,0.,0.));
#2174=DIRECTION('ref_axis',(0.,0.,1.));
#2175=DIRECTION('',(0.,0.,1.));
#2176=DIRECTION('',(0.,1.,0.));
#2177=DIRECTION('center_axis',(2.57972063332382E-15,0.,-1.));
#2178=DIRECTION('ref_axis',(-1.,0.,-2.57972063332382E-15));
#2179=DIRECTION('',(-1.,0.,-2.57972063332382E-15));
#2180=DIRECTION('',(0.,1.,0.));
#2181=DIRECTION('center_axis',(-0.455336784139116,0.,-0.890319275883572));
#2182=DIRECTION('ref_axis',(-0.890319275883572,0.,0.455336784139116));
#2183=DIRECTION('',(-0.890319275883572,0.,0.455336784139116));
#2184=DIRECTION('',(0.,1.,0.));
#2185=DIRECTION('center_axis',(0.,0.,-1.));
#2186=DIRECTION('ref_axis',(-1.,0.,0.));
#2187=DIRECTION('',(-1.,0.,0.));
#2188=DIRECTION('',(0.,1.,0.));
#2189=DIRECTION('center_axis',(1.,0.,0.));
#2190=DIRECTION('ref_axis',(0.,0.,-1.));
#2191=DIRECTION('',(0.,0.,-1.));
#2192=DIRECTION('center_axis',(0.,1.,0.));
#2193=DIRECTION('ref_axis',(0.,0.,1.));
#2194=CARTESIAN_POINT('',(0.,0.,0.));
#2195=CARTESIAN_POINT('Origin',(-2680.69437695328,0.,3689.69015095935));
#2196=CARTESIAN_POINT('',(-2690.69437695328,-520.,3689.69015095935));
#2197=CARTESIAN_POINT('',(-2680.69437695328,-520.,3679.69015095935));
#2198=CARTESIAN_POINT('Origin',(-2680.69437695328,-520.,3689.69015095935));
#2199=CARTESIAN_POINT('',(-2680.69437695328,520.,3679.69015095935));
#2200=CARTESIAN_POINT('',(-2680.69437695328,0.,3679.69015095935));
#2201=CARTESIAN_POINT('',(-2690.69437695328,520.,3689.69015095935));
#2202=CARTESIAN_POINT('Origin',(-2680.69437695328,520.,3689.69015095935));
#2203=CARTESIAN_POINT('',(-2690.69437695328,0.,3689.69015095935));
#2204=CARTESIAN_POINT('Origin',(-2690.69437695328,0.,3679.69015095935));
#2205=CARTESIAN_POINT('',(-2410.69437695328,-520.,3679.69015095935));
#2206=CARTESIAN_POINT('',(-2690.69437695328,-520.,3679.69015095935));
#2207=CARTESIAN_POINT('',(-2410.69437695328,520.,3679.69015095935));
#2208=CARTESIAN_POINT('',(-2410.69437695328,0.,3679.69015095935));
#2209=CARTESIAN_POINT('',(-2690.69437695328,520.,3679.69015095935));
#2210=CARTESIAN_POINT('Origin',(-2380.69437695328,0.,3539.69015095935));
#2211=CARTESIAN_POINT('',(-2390.69437695328,-520.,3539.69015095935));
#2212=CARTESIAN_POINT('',(-2380.69437695328,-520.,3529.69015095935));
#2213=CARTESIAN_POINT('Origin',(-2380.69437695328,-520.,3539.69015095935));
#2214=CARTESIAN_POINT('',(-2380.69437695328,520.,3529.69015095935));
#2215=CARTESIAN_POINT('',(-2380.69437695328,0.,3529.69015095935));
#2216=CARTESIAN_POINT('',(-2390.69437695328,520.,3539.69015095935));
#2217=CARTESIAN_POINT('Origin',(-2380.69437695328,520.,3539.69015095935));
#2218=CARTESIAN_POINT('',(-2390.69437695328,0.,3539.69015095935));
#2219=CARTESIAN_POINT('Origin',(-2390.69437695328,0.,3529.69015095935));
#2220=CARTESIAN_POINT('',(-2110.69437695328,-520.,3529.69015095935));
#2221=CARTESIAN_POINT('',(-2390.69437695328,-520.,3529.69015095935));
#2222=CARTESIAN_POINT('',(-2110.69437695328,520.,3529.69015095935));
#2223=CARTESIAN_POINT('',(-2110.69437695328,0.,3529.69015095935));
#2224=CARTESIAN_POINT('',(-2390.69437695328,520.,3529.69015095935));
#2225=CARTESIAN_POINT('Origin',(-2080.69437695328,0.,3389.69015095935));
#2226=CARTESIAN_POINT('',(-2090.69437695328,-520.,3389.69015095935));
#2227=CARTESIAN_POINT('',(-2080.69437695328,-520.,3379.69015095935));
#2228=CARTESIAN_POINT('Origin',(-2080.69437695328,-520.,3389.69015095935));
#2229=CARTESIAN_POINT('',(-2080.69437695328,520.,3379.69015095935));
#2230=CARTESIAN_POINT('',(-2080.69437695328,0.,3379.69015095935));
#2231=CARTESIAN_POINT('',(-2090.69437695328,520.,3389.69015095935));
#2232=CARTESIAN_POINT('Origin',(-2080.69437695328,520.,3389.69015095935));
#2233=CARTESIAN_POINT('',(-2090.69437695328,0.,3389.69015095935));
#2234=CARTESIAN_POINT('Origin',(-2090.69437695328,0.,3379.69015095935));
#2235=CARTESIAN_POINT('',(-1810.69437695328,-520.,3379.69015095935));
#2236=CARTESIAN_POINT('',(-2090.69437695328,-520.,3379.69015095935));
#2237=CARTESIAN_POINT('',(-1810.69437695328,520.,3379.69015095935));
#2238=CARTESIAN_POINT('',(-1810.69437695328,0.,3379.69015095935));
#2239=CARTESIAN_POINT('',(-2090.69437695328,520.,3379.69015095935));
#2240=CARTESIAN_POINT('Origin',(-1780.69437695328,0.,3239.69015095935));
#2241=CARTESIAN_POINT('',(-1790.69437695328,-520.,3239.69015095935));
#2242=CARTESIAN_POINT('',(-1780.69437695328,-520.,3229.69015095935));
#2243=CARTESIAN_POINT('Origin',(-1780.69437695328,-520.,3239.69015095935));
#2244=CARTESIAN_POINT('',(-1780.69437695328,520.,3229.69015095935));
#2245=CARTESIAN_POINT('',(-1780.69437695328,0.,3229.69015095935));
#2246=CARTESIAN_POINT('',(-1790.69437695328,520.,3239.69015095935));
#2247=CARTESIAN_POINT('Origin',(-1780.69437695328,520.,3239.69015095935));
#2248=CARTESIAN_POINT('',(-1790.69437695328,0.,3239.69015095935));
#2249=CARTESIAN_POINT('Origin',(-1790.69437695328,0.,3229.69015095935));
#2250=CARTESIAN_POINT('',(-1490.69437695328,-520.,3229.69015095935));
#2251=CARTESIAN_POINT('',(-1790.69437695328,-520.,3229.69015095935));
#2252=CARTESIAN_POINT('',(-1490.69437695328,520.,3229.69015095935));
#2253=CARTESIAN_POINT('',(-1490.69437695328,0.,3229.69015095935));
#2254=CARTESIAN_POINT('',(-1790.69437695328,520.,3229.69015095935));
#2255=CARTESIAN_POINT('Origin',(-1480.69437695328,0.,3089.69015095935));
#2256=CARTESIAN_POINT('',(-1490.69437695328,-520.,3089.69015095935));
#2257=CARTESIAN_POINT('',(-1480.69437695328,-520.,3079.69015095935));
#2258=CARTESIAN_POINT('Origin',(-1480.69437695328,-520.,3089.69015095935));
#2259=CARTESIAN_POINT('',(-1480.69437695328,520.,3079.69015095935));
#2260=CARTESIAN_POINT('',(-1480.69437695328,0.,3079.69015095935));
#2261=CARTESIAN_POINT('',(-1490.69437695328,520.,3089.69015095935));
#2262=CARTESIAN_POINT('Origin',(-1480.69437695328,520.,3089.69015095935));
#2263=CARTESIAN_POINT('',(-1490.69437695328,0.,3089.69015095935));
#2264=CARTESIAN_POINT('Origin',(-1490.69437695328,0.,3079.69015095935));
#2265=CARTESIAN_POINT('',(-1210.69437695328,-520.,3079.69015095935));
#2266=CARTESIAN_POINT('',(-1490.69437695328,-520.,3079.69015095935));
#2267=CARTESIAN_POINT('',(-1210.69437695328,520.,3079.69015095935));
#2268=CARTESIAN_POINT('',(-1210.69437695328,0.,3079.69015095935));
#2269=CARTESIAN_POINT('',(-1490.69437695328,520.,3079.69015095935));
#2270=CARTESIAN_POINT('Origin',(-1180.69437695328,0.,2939.69015095935));
#2271=CARTESIAN_POINT('',(-1190.69437695328,-520.,2939.69015095935));
#2272=CARTESIAN_POINT('',(-1180.69437695328,-520.,2929.69015095935));
#2273=CARTESIAN_POINT('Origin',(-1180.69437695328,-520.,2939.69015095935));
#2274=CARTESIAN_POINT('',(-1180.69437695328,520.,2929.69015095935));
#2275=CARTESIAN_POINT('',(-1180.69437695328,0.,2929.69015095935));
#2276=CARTESIAN_POINT('',(-1190.69437695328,520.,2939.69015095935));
#2277=CARTESIAN_POINT('Origin',(-1180.69437695328,520.,2939.69015095935));
#2278=CARTESIAN_POINT('',(-1190.69437695328,0.,2939.69015095935));
#2279=CARTESIAN_POINT('Origin',(-1190.69437695328,0.,2929.69015095935));
#2280=CARTESIAN_POINT('',(-910.694376953279,-520.,2929.69015095935));
#2281=CARTESIAN_POINT('',(-1190.69437695328,-520.,2929.69015095935));
#2282=CARTESIAN_POINT('',(-910.694376953279,520.,2929.69015095935));
#2283=CARTESIAN_POINT('',(-910.694376953279,0.,2929.69015095935));
#2284=CARTESIAN_POINT('',(-1190.69437695328,520.,2929.69015095935));
#2285=CARTESIAN_POINT('Origin',(-880.694376953279,0.,2789.69015095935));
#2286=CARTESIAN_POINT('',(-890.694376953279,-520.,2789.69015095935));
#2287=CARTESIAN_POINT('',(-880.694376953279,-520.,2779.69015095935));
#2288=CARTESIAN_POINT('Origin',(-880.694376953279,-520.,2789.69015095935));
#2289=CARTESIAN_POINT('',(-880.694376953279,520.,2779.69015095935));
#2290=CARTESIAN_POINT('',(-880.694376953279,0.,2779.69015095935));
#2291=CARTESIAN_POINT('',(-890.694376953279,520.,2789.69015095935));
#2292=CARTESIAN_POINT('Origin',(-880.694376953279,520.,2789.69015095935));
#2293=CARTESIAN_POINT('',(-890.694376953279,0.,2789.69015095935));
#2294=CARTESIAN_POINT('Origin',(-890.694376953279,0.,2779.69015095935));
#2295=CARTESIAN_POINT('',(-610.694376953279,-520.,2779.69015095935));
#2296=CARTESIAN_POINT('',(-890.694376953279,-520.,2779.69015095935));
#2297=CARTESIAN_POINT('',(-610.694376953279,520.,2779.69015095935));
#2298=CARTESIAN_POINT('',(-610.694376953279,0.,2779.69015095935));
#2299=CARTESIAN_POINT('',(-890.694376953279,520.,2779.69015095935));
#2300=CARTESIAN_POINT('Origin',(-580.694376953279,0.,2639.69015095935));
#2301=CARTESIAN_POINT('',(-590.694376953279,-520.,2639.69015095935));
#2302=CARTESIAN_POINT('',(-580.694376953279,-520.,2629.69015095935));
#2303=CARTESIAN_POINT('Origin',(-580.694376953279,-520.,2639.69015095935));
#2304=CARTESIAN_POINT('',(-580.694376953279,520.,2629.69015095935));
#2305=CARTESIAN_POINT('',(-580.694376953279,0.,2629.69015095935));
#2306=CARTESIAN_POINT('',(-590.694376953279,520.,2639.69015095935));
#2307=CARTESIAN_POINT('Origin',(-580.694376953279,520.,2639.69015095935));
#2308=CARTESIAN_POINT('',(-590.694376953279,0.,2639.69015095935));
#2309=CARTESIAN_POINT('Origin',(-590.694376953279,0.,2629.69015095935));
#2310=CARTESIAN_POINT('',(-310.694376953279,-520.,2629.69015095935));
#2311=CARTESIAN_POINT('',(-590.694376953279,-520.,2629.69015095935));
#2312=CARTESIAN_POINT('',(-310.694376953279,520.,2629.69015095935));
#2313=CARTESIAN_POINT('',(-310.694376953279,0.,2629.69015095935));
#2314=CARTESIAN_POINT('',(-590.694376953279,520.,2629.69015095935));
#2315=CARTESIAN_POINT('Origin',(-280.69437695328,0.,2489.69015095935));
#2316=CARTESIAN_POINT('',(-290.694376953279,-520.,2489.69015095935));
#2317=CARTESIAN_POINT('',(-280.69437695328,-520.,2479.69015095935));
#2318=CARTESIAN_POINT('Origin',(-280.69437695328,-520.,2489.69015095935));
#2319=CARTESIAN_POINT('',(-280.69437695328,520.,2479.69015095935));
#2320=CARTESIAN_POINT('',(-280.69437695328,0.,2479.69015095935));
#2321=CARTESIAN_POINT('',(-290.694376953279,520.,2489.69015095935));
#2322=CARTESIAN_POINT('Origin',(-280.69437695328,520.,2489.69015095935));
#2323=CARTESIAN_POINT('',(-290.694376953279,0.,2489.69015095935));
#2324=CARTESIAN_POINT('Origin',(-290.69437695328,0.,2479.69015095935));
#2325=CARTESIAN_POINT('',(-10.694376953279,-520.,2479.69015095935));
#2326=CARTESIAN_POINT('',(-290.69437695328,-520.,2479.69015095935));
#2327=CARTESIAN_POINT('',(-10.694376953279,520.,2479.69015095935));
#2328=CARTESIAN_POINT('',(-10.694376953279,0.,2479.69015095935));
#2329=CARTESIAN_POINT('',(-290.69437695328,520.,2479.69015095935));
#2330=CARTESIAN_POINT('Origin',(19.3056230467207,0.,2339.69015095935));
#2331=CARTESIAN_POINT('',(9.30562304672069,-520.,2339.69015095935));
#2332=CARTESIAN_POINT('',(19.3056230467207,-520.,2329.69015095935));
#2333=CARTESIAN_POINT('Origin',(19.3056230467207,-520.,2339.69015095935));
#2334=CARTESIAN_POINT('',(19.3056230467207,520.,2329.69015095935));
#2335=CARTESIAN_POINT('',(19.3056230467207,0.,2329.69015095935));
#2336=CARTESIAN_POINT('',(9.30562304672069,520.,2339.69015095935));
#2337=CARTESIAN_POINT('Origin',(19.3056230467207,520.,2339.69015095935));
#2338=CARTESIAN_POINT('',(9.30562304672069,0.,2339.69015095935));
#2339=CARTESIAN_POINT('Origin',(9.30562304672067,0.,2329.69015095935));
#2340=CARTESIAN_POINT('',(289.305623046721,-520.,2329.69015095935));
#2341=CARTESIAN_POINT('',(9.30562304672067,-520.,2329.69015095935));
#2342=CARTESIAN_POINT('',(289.305623046721,520.,2329.69015095935));
#2343=CARTESIAN_POINT('',(289.305623046721,0.,2329.69015095935));
#2344=CARTESIAN_POINT('',(9.30562304672067,520.,2329.69015095935));
#2345=CARTESIAN_POINT('Origin',(319.305623046721,0.,2189.69015095935));
#2346=CARTESIAN_POINT('',(309.305623046721,-520.,2189.69015095935));
#2347=CARTESIAN_POINT('',(319.305623046721,-520.,2179.69015095935));
#2348=CARTESIAN_POINT('Origin',(319.305623046721,-520.,2189.69015095935));
#2349=CARTESIAN_POINT('',(319.305623046721,520.,2179.69015095935));
#2350=CARTESIAN_POINT('',(319.305623046721,0.,2179.69015095935));
#2351=CARTESIAN_POINT('',(309.305623046721,520.,2189.69015095935));
#2352=CARTESIAN_POINT('Origin',(319.305623046721,520.,2189.69015095935));
#2353=CARTESIAN_POINT('',(309.305623046721,0.,2189.69015095935));
#2354=CARTESIAN_POINT('Origin',(309.305623046721,0.,2179.69015095935));
#2355=CARTESIAN_POINT('',(589.305623046721,-520.,2179.69015095935));
#2356=CARTESIAN_POINT('',(309.305623046721,-520.,2179.69015095935));
#2357=CARTESIAN_POINT('',(589.305623046721,520.,2179.69015095935));
#2358=CARTESIAN_POINT('',(589.305623046721,0.,2179.69015095935));
#2359=CARTESIAN_POINT('',(309.305623046721,520.,2179.69015095935));
#2360=CARTESIAN_POINT('Origin',(619.305623046721,0.,2039.69015095935));
#2361=CARTESIAN_POINT('',(609.305623046721,-520.,2039.69015095935));
#2362=CARTESIAN_POINT('',(619.305623046721,-520.,2029.69015095935));
#2363=CARTESIAN_POINT('Origin',(619.305623046721,-520.,2039.69015095935));
#2364=CARTESIAN_POINT('',(619.305623046721,520.,2029.69015095935));
#2365=CARTESIAN_POINT('',(619.305623046721,0.,2029.69015095935));
#2366=CARTESIAN_POINT('',(609.305623046721,520.,2039.69015095935));
#2367=CARTESIAN_POINT('Origin',(619.305623046721,520.,2039.69015095935));
#2368=CARTESIAN_POINT('',(609.305623046721,0.,2039.69015095935));
#2369=CARTESIAN_POINT('Origin',(609.305623046721,0.,2029.69015095935));
#2370=CARTESIAN_POINT('',(826.667133093872,-520.,2029.69015095935));
#2371=CARTESIAN_POINT('',(609.305623046721,-520.,2029.69015095935));
#2372=CARTESIAN_POINT('',(826.667133093872,520.,2029.69015095935));
#2373=CARTESIAN_POINT('',(826.667133093872,0.,2029.69015095935));
#2374=CARTESIAN_POINT('',(609.305623046721,520.,2029.69015095935));
#2375=CARTESIAN_POINT('Origin',(856.667133093872,0.,1889.69015095935));
#2376=CARTESIAN_POINT('',(846.667133093872,-520.,1889.69015095935));
#2377=CARTESIAN_POINT('',(856.667133093872,-520.,1879.69015095935));
#2378=CARTESIAN_POINT('Origin',(856.667133093872,-520.,1889.69015095935));
#2379=CARTESIAN_POINT('',(856.667133093872,520.,1879.69015095935));
#2380=CARTESIAN_POINT('',(856.667133093872,0.,1879.69015095935));
#2381=CARTESIAN_POINT('',(846.667133093872,520.,1889.69015095935));
#2382=CARTESIAN_POINT('Origin',(856.667133093872,520.,1889.69015095935));
#2383=CARTESIAN_POINT('',(846.667133093872,0.,1889.69015095935));
#2384=CARTESIAN_POINT('Origin',(846.667133093872,0.,1879.69015095935));
#2385=CARTESIAN_POINT('',(1126.66713309387,-520.,1879.69015095935));
#2386=CARTESIAN_POINT('',(846.667133093872,-520.,1879.69015095935));
#2387=CARTESIAN_POINT('',(1126.66713309387,520.,1879.69015095935));
#2388=CARTESIAN_POINT('',(1126.66713309387,0.,1879.69015095935));
#2389=CARTESIAN_POINT('',(846.667133093872,520.,1879.69015095935));
#2390=CARTESIAN_POINT('Origin',(1156.66713309387,0.,1739.69015095935));
#2391=CARTESIAN_POINT('',(1146.66713309387,-520.,1739.69015095935));
#2392=CARTESIAN_POINT('',(1156.66713309387,-520.,1729.69015095935));
#2393=CARTESIAN_POINT('Origin',(1156.66713309387,-520.,1739.69015095935));
#2394=CARTESIAN_POINT('',(1156.66713309387,520.,1729.69015095935));
#2395=CARTESIAN_POINT('',(1156.66713309387,0.,1729.69015095935));
#2396=CARTESIAN_POINT('',(1146.66713309387,520.,1739.69015095935));
#2397=CARTESIAN_POINT('Origin',(1156.66713309387,520.,1739.69015095935));
#2398=CARTESIAN_POINT('',(1146.66713309387,0.,1739.69015095935));
#2399=CARTESIAN_POINT('Origin',(1146.66713309387,0.,1729.69015095935));
#2400=CARTESIAN_POINT('',(1426.66713309387,-520.,1729.69015095935));
#2401=CARTESIAN_POINT('',(1146.66713309387,-520.,1729.69015095935));
#2402=CARTESIAN_POINT('',(1426.66713309387,520.,1729.69015095935));
#2403=CARTESIAN_POINT('',(1426.66713309387,0.,1729.69015095935));
#2404=CARTESIAN_POINT('',(1146.66713309387,520.,1729.69015095935));
#2405=CARTESIAN_POINT('Origin',(1456.66713309387,0.,1589.69015095935));
#2406=CARTESIAN_POINT('',(1446.66713309387,-520.,1589.69015095935));
#2407=CARTESIAN_POINT('',(1456.66713309387,-520.,1579.69015095935));
#2408=CARTESIAN_POINT('Origin',(1456.66713309387,-520.,1589.69015095935));
#2409=CARTESIAN_POINT('',(1456.66713309387,520.,1579.69015095935));
#2410=CARTESIAN_POINT('',(1456.66713309387,0.,1579.69015095935));
#2411=CARTESIAN_POINT('',(1446.66713309387,520.,1589.69015095935));
#2412=CARTESIAN_POINT('Origin',(1456.66713309387,520.,1589.69015095935));
#2413=CARTESIAN_POINT('',(1446.66713309387,0.,1589.69015095935));
#2414=CARTESIAN_POINT('Origin',(1446.66713309387,0.,1579.69015095935));
#2415=CARTESIAN_POINT('',(1726.66713309387,-520.,1579.69015095935));
#2416=CARTESIAN_POINT('',(1446.66713309387,-520.,1579.69015095935));
#2417=CARTESIAN_POINT('',(1726.66713309387,520.,1579.69015095935));
#2418=CARTESIAN_POINT('',(1726.66713309387,0.,1579.69015095935));
#2419=CARTESIAN_POINT('',(1446.66713309387,520.,1579.69015095935));
#2420=CARTESIAN_POINT('Origin',(1756.66713309387,0.,1439.69015095935));
#2421=CARTESIAN_POINT('',(1746.66713309387,-520.,1439.69015095935));
#2422=CARTESIAN_POINT('',(1756.66713309387,-520.,1429.69015095935));
#2423=CARTESIAN_POINT('Origin',(1756.66713309387,-520.,1439.69015095935));
#2424=CARTESIAN_POINT('',(1756.66713309387,520.,1429.69015095935));
#2425=CARTESIAN_POINT('',(1756.66713309387,0.,1429.69015095935));
#2426=CARTESIAN_POINT('',(1746.66713309387,520.,1439.69015095935));
#2427=CARTESIAN_POINT('Origin',(1756.66713309387,520.,1439.69015095935));
#2428=CARTESIAN_POINT('',(1746.66713309387,0.,1439.69015095935));
#2429=CARTESIAN_POINT('Origin',(1746.66713309387,0.,1429.69015095935));
#2430=CARTESIAN_POINT('',(2026.66713309387,-520.,1429.69015095935));
#2431=CARTESIAN_POINT('',(1746.66713309387,-520.,1429.69015095935));
#2432=CARTESIAN_POINT('',(2026.66713309387,520.,1429.69015095935));
#2433=CARTESIAN_POINT('',(2026.66713309387,0.,1429.69015095935));
#2434=CARTESIAN_POINT('',(1746.66713309387,520.,1429.69015095935));
#2435=CARTESIAN_POINT('Origin',(2056.66713309387,0.,1289.69015095935));
#2436=CARTESIAN_POINT('',(2046.66713309387,-520.,1289.69015095935));
#2437=CARTESIAN_POINT('',(2056.66713309387,-520.,1279.69015095935));
#2438=CARTESIAN_POINT('Origin',(2056.66713309387,-520.,1289.69015095935));
#2439=CARTESIAN_POINT('',(2056.66713309387,520.,1279.69015095935));
#2440=CARTESIAN_POINT('',(2056.66713309387,0.,1279.69015095935));
#2441=CARTESIAN_POINT('',(2046.66713309387,520.,1289.69015095935));
#2442=CARTESIAN_POINT('Origin',(2056.66713309387,520.,1289.69015095935));
#2443=CARTESIAN_POINT('',(2046.66713309387,0.,1289.69015095935));
#2444=CARTESIAN_POINT('Origin',(2046.66713309387,0.,1279.69015095935));
#2445=CARTESIAN_POINT('',(2326.66713309387,-520.,1279.69015095935));
#2446=CARTESIAN_POINT('',(2046.66713309387,-520.,1279.69015095935));
#2447=CARTESIAN_POINT('',(2326.66713309387,520.,1279.69015095935));
#2448=CARTESIAN_POINT('',(2326.66713309387,0.,1279.69015095935));
#2449=CARTESIAN_POINT('',(2046.66713309387,520.,1279.69015095935));
#2450=CARTESIAN_POINT('Origin',(2356.66713309387,0.,1139.69015095935));
#2451=CARTESIAN_POINT('',(2346.66713309387,-520.,1139.69015095935));
#2452=CARTESIAN_POINT('',(2356.66713309387,-520.,1129.69015095935));
#2453=CARTESIAN_POINT('Origin',(2356.66713309387,-520.,1139.69015095935));
#2454=CARTESIAN_POINT('',(2356.66713309387,520.,1129.69015095935));
#2455=CARTESIAN_POINT('',(2356.66713309387,0.,1129.69015095935));
#2456=CARTESIAN_POINT('',(2346.66713309387,520.,1139.69015095935));
#2457=CARTESIAN_POINT('Origin',(2356.66713309387,520.,1139.69015095935));
#2458=CARTESIAN_POINT('',(2346.66713309387,0.,1139.69015095935));
#2459=CARTESIAN_POINT('Origin',(2346.66713309387,0.,1129.69015095935));
#2460=CARTESIAN_POINT('',(2759.30562304672,-520.,1129.69015095935));
#2461=CARTESIAN_POINT('',(2346.66713309387,-520.,1129.69015095935));
#2462=CARTESIAN_POINT('',(2759.30562304672,520.,1129.69015095935));
#2463=CARTESIAN_POINT('',(2759.30562304672,0.,1129.69015095935));
#2464=CARTESIAN_POINT('',(2346.66713309387,520.,1129.69015095935));
#2465=CARTESIAN_POINT('Origin',(2326.66713309387,0.,1259.69015095935));
#2466=CARTESIAN_POINT('',(2346.66713309387,-520.,1259.69015095935));
#2467=CARTESIAN_POINT('Origin',(2326.66713309387,-520.,1259.69015095935));
#2468=CARTESIAN_POINT('',(2346.66713309387,520.,1259.69015095935));
#2469=CARTESIAN_POINT('',(2346.66713309387,0.,1259.69015095935));
#2470=CARTESIAN_POINT('Origin',(2326.66713309387,520.,1259.69015095935));
#2471=CARTESIAN_POINT('Origin',(2346.66713309387,0.,1279.69015095935));
#2472=CARTESIAN_POINT('',(2346.66713309387,520.,1279.69015095935));
#2473=CARTESIAN_POINT('',(2346.66713309387,-520.,1279.69015095935));
#2474=CARTESIAN_POINT('Origin',(-315.694376953279,-520.,2329.69015095935));
#2475=CARTESIAN_POINT('',(2046.66713309387,-520.,1409.69015095935));
#2476=CARTESIAN_POINT('',(2046.66713309387,-520.,1429.69015095935));
#2477=CARTESIAN_POINT('Origin',(2026.66713309387,-520.,1409.69015095935));
#2478=CARTESIAN_POINT('',(1746.66713309387,-520.,1559.69015095935));
#2479=CARTESIAN_POINT('',(1746.66713309387,-520.,1579.69015095935));
#2480=CARTESIAN_POINT('Origin',(1726.66713309387,-520.,1559.69015095935));
#2481=CARTESIAN_POINT('',(1446.66713309387,-520.,1709.69015095935));
#2482=CARTESIAN_POINT('',(1446.66713309387,-520.,1729.69015095935));
#2483=CARTESIAN_POINT('Origin',(1426.66713309387,-520.,1709.69015095935));
#2484=CARTESIAN_POINT('',(1146.66713309387,-520.,1859.69015095935));
#2485=CARTESIAN_POINT('',(1146.66713309387,-520.,1879.69015095935));
#2486=CARTESIAN_POINT('Origin',(1126.66713309387,-520.,1859.69015095935));
#2487=CARTESIAN_POINT('',(846.667133093872,-520.,2009.69015095935));
#2488=CARTESIAN_POINT('',(846.667133093872,-520.,2029.69015095935));
#2489=CARTESIAN_POINT('Origin',(826.667133093872,-520.,2009.69015095935));
#2490=CARTESIAN_POINT('',(609.305623046721,-520.,2159.69015095935));
#2491=CARTESIAN_POINT('',(609.305623046721,-520.,2179.69015095935));
#2492=CARTESIAN_POINT('Origin',(589.305623046721,-520.,2159.69015095935));
#2493=CARTESIAN_POINT('',(309.305623046721,-520.,2309.69015095935));
#2494=CARTESIAN_POINT('',(309.305623046721,-520.,2329.69015095935));
#2495=CARTESIAN_POINT('Origin',(289.305623046721,-520.,2309.69015095935));
#2496=CARTESIAN_POINT('',(9.30562304672097,-520.,2459.69015095935));
#2497=CARTESIAN_POINT('',(9.30562304672102,-520.,2479.69015095935));
#2498=CARTESIAN_POINT('Origin',(-10.694376953279,-520.,2459.69015095935));
#2499=CARTESIAN_POINT('',(-290.694376953279,-520.,2609.69015095935));
#2500=CARTESIAN_POINT('',(-290.694376953279,-520.,2629.69015095935));
#2501=CARTESIAN_POINT('Origin',(-310.694376953279,-520.,2609.69015095935));
#2502=CARTESIAN_POINT('',(-590.694376953279,-520.,2759.69015095935));
#2503=CARTESIAN_POINT('',(-590.694376953279,-520.,2779.69015095935));
#2504=CARTESIAN_POINT('Origin',(-610.694376953279,-520.,2759.69015095935));
#2505=CARTESIAN_POINT('',(-890.694376953279,-520.,2909.69015095935));
#2506=CARTESIAN_POINT('',(-890.694376953279,-520.,2929.69015095935));
#2507=CARTESIAN_POINT('Origin',(-910.694376953279,-520.,2909.69015095935));
#2508=CARTESIAN_POINT('',(-1190.69437695328,-520.,3059.69015095935));
#2509=CARTESIAN_POINT('',(-1190.69437695328,-520.,3079.69015095935));
#2510=CARTESIAN_POINT('Origin',(-1210.69437695328,-520.,3059.69015095935));
#2511=CARTESIAN_POINT('',(-1490.69437695328,-520.,3229.69015095935));
#2512=CARTESIAN_POINT('',(-1790.69437695328,-520.,3359.69015095935));
#2513=CARTESIAN_POINT('',(-1790.69437695328,-520.,3379.69015095935));
#2514=CARTESIAN_POINT('Origin',(-1810.69437695328,-520.,3359.69015095935));
#2515=CARTESIAN_POINT('',(-2090.69437695328,-520.,3509.69015095935));
#2516=CARTESIAN_POINT('',(-2090.69437695328,-520.,3529.69015095935));
#2517=CARTESIAN_POINT('Origin',(-2110.69437695328,-520.,3509.69015095935));
#2518=CARTESIAN_POINT('',(-2390.69437695328,-520.,3659.69015095935));
#2519=CARTESIAN_POINT('',(-2390.69437695328,-520.,3679.69015095935));
#2520=CARTESIAN_POINT('Origin',(-2410.69437695328,-520.,3659.69015095935));
#2521=CARTESIAN_POINT('',(-2690.69437695328,-520.,3809.69015095935));
#2522=CARTESIAN_POINT('',(-2690.69437695328,-520.,3829.69015095935));
#2523=CARTESIAN_POINT('',(-2710.69437695328,-520.,3829.69015095935));
#2524=CARTESIAN_POINT('Origin',(-2710.69437695328,-520.,3809.69015095935));
#2525=CARTESIAN_POINT('',(-3390.69437695328,-520.,3829.69015095935));
#2526=CARTESIAN_POINT('',(-3390.69437695328,-520.,3829.69015095935));
#2527=CARTESIAN_POINT('',(-3390.69437695328,-520.,3529.69015095935));
#2528=CARTESIAN_POINT('',(-3390.69437695328,-520.,3529.69015095935));
#2529=CARTESIAN_POINT('',(-2950.,-520.,3529.69015095935));
#2530=CARTESIAN_POINT('',(-2950.,-520.,3529.69015095935));
#2531=CARTESIAN_POINT('',(2329.30562304672,-520.,829.690150959352));
#2532=CARTESIAN_POINT('',(2329.30562304672,-520.,829.690150959352));
#2533=CARTESIAN_POINT('',(2759.30562304672,-520.,829.690150959352));
#2534=CARTESIAN_POINT('',(2759.30562304672,-520.,829.690150959352));
#2535=CARTESIAN_POINT('',(2759.30562304672,-520.,1129.69015095935));
#2536=CARTESIAN_POINT('Origin',(2026.66713309387,0.,1409.69015095935));
#2537=CARTESIAN_POINT('',(2046.66713309387,520.,1409.69015095935));
#2538=CARTESIAN_POINT('Origin',(2026.66713309387,520.,1409.69015095935));
#2539=CARTESIAN_POINT('',(2046.66713309387,0.,1409.69015095935));
#2540=CARTESIAN_POINT('Origin',(2046.66713309387,0.,1429.69015095935));
#2541=CARTESIAN_POINT('',(2046.66713309387,520.,1429.69015095935));
#2542=CARTESIAN_POINT('Origin',(1726.66713309387,0.,1559.69015095935));
#2543=CARTESIAN_POINT('',(1746.66713309387,520.,1559.69015095935));
#2544=CARTESIAN_POINT('Origin',(1726.66713309387,520.,1559.69015095935));
#2545=CARTESIAN_POINT('',(1746.66713309387,0.,1559.69015095935));
#2546=CARTESIAN_POINT('Origin',(1746.66713309387,0.,1579.69015095935));
#2547=CARTESIAN_POINT('',(1746.66713309387,520.,1579.69015095935));
#2548=CARTESIAN_POINT('Origin',(1426.66713309387,0.,1709.69015095935));
#2549=CARTESIAN_POINT('',(1446.66713309387,520.,1709.69015095935));
#2550=CARTESIAN_POINT('Origin',(1426.66713309387,520.,1709.69015095935));
#2551=CARTESIAN_POINT('',(1446.66713309387,0.,1709.69015095935));
#2552=CARTESIAN_POINT('Origin',(1446.66713309387,0.,1729.69015095935));
#2553=CARTESIAN_POINT('',(1446.66713309387,520.,1729.69015095935));
#2554=CARTESIAN_POINT('Origin',(1126.66713309387,0.,1859.69015095935));
#2555=CARTESIAN_POINT('',(1146.66713309387,520.,1859.69015095935));
#2556=CARTESIAN_POINT('Origin',(1126.66713309387,520.,1859.69015095935));
#2557=CARTESIAN_POINT('',(1146.66713309387,0.,1859.69015095935));
#2558=CARTESIAN_POINT('Origin',(1146.66713309387,0.,1879.69015095935));
#2559=CARTESIAN_POINT('',(1146.66713309387,520.,1879.69015095935));
#2560=CARTESIAN_POINT('Origin',(826.667133093872,0.,2009.69015095935));
#2561=CARTESIAN_POINT('',(846.667133093872,520.,2009.69015095935));
#2562=CARTESIAN_POINT('Origin',(826.667133093872,520.,2009.69015095935));
#2563=CARTESIAN_POINT('',(846.667133093872,0.,2009.69015095935));
#2564=CARTESIAN_POINT('Origin',(846.667133093872,0.,2029.69015095935));
#2565=CARTESIAN_POINT('',(846.667133093872,520.,2029.69015095935));
#2566=CARTESIAN_POINT('Origin',(589.305623046721,0.,2159.69015095935));
#2567=CARTESIAN_POINT('',(609.305623046721,520.,2159.69015095935));
#2568=CARTESIAN_POINT('Origin',(589.305623046721,520.,2159.69015095935));
#2569=CARTESIAN_POINT('',(609.305623046721,0.,2159.69015095935));
#2570=CARTESIAN_POINT('Origin',(609.305623046721,0.,2179.69015095935));
#2571=CARTESIAN_POINT('',(609.305623046721,520.,2179.69015095935));
#2572=CARTESIAN_POINT('Origin',(289.305623046721,0.,2309.69015095935));
#2573=CARTESIAN_POINT('',(309.305623046721,520.,2309.69015095935));
#2574=CARTESIAN_POINT('Origin',(289.305623046721,520.,2309.69015095935));
#2575=CARTESIAN_POINT('',(309.305623046721,0.,2309.69015095935));
#2576=CARTESIAN_POINT('Origin',(309.305623046721,0.,2329.69015095935));
#2577=CARTESIAN_POINT('',(309.305623046721,520.,2329.69015095935));
#2578=CARTESIAN_POINT('Origin',(-10.694376953279,0.,2459.69015095935));
#2579=CARTESIAN_POINT('',(9.30562304672097,520.,2459.69015095935));
#2580=CARTESIAN_POINT('Origin',(-10.694376953279,520.,2459.69015095935));
#2581=CARTESIAN_POINT('',(9.30562304672097,0.,2459.69015095935));
#2582=CARTESIAN_POINT('Origin',(9.30562304672102,0.,2479.69015095935));
#2583=CARTESIAN_POINT('',(9.30562304672102,520.,2479.69015095935));
#2584=CARTESIAN_POINT('Origin',(-310.694376953279,0.,2609.69015095935));
#2585=CARTESIAN_POINT('',(-290.694376953279,520.,2609.69015095935));
#2586=CARTESIAN_POINT('Origin',(-310.694376953279,520.,2609.69015095935));
#2587=CARTESIAN_POINT('',(-290.694376953279,0.,2609.69015095935));
#2588=CARTESIAN_POINT('Origin',(-290.694376953279,0.,2629.69015095935));
#2589=CARTESIAN_POINT('',(-290.694376953279,520.,2629.69015095935));
#2590=CARTESIAN_POINT('Origin',(-610.694376953279,0.,2759.69015095935));
#2591=CARTESIAN_POINT('',(-590.694376953279,520.,2759.69015095935));
#2592=CARTESIAN_POINT('Origin',(-610.694376953279,520.,2759.69015095935));
#2593=CARTESIAN_POINT('',(-590.694376953279,0.,2759.69015095935));
#2594=CARTESIAN_POINT('Origin',(-590.694376953279,0.,2779.69015095935));
#2595=CARTESIAN_POINT('',(-590.694376953279,520.,2779.69015095935));
#2596=CARTESIAN_POINT('Origin',(-910.694376953279,0.,2909.69015095935));
#2597=CARTESIAN_POINT('',(-890.694376953279,520.,2909.69015095935));
#2598=CARTESIAN_POINT('Origin',(-910.694376953279,520.,2909.69015095935));
#2599=CARTESIAN_POINT('',(-890.694376953279,0.,2909.69015095935));
#2600=CARTESIAN_POINT('Origin',(-890.694376953279,0.,2929.69015095935));
#2601=CARTESIAN_POINT('',(-890.694376953279,520.,2929.69015095935));
#2602=CARTESIAN_POINT('Origin',(-1210.69437695328,0.,3059.69015095935));
#2603=CARTESIAN_POINT('',(-1190.69437695328,520.,3059.69015095935));
#2604=CARTESIAN_POINT('Origin',(-1210.69437695328,520.,3059.69015095935));
#2605=CARTESIAN_POINT('',(-1190.69437695328,0.,3059.69015095935));
#2606=CARTESIAN_POINT('Origin',(-1190.69437695328,0.,3079.69015095935));
#2607=CARTESIAN_POINT('',(-1190.69437695328,520.,3079.69015095935));
#2608=CARTESIAN_POINT('Origin',(-1810.69437695328,0.,3359.69015095935));
#2609=CARTESIAN_POINT('',(-1790.69437695328,520.,3359.69015095935));
#2610=CARTESIAN_POINT('Origin',(-1810.69437695328,520.,3359.69015095935));
#2611=CARTESIAN_POINT('',(-1790.69437695328,0.,3359.69015095935));
#2612=CARTESIAN_POINT('Origin',(-1790.69437695328,0.,3379.69015095935));
#2613=CARTESIAN_POINT('',(-1790.69437695328,520.,3379.69015095935));
#2614=CARTESIAN_POINT('Origin',(-2110.69437695328,0.,3509.69015095935));
#2615=CARTESIAN_POINT('',(-2090.69437695328,520.,3509.69015095935));
#2616=CARTESIAN_POINT('Origin',(-2110.69437695328,520.,3509.69015095935));
#2617=CARTESIAN_POINT('',(-2090.69437695328,0.,3509.69015095935));
#2618=CARTESIAN_POINT('Origin',(-2090.69437695328,0.,3529.69015095935));
#2619=CARTESIAN_POINT('',(-2090.69437695328,520.,3529.69015095935));
#2620=CARTESIAN_POINT('Origin',(-2410.69437695328,0.,3659.69015095935));
#2621=CARTESIAN_POINT('',(-2390.69437695328,520.,3659.69015095935));
#2622=CARTESIAN_POINT('Origin',(-2410.69437695328,520.,3659.69015095935));
#2623=CARTESIAN_POINT('',(-2390.69437695328,0.,3659.69015095935));
#2624=CARTESIAN_POINT('Origin',(-2390.69437695328,0.,3679.69015095935));
#2625=CARTESIAN_POINT('',(-2390.69437695328,520.,3679.69015095935));
#2626=CARTESIAN_POINT('Origin',(-2710.69437695328,0.,3809.69015095935));
#2627=CARTESIAN_POINT('',(-2690.69437695328,520.,3809.69015095935));
#2628=CARTESIAN_POINT('',(-2710.69437695328,520.,3829.69015095935));
#2629=CARTESIAN_POINT('Origin',(-2710.69437695328,520.,3809.69015095935));
#2630=CARTESIAN_POINT('',(-2710.69437695328,0.,3829.69015095935));
#2631=CARTESIAN_POINT('',(-2690.69437695328,0.,3809.69015095935));
#2632=CARTESIAN_POINT('Origin',(-2690.69437695328,0.,3829.69015095935));
#2633=CARTESIAN_POINT('',(-2690.69437695328,520.,3829.69015095935));
#2634=CARTESIAN_POINT('Origin',(-1490.69437695328,0.,3229.69015095935));
#2635=CARTESIAN_POINT('',(-1490.69437695328,520.,3229.69015095935));
#2636=CARTESIAN_POINT('Origin',(-3390.69437695328,0.,3829.69015095935));
#2637=CARTESIAN_POINT('',(-3390.69437695328,520.,3829.69015095935));
#2638=CARTESIAN_POINT('',(-3390.69437695328,520.,3829.69015095935));
#2639=CARTESIAN_POINT('',(-3390.69437695328,0.,3829.69015095935));
#2640=CARTESIAN_POINT('Origin',(-3390.69437695328,0.,3529.69015095935));
#2641=CARTESIAN_POINT('',(-3390.69437695328,520.,3529.69015095935));
#2642=CARTESIAN_POINT('',(-3390.69437695328,520.,3529.69015095935));
#2643=CARTESIAN_POINT('',(-3390.69437695328,0.,3529.69015095935));
#2644=CARTESIAN_POINT('Origin',(-2950.,0.,3529.69015095935));
#2645=CARTESIAN_POINT('',(-2950.,520.,3529.69015095935));
#2646=CARTESIAN_POINT('',(-2950.,520.,3529.69015095935));
#2647=CARTESIAN_POINT('',(-2950.,0.,3529.69015095935));
#2648=CARTESIAN_POINT('Origin',(2329.30562304672,0.,829.690150959352));
#2649=CARTESIAN_POINT('',(2329.30562304672,520.,829.690150959352));
#2650=CARTESIAN_POINT('',(2329.30562304672,520.,829.690150959352));
#2651=CARTESIAN_POINT('',(2329.30562304672,0.,829.690150959352));
#2652=CARTESIAN_POINT('Origin',(2759.30562304672,0.,829.690150959352));
#2653=CARTESIAN_POINT('',(2759.30562304672,520.,829.690150959352));
#2654=CARTESIAN_POINT('',(2759.30562304672,520.,829.690150959352));
#2655=CARTESIAN_POINT('',(2759.30562304672,0.,829.690150959352));
#2656=CARTESIAN_POINT('Origin',(2759.30562304672,0.,1129.69015095935));
#2657=CARTESIAN_POINT('',(2759.30562304672,520.,1129.69015095935));
#2658=CARTESIAN_POINT('Origin',(-315.694376953279,520.,2329.69015095935));
#2659=UNCERTAINTY_MEASURE_WITH_UNIT(LENGTH_MEASURE(0.01),#2663,
'DISTANCE_ACCURACY_VALUE',
'Maximum model space distance between geometric entities at asserted c
onnectivities');
#2660=UNCERTAINTY_MEASURE_WITH_UNIT(LENGTH_MEASURE(0.01),#2663,
'DISTANCE_ACCURACY_VALUE',
'Maximum model space distance between geometric entities at asserted c
onnectivities');
#2661=(
GEOMETRIC_REPRESENTATION_CONTEXT(3)
GLOBAL_UNCERTAINTY_ASSIGNED_CONTEXT((#2659))
GLOBAL_UNIT_ASSIGNED_CONTEXT((#2663,#2665,#2666))
REPRESENTATION_CONTEXT('','3D')
);
#2662=(
GEOMETRIC_REPRESENTATION_CONTEXT(3)
GLOBAL_UNCERTAINTY_ASSIGNED_CONTEXT((#2660))
GLOBAL_UNIT_ASSIGNED_CONTEXT((#2663,#2665,#2666))
REPRESENTATION_CONTEXT('','3D')
);
#2663=(
LENGTH_UNIT()
NAMED_UNIT(*)
SI_UNIT(.MILLI.,.METRE.)
);
#2664=(
LENGTH_UNIT()
NAMED_UNIT(*)
SI_UNIT($,.METRE.)
);
#2665=(
NAMED_UNIT(*)
PLANE_ANGLE_UNIT()
SI_UNIT($,.RADIAN.)
);
#2666=(
NAMED_UNIT(*)
SI_UNIT($,.STERADIAN.)
SOLID_ANGLE_UNIT()
);
#2667=SHAPE_DEFINITION_REPRESENTATION(#2668,#2669);
#2668=PRODUCT_DEFINITION_SHAPE('',$,#2671);
#2669=SHAPE_REPRESENTATION('',(#1583),#2661);
#2670=PRODUCT_DEFINITION_CONTEXT('part definition',#2675,'design');
#2671=PRODUCT_DEFINITION('\X2\041F0420041E041B042C041E0422\X0\ \X2\041B04150421041D041804260410\X0\ 
\X2\041104150422041E041D\X0\',
'\X2\041F0420041E041B042C041E0422\X0\ \X2\041B04150421041D041804260410\X0\ 
\X2\041104150422041E041D\X0\ v3',#2672,#2670);
#2672=PRODUCT_DEFINITION_FORMATION('',$,#2677);
#2673=PRODUCT_RELATED_PRODUCT_CATEGORY(
'\X2\041F0420041E041B042C041E0422\X0\ \X2\041B04150421041D041804260410\X0\ 
\X2\041104150422041E041D\X0\ v3',
'\X2\041F0420041E041B042C041E0422\X0\ \X2\041B04150421041D041804260410\X0\ 
\X2\041104150422041E041D\X0\ v3',(#2677));
#2674=APPLICATION_PROTOCOL_DEFINITION('international standard',
'automotive_design',2009,#2675);
#2675=APPLICATION_CONTEXT(
'Core Data for Automotive Mechanical Design Process');
#2676=PRODUCT_CONTEXT('part definition',#2675,'mechanical');
#2677=PRODUCT('\X2\041F0420041E041B042C041E0422\X0\ \X2\041B04150421041D041804260410\X0\ 
\X2\041104150422041E041D\X0\',
'\X2\041F0420041E041B042C041E0422\X0\ \X2\041B04150421041D041804260410\X0\ 
\X2\041104150422041E041D\X0\ v3',$,(#2676));
#2678=PRESENTATION_STYLE_ASSIGNMENT((#2680));
#2679=PRESENTATION_STYLE_ASSIGNMENT((#2681));
#2680=SURFACE_STYLE_USAGE(.BOTH.,#2682);
#2681=SURFACE_STYLE_USAGE(.BOTH.,#2683);
#2682=SURFACE_SIDE_STYLE('',(#2684));
#2683=SURFACE_SIDE_STYLE('',(#2685));
#2684=SURFACE_STYLE_FILL_AREA(#2686);
#2685=SURFACE_STYLE_FILL_AREA(#2687);
#2686=FILL_AREA_STYLE('Steel - Satin',(#2688));
#2687=FILL_AREA_STYLE('Concrete',(#2689));
#2688=FILL_AREA_STYLE_COLOUR('Steel - Satin',#2690);
#2689=FILL_AREA_STYLE_COLOUR('Concrete',#2691);
#2690=COLOUR_RGB('Steel - Satin',0.627450980392157,0.627450980392157,0.627450980392157);
#2691=COLOUR_RGB('Concrete',0.,0.,0.);
ENDSEC;
END-ISO-10303-21;
