element_size,displacement
5,-3.25390
10,-2.95730
20,-2.18510
