ISO-10303-21;
HEADER;
FILE_DESCRIPTION (( 'STEP AP214' ),
    '1' );
FILE_NAME ('KNUCKLE JOINT ASEMBLY.STEP',
    '2026-03-15T10:12:20',
    ( '' ),
    ( '' ),
    'SwSTEP 2.0',
    'SolidWorks 2023',
    '' );
FILE_SCHEMA (( 'AUTOMOTIVE_DESIGN' ));
ENDSEC;

DATA;
#1 = CARTESIAN_POINT ( 'NONE',  ( -1.254884309730898151, 14.94803396949449947, 5.331648050304011122 ) ) ;
#2 =( NAMED_UNIT ( * ) PLANE_ANGLE_UNIT ( ) SI_UNIT ( $, .RADIAN. ) );
#3 = CIRCLE ( 'NONE', #2915, 19.00000000000000000 ) ;
#4 = ORIENTED_EDGE ( 'NONE', *, *, #2350, .T. ) ;
#5 = DIRECTION ( 'NONE',  ( -9.130123557772670799E-17, -1.000000000000000000, 0.000000000000000000 ) ) ;
#6 = B_SPLINE_CURVE_WITH_KNOTS ( 'NONE', 3,
 ( #3660, #2194, #3341, #227, #1113, #1130, #572, #827, #2811, #2248 ),
 .UNSPECIFIED., .F., .F.,
 ( 4, 2, 2, 2, 4 ),
 ( 0.000000000000000000, 0.001180139202310081636, 0.002360278404620163271, 0.003540417606930244907, 0.004720556809240326543 ),
 .UNSPECIFIED. ) ;
#7 = CARTESIAN_POINT ( 'NONE',  ( -33.14260670280533816, -16.54417009097545233, -0.4200712825669790096 ) ) ;
#8 = CARTESIAN_POINT ( 'NONE',  ( -0.1654503597015213046, -15.00000000000000178, 9.999999999999994671 ) ) ;
#9 = ORIENTED_EDGE ( 'NONE', *, *, #246, .T. ) ;
#10 = AXIS2_PLACEMENT_3D ( 'NONE', #2120, #2178, #3268 ) ;
#11 = EDGE_LOOP ( 'NONE', ( #1784, #2012, #3312, #1390 ) ) ;
#12 = DIRECTION ( 'NONE',  ( 1.000000000000000000, 0.000000000000000000, 0.000000000000000000 ) ) ;
#13 = CARTESIAN_POINT ( 'NONE',  ( 103.8286190978338794, 2.386356033953860312, 14.80937269712585191 ) ) ;
#14 = DIRECTION ( 'NONE',  ( 0.000000000000000000, 0.000000000000000000, 1.000000000000000000 ) ) ;
#15 = CIRCLE ( 'NONE', #2574, 19.00000000000000000 ) ;
#16 = CARTESIAN_POINT ( 'NONE',  ( 99.73909286340693825, -1.981710305593824328, 14.86918500161105960 ) ) ;
#17 = ORIENTED_EDGE ( 'NONE', *, *, #2637, .T. ) ;
#18 = EDGE_CURVE ( 'NONE', #1042, #1955, #3197, .T. ) ;
#19 = CARTESIAN_POINT ( 'NONE',  ( 68.75335466912284232, 18.00000000000000000, 24.09730733312124684 ) ) ;
#20 = CIRCLE ( 'NONE', #3112, 15.00000000000000000 ) ;
#21 =( GEOMETRIC_REPRESENTATION_CONTEXT ( 3 ) GLOBAL_UNCERTAINTY_ASSIGNED_CONTEXT ( ( #2819 ) ) GLOBAL_UNIT_ASSIGNED_CONTEXT ( ( #2453, #808, #785 ) ) REPRESENTATION_CONTEXT ( 'NONE', 'WORKASPACE' ) );
#22 = DIRECTION ( 'NONE',  ( 1.000000000000000000, 0.000000000000000000, -0.000000000000000000 ) ) ;
#23 = VECTOR ( 'NONE', #880, 1000.000000000000000 ) ;
#24 = CARTESIAN_POINT ( 'NONE',  ( 117.0000000000000000, 1.836970198721029589E-15, -15.00000000000000000 ) ) ;
#25 = CARTESIAN_POINT ( 'NONE',  ( 64.00000000000000000, -15.87450786638754430, 0.000000000000000000 ) ) ;
#26 = VERTEX_POINT ( 'NONE', #3142 ) ;
#27 = B_SPLINE_CURVE_WITH_KNOTS ( 'NONE', 3,
 ( #3032, #452, #469, #1622, #244, #3618, #2193, #1030, #206, #1602, #3579, #2157, #489, #1934, #3658, #3302, #1089, #1319, #1049, #226, #1911, #2770, #1950, #748, #1070, #3074, #1586, #2735, #3340, #185, #2455, #2717, #3598, #3639 ),
 .UNSPECIFIED., .F., .F.,
 ( 4, 2, 2, 2, 2, 2, 2, 2, 2, 2, 2, 2, 2, 2, 2, 2, 4 ),
 ( 0.000000000000000000, 0.0005876946734792551537, 0.001175389346958510307, 0.001763084020437765461, 0.002350778693917020615, 0.002938473367396275768, 0.003526168040875530922, 0.004113862714354786509, 0.004701557387834041229, 0.005289252061313295949, 0.005876946734792551537, 0.006464641408271807124, 0.007052336081751061844, 0.007640030755230316564, 0.008227725428709573019, 0.008815420102188827739, 0.009403114775668082459 ),
 .UNSPECIFIED. ) ;
#28 = CARTESIAN_POINT ( 'NONE',  ( 33.94112549695428527, 18.00000000000000000, 36.00000000000000000 ) ) ;
#29 = CARTESIAN_POINT ( 'NONE',  ( -8.742637549102854067, -36.02277553421567546, 36.00000000000000711 ) ) ;
#30 = ORIENTED_EDGE ( 'NONE', *, *, #682, .F. ) ;
#31 = VERTEX_POINT ( 'NONE', #62 ) ;
#32 =( NAMED_UNIT ( * ) SI_UNIT ( $, .STERADIAN. ) SOLID_ANGLE_UNIT ( ) );
#33 = DIRECTION ( 'NONE',  ( 1.000000000000000000, 0.000000000000000000, 0.000000000000000000 ) ) ;
#34 = DIRECTION ( 'NONE',  ( 1.000000000000000000, 0.000000000000000000, 0.000000000000000000 ) ) ;
#35 = ORIENTED_EDGE ( 'NONE', *, *, #423, .F. ) ;
#36 = EDGE_CURVE ( 'NONE', #3313, #2746, #2398, .T. ) ;
#37 = DIRECTION ( 'NONE',  ( 0.000000000000000000, 1.000000000000000000, 0.000000000000000000 ) ) ;
#38 = ADVANCED_FACE ( 'NONE', ( #664 ), #2668, .T. ) ;
#39 = CARTESIAN_POINT ( 'NONE',  ( 19.80328151964597083, 16.50000000000000355, 25.92072184070838148 ) ) ;
#40 = FACE_OUTER_BOUND ( 'NONE', #3083, .T. ) ;
#41 = ORIENTED_EDGE ( 'NONE', *, *, #939, .F. ) ;
#42 = CARTESIAN_POINT ( 'NONE',  ( 65.43360279031119831, -9.783788400206050895, 36.00000000000001421 ) ) ;
#43 = CARTESIAN_POINT ( 'NONE',  ( -1.107366162981012980, -14.95982851372033196, 5.252721112029147044 ) ) ;
#44 = EDGE_CURVE ( 'NONE', #2485, #1464, #500, .T. ) ;
#45 = EDGE_LOOP ( 'NONE', ( #3387, #2016 ) ) ;
#46 = CARTESIAN_POINT ( 'NONE',  ( 100.6662997786349649, -2.694454904511152549, -14.75621359906916474 ) ) ;
#47 = LINE ( 'NONE', #1192, #2223 ) ;
#48 = DIRECTION ( 'NONE',  ( -1.000000000000000000, -0.000000000000000000, -0.000000000000000000 ) ) ;
#49 = CARTESIAN_POINT ( 'NONE',  ( 1.652908690463403385, -22.43950196344935222, 9.382670830133864825 ) ) ;
#50 = CARTESIAN_POINT ( 'NONE',  ( 16.64765448053522690, -11.79397480471558346, 33.00000000000000000 ) ) ;
#51 = ORIENTED_EDGE ( 'NONE', *, *, #2290, .F. ) ;
#52 = APPLICATION_PROTOCOL_DEFINITION ( 'draft international standard', 'automotive_design', 1998, #3609 ) ;
#53 = CARTESIAN_POINT ( 'NONE',  ( 67.85551133656731793, 18.00000000000000711, 24.47521771347236452 ) ) ;
#54 = B_SPLINE_CURVE_WITH_KNOTS ( 'NONE', 3,
 ( #874, #2833, #1401, #850, #1420, #305, #1155, #1997, #2251, #286, #1978, #1134, #3400, #2557, #592, #1440, #3119, #3137, #576, #1705 ),
 .UNSPECIFIED., .F., .F.,
 ( 4, 2, 2, 2, 2, 2, 2, 2, 2, 4 ),
 ( 3.469446951953614189E-18, 0.0005808518672438021209, 0.001161703734487600772, 0.001742555601731399315, 0.002323407468975198075, 0.003485111203462787355, 0.004646814937950377068, 0.006970222406925559964, 0.008131926141413149678, 0.009293629875900731585 ),
 .UNSPECIFIED. ) ;
#55 = DIRECTION ( 'NONE',  ( 0.000000000000000000, 0.000000000000000000, -1.000000000000000000 ) ) ;
#56 = FACE_OUTER_BOUND ( 'NONE', #1937, .T. ) ;
#57 = CARTESIAN_POINT ( 'NONE',  ( 64.00000000000000000, 0.000000000000000000, 18.00000000000000000 ) ) ;
#58 = ADVANCED_FACE ( 'NONE', ( #963 ), #440, .T. ) ;
#59 = CARTESIAN_POINT ( 'NONE',  ( 68.51385917503392875, -6.151936583338119213, 36.00000000000000000 ) ) ;
#60 = CYLINDRICAL_SURFACE ( 'NONE', #2027, 30.00000000000000000 ) ;
#61 = ORIENTED_EDGE ( 'NONE', *, *, #940, .T. ) ;
#62 = CARTESIAN_POINT ( 'NONE',  ( 22.50000000000000355, 2.755455298081545172E-15, 15.00000000000000000 ) ) ;
#63 = CIRCLE ( 'NONE', #3401, 24.00000000000000000 ) ;
#64 = LINE ( 'NONE', #649, #2590 ) ;
#65 = CARTESIAN_POINT ( 'NONE',  ( 68.75441364874076555, -18.00000000000000000, 24.09720849396987319 ) ) ;
#66 = CARTESIAN_POINT ( 'NONE',  ( 17.60852540898518015, -10.57571809560691456, -0.000000000000000000 ) ) ;
#67 = CIRCLE ( 'NONE', #3468, 19.00000000000000000 ) ;
#68 = CIRCLE ( 'NONE', #10, 22.50000000000000355 ) ;
#69 = CARTESIAN_POINT ( 'NONE',  ( 100.1700024938899816, -2.385203265876692846, 14.80955469980329831 ) ) ;
#70 = ADVANCED_BREP_SHAPE_REPRESENTATION ( '', ( #3444, #669 ), #3580 ) ;
#71 = ORIENTED_EDGE ( 'NONE', *, *, #658, .F. ) ;
#72 = AXIS2_PLACEMENT_3D ( 'NONE', #1312, #2841, #3431 ) ;
#73 = CARTESIAN_POINT ( 'NONE',  ( 68.39523250319236070, -18.00000000000000355, 11.80732833063768084 ) ) ;
#74 = PRODUCT_DEFINITION_SHAPE ( 'NONE', 'NONE',  #3692 ) ;
#75 = AXIS2_PLACEMENT_3D ( 'NONE', #2123, #1260, #2342 ) ;
#76 = DIRECTION ( 'NONE',  ( 1.000000000000000000, -0.000000000000000000, -0.000000000000000000 ) ) ;
#77 = EDGE_CURVE ( 'NONE', #3413, #3656, #3024, .T. ) ;
#78 = PRODUCT_DEFINITION_FORMATION_WITH_SPECIFIED_SOURCE ( 'ANY', '', #3528, .NOT_KNOWN. ) ;
#79 = CARTESIAN_POINT ( 'NONE',  ( 0.000000000000000000, 0.000000000000000000, 15.00000000000000000 ) ) ;
#80 = CARTESIAN_POINT ( 'NONE',  ( 64.54882747929489994, -12.04861828099386578, 35.99999999999999289 ) ) ;
#81 = VECTOR ( 'NONE', #3415, 1000.000000000000000 ) ;
#82 = ORIENTED_EDGE ( 'NONE', *, *, #2720, .T. ) ;
#83 = EDGE_CURVE ( 'NONE', #759, #2430, #2450, .T. ) ;
#84 = CARTESIAN_POINT ( 'NONE',  ( 101.6037124245008982, -2.980138763407937486, -14.70103066473100561 ) ) ;
#85 = CYLINDRICAL_SURFACE ( 'NONE', #1758, 30.00000000000000711 ) ;
#86 = CARTESIAN_POINT ( 'NONE',  ( 18.69633666099997527, -16.49999999999999645, 6.741683489357163772 ) ) ;
#87 = CARTESIAN_POINT ( 'NONE',  ( 1.108275871143415525, -22.47319920153850248, 5.253096702944622720 ) ) ;
#88 = PLANE ( 'NONE',  #1068 ) ;
#89 = ORIENTED_EDGE ( 'NONE', *, *, #2118, .F. ) ;
#90 = ORIENTED_EDGE ( 'NONE', *, *, #2151, .T. ) ;
#91 = CARTESIAN_POINT ( 'NONE',  ( -59.99999999999998579, 16.50000000000000355, 33.00000000000000000 ) ) ;
#92 = CARTESIAN_POINT ( 'NONE',  ( -8.743680561123964523, -36.00000000000000711, 0.000000000000000000 ) ) ;
#93 = EDGE_CURVE ( 'NONE', #309, #3251, #2402, .T. ) ;
#94 = CARTESIAN_POINT ( 'NONE',  ( 64.00000000000000000, 18.00000000000000000, 36.00000000000000000 ) ) ;
#95 = LINE ( 'NONE', #2030, #964 ) ;
#96 = EDGE_CURVE ( 'NONE', #26, #473, #153, .T. ) ;
#97 = CARTESIAN_POINT ( 'NONE',  ( 68.05856271038356908, -6.341555660429125219, 36.00000000000001421 ) ) ;
#98 = SURFACE_STYLE_FILL_AREA ( #396 ) ;
#99 = ORIENTED_EDGE ( 'NONE', *, *, #1972, .F. ) ;
#100 = CARTESIAN_POINT ( 'NONE',  ( -1.884122707780985451, -22.42127157775369994, 9.151250622917315170 ) ) ;
#101 = CARTESIAN_POINT ( 'NONE',  ( 15.00000000000000000, 0.000000000000000000, 0.000000000000000000 ) ) ;
#102 = CARTESIAN_POINT ( 'NONE',  ( 66.52377760053009581, -18.00000000000000000, 25.89155565138806381 ) ) ;
#103 = DIRECTION ( 'NONE',  ( 0.000000000000000000, 1.000000000000000000, 0.000000000000000000 ) ) ;
#104 = CYLINDRICAL_SURFACE ( 'NONE', #503, 2.499999999999992006 ) ;
#105 = EDGE_LOOP ( 'NONE', ( #2821, #285, #2312, #3370, #1359, #3156 ) ) ;
#106 = EDGE_LOOP ( 'NONE', ( #1064, #2347, #3102, #3289, #3382, #1158 ) ) ;
#107 = CONTEXT_DEPENDENT_SHAPE_REPRESENTATION ( #413, #74 ) ;
#108 = LINE ( 'NONE', #1771, #1385 ) ;
#109 = DIRECTION ( 'NONE',  ( 1.000000000000000000, 0.000000000000000000, 0.000000000000000000 ) ) ;
#110 = VERTEX_POINT ( 'NONE', #1867 ) ;
#111 = VECTOR ( 'NONE', #485, 1000.000000000000000 ) ;
#112 = FACE_OUTER_BOUND ( 'NONE', #854, .T. ) ;
#113 = CARTESIAN_POINT ( 'NONE',  ( 68.39920891457093433, 18.00000000000000000, 11.80884421023809949 ) ) ;
#114 = DIRECTION ( 'NONE',  ( -1.000000000000000000, -0.000000000000000000, -0.000000000000000000 ) ) ;
#115 =( NAMED_UNIT ( * ) PLANE_ANGLE_UNIT ( ) SI_UNIT ( $, .RADIAN. ) );
#116 = CIRCLE ( 'NONE', #2682, 15.00000000000000000 ) ;
#117 = ORIENTED_EDGE ( 'NONE', *, *, #2908, .F. ) ;
#118 = CARTESIAN_POINT ( 'NONE',  ( -1.109901905513882125, -22.47311176188218695, 9.746022023860684058 ) ) ;
#119 = FACE_OUTER_BOUND ( 'NONE', #542, .T. ) ;
#120 = CARTESIAN_POINT ( 'NONE',  ( 65.43387488901792892, -18.00000000000000711, 27.78318043572373242 ) ) ;
#121 = CARTESIAN_POINT ( 'NONE',  ( 19.04640656392991360, -9.598071769232765504, 0.000000000000000000 ) ) ;
#122 = CARTESIAN_POINT ( 'NONE',  ( -33.68689124490187936, 16.66966767397174110, 33.62328861589622875 ) ) ;
#123 = CIRCLE ( 'NONE', #303, 15.00000000000000000 ) ;
#124 = ORIENTED_EDGE ( 'NONE', *, *, #2489, .F. ) ;
#125 = CARTESIAN_POINT ( 'NONE',  ( 19.61101187827825854, -16.49999999999999645, 25.94404839553788378 ) ) ;
#126 = VERTEX_POINT ( 'NONE', #1384 ) ;
#127 = EDGE_CURVE ( 'NONE', #675, #1749, #856, .T. ) ;
#128 = VECTOR ( 'NONE', #2739, 1000.000000000000000 ) ;
#129 = DIRECTION ( 'NONE',  ( 0.000000000000000000, 0.000000000000000000, 1.000000000000000000 ) ) ;
#130 = EDGE_CURVE ( 'NONE', #3039, #2021, #20, .T. ) ;
#131 = PRODUCT ( 'TAPPER PIN', 'TAPPER PIN', '', ( #2827 ) ) ;
#132 = CARTESIAN_POINT ( 'NONE',  ( -13.33757445814855735, 38.54646701682593601, 36.00000000000001421 ) ) ;
#133 = DIRECTION ( 'NONE',  ( 0.000000000000000000, 0.000000000000000000, -1.000000000000000000 ) ) ;
#134 = VERTEX_POINT ( 'NONE', #1956 ) ;
#135 = DIRECTION ( 'NONE',  ( 1.000000000000000000, 0.000000000000000000, 0.000000000000000000 ) ) ;
#136 = VECTOR ( 'NONE', #904, 1000.000000000000000 ) ;
#137 = CYLINDRICAL_SURFACE ( 'NONE', #1654, 15.00000000000000000 ) ;
#138 = CARTESIAN_POINT ( 'NONE',  ( 0.000000000000000000, 18.00000000000000000, 36.00000000000000000 ) ) ;
#139 = CARTESIAN_POINT ( 'NONE',  ( 18.69315948875649269, -9.760076247945205452, -0.000000000000000000 ) ) ;
#140 = FILL_AREA_STYLE ('',( #2692 ) ) ;
#141 = ORIENTED_EDGE ( 'NONE', *, *, #189, .F. ) ;
#142 = ORIENTED_EDGE ( 'NONE', *, *, #2544, .F. ) ;
#143 = LINE ( 'NONE', #2367, #3676 ) ;
#144 = VECTOR ( 'NONE', #947, 1000.000000000000000 ) ;
#145 = CARTESIAN_POINT ( 'NONE',  ( 109.0000000000000000, 6.082762530298220227, 0.000000000000000000 ) ) ;
#146 = ORIENTED_EDGE ( 'NONE', *, *, #412, .T. ) ;
#147 = FACE_OUTER_BOUND ( 'NONE', #1353, .T. ) ;
#148 = EDGE_CURVE ( 'NONE', #1779, #2715, #907, .T. ) ;
#149 = LINE ( 'NONE', #1288, #1675 ) ;
#150 = DIRECTION ( 'NONE',  ( 0.000000000000000000, 0.000000000000000000, 1.000000000000000000 ) ) ;
#151 = EDGE_CURVE ( 'NONE', #1285, #1942, #1214, .T. ) ;
#152 = EDGE_LOOP ( 'NONE', ( #3030, #983, #2497, #1405, #17, #3565, #3446, #1247, #1840, #2210, #278, #1431, #2988, #2511, #2863, #3451, #2909, #3650, #3211, #1395, #1874, #536 ) ) ;
#153 = LINE ( 'NONE', #2420, #3292 ) ;
#154 = TOROIDAL_SURFACE ( 'NONE', #2475, 24.00000000000000000, 5.000000000000000000 ) ;
#155 = DIRECTION ( 'NONE',  ( 0.000000000000000000, 0.000000000000000000, 1.000000000000000000 ) ) ;
#156 = CARTESIAN_POINT ( 'NONE',  ( 0.000000000000000000, 2.755455298081545172E-15, -22.50000000000000355 ) ) ;
#157 = CARTESIAN_POINT ( 'NONE',  ( -0.3278480162194877257, 22.49817954296734612, 9.983763630236158093 ) ) ;
#158 = ADVANCED_FACE ( 'NONE', ( #3367 ), #1304, .F. ) ;
#159 = PRESENTATION_STYLE_ASSIGNMENT (( #1004 ) ) ;
#160 = ORIENTED_EDGE ( 'NONE', *, *, #195, .T. ) ;
#161 = CARTESIAN_POINT ( 'NONE',  ( 64.00000000000000000, 18.00000000000000000, 36.00000000000000000 ) ) ;
#162 = DIRECTION ( 'NONE',  ( 0.000000000000000000, 0.000000000000000000, -1.000000000000000000 ) ) ;
#163 = CIRCLE ( 'NONE', #284, 30.00000000000000711 ) ;
#164 = ORIENTED_EDGE ( 'NONE', *, *, #3623, .F. ) ;
#165 = DIRECTION ( 'NONE',  ( 0.9998362690817036436, -1.034161728946245480E-16, -0.01809516589531839914 ) ) ;
#166 = CYLINDRICAL_SURFACE ( 'NONE', #684, 5.000000000000000888 ) ;
#167 = CIRCLE ( 'NONE', #2067, 19.00000000000000000 ) ;
#168 = CARTESIAN_POINT ( 'NONE',  ( -12.23955785016439535, 37.39157836974971616, 36.00000000000000000 ) ) ;
#169 = DIRECTION ( 'NONE',  ( 1.000000000000000000, -0.000000000000000000, -0.000000000000000000 ) ) ;
#170 = ORIENTED_EDGE ( 'NONE', *, *, #1360, .T. ) ;
#171 = CARTESIAN_POINT ( 'NONE',  ( -2.371519908141544342, -22.37476000500882378, 6.692085387434400623 ) ) ;
#172 = ADVANCED_FACE ( 'NONE', ( #1057 ), #1921, .T. ) ;
#173 = DIRECTION ( 'NONE',  ( 1.000000000000000000, 0.000000000000000000, 0.000000000000000000 ) ) ;
#174 = CARTESIAN_POINT ( 'NONE',  ( 0.000000000000000000, 0.000000000000000000, 15.00000000000000000 ) ) ;
#175 = CARTESIAN_POINT ( 'NONE',  ( 66.38526012558955358, 8.094248079743849189, 36.00000000000000711 ) ) ;
#176 = ORIENTED_EDGE ( 'NONE', *, *, #2568, .F. ) ;
#177 = ORIENTED_EDGE ( 'NONE', *, *, #2576, .T. ) ;
#178 = DIRECTION ( 'NONE',  ( 0.000000000000000000, 0.000000000000000000, -1.000000000000000000 ) ) ;
#179 = AXIS2_PLACEMENT_3D ( 'NONE', #481, #2731, #1639 ) ;
#180 = CARTESIAN_POINT ( 'NONE',  ( 66.52377760053011002, 18.00000000000000355, 10.10844434861192020 ) ) ;
#181 = VECTOR ( 'NONE', #1781, 1000.000000000000000 ) ;
#182 = CARTESIAN_POINT ( 'NONE',  ( 15.00000000000001421, 16.50000000000000355, 25.92072184070837793 ) ) ;
#183 = VERTEX_POINT ( 'NONE', #3060 ) ;
#184 = CIRCLE ( 'NONE', #3641, 22.50000000000000355 ) ;
#185 = CARTESIAN_POINT ( 'NONE',  ( 99.15364039110480121, 0.9678703373061935400, -14.96984643758672462 ) ) ;
#186 = VECTOR ( 'NONE', #2125, 1000.000000000000000 ) ;
#187 = FACE_OUTER_BOUND ( 'NONE', #1565, .T. ) ;
#188 = FACE_OUTER_BOUND ( 'NONE', #462, .T. ) ;
#189 = EDGE_CURVE ( 'NONE', #824, #1885, #2928, .T. ) ;
#190 = ORIENTED_EDGE ( 'NONE', *, *, #1635, .T. ) ;
#191 = DIRECTION ( 'NONE',  ( 0.000000000000000000, 0.000000000000000000, -1.000000000000000000 ) ) ;
#192 = DIRECTION ( 'NONE',  ( -1.000000000000000000, 0.000000000000000000, 0.000000000000000000 ) ) ;
#193 = CARTESIAN_POINT ( 'NONE',  ( 64.00000000000000000, -18.00000000000000000, 33.87450786638754607 ) ) ;
#194 = CARTESIAN_POINT ( 'NONE',  ( -2.247255569836686284, 22.38758166280387485, 6.392435402946895273 ) ) ;
#195 = EDGE_CURVE ( 'NONE', #1749, #675, #676, .T. ) ;
#196 = ADVANCED_FACE ( 'NONE', ( #3645 ), #1938, .T. ) ;
#197 = EDGE_LOOP ( 'NONE', ( #3487, #2217, #2663, #2844 ) ) ;
#198 = AXIS2_PLACEMENT_3D ( 'NONE', #2972, #1583, #1856 ) ;
#199 = ORIENTED_EDGE ( 'NONE', *, *, #712, .F. ) ;
#200 = CARTESIAN_POINT ( 'NONE',  ( 15.27713589768236169, -16.49999999999999645, 31.47275586185242702 ) ) ;
#201 = DIRECTION ( 'NONE',  ( 0.000000000000000000, 0.000000000000000000, -1.000000000000000000 ) ) ;
#202 = EDGE_CURVE ( 'NONE', #2391, #2995, #2268, .T. ) ;
#203 = CARTESIAN_POINT ( 'NONE',  ( -11.98494561789039281, -37.20233811521750766, -0.000000000000000000 ) ) ;
#204 = PRODUCT_DEFINITION_CONTEXT ( 'detailed design', #2023, 'design' ) ;
#205 = ORIENTED_EDGE ( 'NONE', *, *, #1204, .F. ) ;
#206 = CARTESIAN_POINT ( 'NONE',  ( 104.2588239312094913, 1.983885995044556205, -14.86888092799590311 ) ) ;
#207 = EDGE_CURVE ( 'NONE', #309, #1042, #54, .T. ) ;
#208 = CARTESIAN_POINT ( 'NONE',  ( 2.419729098946387325, -14.80357972384034859, 8.149620279117129940 ) ) ;
#209 = DIRECTION ( 'NONE',  ( 0.000000000000000000, 0.000000000000000000, -1.000000000000000000 ) ) ;
#210 = CYLINDRICAL_SURFACE ( 'NONE', #2977, 19.00000000000000000 ) ;
#211 = EDGE_CURVE ( 'NONE', #647, #3218, #3587, .T. ) ;
#212 = ORIENTED_EDGE ( 'NONE', *, *, #529, .F. ) ;
#213 = CARTESIAN_POINT ( 'NONE',  ( -38.00000000000000711, -39.99999999999999289, 18.00000000000000000 ) ) ;
#214 = DIRECTION ( 'NONE',  ( -1.000000000000000000, -0.000000000000000000, -0.000000000000000000 ) ) ;
#215 = EDGE_CURVE ( 'NONE', #1933, #913, #3681, .T. ) ;
#216 = CARTESIAN_POINT ( 'NONE',  ( -31.85090845193134257, -16.49999999999999645, -0.06687275543924782462 ) ) ;
#217 = CARTESIAN_POINT ( 'NONE',  ( -31.85090845193134257, 16.50000000000000355, 33.06687275543924898 ) ) ;
#218 = VERTEX_POINT ( 'NONE', #3362 ) ;
#219 = ORIENTED_EDGE ( 'NONE', *, *, #238, .T. ) ;
#220 =( LENGTH_UNIT ( ) NAMED_UNIT ( * ) SI_UNIT ( .MILLI., .METRE. ) );
#221 = CARTESIAN_POINT ( 'NONE',  ( 0.000000000000000000, -36.00000000000000711, 36.00000000000000000 ) ) ;
#222 = CARTESIAN_POINT ( 'NONE',  ( -53.00000000000000000, 64.00000000000001421, 18.00000000000000355 ) ) ;
#223 = ORIENTED_EDGE ( 'NONE', *, *, #2151, .F. ) ;
#224 = SHAPE_REPRESENTATION_RELATIONSHIP ( 'NONE' , 'NONE' ,  #625, #925 ) ;
#225 = ADVANCED_FACE ( 'NONE', ( #3094 ), #1891, .F. ) ;
#226 = CARTESIAN_POINT ( 'NONE',  ( 101.2204116290978391, 2.903585086770873236, -14.71634224935688451 ) ) ;
#227 = CARTESIAN_POINT ( 'NONE',  ( -33.86350906629561308, -16.71017218962285256, 33.68914905578051844 ) ) ;
#228 = CARTESIAN_POINT ( 'NONE',  ( -59.99999999999998579, 3.469446951953614189E-15, -5.000000000000000000 ) ) ;
#229 = ORIENTED_EDGE ( 'NONE', *, *, #1683, .T. ) ;
#230 = DIRECTION ( 'NONE',  ( 0.000000000000000000, 0.000000000000000000, 1.000000000000000000 ) ) ;
#231 = SHAPE_REPRESENTATION ( 'EYE BOLY', ( #669 ), #3580 ) ;
#232 = CARTESIAN_POINT ( 'NONE',  ( 0.000000000000000000, 0.000000000000000000, 36.00000000000000000 ) ) ;
#233 = DIRECTION ( 'NONE',  ( 1.000000000000000000, 0.000000000000000000, 0.000000000000000000 ) ) ;
#234 = FILL_AREA_STYLE ('',( #1633 ) ) ;
#235 = ORIENTED_EDGE ( 'NONE', *, *, #914, .T. ) ;
#236 = ORIENTED_EDGE ( 'NONE', *, *, #1991, .T. ) ;
#237 = DIRECTION ( 'NONE',  ( 1.000000000000000000, 0.000000000000000000, 0.000000000000000000 ) ) ;
#238 = EDGE_CURVE ( 'NONE', #2969, #439, #1159, .T. ) ;
#239 = CARTESIAN_POINT ( 'NONE',  ( 19.04719674936440299, -16.50000000000000000, 26.09777578449959279 ) ) ;
#240 = DIRECTION ( 'NONE',  ( 1.000000000000000000, 0.000000000000000000, -0.000000000000000000 ) ) ;
#241 = LINE ( 'NONE', #1641, #3020 ) ;
#242 = ORIENTED_EDGE ( 'NONE', *, *, #1335, .T. ) ;
#243 = DIRECTION ( 'NONE',  ( 0.000000000000000000, 0.000000000000000000, 1.000000000000000000 ) ) ;
#244 = CARTESIAN_POINT ( 'NONE',  ( 104.8459723211879862, 0.9690652745735790496, -14.96977182998045741 ) ) ;
#245 = CARTESIAN_POINT ( 'NONE',  ( -59.99999999999998579, 3.469446951953614189E-15, 55.49999999999999289 ) ) ;
#246 = EDGE_CURVE ( 'NONE', #1331, #1709, #2050, .T. ) ;
#247 = VECTOR ( 'NONE', #294, 1000.000000000000000 ) ;
#248 = CARTESIAN_POINT ( 'NONE',  ( -1.108543417651202567, 14.95974914407816492, 5.253239989113053454 ) ) ;
#249 = AXIS2_PLACEMENT_3D ( 'NONE', #2135, #1568, #129 ) ;
#250 = MECHANICAL_DESIGN_GEOMETRIC_PRESENTATION_REPRESENTATION (  '', ( #1848 ), #1205 ) ;
#251 = ADVANCED_FACE ( 'NONE', ( #1071 ), #1645, .F. ) ;
#252 = ORIENTED_EDGE ( 'NONE', *, *, #148, .F. ) ;
#253 = DIRECTION ( 'NONE',  ( -9.130123557772670799E-17, -1.000000000000000000, 0.000000000000000000 ) ) ;
#254 = DIRECTION ( 'NONE',  ( 0.000000000000000000, 0.000000000000000000, -1.000000000000000000 ) ) ;
#255 = CARTESIAN_POINT ( 'NONE',  ( -2.371485010187301956, -14.81148604729125573, 6.691936361703233693 ) ) ;
#256 = ORIENTED_EDGE ( 'NONE', *, *, #1335, .F. ) ;
#257 = ORIENTED_EDGE ( 'NONE', *, *, #2421, .F. ) ;
#258 = PRODUCT_DEFINITION_FORMATION_WITH_SPECIFIED_SOURCE ( 'ANY', '', #1409, .NOT_KNOWN. ) ;
#259 = CARTESIAN_POINT ( 'NONE',  ( 99.39715919739563788, 1.504592218499654743, 14.92525343679765903 ) ) ;
#260 = AXIS2_PLACEMENT_3D ( 'NONE', #2990, #1598, #448 ) ;
#261 = DIRECTION ( 'NONE',  ( -1.000000000000000000, 0.000000000000000000, 0.000000000000000000 ) ) ;
#262 = ORIENTED_EDGE ( 'NONE', *, *, #151, .F. ) ;
#263 = CIRCLE ( 'NONE', #505, 15.00000000000000000 ) ;
#264 = CARTESIAN_POINT ( 'NONE',  ( 69.00000000000000000, 18.00000000000000000, 24.08276253029821845 ) ) ;
#265 = CARTESIAN_POINT ( 'NONE',  ( 1.884176081336279340, -14.88165381290263234, 5.848643422180697549 ) ) ;
#266 = DIRECTION ( 'NONE',  ( 1.000000000000000000, 0.000000000000000000, 0.000000000000000000 ) ) ;
#267 = EDGE_LOOP ( 'NONE', ( #1014, #1208, #864, #1470 ) ) ;
#268 = DIRECTION ( 'NONE',  ( 1.000000000000000000, 0.000000000000000000, 0.000000000000000000 ) ) ;
#269 = CARTESIAN_POINT ( 'NONE',  ( -10.29242148762369702, 36.35028046964969661, 0.000000000000000000 ) ) ;
#270 = CARTESIAN_POINT ( 'NONE',  ( -2.500099718464164233, -14.79018260225538128, 7.663651078757321322 ) ) ;
#271 = ORIENTED_EDGE ( 'NONE', *, *, #1255, .T. ) ;
#272 = ORIENTED_EDGE ( 'NONE', *, *, #1439, .T. ) ;
#273 = CARTESIAN_POINT ( 'NONE',  ( 20.00000000000001066, 9.420721840708381478, 0.000000000000000000 ) ) ;
#274 = EDGE_CURVE ( 'NONE', #3668, #126, #6, .T. ) ;
#275 = CARTESIAN_POINT ( 'NONE',  ( 101.6037124245008698, 2.980138763407936597, 14.70103066473100029 ) ) ;
#276 = CARTESIAN_POINT ( 'NONE',  ( 0.000000000000000000, -22.50000000000000355, 9.999999999999991118 ) ) ;
#277 = CARTESIAN_POINT ( 'NONE',  ( 101.0331536246689410, -2.846750811469076048, 14.72758966697809235 ) ) ;
#278 = ORIENTED_EDGE ( 'NONE', *, *, #2014, .T. ) ;
#279 = SHAPE_DEFINITION_REPRESENTATION ( #2294, #3428 ) ;
#280 = DIRECTION ( 'NONE',  ( 0.000000000000000000, 0.000000000000000000, 1.000000000000000000 ) ) ;
#281 = UNCERTAINTY_MEASURE_WITH_UNIT (LENGTH_MEASURE( 1.000000000000000082E-05 ), #220, 'distance_accuracy_value', 'NONE');
#282 = CARTESIAN_POINT ( 'NONE',  ( 1.651376758535584521, -14.90928215957856651, 5.615841605927111679 ) ) ;
#283 = CARTESIAN_POINT ( 'NONE',  ( 66.38526012558955358, -8.094248079743849189, 0.000000000000000000 ) ) ;
#284 = AXIS2_PLACEMENT_3D ( 'NONE', #2914, #3277, #950 ) ;
#285 = ORIENTED_EDGE ( 'NONE', *, *, #661, .T. ) ;
#286 = CARTESIAN_POINT ( 'NONE',  ( 17.60852540898517660, 10.57571809560691278, 32.99999999999999289 ) ) ;
#287 = CARTESIAN_POINT ( 'NONE',  ( -11.45818216391560007, 36.86824732482323697, -0.000000000000000000 ) ) ;
#288 = CARTESIAN_POINT ( 'NONE',  ( -0.6517788203636485367, -14.98670335942011000, 9.919151193145349765 ) ) ;
#289 = ORIENTED_EDGE ( 'NONE', *, *, #3575, .T. ) ;
#290 = EDGE_CURVE ( 'NONE', #2185, #2007, #845, .T. ) ;
#291 = ORIENTED_EDGE ( 'NONE', *, *, #1092, .F. ) ;
#292 = CARTESIAN_POINT ( 'NONE',  ( 15.04448374036658542, 16.50000000000000355, 0.000000000000000000 ) ) ;
#293 = CARTESIAN_POINT ( 'NONE',  ( 17.34906384671847590, -16.49999999999999645, 5.642177063799907799 ) ) ;
#294 = DIRECTION ( 'NONE',  ( -1.000000000000000000, -0.000000000000000000, -0.000000000000000000 ) ) ;
#295 = CARTESIAN_POINT ( 'NONE',  ( 101.2204116290978249, -2.903585086770873236, 14.71634224935688806 ) ) ;
#296 = B_SPLINE_CURVE_WITH_KNOTS ( 'NONE', 3,
 ( #2184, #217, #2166, #2204 ),
 .UNSPECIFIED., .F., .F.,
 ( 4, 4 ),
 ( 0.000000000000000000, 0.001630345187896707366 ),
 .UNSPECIFIED. ) ;
#297 = ORIENTED_EDGE ( 'NONE', *, *, #2683, .F. ) ;
#298 = LINE ( 'NONE', #2572, #996 ) ;
#299 = CARTESIAN_POINT ( 'NONE',  ( 0.000000000000000000, -18.00000000000000000, 36.00000000000000000 ) ) ;
#300 = AXIS2_PLACEMENT_3D ( 'NONE', #2175, #1377, #1643 ) ;
#301 = DIRECTION ( 'NONE',  ( 0.000000000000000000, 0.000000000000000000, 1.000000000000000000 ) ) ;
#302 = DIRECTION ( 'NONE',  ( 0.000000000000000000, 0.000000000000000000, -1.000000000000000000 ) ) ;
#303 = AXIS2_PLACEMENT_3D ( 'NONE', #3069, #528, #1657 ) ;
#304 = ORIENTED_EDGE ( 'NONE', *, *, #2700, .T. ) ;
#305 = CARTESIAN_POINT ( 'NONE',  ( 18.69315948875649269, 9.760076247945201899, 33.00000000000000711 ) ) ;
#306 = CIRCLE ( 'NONE', #2375, 15.00000000000000000 ) ;
#307 = CARTESIAN_POINT ( 'NONE',  ( -34.88077956374817035, -17.16505214164168791, -1.113624385071564804 ) ) ;
#308 = LINE ( 'NONE', #1443, #3037 ) ;
#309 = VERTEX_POINT ( 'NONE', #1050 ) ;
#310 = VERTEX_POINT ( 'NONE', #2176 ) ;
#311 = DIRECTION ( 'NONE',  ( 0.000000000000000000, 0.000000000000000000, -1.000000000000000000 ) ) ;
#312 = CARTESIAN_POINT ( 'NONE',  ( 15.27730399743550116, -16.49999999999999645, 1.527415475442405635 ) ) ;
#313 = DIRECTION ( 'NONE',  ( 1.000000000000000000, 0.000000000000000000, -0.000000000000000000 ) ) ;
#314 = EDGE_CURVE ( 'NONE', #806, #2769, #1164, .T. ) ;
#315 = CARTESIAN_POINT ( 'NONE',  ( 15.76577893162858146, -13.51543503070523755, 33.00000000000000000 ) ) ;
#316 = CLOSED_SHELL ( 'NONE', ( #1072, #1905, #470, #1121, #2114, #3206, #770, #868, #1607, #3023, #1595, #1402, #1567, #2714, #2353, #3472, #359, #383, #2748, #2444, #38, #516, #1528, #2370, #1106, #172, #1519, #2400, #3546, #2496, #1831, #3625, #745, #2108, #2875, #1518, #3070, #1760, #1357, #2835, #3041, #1048 ) ) ;
#317 = ORIENTED_EDGE ( 'NONE', *, *, #3464, .T. ) ;
#318 = DIRECTION ( 'NONE',  ( 0.000000000000000000, 0.000000000000000000, -1.000000000000000000 ) ) ;
#319 = CARTESIAN_POINT ( 'NONE',  ( 29.80196385098425083, 20.19512195121950882, 36.00000000000000000 ) ) ;
#320 = CIRCLE ( 'NONE', #1806, 24.00000000000000000 ) ;
#321 = CARTESIAN_POINT ( 'NONE',  ( 16.86949784952876996, 16.50000000000000355, 27.96430725654018445 ) ) ;
#322 = EDGE_CURVE ( 'NONE', #2094, #1174, #1473, .T. ) ;
#323 = CARTESIAN_POINT ( 'NONE',  ( 64.57271688748407712, -12.05069094661802254, -0.000000000000000000 ) ) ;
#324 = CIRCLE ( 'NONE', #2392, 34.89897948556635043 ) ;
#325 = EDGE_LOOP ( 'NONE', ( #2286, #3559, #146, #1896 ) ) ;
#326 = PRODUCT_RELATED_PRODUCT_CATEGORY ( 'part', '', ( #1800 ) ) ;
#327 = PRODUCT_DEFINITION ( 'UNKNOWN', '', #258, #1119 ) ;
#328 = CARTESIAN_POINT ( 'NONE',  ( 66.37177079738209784, -8.096143511231073120, 36.00000000000000711 ) ) ;
#329 = AXIS2_PLACEMENT_3D ( 'NONE', #1816, #2879, #399 ) ;
#330 = CARTESIAN_POINT ( 'NONE',  ( -12.25276893320483573, -37.40215218445584355, 36.00000000000001421 ) ) ;
#331 = EDGE_LOOP ( 'NONE', ( #2052, #830, #2970 ) ) ;
#332 = ORIENTED_EDGE ( 'NONE', *, *, #529, .T. ) ;
#333 = DIRECTION ( 'NONE',  ( 0.000000000000000000, 0.000000000000000000, -1.000000000000000000 ) ) ;
#334 = CARTESIAN_POINT ( 'NONE',  ( 104.9030069519674697, 0.7820010232287541996, 14.98085470672220509 ) ) ;
#335 = CARTESIAN_POINT ( 'NONE',  ( 0.8064229203470326679, -22.48605420142509104, 9.872031414018223927 ) ) ;
#336 = CARTESIAN_POINT ( 'NONE',  ( 104.8459723211880004, -0.9690652745735792717, 14.96977182998045919 ) ) ;
#337 = ORIENTED_EDGE ( 'NONE', *, *, #1947, .F. ) ;
#338 = CONTEXT_DEPENDENT_SHAPE_REPRESENTATION ( #2305, #3170 ) ;
#339 = FACE_OUTER_BOUND ( 'NONE', #878, .T. ) ;
#340 = DIRECTION ( 'NONE',  ( 0.000000000000000000, 1.000000000000000000, 0.000000000000000000 ) ) ;
#341 = EDGE_CURVE ( 'NONE', #2740, #1509, #626, .T. ) ;
#342 = CARTESIAN_POINT ( 'NONE',  ( 19.23632283011422572, 16.50000000000000711, 26.03135170273912991 ) ) ;
#343 = CARTESIAN_POINT ( 'NONE',  ( 117.0000000000000000, 0.000000000000000000, 0.000000000000000000 ) ) ;
#344 = B_SPLINE_CURVE_WITH_KNOTS ( 'NONE', 3,
 ( #1093, #812, #1436, #2231, #1916, #535, #2790, #3056, #3380, #828, #1953, #3095, #283, #517, #1685, #552, #2812, #3173, #2011, #323, #1743, #1184, #3456, #25 ),
 .UNSPECIFIED., .F., .F.,
 ( 4, 2, 2, 2, 2, 2, 2, 2, 2, 2, 2, 4 ),
 ( 0.000000000000000000, 0.0003655695600652700359, 0.0007311391201305400718, 0.001462278240261117657, 0.002193417360391695242, 0.002924556480522273044, 0.003655695600652853448, 0.004386834720783433852, 0.005849112961044592926, 0.007311391201305753734, 0.008773669441566914542, 0.01169822592208923269 ),
 .UNSPECIFIED. ) ;
#345 = CARTESIAN_POINT ( 'NONE',  ( 68.39523250319234648, -6.192671669362319165, 36.00000000000001421 ) ) ;
#346 = DIRECTION ( 'NONE',  ( 1.000000000000000000, 0.000000000000000000, -0.000000000000000000 ) ) ;
#347 = EDGE_LOOP ( 'NONE', ( #3572, #1275, #3445 ) ) ;
#348 = ORIENTED_EDGE ( 'NONE', *, *, #1893, .T. ) ;
#349 = DIRECTION ( 'NONE',  ( 1.000000000000000000, -0.000000000000000000, -0.000000000000000000 ) ) ;
#350 = CARTESIAN_POINT ( 'NONE',  ( 60.00000000000001421, 16.50000000000000355, 25.92072184070837793 ) ) ;
#351 = CARTESIAN_POINT ( 'NONE',  ( 1.254494387950747525, -22.46540961100667744, 5.331417241158293407 ) ) ;
#352 = CARTESIAN_POINT ( 'NONE',  ( 100.4944406096005451, -2.602186852225955693, 14.77297291042385652 ) ) ;
#353 = VERTEX_POINT ( 'NONE', #1182 ) ;
#354 = CONTEXT_DEPENDENT_SHAPE_REPRESENTATION ( #3682, #2090 ) ;
#355 = DIRECTION ( 'NONE',  ( -1.000000000000000000, -0.000000000000000000, -0.000000000000000000 ) ) ;
#356 = FACE_OUTER_BOUND ( 'NONE', #1438, .T. ) ;
#357 = DIRECTION ( 'NONE',  ( -1.000000000000000000, 0.000000000000000000, 0.000000000000000000 ) ) ;
#358 = DIRECTION ( 'NONE',  ( -1.000000000000000000, -0.000000000000000000, -0.000000000000000000 ) ) ;
#359 = ADVANCED_FACE ( 'NONE', ( #866, #2047 ), #3189, .F. ) ;
#360 = CARTESIAN_POINT ( 'NONE',  ( 2.420530308301024558, 14.80344782406599258, 8.146257778228642721 ) ) ;
#361 = VECTOR ( 'NONE', #3402, 1000.000000000000000 ) ;
#362 = ORIENTED_EDGE ( 'NONE', *, *, #3321, .T. ) ;
#363 = CARTESIAN_POINT ( 'NONE',  ( 99.30355273388474302, -1.329429835634723167, -14.94206868144916101 ) ) ;
#364 = AXIS2_PLACEMENT_3D ( 'NONE', #1350, #509, #240 ) ;
#365 = FACE_OUTER_BOUND ( 'NONE', #2254, .T. ) ;
#366 = CARTESIAN_POINT ( 'NONE',  ( 18.20523409091037692, -16.49999999999999289, 6.429679625741501425 ) ) ;
#367 = CARTESIAN_POINT ( 'NONE',  ( 19.61068047025898409, -9.444088493470712109, -0.000000000000000000 ) ) ;
#368 = VECTOR ( 'NONE', #2436, 1000.000000000000000 ) ;
#369 = FACE_OUTER_BOUND ( 'NONE', #450, .T. ) ;
#370 = VERTEX_POINT ( 'NONE', #1720 ) ;
#371 = CIRCLE ( 'NONE', #672, 30.00000000000000000 ) ;
#372 = DIRECTION ( 'NONE',  ( 0.000000000000000000, -1.000000000000000000, 0.000000000000000000 ) ) ;
#373 = CLOSED_SHELL ( 'NONE', ( #1994, #1287, #2197, #1718, #2567, #2920, #1316, #1730, #225 ) ) ;
#374 = DIRECTION ( 'NONE',  ( -9.130123557772670799E-17, -1.000000000000000000, 0.000000000000000000 ) ) ;
#375 = AXIS2_PLACEMENT_3D ( 'NONE', #1291, #2087, #1015 ) ;
#376 = PLANE ( 'NONE',  #958 ) ;
#377 = CARTESIAN_POINT ( 'NONE',  ( 0.000000000000000000, 0.000000000000000000, 15.00000000000000000 ) ) ;
#378 = VECTOR ( 'NONE', #37, 1000.000000000000000 ) ;
#379 = CARTESIAN_POINT ( 'NONE',  ( 0.6560034371432816869, 14.98868157663629574, 5.065713992277088629 ) ) ;
#380 = VERTEX_POINT ( 'NONE', #2848 ) ;
#381 = DIRECTION ( 'NONE',  ( -1.000000000000000000, 0.000000000000000000, 0.000000000000000000 ) ) ;
#382 = B_SPLINE_CURVE_WITH_KNOTS ( 'NONE', 3,
 ( #1362, #2201, #2575, #1922 ),
 .UNSPECIFIED., .F., .F.,
 ( 4, 4 ),
 ( 0.000000000000000000, 0.001630345187896707366 ),
 .UNSPECIFIED. ) ;
#383 = ADVANCED_FACE ( 'NONE', ( #887 ), #1492, .F. ) ;
#384 = CARTESIAN_POINT ( 'NONE',  ( 129.0000000000000000, 0.000000000000000000, 18.00000000000000000 ) ) ;
#385 = CARTESIAN_POINT ( 'NONE',  ( 117.0000000000000000, 0.000000000000000000, 15.00000000000000000 ) ) ;
#386 = CARTESIAN_POINT ( 'NONE',  ( 0.1632255604688756523, -22.50000000000000355, 5.000000000000007994 ) ) ;
#387 = CARTESIAN_POINT ( 'NONE',  ( -35.35626683027627593, 17.47618708539774346, 34.29642842608100040 ) ) ;
#388 = EDGE_LOOP ( 'NONE', ( #744, #3686, #1069 ) ) ;
#389 = ADVANCED_FACE ( 'NONE', ( #2264, #3150 ), #2573, .F. ) ;
#390 = DIRECTION ( 'NONE',  ( 0.000000000000000000, 0.000000000000000000, 1.000000000000000000 ) ) ;
#391 = DIRECTION ( 'NONE',  ( 0.000000000000000000, 0.000000000000000000, 1.000000000000000000 ) ) ;
#392 = ORIENTED_EDGE ( 'NONE', *, *, #425, .T. ) ;
#393 = CYLINDRICAL_SURFACE ( 'NONE', #553, 19.00000000000000000 ) ;
#394 = DIRECTION ( 'NONE',  ( -0.000000000000000000, -0.000000000000000000, -1.000000000000000000 ) ) ;
#395 = CARTESIAN_POINT ( 'NONE',  ( 1.651377842369130544, 14.90927323761718704, 5.615988685886553533 ) ) ;
#396 = FILL_AREA_STYLE ('',( #646 ) ) ;
#397 = EDGE_LOOP ( 'NONE', ( #1698, #236, #170, #2269 ) ) ;
#398 = CARTESIAN_POINT ( 'NONE',  ( -1.881864822571230889, -22.42146206733630720, 5.846175135953861179 ) ) ;
#399 = DIRECTION ( 'NONE',  ( 0.000000000000000000, 0.000000000000000000, -1.000000000000000000 ) ) ;
#400 = DIRECTION ( 'NONE',  ( 1.000000000000000000, -0.000000000000000000, -0.000000000000000000 ) ) ;
#401 = CARTESIAN_POINT ( 'NONE',  ( 15.00000000000000000, 1.836970198721029589E-15, 0.000000000000000000 ) ) ;
#402 = EDGE_CURVE ( 'NONE', #3296, #3218, #3489, .T. ) ;
#403 = CARTESIAN_POINT ( 'NONE',  ( -34.38595162826361218, 16.91540589563321717, 33.90805081073568061 ) ) ;
#404 = ORIENTED_EDGE ( 'NONE', *, *, #2122, .T. ) ;
#405 = CARTESIAN_POINT ( 'NONE',  ( 19.80338918417991323, -16.50000000000000000, 25.92072184070839569 ) ) ;
#406 = EDGE_CURVE ( 'NONE', #575, #1667, #1918, .T. ) ;
#407 = DIRECTION ( 'NONE',  ( 1.000000000000000000, 0.000000000000000000, 0.000000000000000000 ) ) ;
#408 = ORIENTED_EDGE ( 'NONE', *, *, #2902, .F. ) ;
#409 = VECTOR ( 'NONE', #2092, 1000.000000000000000 ) ;
#410 = DIRECTION ( 'NONE',  ( 1.000000000000000000, 0.000000000000000000, 0.000000000000000000 ) ) ;
#411 = B_SPLINE_CURVE_WITH_KNOTS ( 'NONE', 3,
 ( #3128, #1430, #2825, #2862, #315, #1450, #1165, #50, #2882, #2006, #3108, #1987, #602, #2898, #2589, #1179, #1688, #1736 ),
 .UNSPECIFIED., .F., .F.,
 ( 4, 2, 2, 2, 2, 2, 2, 2, 4 ),
 ( 0.000000000000000000, 0.002302019651209264665, 0.003453029476813894612, 0.004604039302418524125, 0.005755049128023154506, 0.006906058953627784887, 0.008057068779232415268, 0.008632573692034725688, 0.009208078604837034373 ),
 .UNSPECIFIED. ) ;
#412 = EDGE_CURVE ( 'NONE', #2391, #2021, #2300, .T. ) ;
#413 =( REPRESENTATION_RELATIONSHIP ('NONE','NONE', #1371, #231 ) REPRESENTATION_RELATIONSHIP_WITH_TRANSFORMATION ( #3242 )SHAPE_REPRESENTATION_RELATIONSHIP( ) );
#414 = CARTESIAN_POINT ( 'NONE',  ( -8.101191175333068983, 36.00000000000000711, 36.00000000000000000 ) ) ;
#415 = VERTEX_POINT ( 'NONE', #319 ) ;
#416 = CARTESIAN_POINT ( 'NONE',  ( -1.528189873110473052, -22.44845965480632088, 9.485355500964804065 ) ) ;
#417 = DIRECTION ( 'NONE',  ( 0.000000000000000000, 0.000000000000000000, 1.000000000000000000 ) ) ;
#418 = CARTESIAN_POINT ( 'NONE',  ( 18.52789427237410180, -16.49999999999999289, 6.645453448422087739 ) ) ;
#419 = CARTESIAN_POINT ( 'NONE',  ( 18.20291866523172430, -10.07204150908458828, -0.000000000000000000 ) ) ;
#420 = DIRECTION ( 'NONE',  ( -1.000000000000000000, 0.000000000000000000, 0.000000000000000000 ) ) ;
#421 = AXIS2_PLACEMENT_3D ( 'NONE', #377, #2889, #1477 ) ;
#422 = ORIENTED_EDGE ( 'NONE', *, *, #1802, .F. ) ;
#423 = EDGE_CURVE ( 'NONE', #647, #3251, #3454, .T. ) ;
#424 = ORIENTED_EDGE ( 'NONE', *, *, #955, .F. ) ;
#425 = EDGE_CURVE ( 'NONE', #370, #1819, #2216, .T. ) ;
#426 = CARTESIAN_POINT ( 'NONE',  ( 68.87538016105573035, -18.00000000000000355, 11.91723746970177444 ) ) ;
#427 = VECTOR ( 'NONE', #521, 1000.000000000000000 ) ;
#428 = VECTOR ( 'NONE', #2460, 1000.000000000000000 ) ;
#429 = DIRECTION ( 'NONE',  ( 1.000000000000000000, 0.000000000000000000, 0.000000000000000000 ) ) ;
#430 = EDGE_LOOP ( 'NONE', ( #1342, #142, #1400, #2571 ) ) ;
#431 = VECTOR ( 'NONE', #1135, 1000.000000000000000 ) ;
#432 = ADVANCED_FACE ( 'NONE', ( #1199 ), #3131, .T. ) ;
#433 = DIRECTION ( 'NONE',  ( 0.000000000000000000, 0.000000000000000000, 1.000000000000000000 ) ) ;
#434 = PRODUCT_DEFINITION_SHAPE ( 'NONE', 'NONE',  #327 ) ;
#435 = ADVANCED_FACE ( 'NONE', ( #3416, #356 ), #641, .F. ) ;
#436 = VECTOR ( 'NONE', #1526, 1000.000000000000000 ) ;
#437 = DIRECTION ( 'NONE',  ( 0.000000000000000000, -0.000000000000000000, -1.000000000000000000 ) ) ;
#438 = DIRECTION ( 'NONE',  ( 1.000000000000000000, 0.000000000000000000, 0.000000000000000000 ) ) ;
#439 = VERTEX_POINT ( 'NONE', #2553 ) ;
#440 = CYLINDRICAL_SURFACE ( 'NONE', #75, 19.00000000000000000 ) ;
#441 = AXIS2_PLACEMENT_3D ( 'NONE', #3542, #2993, #743 ) ;
#442 = CARTESIAN_POINT ( 'NONE',  ( 0.000000000000000000, 0.000000000000000000, 0.000000000000000000 ) ) ;
#443 = DIRECTION ( 'NONE',  ( 1.000000000000000000, 0.000000000000000000, -0.000000000000000000 ) ) ;
#444 = CARTESIAN_POINT ( 'NONE',  ( -2.169519357270286886, 22.39534789628978473, 8.753078886457807073 ) ) ;
#445 = VECTOR ( 'NONE', #1297, 1000.000000000000000 ) ;
#446 = ORIENTED_EDGE ( 'NONE', *, *, #682, .T. ) ;
#447 = ORIENTED_EDGE ( 'NONE', *, *, #2472, .F. ) ;
#448 = DIRECTION ( 'NONE',  ( 0.000000000000000000, 0.000000000000000000, -1.000000000000000000 ) ) ;
#449 = CARTESIAN_POINT ( 'NONE',  ( 15.00000000000000000, 0.000000000000000000, 22.50000000000000355 ) ) ;
#450 = EDGE_LOOP ( 'NONE', ( #2222, #1637, #2764, #2503, #835, #229, #2275, #713 ) ) ;
#451 = DIRECTION ( 'NONE',  ( 0.000000000000000000, 0.000000000000000000, 1.000000000000000000 ) ) ;
#452 = CARTESIAN_POINT ( 'NONE',  ( 104.9999999999999432, 0.1987566327240540276, -15.00000000000000533 ) ) ;
#453 = B_SPLINE_CURVE_WITH_KNOTS ( 'NONE', 3,
 ( #2225, #1713, #3689, #3373, #1695, #1944, #259, #3389, #3448, #2823, #1408, #3161, #1751, #1467, #1733, #275, #619, #837, #1985, #3144, #899, #2257, #2530, #13, #2858, #2880, #1674, #2565, #334, #3653, #2277, #1426 ),
 .UNSPECIFIED., .F., .F.,
 ( 4, 2, 2, 2, 2, 2, 2, 2, 2, 2, 2, 2, 2, 2, 2, 4 ),
 ( 0.009403114775668084194, 0.009990657620373608397, 0.01057820046507913087, 0.01116574330978465507, 0.01175328615449017927, 0.01234082899919570174, 0.01292837184390122594, 0.01351591468860674841, 0.01410345753331227261, 0.01469100037801779682, 0.01527854322272331929, 0.01586608606742884175, 0.01645362891213436596, 0.01762871460154544212, 0.01821625744625098714, 0.01880380029095653563 ),
 .UNSPECIFIED. ) ;
#454 = EDGE_CURVE ( 'NONE', #31, #3006, #2097, .T. ) ;
#455 = CARTESIAN_POINT ( 'NONE',  ( 60.00000000000001421, 0.000000000000000000, 16.50000000000000000 ) ) ;
#456 = LINE ( 'NONE', #1289, #368 ) ;
#457 = EDGE_LOOP ( 'NONE', ( #1888, #117, #3644 ) ) ;
#458 = CARTESIAN_POINT ( 'NONE',  ( -0.1631869432605146109, -22.50000000000000355, 5.000000000000007105 ) ) ;
#459 = CARTESIAN_POINT ( 'NONE',  ( 0.000000000000000000, 22.50000000000000000, 7.500000000000000000 ) ) ;
#460 = DIRECTION ( 'NONE',  ( 1.000000000000000000, 0.000000000000000000, 0.000000000000000000 ) ) ;
#461 = CARTESIAN_POINT ( 'NONE',  ( 64.44225750903099481, 12.52023290239018216, 36.00000000000000000 ) ) ;
#462 = EDGE_LOOP ( 'NONE', ( #1110, #2205, #2698, #525, #3223, #2730, #2253, #2467, #1852, #1270 ) ) ;
#463 = EDGE_LOOP ( 'NONE', ( #3147, #2447 ) ) ;
#464 = FACE_OUTER_BOUND ( 'NONE', #1536, .T. ) ;
#465 = CARTESIAN_POINT ( 'NONE',  ( 3.061616997868372787E-16, 22.50000000000000000, 5.000000000000007994 ) ) ;
#466 = DIRECTION ( 'NONE',  ( 0.000000000000000000, -1.000000000000000000, 0.000000000000000000 ) ) ;
#467 = ORIENTED_EDGE ( 'NONE', *, *, #2062, .T. ) ;
#468 = DIRECTION ( 'NONE',  ( 1.032005339232958624E-16, 1.000000000000000000, -1.285072990553662727E-17 ) ) ;
#469 = CARTESIAN_POINT ( 'NONE',  ( 104.9804439677819943, 0.3940928685432749101, -14.99605409409754486 ) ) ;
#470 = ADVANCED_FACE ( 'NONE', ( #2937 ), #2351, .F. ) ;
#471 = CARTESIAN_POINT ( 'NONE',  ( 66.81010921242877032, 7.507457406342385120, -0.000000000000000000 ) ) ;
#472 = LINE ( 'NONE', #1647, #2802 ) ;
#473 = VERTEX_POINT ( 'NONE', #728 ) ;
#474 = CARTESIAN_POINT ( 'NONE',  ( 1.106787297812105386, 22.47326620422249022, 5.252438565588896324 ) ) ;
#475 = FACE_BOUND ( 'NONE', #3614, .T. ) ;
#476 = DIRECTION ( 'NONE',  ( 1.000000000000000000, 0.000000000000000000, 0.000000000000000000 ) ) ;
#477 = CARTESIAN_POINT ( 'NONE',  ( -2.372610402600810353, 22.37464391185578449, 6.695278426859428755 ) ) ;
#478 = ORIENTED_EDGE ( 'NONE', *, *, #2814, .T. ) ;
#479 = ORIENTED_EDGE ( 'NONE', *, *, #3091, .T. ) ;
#480 = ADVANCED_FACE ( 'NONE', ( #674 ), #1324, .F. ) ;
#481 = CARTESIAN_POINT ( 'NONE',  ( 0.000000000000000000, 0.000000000000000000, 36.00000000000000000 ) ) ;
#482 = AXIS2_PLACEMENT_3D ( 'NONE', #3592, #2207, #178 ) ;
#483 = CARTESIAN_POINT ( 'NONE',  ( 64.57271688748404870, 17.99999999999999645, 5.949309053381978352 ) ) ;
#484 = AXIS2_PLACEMENT_3D ( 'NONE', #1162, #2003, #600 ) ;
#485 = DIRECTION ( 'NONE',  ( -1.000000000000000000, 0.000000000000000000, 0.000000000000000000 ) ) ;
#486 = ORIENTED_EDGE ( 'NONE', *, *, #3330, .T. ) ;
#487 =( LENGTH_UNIT ( ) NAMED_UNIT ( * ) SI_UNIT ( .MILLI., .METRE. ) );
#488 = VECTOR ( 'NONE', #1603, 1000.000000000000000 ) ;
#489 = CARTESIAN_POINT ( 'NONE',  ( 103.3303647449675253, 2.695975047642300115, -14.75593176956806829 ) ) ;
#490 = EDGE_CURVE ( 'NONE', #2112, #110, #263, .T. ) ;
#491 = CARTESIAN_POINT ( 'NONE',  ( 0.8070512288020691427, -14.97904070842529833, 9.871816069802145321 ) ) ;
#492 = VECTOR ( 'NONE', #2477, 1000.000000000000000 ) ;
#493 = B_SPLINE_CURVE_WITH_KNOTS ( 'NONE', 3,
 ( #1964, #2547, #312, #1140, #3408, #859, #2587, #1177, #3126, #293, #1243, #1211, #366, #418, #86, #2965, #2089, #2309, #1505, #2912 ),
 .UNSPECIFIED., .F., .F.,
 ( 4, 2, 2, 2, 2, 2, 2, 2, 2, 4 ),
 ( -0.005198131382931155467, -0.002882855849761898574, -0.001725218083177271211, -0.0005675803165926442823, 0.0005900574499919835139, 0.001747695216576610443, 0.002326514099868923040, 0.002905332983161236504, 0.003484151866453549101, 0.004062970749745863433 ),
 .UNSPECIFIED. ) ;
#494 = AXIS2_PLACEMENT_3D ( 'NONE', #2632, #1534, #3509 ) ;
#495 = CARTESIAN_POINT ( 'NONE',  ( -12.94244301742853231, 38.04831097626686187, 36.00000000000001421 ) ) ;
#496 = LINE ( 'NONE', #1864, #727 ) ;
#497 = ORIENTED_EDGE ( 'NONE', *, *, #1773, .F. ) ;
#498 = DIRECTION ( 'NONE',  ( 1.000000000000000000, 0.000000000000000000, 0.000000000000000000 ) ) ;
#499 = DIRECTION ( 'NONE',  ( -1.000000000000000000, -0.000000000000000000, -0.000000000000000000 ) ) ;
#500 = CIRCLE ( 'NONE', #375, 22.50000000000000355 ) ;
#501 = DIRECTION ( 'NONE',  ( 0.000000000000000000, 0.000000000000000000, -1.000000000000000000 ) ) ;
#502 = CARTESIAN_POINT ( 'NONE',  ( -13.99999999999999822, -39.99999999999999289, 36.00000000000000000 ) ) ;
#503 = AXIS2_PLACEMENT_3D ( 'NONE', #1833, #3538, #3216 ) ;
#504 = ORIENTED_EDGE ( 'NONE', *, *, #2262, .F. ) ;
#505 = AXIS2_PLACEMENT_3D ( 'NONE', #1027, #391, #2132 ) ;
#506 = EDGE_CURVE ( 'NONE', #1451, #1819, #3300, .T. ) ;
#507 = VERTEX_POINT ( 'NONE', #2368 ) ;
#508 = CYLINDRICAL_SURFACE ( 'NONE', #482, 19.00000000000000000 ) ;
#509 = DIRECTION ( 'NONE',  ( 0.000000000000000000, 0.000000000000000000, 1.000000000000000000 ) ) ;
#510 = CIRCLE ( 'NONE', #3117, 22.50000000000000355 ) ;
#511 = DIRECTION ( 'NONE',  ( 1.000000000000000000, -0.000000000000000000, -0.000000000000000000 ) ) ;
#512 = VERTEX_POINT ( 'NONE', #449 ) ;
#513 = CARTESIAN_POINT ( 'NONE',  ( -49.80754966226164271, -46.86786923087310441, 37.03832734294110907 ) ) ;
#514 = DIRECTION ( 'NONE',  ( 0.000000000000000000, 0.000000000000000000, 1.000000000000000000 ) ) ;
#515 = CARTESIAN_POINT ( 'NONE',  ( 2.500061860768660882, -14.79018900137144676, 7.337572163903804956 ) ) ;
#516 = ADVANCED_FACE ( 'NONE', ( #1527, #2412 ), #3245, .F. ) ;
#517 = CARTESIAN_POINT ( 'NONE',  ( 66.12345829712425882, -8.505065047829264202, -0.000000000000000000 ) ) ;
#518 = DIRECTION ( 'NONE',  ( 0.000000000000000000, 0.000000000000000000, -1.000000000000000000 ) ) ;
#519 = EDGE_LOOP ( 'NONE', ( #3331, #1903, #3052, #1769 ) ) ;
#520 = CARTESIAN_POINT ( 'NONE',  ( -59.99999999999998579, 3.469446951953614189E-15, -1.499999999999997780 ) ) ;
#521 = DIRECTION ( 'NONE',  ( -1.000000000000000000, -0.000000000000000000, -0.000000000000000000 ) ) ;
#522 = FACE_OUTER_BOUND ( 'NONE', #331, .T. ) ;
#523 = CARTESIAN_POINT ( 'NONE',  ( 66.81574967747837945, 7.500343720387308899, 35.99999999999999289 ) ) ;
#524 = ORIENTED_EDGE ( 'NONE', *, *, #1497, .T. ) ;
#525 = ORIENTED_EDGE ( 'NONE', *, *, #872, .T. ) ;
#526 = CARTESIAN_POINT ( 'NONE',  ( 15.00000000000001421, 0.000000000000000000, 16.50000000000000000 ) ) ;
#527 = CARTESIAN_POINT ( 'NONE',  ( -44.99999999999998579, 5.306417150674643778E-15, 55.49999999999999289 ) ) ;
#528 = DIRECTION ( 'NONE',  ( 0.000000000000000000, 0.000000000000000000, 1.000000000000000000 ) ) ;
#529 = EDGE_CURVE ( 'NONE', #3270, #952, #1570, .T. ) ;
#530 = CARTESIAN_POINT ( 'NONE',  ( -38.00000000000000711, -18.00000000000000355, 18.00000000000000000 ) ) ;
#531 = ORIENTED_EDGE ( 'NONE', *, *, #639, .T. ) ;
#532 = AXIS2_PLACEMENT_3D ( 'NONE', #1592, #499, #155 ) ;
#533 = LINE ( 'NONE', #1662, #2586 ) ;
#534 = CARTESIAN_POINT ( 'NONE',  ( 1.987831418275108453, -14.86798121760248748, 5.975204192757821886 ) ) ;
#535 = CARTESIAN_POINT ( 'NONE',  ( 68.06117621728692768, -6.339925917293411928, -0.000000000000000000 ) ) ;
#536 = ORIENTED_EDGE ( 'NONE', *, *, #2529, .T. ) ;
#537 = CARTESIAN_POINT ( 'NONE',  ( 1.884122707780983896, 22.42127157775370350, 9.151250622917318722 ) ) ;
#538 = AXIS2_PLACEMENT_3D ( 'NONE', #530, #3636, #3029 ) ;
#539 = DIRECTION ( 'NONE',  ( 0.000000000000000000, -1.000000000000000000, 0.000000000000000000 ) ) ;
#540 = CARTESIAN_POINT ( 'NONE',  ( -13.51971534112313833, -38.82714073874112870, 36.00000000000000000 ) ) ;
#541 = ORIENTED_EDGE ( 'NONE', *, *, #127, .F. ) ;
#542 = EDGE_LOOP ( 'NONE', ( #591, #317, #1197, #1265 ) ) ;
#543 = CARTESIAN_POINT ( 'NONE',  ( 15.76577893162857436, 13.51543503070524110, 0.000000000000000000 ) ) ;
#544 = CARTESIAN_POINT ( 'NONE',  ( 3.469446951953614189E-15, 3.032651715644408711E-16, 1.952696104306741454 ) ) ;
#545 = CARTESIAN_POINT ( 'NONE',  ( 15.74802563627843810, 16.50000000000000711, 2.993871752406693787 ) ) ;
#546 = CARTESIAN_POINT ( 'NONE',  ( -35.19783889120225950, 17.35012979243025200, -1.245007560138607250 ) ) ;
#547 = ORIENTED_EDGE ( 'NONE', *, *, #1176, .T. ) ;
#548 = EDGE_CURVE ( 'NONE', #439, #1870, #2041, .T. ) ;
#549 = DIRECTION ( 'NONE',  ( -1.000000000000000000, -0.000000000000000000, -0.000000000000000000 ) ) ;
#550 = CARTESIAN_POINT ( 'NONE',  ( 2.484015620832720206, -14.79292830875090914, 7.826744265117457466 ) ) ;
#551 = B_SPLINE_CURVE_WITH_KNOTS ( 'NONE', 3,
 ( #1818, #2672, #670, #387, #1558, #1524, #3239, #403, #1541, #1579, #122, #1264, #2385, #2111 ),
 .UNSPECIFIED., .F., .F.,
 ( 4, 2, 2, 2, 2, 2, 4 ),
 ( 0.000000000000000000, 0.001178856512593647477, 0.001768284768890484660, 0.002357713025187321843, 0.002947141281484159242, 0.003536569537780996642, 0.004715426050374652359 ),
 .UNSPECIFIED. ) ;
#552 = CARTESIAN_POINT ( 'NONE',  ( 65.64614939539475813, -9.348760977970741237, -0.000000000000000000 ) ) ;
#553 = AXIS2_PLACEMENT_3D ( 'NONE', #3490, #76, #2958 ) ;
#554 =( GEOMETRIC_REPRESENTATION_CONTEXT ( 3 ) GLOBAL_UNCERTAINTY_ASSIGNED_CONTEXT ( ( #1700 ) ) GLOBAL_UNIT_ASSIGNED_CONTEXT ( ( #2232, #2, #1153 ) ) REPRESENTATION_CONTEXT ( 'NONE', 'WORKASPACE' ) );
#555 = EDGE_LOOP ( 'NONE', ( #404, #611, #3429, #89, #2085, #2274, #3065, #1095, #2591, #1671 ) ) ;
#556 = EDGE_CURVE ( 'NONE', #1580, #3307, #320, .T. ) ;
#557 = CARTESIAN_POINT ( 'NONE',  ( 1.653861145915852759, 22.43943138431524531, 9.381831636382672812 ) ) ;
#558 =( GEOMETRIC_REPRESENTATION_CONTEXT ( 3 ) GLOBAL_UNCERTAINTY_ASSIGNED_CONTEXT ( ( #281 ) ) GLOBAL_UNIT_ASSIGNED_CONTEXT ( ( #220, #581, #1448 ) ) REPRESENTATION_CONTEXT ( 'NONE', 'WORKASPACE' ) );
#559 = FACE_BOUND ( 'NONE', #849, .T. ) ;
#560 = CARTESIAN_POINT ( 'NONE',  ( -0.3265428542721524607, -15.00000000000000888, 5.000000000000008882 ) ) ;
#561 = PRODUCT_DEFINITION_CONTEXT ( 'detailed design', #3609, 'design' ) ;
#562 = VERTEX_POINT ( 'NONE', #1251 ) ;
#563 = VERTEX_POINT ( 'NONE', #2677 ) ;
#564 = VECTOR ( 'NONE', #3550, 1000.000000000000000 ) ;
#565 = CARTESIAN_POINT ( 'NONE',  ( 15.04448374036658542, -16.49999999999999645, 33.00000000000000000 ) ) ;
#566 = CARTESIAN_POINT ( 'NONE',  ( -53.00000000000000711, -39.99999999999999289, 18.00000000000000355 ) ) ;
#567 = ADVANCED_FACE ( 'NONE', ( #2713 ), #3504, .T. ) ;
#568 = CARTESIAN_POINT ( 'NONE',  ( 99.01965205016210803, -0.3952058261487548796, 14.99603433614462489 ) ) ;
#569 = ORIENTED_EDGE ( 'NONE', *, *, #2611, .T. ) ;
#570 = CARTESIAN_POINT ( 'NONE',  ( 20.00000000000001066, -16.49999999999999645, 7.079278159291612305 ) ) ;
#571 = CIRCLE ( 'NONE', #2538, 19.00000000000000000 ) ;
#572 = CARTESIAN_POINT ( 'NONE',  ( -35.19783889120224529, -17.35012979243025200, 34.24500756013859615 ) ) ;
#573 = CARTESIAN_POINT ( 'NONE',  ( -2.246897384822238664, 14.83089638784086084, 6.391690215229381522 ) ) ;
#574 = EDGE_CURVE ( 'NONE', #1955, #603, #2696, .T. ) ;
#575 = VERTEX_POINT ( 'NONE', #145 ) ;
#576 = CARTESIAN_POINT ( 'NONE',  ( 15.08122435839938547, 16.11308299341640904, 32.99999999999999289 ) ) ;
#577 = CARTESIAN_POINT ( 'NONE',  ( -32.76990722019311164, -16.50000000000000000, -0.2968508279572648068 ) ) ;
#578 = CARTESIAN_POINT ( 'NONE',  ( -1.260746848851911350, -14.94995795112519055, 9.683232604499382390 ) ) ;
#579 = ORIENTED_EDGE ( 'NONE', *, *, #3623, .T. ) ;
#580 = ORIENTED_EDGE ( 'NONE', *, *, #2792, .F. ) ;
#581 =( NAMED_UNIT ( * ) PLANE_ANGLE_UNIT ( ) SI_UNIT ( $, .RADIAN. ) );
#582 = CARTESIAN_POINT ( 'NONE',  ( 0.000000000000000000, 0.000000000000000000, 0.000000000000000000 ) ) ;
#583 = CARTESIAN_POINT ( 'NONE',  ( 60.00000000000001421, 1.836970198721029589E-15, 1.500000000000001332 ) ) ;
#584 = ORIENTED_EDGE ( 'NONE', *, *, #1854, .T. ) ;
#585 = PRODUCT_DEFINITION_CONTEXT ( 'detailed design', #2536, 'design' ) ;
#586 = CARTESIAN_POINT ( 'NONE',  ( 68.87538016105570193, 17.99999999999999645, 24.08276253029822200 ) ) ;
#587 = AXIS2_PLACEMENT_3D ( 'NONE', #2164, #214, #417 ) ;
#588 = CARTESIAN_POINT ( 'NONE',  ( 17.34906384671847590, 16.50000000000000355, 27.35782293620008687 ) ) ;
#589 = CARTESIAN_POINT ( 'NONE',  ( 60.00000000000001421, 0.000000000000000000, 16.50000000000000000 ) ) ;
#590 = EDGE_CURVE ( 'NONE', #3307, #134, #695, .T. ) ;
#591 = ORIENTED_EDGE ( 'NONE', *, *, #1644, .T. ) ;
#592 = CARTESIAN_POINT ( 'NONE',  ( 15.75350665999413913, 13.49193484034381285, 33.00000000000000711 ) ) ;
#593 = EDGE_CURVE ( 'NONE', #2729, #2973, #3262, .T. ) ;
#594 = PLANE ( 'NONE',  #1971 ) ;
#595 = CARTESIAN_POINT ( 'NONE',  ( -1.539076963317365543, -14.92262809724313755, 9.496764335267018353 ) ) ;
#596 = VERTEX_POINT ( 'NONE', #1283 ) ;
#597 = CARTESIAN_POINT ( 'NONE',  ( 99.09636060993847195, -0.7798285410295413556, -14.98097740707354042 ) ) ;
#598 = CIRCLE ( 'NONE', #3149, 15.00000000000000000 ) ;
#599 = DIRECTION ( 'NONE',  ( -9.130123557772670799E-17, -1.000000000000000000, 0.000000000000000000 ) ) ;
#600 = DIRECTION ( 'NONE',  ( 0.000000000000000000, 0.000000000000000000, 1.000000000000000000 ) ) ;
#601 = PLANE ( 'NONE',  #1496 ) ;
#602 = CARTESIAN_POINT ( 'NONE',  ( 18.51704258969652273, -9.840976553224228596, 33.00000000000000000 ) ) ;
#603 = VERTEX_POINT ( 'NONE', #1873 ) ;
#604 = EDGE_CURVE ( 'NONE', #1853, #1667, #1821, .T. ) ;
#605 = CARTESIAN_POINT ( 'NONE',  ( -44.99999999999998579, 5.306417150674643778E-15, -1.499999999999997780 ) ) ;
#606 = DIRECTION ( 'NONE',  ( 0.000000000000000000, 0.000000000000000000, 1.000000000000000000 ) ) ;
#607 = TOROIDAL_SURFACE ( 'NONE', #1090, 24.00000000000000000, 5.000000000000000000 ) ;
#608 = CARTESIAN_POINT ( 'NONE',  ( 16.25735171022152059, 16.50000000000001066, 28.95734643727399416 ) ) ;
#609 = DIRECTION ( 'NONE',  ( 0.000000000000000000, -1.421085471520200372E-14, -1.000000000000000000 ) ) ;
#610 = AXIS2_PLACEMENT_3D ( 'NONE', #2806, #2566, #3467 ) ;
#611 = ORIENTED_EDGE ( 'NONE', *, *, #3665, .T. ) ;
#612 = CARTESIAN_POINT ( 'NONE',  ( 69.00000000000000000, -6.082762530298221115, 36.00000000000000000 ) ) ;
#613 =( NAMED_UNIT ( * ) SI_UNIT ( $, .STERADIAN. ) SOLID_ANGLE_UNIT ( ) );
#614 = CIRCLE ( 'NONE', #1734, 34.89897948556635043 ) ;
#615 = B_SPLINE_CURVE_WITH_KNOTS ( 'NONE', 3,
 ( #1201, #3438, #3208, #2596 ),
 .UNSPECIFIED., .F., .F.,
 ( 4, 4 ),
 ( 0.000000000000000000, 0.001630345187896707366 ),
 .UNSPECIFIED. ) ;
#616 = ORIENTED_EDGE ( 'NONE', *, *, #3122, .T. ) ;
#617 = ORIENTED_EDGE ( 'NONE', *, *, #83, .T. ) ;
#618 = LINE ( 'NONE', #2669, #3365 ) ;
#619 = CARTESIAN_POINT ( 'NONE',  ( 101.8004283312638165, 2.999900366876678603, 14.69695879422254770 ) ) ;
#620 = DIRECTION ( 'NONE',  ( -9.130123557772672032E-17, -1.000000000000000000, -0.000000000000000000 ) ) ;
#621 = EDGE_CURVE ( 'NONE', #3669, #2729, #2921, .T. ) ;
#622 = CARTESIAN_POINT ( 'NONE',  ( 104.6029711446239219, -1.504301770050303411, 14.92527845096739192 ) ) ;
#623 = EDGE_LOOP ( 'NONE', ( #969, #164, #3017, #671 ) ) ;
#624 = CARTESIAN_POINT ( 'NONE',  ( 64.00000000000000000, 18.00000000000000355, 32.89496965949413720 ) ) ;
#625 = SHAPE_REPRESENTATION ( 'COLLAR', ( #669 ), #3167 ) ;
#626 = LINE ( 'NONE', #1772, #378 ) ;
#627 = AXIS2_PLACEMENT_3D ( 'NONE', #2697, #1006, #407 ) ;
#628 = CARTESIAN_POINT ( 'NONE',  ( 20.00000000000001066, 16.50000000000000355, 25.92072184070837793 ) ) ;
#629 = CARTESIAN_POINT ( 'NONE',  ( 2.371485010187301956, 14.81148604729125573, 6.691936361703233693 ) ) ;
#630 = AXIS2_PLACEMENT_3D ( 'NONE', #3514, #2947, #2602 ) ;
#631 = DIRECTION ( 'NONE',  ( 1.000000000000000000, 0.000000000000000000, 0.000000000000000000 ) ) ;
#632 = VERTEX_POINT ( 'NONE', #1932 ) ;
#633 = CARTESIAN_POINT ( 'NONE',  ( 102.7761324299254682, -2.904483957871773381, -14.71616411198760233 ) ) ;
#634 = CARTESIAN_POINT ( 'NONE',  ( -13.99999999999999112, 18.00000000000000000, 0.000000000000000000 ) ) ;
#635 = LINE ( 'NONE', #3199, #1609 ) ;
#636 = CARTESIAN_POINT ( 'NONE',  ( 69.00000000000000000, 6.082762530298221115, 36.00000000000000000 ) ) ;
#637 = CARTESIAN_POINT ( 'NONE',  ( 102.1974027024778309, -2.999922748333698763, 14.69695422562815779 ) ) ;
#638 = ORIENTED_EDGE ( 'NONE', *, *, #3321, .F. ) ;
#639 = EDGE_CURVE ( 'NONE', #563, #1749, #1109, .T. ) ;
#640 = DIRECTION ( 'NONE',  ( 1.000000000000000000, 0.000000000000000000, 0.000000000000000000 ) ) ;
#641 = PLANE ( 'NONE',  #2581 ) ;
#642 = AXIS2_PLACEMENT_3D ( 'NONE', #903, #390, #1545 ) ;
#643 = DIRECTION ( 'NONE',  ( 9.130123557772670799E-17, 1.000000000000000000, 0.000000000000000000 ) ) ;
#644 = DIRECTION ( 'NONE',  ( 1.000000000000000000, 0.000000000000000000, 0.000000000000000000 ) ) ;
#645 = CARTESIAN_POINT ( 'NONE',  ( 64.00000000000000000, -14.89496965949413898, 36.00000000000000711 ) ) ;
#646 = FILL_AREA_STYLE_COLOUR ( '', #2440 ) ;
#647 = VERTEX_POINT ( 'NONE', #1351 ) ;
#648 = ORIENTED_EDGE ( 'NONE', *, *, #2289, .F. ) ;
#649 = CARTESIAN_POINT ( 'NONE',  ( 109.0000000000000000, -18.00000000000000000, 36.00000000000000000 ) ) ;
#650 = DIRECTION ( 'NONE',  ( -0.000000000000000000, 1.000000000000000000, 0.000000000000000000 ) ) ;
#651 = CARTESIAN_POINT ( 'NONE',  ( 15.13985895268474380, -15.73025401704100723, -0.000000000000000000 ) ) ;
#652 = DIRECTION ( 'NONE',  ( -1.000000000000000000, -0.000000000000000000, -0.000000000000000000 ) ) ;
#653 = VERTEX_POINT ( 'NONE', #2227 ) ;
#654 = FACE_OUTER_BOUND ( 'NONE', #2635, .T. ) ;
#655 = DIRECTION ( 'NONE',  ( 0.000000000000000000, 1.000000000000000000, -0.000000000000000000 ) ) ;
#656 = LINE ( 'NONE', #3152, #3035 ) ;
#657 = EDGE_CURVE ( 'NONE', #310, #3674, #3453, .T. ) ;
#658 = EDGE_CURVE ( 'NONE', #2303, #2527, #1126, .T. ) ;
#659 = CARTESIAN_POINT ( 'NONE',  ( 0.3265428542721524607, 15.00000000000000888, 5.000000000000008882 ) ) ;
#660 = VECTOR ( 'NONE', #2476, 1000.000000000000000 ) ;
#661 = EDGE_CURVE ( 'NONE', #2585, #806, #1664, .T. ) ;
#662 = EDGE_CURVE ( 'NONE', #2969, #2724, #1418, .T. ) ;
#663 = ORIENTED_EDGE ( 'NONE', *, *, #574, .T. ) ;
#664 = FACE_OUTER_BOUND ( 'NONE', #2357, .T. ) ;
#665 = CIRCLE ( 'NONE', #1550, 19.00000000000000000 ) ;
#666 = DIRECTION ( 'NONE',  ( 0.000000000000000000, 0.000000000000000000, -1.000000000000000000 ) ) ;
#667 = FACE_OUTER_BOUND ( 'NONE', #457, .T. ) ;
#668 = CARTESIAN_POINT ( 'NONE',  ( 2.419871841119622502, -22.36951616053358194, 6.851185618538241151 ) ) ;
#669 = AXIS2_PLACEMENT_3D ( 'NONE', #871, #2791, #2831 ) ;
#670 = CARTESIAN_POINT ( 'NONE',  ( -35.80626722039838938, 17.83632365124004338, 34.44142264131149744 ) ) ;
#671 = ORIENTED_EDGE ( 'NONE', *, *, #955, .T. ) ;
#672 = AXIS2_PLACEMENT_3D ( 'NONE', #3442, #1363, #2559 ) ;
#673 = LINE ( 'NONE', #2936, #436 ) ;
#674 = FACE_OUTER_BOUND ( 'NONE', #347, .T. ) ;
#675 = VERTEX_POINT ( 'NONE', #1045 ) ;
#676 = CIRCLE ( 'NONE', #2093, 15.00000000000000355 ) ;
#677 = DIRECTION ( 'NONE',  ( 0.000000000000000000, 0.000000000000000000, -1.000000000000000000 ) ) ;
#678 = AXIS2_PLACEMENT_3D ( 'NONE', #2431, #3577, #2156 ) ;
#679 = CARTESIAN_POINT ( 'NONE',  ( 60.00000000000001421, -16.49999999999999645, 7.079278159291612305 ) ) ;
#680 = AXIS2_PLACEMENT_3D ( 'NONE', #2626, #2610, #55 ) ;
#681 = CONICAL_SURFACE ( 'NONE', #1981, 1.952696104306741454, 0.01745329251994668512 ) ;
#682 = EDGE_CURVE ( 'NONE', #3669, #439, #2807, .T. ) ;
#683 = CARTESIAN_POINT ( 'NONE',  ( 2.247135086939050730, 14.83085966943328060, 8.607769458357193315 ) ) ;
#684 = AXIS2_PLACEMENT_3D ( 'NONE', #1890, #2211, #2229 ) ;
#685 = ORIENTED_EDGE ( 'NONE', *, *, #402, .T. ) ;
#686 = CARTESIAN_POINT ( 'NONE',  ( -2.245823005327130417, -22.38772590026057330, 6.389544361691059216 ) ) ;
#687 = CARTESIAN_POINT ( 'NONE',  ( -13.99999999999999112, 39.99999999999999289, 0.000000000000000000 ) ) ;
#688 = CARTESIAN_POINT ( 'NONE',  ( 15.00000000000001421, 0.000000000000000000, 16.50000000000000000 ) ) ;
#689 = CARTESIAN_POINT ( 'NONE',  ( 67.47327507499019816, 6.781721297248555658, 36.00000000000000711 ) ) ;
#690 = DIRECTION ( 'NONE',  ( -1.000000000000000000, -0.000000000000000000, -0.000000000000000000 ) ) ;
#691 = EDGE_LOOP ( 'NONE', ( #212, #2148, #617, #2820 ) ) ;
#692 = VERTEX_POINT ( 'NONE', #3596 ) ;
#693 = ITEM_DEFINED_TRANSFORMATION ( 'NONE', 'NONE', #1625,  #669 ) ;
#694 = CARTESIAN_POINT ( 'NONE',  ( 68.05856271038355487, -18.00000000000000711, 11.65844433957087567 ) ) ;
#695 = LINE ( 'NONE', #2115, #3533 ) ;
#696 = EDGE_LOOP ( 'NONE', ( #1692, #3494, #2623, #497 ) ) ;
#697 = DIRECTION ( 'NONE',  ( 0.000000000000000000, -1.000000000000000000, 0.000000000000000000 ) ) ;
#698 = CARTESIAN_POINT ( 'NONE',  ( 0.000000000000000000, 36.00000000000000711, 36.00000000000000000 ) ) ;
#699 = ORIENTED_EDGE ( 'NONE', *, *, #590, .F. ) ;
#700 = EDGE_CURVE ( 'NONE', #1232, #3109, #167, .T. ) ;
#701 = CARTESIAN_POINT ( 'NONE',  ( -1.252195152902543906, -22.46554573911432584, 5.329975548358653725 ) ) ;
#702 = AXIS2_PLACEMENT_3D ( 'NONE', #3309, #2441, #3586 ) ;
#703 = CYLINDRICAL_SURFACE ( 'NONE', #3261, 15.00000000000000000 ) ;
#704 = CARTESIAN_POINT ( 'NONE',  ( 20.00000000000001421, 0.000000000000000000, 16.50000000000000000 ) ) ;
#705 = CARTESIAN_POINT ( 'NONE',  ( 67.85713652217035019, 6.473982506812322235, 36.00000000000000000 ) ) ;
#706 = DIRECTION ( 'NONE',  ( 1.000000000000000000, 0.000000000000000000, 0.000000000000000000 ) ) ;
#707 = EDGE_CURVE ( 'NONE', #3047, #2617, #2733, .T. ) ;
#708 = ORIENTED_EDGE ( 'NONE', *, *, #726, .F. ) ;
#709 = PRODUCT_CONTEXT ( 'NONE', #1274, 'mechanical' ) ;
#710 = CARTESIAN_POINT ( 'NONE',  ( 68.51385917503395717, -18.00000000000000000, 11.84806341666187457 ) ) ;
#711 = CARTESIAN_POINT ( 'NONE',  ( -13.99999999999999822, -39.99999999999999289, 0.000000000000000000 ) ) ;
#712 = EDGE_CURVE ( 'NONE', #2995, #2391, #951, .T. ) ;
#713 = ORIENTED_EDGE ( 'NONE', *, *, #604, .F. ) ;
#714 = CYLINDRICAL_SURFACE ( 'NONE', #2627, 15.00000000000000000 ) ;
#715 = DIRECTION ( 'NONE',  ( 0.000000000000000000, 0.000000000000000000, -1.000000000000000000 ) ) ;
#716 = CARTESIAN_POINT ( 'NONE',  ( -37.99999999999999289, 39.99999999999999289, -12.00000000000000000 ) ) ;
#717 = ORIENTED_EDGE ( 'NONE', *, *, #425, .F. ) ;
#718 = CARTESIAN_POINT ( 'NONE',  ( -0.3305580697749734287, -22.50000000000000355, 9.999999999999989342 ) ) ;
#719 = LINE ( 'NONE', #1001, #2954 ) ;
#720 = CARTESIAN_POINT ( 'NONE',  ( -38.00000000000000000, 64.00000000000001421, 18.00000000000000000 ) ) ;
#721 = CARTESIAN_POINT ( 'NONE',  ( 60.00000000000001421, 9.420721840708381478, 33.00000000000000000 ) ) ;
#722 = FACE_OUTER_BOUND ( 'NONE', #991, .T. ) ;
#723 = VECTOR ( 'NONE', #1531, 1000.000000000000000 ) ;
#724 = ORIENTED_EDGE ( 'NONE', *, *, #2944, .T. ) ;
#725 = DIRECTION ( 'NONE',  ( -1.000000000000000000, -0.000000000000000000, -0.000000000000000000 ) ) ;
#726 = EDGE_CURVE ( 'NONE', #1189, #2678, #241, .T. ) ;
#727 = VECTOR ( 'NONE', #3564, 1000.000000000000000 ) ;
#728 = CARTESIAN_POINT ( 'NONE',  ( -13.99999999999999822, -18.00000000000000000, 36.00000000000000000 ) ) ;
#729 = ORIENTED_EDGE ( 'NONE', *, *, #3253, .F. ) ;
#730 = CONICAL_SURFACE ( 'NONE', #3410, 1.952696104306741454, 0.01745329251994668512 ) ;
#731 = CARTESIAN_POINT ( 'NONE',  ( -38.00000000000000000, 64.00000000000001421, 18.00000000000000000 ) ) ;
#732 = CARTESIAN_POINT ( 'NONE',  ( -13.80548958012963467, 39.38839789533791702, 36.00000000000000000 ) ) ;
#733 = DIRECTION ( 'NONE',  ( 9.130123557772672032E-17, 1.000000000000000000, 0.000000000000000000 ) ) ;
#734 = ORIENTED_EDGE ( 'NONE', *, *, #3615, .F. ) ;
#735 = VECTOR ( 'NONE', #821, 1000.000000000000000 ) ;
#736 = DIRECTION ( 'NONE',  ( -1.000000000000000000, 9.130123557772670799E-17, 0.000000000000000000 ) ) ;
#737 = DIRECTION ( 'NONE',  ( 9.130123557772670799E-17, 1.000000000000000000, 0.000000000000000000 ) ) ;
#738 = CARTESIAN_POINT ( 'NONE',  ( -13.34427151587269300, 38.55598815473187102, 0.000000000000000000 ) ) ;
#739 = CARTESIAN_POINT ( 'NONE',  ( 66.12345829712425882, 8.505065047829264202, 36.00000000000000711 ) ) ;
#740 = ORIENTED_EDGE ( 'NONE', *, *, #490, .T. ) ;
#741 = DIRECTION ( 'NONE',  ( -1.000000000000000000, -0.000000000000000000, -0.000000000000000000 ) ) ;
#742 = FACE_OUTER_BOUND ( 'NONE', #1303, .T. ) ;
#743 = DIRECTION ( 'NONE',  ( -1.000000000000000000, 0.000000000000000000, 0.000000000000000000 ) ) ;
#744 = ORIENTED_EDGE ( 'NONE', *, *, #3064, .F. ) ;
#745 = ADVANCED_FACE ( 'NONE', ( #3613 ), #2470, .T. ) ;
#746 = EDGE_CURVE ( 'NONE', #1597, #1933, #3077, .T. ) ;
#747 =( NAMED_UNIT ( * ) PLANE_ANGLE_UNIT ( ) SI_UNIT ( $, .RADIAN. ) );
#748 = CARTESIAN_POINT ( 'NONE',  ( 100.1700024938899816, 2.385203265876692402, -14.80955469980329653 ) ) ;
#749 = DIRECTION ( 'NONE',  ( 0.000000000000000000, 0.000000000000000000, -1.000000000000000000 ) ) ;
#750 = CARTESIAN_POINT ( 'NONE',  ( 64.00000000000000000, 0.000000000000000000, 18.00000000000000355 ) ) ;
#751 = APPLICATION_CONTEXT ( 'automotive_design' ) ;
#752 = ORIENTED_EDGE ( 'NONE', *, *, #1429, .T. ) ;
#753 = ADVANCED_FACE ( 'NONE', ( #805 ), #3673, .F. ) ;
#754 = CARTESIAN_POINT ( 'NONE',  ( 0.8059149097708957488, 22.48606620035296544, 5.127867692927038590 ) ) ;
#755 = AXIS2_PLACEMENT_3D ( 'NONE', #3188, #2387, #640 ) ;
#756 = CARTESIAN_POINT ( 'NONE',  ( 20.00000000000001066, -9.420721840708381478, 0.000000000000000000 ) ) ;
#757 = CARTESIAN_POINT ( 'NONE',  ( -23.00000000000000000, 64.00000000000001421, 18.00000000000000000 ) ) ;
#758 = CARTESIAN_POINT ( 'NONE',  ( -1.884669992700188423, 22.42123356493478070, 5.849167391910559566 ) ) ;
#759 = VERTEX_POINT ( 'NONE', #583 ) ;
#760 = ORIENTED_EDGE ( 'NONE', *, *, #215, .F. ) ;
#761 = DIRECTION ( 'NONE',  ( 0.000000000000000000, 0.000000000000000000, 1.000000000000000000 ) ) ;
#762 = CARTESIAN_POINT ( 'NONE',  ( 65.04909700082170332, 18.00000000000000000, 7.329027523164969082 ) ) ;
#763 = DIRECTION ( 'NONE',  ( 0.000000000000000000, 0.000000000000000000, -1.000000000000000000 ) ) ;
#764 = ORIENTED_EDGE ( 'NONE', *, *, #130, .T. ) ;
#765 = FACE_OUTER_BOUND ( 'NONE', #1517, .T. ) ;
#766 = DIRECTION ( 'NONE',  ( 0.000000000000000000, -1.000000000000000000, 0.000000000000000000 ) ) ;
#767 = DIRECTION ( 'NONE',  ( 0.000000000000000000, -1.000000000000000000, -0.000000000000000000 ) ) ;
#768 = FACE_OUTER_BOUND ( 'NONE', #2521, .T. ) ;
#769 = EDGE_CURVE ( 'NONE', #929, #692, #411, .T. ) ;
#770 = ADVANCED_FACE ( 'NONE', ( #1411 ), #3486, .F. ) ;
#771 = ORIENTED_EDGE ( 'NONE', *, *, #818, .F. ) ;
#772 = CARTESIAN_POINT ( 'NONE',  ( 2.420669994993716045, 22.36942939963252286, 8.145685914112172910 ) ) ;
#773 = CARTESIAN_POINT ( 'NONE',  ( 15.04448374036658720, -16.49999999999999645, 0.000000000000000000 ) ) ;
#774 = CARTESIAN_POINT ( 'NONE',  ( -37.99999999999999289, 39.99999999999999289, 18.00000000000000000 ) ) ;
#775 = CARTESIAN_POINT ( 'NONE',  ( 20.00000000000001421, -16.49999999999999645, 25.92072184070838858 ) ) ;
#776 = AXIS2_PLACEMENT_3D ( 'NONE', #3506, #1221, #1253 ) ;
#777 = VERTEX_POINT ( 'NONE', #3450 ) ;
#778 = ORIENTED_EDGE ( 'NONE', *, *, #826, .T. ) ;
#779 = CARTESIAN_POINT ( 'NONE',  ( 15.11802889398110850, -16.49999999999999645, 32.22549286841454119 ) ) ;
#780 = CARTESIAN_POINT ( 'NONE',  ( 0.000000000000000000, 0.000000000000000000, 0.000000000000000000 ) ) ;
#781 = AXIS2_PLACEMENT_3D ( 'NONE', #228, #3397, #3344 ) ;
#782 = CARTESIAN_POINT ( 'NONE',  ( -32.38207104071703668, 16.50000000000000355, -0.1997954018903020657 ) ) ;
#783 = EDGE_CURVE ( 'NONE', #1419, #2753, #1483, .T. ) ;
#784 = ORIENTED_EDGE ( 'NONE', *, *, #412, .F. ) ;
#785 =( NAMED_UNIT ( * ) SI_UNIT ( $, .STERADIAN. ) SOLID_ANGLE_UNIT ( ) );
#786 = CARTESIAN_POINT ( 'NONE',  ( -53.00000000000000711, 18.00000000000000355, 18.00000000000000355 ) ) ;
#787 = CARTESIAN_POINT ( 'NONE',  ( 2.499937778723227311, -14.79020997506362178, 7.664326541134793835 ) ) ;
#788 = CARTESIAN_POINT ( 'NONE',  ( -0.1633121688396648730, 14.99999999999999822, 5.000000000000006217 ) ) ;
#789 = CARTESIAN_POINT ( 'NONE',  ( 15.00000000000000000, 2.755455298081545172E-15, -22.50000000000000355 ) ) ;
#790 = VECTOR ( 'NONE', #3406, 1000.000000000000000 ) ;
#791 = ORIENTED_EDGE ( 'NONE', *, *, #1791, .T. ) ;
#792 = PRODUCT_DEFINITION_FORMATION_WITH_SPECIFIED_SOURCE ( 'ANY', '', #131, .NOT_KNOWN. ) ;
#793 = CARTESIAN_POINT ( 'NONE',  ( 2.247380793768280149, 22.38756901690530299, 8.607306159473832707 ) ) ;
#794 = EDGE_CURVE ( 'NONE', #1412, #2884, #2718, .T. ) ;
#795 = CARTESIAN_POINT ( 'NONE',  ( 3.061616997868372787E-16, 22.50000000000000000, 5.000000000000007994 ) ) ;
#796 = DIRECTION ( 'NONE',  ( 0.000000000000000000, -1.000000000000000000, 0.000000000000000000 ) ) ;
#797 = CARTESIAN_POINT ( 'NONE',  ( -0.1653181471767438127, 22.50000000000000711, 9.999999999999992895 ) ) ;
#798 = AXIS2_PLACEMENT_3D ( 'NONE', #1930, #2428, #1333 ) ;
#799 = ORIENTED_EDGE ( 'NONE', *, *, #3248, .F. ) ;
#800 = AXIS2_PLACEMENT_3D ( 'NONE', #2335, #2025, #2887 ) ;
#801 = VERTEX_POINT ( 'NONE', #2057 ) ;
#802 = DIRECTION ( 'NONE',  ( 0.000000000000000000, -1.000000000000000000, -0.000000000000000000 ) ) ;
#803 = CARTESIAN_POINT ( 'NONE',  ( 60.00000000000000000, 0.000000000000000000, 0.000000000000000000 ) ) ;
#804 = AXIS2_PLACEMENT_3D ( 'NONE', #921, #2534, #318 ) ;
#805 = FACE_OUTER_BOUND ( 'NONE', #1122, .T. ) ;
#806 = VERTEX_POINT ( 'NONE', #2950 ) ;
#807 = EDGE_CURVE ( 'NONE', #2094, #2185, #1724, .T. ) ;
#808 =( NAMED_UNIT ( * ) PLANE_ANGLE_UNIT ( ) SI_UNIT ( $, .RADIAN. ) );
#809 = DIRECTION ( 'NONE',  ( 1.000000000000000000, 0.000000000000000000, 0.000000000000000000 ) ) ;
#810 = AXIS2_PLACEMENT_3D ( 'NONE', #3534, #1292, #2463 ) ;
#811 = CARTESIAN_POINT ( 'NONE',  ( 0.000000000000000000, -15.00000000000000000, 9.999999999999991118 ) ) ;
#812 = CARTESIAN_POINT ( 'NONE',  ( 68.87577617446686418, -6.082762530298221115, 0.000000000000000000 ) ) ;
#813 = LINE ( 'NONE', #1666, #2143 ) ;
#814 = ORIENTED_EDGE ( 'NONE', *, *, #3485, .T. ) ;
#815 = CARTESIAN_POINT ( 'NONE',  ( 2.170696748714306956, 22.39523057204512568, 8.750897370817650511 ) ) ;
#816 = CARTESIAN_POINT ( 'NONE',  ( 64.00000000000000000, 0.000000000000000000, 18.00000000000000355 ) ) ;
#817 = CARTESIAN_POINT ( 'NONE',  ( -1.253123355174248221, -14.94819114751942379, 5.330539285219242807 ) ) ;
#818 = EDGE_CURVE ( 'NONE', #3584, #2485, #3201, .T. ) ;
#819 = ORIENTED_EDGE ( 'NONE', *, *, #707, .F. ) ;
#820 = ORIENTED_EDGE ( 'NONE', *, *, #1011, .T. ) ;
#821 = DIRECTION ( 'NONE',  ( -1.000000000000000000, 0.000000000000000000, 0.000000000000000000 ) ) ;
#822 = PLANE ( 'NONE',  #364 ) ;
#823 = CARTESIAN_POINT ( 'NONE',  ( -36.32748946347174268, 18.42857142857143771, -1.499999999999997780 ) ) ;
#824 = VERTEX_POINT ( 'NONE', #1803 ) ;
#825 = DIRECTION ( 'NONE',  ( 0.000000000000000000, 0.000000000000000000, -1.000000000000000000 ) ) ;
#826 = EDGE_CURVE ( 'NONE', #1885, #824, #598, .T. ) ;
#827 = CARTESIAN_POINT ( 'NONE',  ( -35.80325799600832681, -17.83319605863009372, 34.44081997803750284 ) ) ;
#828 = CARTESIAN_POINT ( 'NONE',  ( 66.96928232778954282, -7.311393861733811228, -0.000000000000000000 ) ) ;
#829 =( LENGTH_UNIT ( ) NAMED_UNIT ( * ) SI_UNIT ( .MILLI., .METRE. ) );
#830 = ORIENTED_EDGE ( 'NONE', *, *, #2885, .T. ) ;
#831 = DIRECTION ( 'NONE',  ( 0.000000000000000000, 1.000000000000000000, -0.000000000000000000 ) ) ;
#832 = LINE ( 'NONE', #1957, #361 ) ;
#833 = B_SPLINE_CURVE_WITH_KNOTS ( 'NONE', 3,
 ( #3155, #560, #1708, #43, #817, #1940, #1691, #3082, #3667, #2236, #2818, #255, #1404, #1387, #2525, #270, #2542, #853, #3684, #3403, #1980, #3121, #3140, #595, #578, #2838, #288, #2560, #8, #1728 ),
 .UNSPECIFIED., .F., .F.,
 ( 4, 2, 2, 2, 2, 2, 2, 2, 2, 2, 2, 2, 2, 2, 4 ),
 ( 0.007829808997192464620, 0.008808290957735755156, 0.009297531938007402158, 0.009786772918279049160, 0.01027601389855069616, 0.01076525487882234143, 0.01125449585909398843, 0.01174373683936563370, 0.01223297781963727723, 0.01272221879990892250, 0.01321145978018056603, 0.01370070076045220957, 0.01467918272099549143, 0.01516842370126713496, 0.01565766468153877503 ),
 .UNSPECIFIED. ) ;
#834 = ORIENTED_EDGE ( 'NONE', *, *, #44, .T. ) ;
#835 = ORIENTED_EDGE ( 'NONE', *, *, #2421, .T. ) ;
#836 =( NAMED_UNIT ( * ) PLANE_ANGLE_UNIT ( ) SI_UNIT ( $, .RADIAN. ) );
#837 = CARTESIAN_POINT ( 'NONE',  ( 102.1965649354658296, 3.000098879752846504, 14.69691827295668496 ) ) ;
#838 = DIRECTION ( 'NONE',  ( 1.000000000000000000, 0.000000000000000000, 0.000000000000000000 ) ) ;
#839 = DIRECTION ( 'NONE',  ( -0.000000000000000000, 1.000000000000000000, -0.000000000000000000 ) ) ;
#840 = EDGE_LOOP ( 'NONE', ( #235, #392, #2058, #1034 ) ) ;
#841 = EDGE_CURVE ( 'NONE', #2793, #1858, #3570, .T. ) ;
#842 = CARTESIAN_POINT ( 'NONE',  ( 64.12234359963606778, 18.00000000000000000, 31.93599860273119972 ) ) ;
#843 = CIRCLE ( 'NONE', #2509, 19.00000000000000000 ) ;
#844 = UNCERTAINTY_MEASURE_WITH_UNIT (LENGTH_MEASURE( 1.000000000000000082E-05 ), #1295, 'distance_accuracy_value', 'NONE');
#845 = LINE ( 'NONE', #1970, #861 ) ;
#846 = CARTESIAN_POINT ( 'NONE',  ( -0.1654916451219531626, 15.00000000000000000, 9.999999999999992895 ) ) ;
#847 = CARTESIAN_POINT ( 'NONE',  ( -8.101191175333074312, -36.00000000000000711, 0.000000000000000000 ) ) ;
#848 = AXIS2_PLACEMENT_3D ( 'NONE', #3622, #2417, #3323 ) ;
#849 = EDGE_LOOP ( 'NONE', ( #3358, #2785 ) ) ;
#850 = CARTESIAN_POINT ( 'NONE',  ( 19.23312044767572715, 9.532249795062552877, 33.00000000000000000 ) ) ;
#851 = AXIS2_PLACEMENT_3D ( 'NONE', #2252, #539, #2837 ) ;
#852 = DIRECTION ( 'NONE',  ( 1.000000000000000000, 0.000000000000000000, 0.000000000000000000 ) ) ;
#853 = CARTESIAN_POINT ( 'NONE',  ( -2.420530308301024558, -14.80344782406599258, 8.146257778228642721 ) ) ;
#854 = EDGE_LOOP ( 'NONE', ( #1348, #2168, #1884, #1748, #30, #3543, #3371, #3026, #504, #648, #547, #1551, #1960, #2140, #569, #1629, #699, #3399, #291, #3440, #2899, #2832 ) ) ;
#855 = CARTESIAN_POINT ( 'NONE',  ( 99.00000000000000000, 1.836969781399345755E-15, -15.00000000000000000 ) ) ;
#856 = CIRCLE ( 'NONE', #1914, 15.00000000000000355 ) ;
#857 = CARTESIAN_POINT ( 'NONE',  ( 18.51704258969652628, 9.840976553224230372, 0.000000000000000000 ) ) ;
#858 = EDGE_CURVE ( 'NONE', #415, #507, #813, .T. ) ;
#859 = CARTESIAN_POINT ( 'NONE',  ( 16.08061245931178718, -16.49999999999999645, 3.695681566645487859 ) ) ;
#860 = CARTESIAN_POINT ( 'NONE',  ( -37.99999999999999289, 41.00000000000000000, 18.00000000000000000 ) ) ;
#861 = VECTOR ( 'NONE', #1701, 1000.000000000000000 ) ;
#862 = CARTESIAN_POINT ( 'NONE',  ( 31.17691453623979569, -18.00000000000000000, 36.00000000000000000 ) ) ;
#863 = EDGE_CURVE ( 'NONE', #1232, #3118, #1783, .T. ) ;
#864 = ORIENTED_EDGE ( 'NONE', *, *, #2214, .F. ) ;
#865 = DIRECTION ( 'NONE',  ( 1.000000000000000000, 0.000000000000000000, 0.000000000000000000 ) ) ;
#866 = FACE_BOUND ( 'NONE', #1166, .T. ) ;
#867 = EDGE_CURVE ( 'NONE', #2973, #2916, #163, .T. ) ;
#868 = ADVANCED_FACE ( 'NONE', ( #3517, #369 ), #88, .F. ) ;
#869 = LINE ( 'NONE', #24, #1846 ) ;
#870 = CARTESIAN_POINT ( 'NONE',  ( -2.484015620832720206, 14.79292830875090914, 7.826744265117457466 ) ) ;
#871 = CARTESIAN_POINT ( 'NONE',  ( 0.000000000000000000, 0.000000000000000000, 0.000000000000000000 ) ) ;
#872 = EDGE_CURVE ( 'NONE', #2562, #1374, #2709, .T. ) ;
#873 = VERTEX_POINT ( 'NONE', #1280 ) ;
#874 = CARTESIAN_POINT ( 'NONE',  ( 20.00000000000001066, 9.420721840708381478, 33.00000000000000000 ) ) ;
#875 = CARTESIAN_POINT ( 'NONE',  ( 15.00000000000000000, 0.000000000000000000, 0.000000000000000000 ) ) ;
#876 = ADVANCED_FACE ( 'NONE', ( #722 ), #681, .T. ) ;
#877 = ADVANCED_FACE ( 'NONE', ( #990 ), #104, .F. ) ;
#878 = EDGE_LOOP ( 'NONE', ( #1325, #531, #541, #3520 ) ) ;
#879 = ORIENTED_EDGE ( 'NONE', *, *, #3191, .T. ) ;
#880 = DIRECTION ( 'NONE',  ( 0.000000000000000000, -1.000000000000000000, -0.000000000000000000 ) ) ;
#881 = CYLINDRICAL_SURFACE ( 'NONE', #484, 22.50000000000000355 ) ;
#882 = DIRECTION ( 'NONE',  ( 0.000000000000000000, 0.000000000000000000, -1.000000000000000000 ) ) ;
#883 = PRODUCT_RELATED_PRODUCT_CATEGORY ( 'part', '', ( #1441 ) ) ;
#884 = CARTESIAN_POINT ( 'NONE',  ( 99.00000000000000000, 4.173216183582092233E-22, 15.00000000000000000 ) ) ;
#885 = EDGE_LOOP ( 'NONE', ( #3264, #724, #362, #2471 ) ) ;
#886 = DIRECTION ( 'NONE',  ( 0.000000000000000000, 0.000000000000000000, -1.000000000000000000 ) ) ;
#887 = FACE_OUTER_BOUND ( 'NONE', #3278, .T. ) ;
#888 = COLOUR_RGB ( '',0.7921568627450980005, 0.8196078431372548767, 0.9333333333333333481 ) ;
#889 = CARTESIAN_POINT ( 'NONE',  ( 80.00000000000001421, 0.000000000000000000, 31.50000000000000000 ) ) ;
#890 = EDGE_CURVE ( 'NONE', #1636, #913, #551, .T. ) ;
#891 = DIRECTION ( 'NONE',  ( 0.000000000000000000, 0.000000000000000000, -1.000000000000000000 ) ) ;
#892 = ORIENTED_EDGE ( 'NONE', *, *, #3114, .T. ) ;
#893 = CARTESIAN_POINT ( 'NONE',  ( -36.08067958894990568, -18.11153061085079941, -1.499999999999997558 ) ) ;
#894 = CARTESIAN_POINT ( 'NONE',  ( -8.421769917081689982, -36.00000000000001421, 36.00000000000000711 ) ) ;
#895 = ORIENTED_EDGE ( 'NONE', *, *, #807, .T. ) ;
#896 = CARTESIAN_POINT ( 'NONE',  ( 99.61555104385818993, -1.831114732403787526, -14.88872078901957785 ) ) ;
#897 = MANIFOLD_SOLID_BREP ( 'Fillet1', #316 ) ;
#898 = CARTESIAN_POINT ( 'NONE',  ( 1.734723475976807094E-15, 0.000000000000000000, 0.000000000000000000 ) ) ;
#899 = CARTESIAN_POINT ( 'NONE',  ( 102.9673980779447078, 2.846509067752652555, 14.72763474051839694 ) ) ;
#900 = DIRECTION ( 'NONE',  ( -0.000000000000000000, -0.000000000000000000, -1.000000000000000000 ) ) ;
#901 = DIRECTION ( 'NONE',  ( 0.000000000000000000, 0.000000000000000000, 1.000000000000000000 ) ) ;
#902 = ORIENTED_EDGE ( 'NONE', *, *, #3616, .T. ) ;
#903 = CARTESIAN_POINT ( 'NONE',  ( -59.99999999999998579, 3.469446951953614189E-15, -1.499999999999997780 ) ) ;
#904 = DIRECTION ( 'NONE',  ( 0.9998476951563911586, 0.000000000000000000, -0.01745240643728690130 ) ) ;
#905 = CARTESIAN_POINT ( 'NONE',  ( -59.99999999999998579, -16.49999999999999645, 33.00000000000000000 ) ) ;
#906 = CARTESIAN_POINT ( 'NONE',  ( 0.000000000000000000, 18.00000000000000000, 36.00000000000000000 ) ) ;
#907 = B_SPLINE_CURVE_WITH_KNOTS ( 'NONE', 3,
 ( #1606, #2181, #1036, #1343, #754, #474, #2462, #3664, #2522, #2234, #1117, #3604, #1076, #3325, #2498, #3383, #3348, #1096, #1880, #772, #2200, #793, #815, #3098, #537, #557, #3626, #2163, #2218, #2480, #1689, #2741 ),
 .UNSPECIFIED., .F., .F.,
 ( 4, 2, 2, 2, 2, 2, 2, 2, 2, 2, 2, 2, 2, 2, 2, 4 ),
 ( 0.007822175643245081120, 0.008310945956393823650, 0.008799716269542566180, 0.009288486582691310445, 0.009777256895840052975, 0.01026602720898879550, 0.01075479752213753804, 0.01124356783528628057, 0.01173233814843502310, 0.01222110846158376563, 0.01270987877473250989, 0.01319864908788125242, 0.01368741940102999495, 0.01417618971417873922, 0.01466496002732748175, 0.01564250065362496681 ),
 .UNSPECIFIED. ) ;
#908 = CIRCLE ( 'NONE', #1843, 15.00000000000000000 ) ;
#909 = ORIENTED_EDGE ( 'NONE', *, *, #2989, .T. ) ;
#910 = VECTOR ( 'NONE', #3288, 1000.000000000000000 ) ;
#911 = CARTESIAN_POINT ( 'NONE',  ( 67.85551133656731793, -6.475217713472358305, 36.00000000000000000 ) ) ;
#912 = CARTESIAN_POINT ( 'NONE',  ( 29.80196385098425438, -20.19512195121951592, 36.00000000000000000 ) ) ;
#913 = VERTEX_POINT ( 'NONE', #1447 ) ;
#914 = EDGE_CURVE ( 'NONE', #1853, #370, #3430, .T. ) ;
#915 = ORIENTED_EDGE ( 'NONE', *, *, #807, .F. ) ;
#916 = DIRECTION ( 'NONE',  ( -1.000000000000000000, 0.000000000000000000, 0.000000000000000000 ) ) ;
#917 = CYLINDRICAL_SURFACE ( 'NONE', #2079, 19.00000000000000000 ) ;
#918 = CARTESIAN_POINT ( 'NONE',  ( 1.986764933763320418, -22.41229989839040115, 9.026363664146016319 ) ) ;
#919 = CARTESIAN_POINT ( 'NONE',  ( 101.6055760016174645, -2.980435218833655142, 14.70097076599571650 ) ) ;
#920 = ORIENTED_EDGE ( 'NONE', *, *, #274, .T. ) ;
#921 = CARTESIAN_POINT ( 'NONE',  ( 64.00000000000000000, 0.000000000000000000, 18.00000000000000000 ) ) ;
#922 = CIRCLE ( 'NONE', #2987, 1.952696104306741454 ) ;
#923 = CARTESIAN_POINT ( 'NONE',  ( 66.11493397261637028, 18.00000000000000355, 26.50667077708501296 ) ) ;
#924 = STYLED_ITEM ( 'NONE', ( #159 ), #897 ) ;
#925 = ADVANCED_BREP_SHAPE_REPRESENTATION ( '', ( #3426, #669 ), #3167 ) ;
#926 = CARTESIAN_POINT ( 'NONE',  ( 19.05161021728196502, 16.50000000000000000, 26.09599515710786477 ) ) ;
#927 = CYLINDRICAL_SURFACE ( 'NONE', #2738, 5.000000000000000888 ) ;
#928 = CARTESIAN_POINT ( 'NONE',  ( 0.1654503597015213046, 15.00000000000000178, 9.999999999999994671 ) ) ;
#929 = VERTEX_POINT ( 'NONE', #565 ) ;
#930 = CARTESIAN_POINT ( 'NONE',  ( 103.5020235802538764, -2.604317202283937593, -14.77260121688298611 ) ) ;
#931 = DIRECTION ( 'NONE',  ( -0.000000000000000000, 1.000000000000000000, 0.000000000000000000 ) ) ;
#932 = FACE_OUTER_BOUND ( 'NONE', #2981, .T. ) ;
#933 = CARTESIAN_POINT ( 'NONE',  ( 0.6496550585737074224, -22.49119073388349221, 5.080356980301265146 ) ) ;
#934 = CARTESIAN_POINT ( 'NONE',  ( 99.15364039110478700, -0.9678703373061922077, 14.96984643758672462 ) ) ;
#935 = EDGE_LOOP ( 'NONE', ( #271, #1299, #708, #1738 ) ) ;
#936 = CARTESIAN_POINT ( 'NONE',  ( 67.47363490686220189, -17.99999999999999645, 11.21849926031535283 ) ) ;
#937 = CARTESIAN_POINT ( 'NONE',  ( -23.00000000000000000, 64.00000000000001421, 18.00000000000000000 ) ) ;
#938 = FACE_OUTER_BOUND ( 'NONE', #555, .T. ) ;
#939 = EDGE_CURVE ( 'NONE', #3332, #1870, #2458, .T. ) ;
#940 = EDGE_CURVE ( 'NONE', #596, #806, #2293, .T. ) ;
#941 = CARTESIAN_POINT ( 'NONE',  ( 16.86996079101302470, 16.50000000000001066, 5.036316077811902936 ) ) ;
#942 = B_SPLINE_CURVE_WITH_KNOTS ( 'NONE', 3,
 ( #2411, #1805, #3557, #2046, #1786, #1491, #3204, #2076, #2624, #3488, #2646, #2971, #936, #3244, #694, #73, #710, #3541, #426, #1561 ),
 .UNSPECIFIED., .F., .F.,
 ( 4, 2, 2, 2, 2, 2, 2, 2, 2, 4 ),
 ( 0.000000000000000000, 0.002897950597862096033, 0.005795901195724192066, 0.007244876494655241167, 0.008693851793586287666, 0.009418339443051815252, 0.01014282709251734110, 0.01086731474198286869, 0.01122955856671564896, 0.01159180239144843097 ),
 .UNSPECIFIED. ) ;
#943 = PRODUCT_RELATED_PRODUCT_CATEGORY ( 'part', '', ( #131 ) ) ;
#944 = CARTESIAN_POINT ( 'NONE',  ( 68.87538016105573035, -6.082762530298215786, 36.00000000000000000 ) ) ;
#945 = ORIENTED_EDGE ( 'NONE', *, *, #406, .F. ) ;
#946 = CARTESIAN_POINT ( 'NONE',  ( -2.483536028273376939, -22.36253738112897338, 7.170458440750095974 ) ) ;
#947 = DIRECTION ( 'NONE',  ( 0.000000000000000000, 0.000000000000000000, -1.000000000000000000 ) ) ;
#948 = CARTESIAN_POINT ( 'NONE',  ( 68.87577617446687839, -18.00000000000000000, 24.08276253029822911 ) ) ;
#949 = CARTESIAN_POINT ( 'NONE',  ( 68.75441364874079397, 6.097208493969874077, 36.00000000000000000 ) ) ;
#950 = DIRECTION ( 'NONE',  ( -1.000000000000000000, 1.156482317317871232E-16, 0.000000000000000000 ) ) ;
#951 = CIRCLE ( 'NONE', #538, 15.00000000000000000 ) ;
#952 = VERTEX_POINT ( 'NONE', #1963 ) ;
#953 = DIRECTION ( 'NONE',  ( -1.000000000000000000, -0.000000000000000000, -0.000000000000000000 ) ) ;
#954 = DIRECTION ( 'NONE',  ( 0.000000000000000000, 2.930988785010413267E-14, -1.000000000000000000 ) ) ;
#955 = EDGE_CURVE ( 'NONE', #1102, #3141, #1512, .T. ) ;
#956 = DIRECTION ( 'NONE',  ( -1.000000000000000000, 0.000000000000000000, 0.000000000000000000 ) ) ;
#957 = CARTESIAN_POINT ( 'NONE',  ( -59.99999999999998579, 16.50000000000000355, 0.000000000000000000 ) ) ;
#958 = AXIS2_PLACEMENT_3D ( 'NONE', #1530, #433, #2699 ) ;
#959 = CARTESIAN_POINT ( 'NONE',  ( 67.29632010117367713, -6.953924182766617612, 36.00000000000000000 ) ) ;
#960 = CIRCLE ( 'NONE', #421, 15.00000000000000000 ) ;
#961 = DIRECTION ( 'NONE',  ( 0.000000000000000000, 0.000000000000000000, 1.000000000000000000 ) ) ;
#962 = ORIENTED_EDGE ( 'NONE', *, *, #2594, .F. ) ;
#963 = FACE_OUTER_BOUND ( 'NONE', #197, .T. ) ;
#964 = VECTOR ( 'NONE', #1761, 1000.000000000000000 ) ;
#965 = DIRECTION ( 'NONE',  ( -0.000000000000000000, 0.000000000000000000, 1.000000000000000000 ) ) ;
#966 = CARTESIAN_POINT ( 'NONE',  ( 66.38526012558953937, -17.99999999999999645, 26.09424807974383853 ) ) ;
#967 = CARTESIAN_POINT ( 'NONE',  ( 2.484055090535762123, -22.36248004665145572, 7.826422580598404011 ) ) ;
#968 = DIRECTION ( 'NONE',  ( -1.000000000000000000, 0.000000000000000000, 0.000000000000000000 ) ) ;
#969 = ORIENTED_EDGE ( 'NONE', *, *, #1946, .F. ) ;
#970 = PRODUCT_CONTEXT ( 'NONE', #2396, 'mechanical' ) ;
#971 = CARTESIAN_POINT ( 'NONE',  ( 60.00000000000000000, 3.673940397442060361E-16, 3.000000000000000000 ) ) ;
#972 = CARTESIAN_POINT ( 'NONE',  ( -11.17129682181383643, -36.71534417632538805, -0.000000000000000000 ) ) ;
#973 = PRODUCT_DEFINITION_FORMATION_WITH_SPECIFIED_SOURCE ( 'ANY', '', #2867, .NOT_KNOWN. ) ;
#974 = ORIENTED_EDGE ( 'NONE', *, *, #3412, .T. ) ;
#975 = AXIS2_PLACEMENT_3D ( 'NONE', #3080, #1668, #2270 ) ;
#976 = DIRECTION ( 'NONE',  ( 1.000000000000000000, 0.000000000000000000, 0.000000000000000000 ) ) ;
#977 = CARTESIAN_POINT ( 'NONE',  ( 64.87677535249535765, 18.00000000000000000, 6.875568333814067401 ) ) ;
#978 = EDGE_CURVE ( 'NONE', #873, #1116, #3393, .T. ) ;
#979 = AXIS2_PLACEMENT_3D ( 'NONE', #1511, #2662, #993 ) ;
#980 = CARTESIAN_POINT ( 'NONE',  ( 0.8098636558908890448, 14.97887853606512287, 9.870784187653276476 ) ) ;
#981 = CARTESIAN_POINT ( 'NONE',  ( 0.000000000000000000, 18.00000000000000000, 0.000000000000000000 ) ) ;
#982 = B_SPLINE_CURVE_WITH_KNOTS ( 'NONE', 3,
 ( #3193, #3492, #2065, #1301, #3036, #2434, #2137, #2960, #168, #1053, #495, #132, #2177, #732, #3014, #997 ),
 .UNSPECIFIED., .F., .F.,
 ( 4, 2, 2, 2, 2, 2, 2, 4 ),
 ( 0.000000000000000000, 0.001894279582788938000, 0.002841419374183404289, 0.003788559165577871229, 0.004735698956972337302, 0.005682838748366803375, 0.006629978539761271182, 0.007577118331155737255 ),
 .UNSPECIFIED. ) ;
#983 = ORIENTED_EDGE ( 'NONE', *, *, #3133, .T. ) ;
#984 = CARTESIAN_POINT ( 'NONE',  ( 104.9999999999999858, 0.000000000000000000, -15.00000000000000355 ) ) ;
#985 = FACE_OUTER_BOUND ( 'NONE', #3603, .T. ) ;
#986 = VECTOR ( 'NONE', #2931, 1000.000000000000000 ) ;
#987 = CARTESIAN_POINT ( 'NONE',  ( 64.44225750903098060, -18.00000000000000000, 30.52023290239017683 ) ) ;
#988 = CARTESIAN_POINT ( 'NONE',  ( 68.87577617446686418, 6.082762530298221115, 36.00000000000000000 ) ) ;
#989 = EDGE_CURVE ( 'NONE', #2021, #3039, #1326, .T. ) ;
#990 = FACE_OUTER_BOUND ( 'NONE', #2951, .T. ) ;
#991 = EDGE_LOOP ( 'NONE', ( #1909, #915, #3394, #1614 ) ) ;
#992 = FACE_OUTER_BOUND ( 'NONE', #2505, .T. ) ;
#993 = DIRECTION ( 'NONE',  ( -1.000000000000000000, 9.130123557772670799E-17, 0.000000000000000000 ) ) ;
#994 = VERTEX_POINT ( 'NONE', #1368 ) ;
#995 = CARTESIAN_POINT ( 'NONE',  ( 0.000000000000000000, 18.00000000000000000, 36.00000000000000000 ) ) ;
#996 = VECTOR ( 'NONE', #1167, 1000.000000000000000 ) ;
#997 = CARTESIAN_POINT ( 'NONE',  ( -13.99999999999999112, 39.99999999999999289, 36.00000000000000000 ) ) ;
#998 = CARTESIAN_POINT ( 'NONE',  ( -36.32748946347173558, 18.42857142857144481, -1.499999999999997780 ) ) ;
#999 = ORIENTED_EDGE ( 'NONE', *, *, #1011, .F. ) ;
#1000 = CARTESIAN_POINT ( 'NONE',  ( 104.3958522828690718, -1.847143199948393821, -14.88843640350603259 ) ) ;
#1001 = CARTESIAN_POINT ( 'NONE',  ( 0.000000000000000000, 36.00000000000000711, 0.000000000000000000 ) ) ;
#1002 = FACE_OUTER_BOUND ( 'NONE', #2876, .T. ) ;
#1003 = CARTESIAN_POINT ( 'NONE',  ( 66.96928232778954282, 7.311393861733811228, 36.00000000000000711 ) ) ;
#1004 = SURFACE_STYLE_USAGE ( .BOTH. , #3555 ) ;
#1005 = VERTEX_POINT ( 'NONE', #2546 ) ;
#1006 = DIRECTION ( 'NONE',  ( 0.000000000000000000, 0.000000000000000000, 1.000000000000000000 ) ) ;
#1007 = APPLICATION_CONTEXT ( 'automotive_design' ) ;
#1008 = ORIENTED_EDGE ( 'NONE', *, *, #3458, .F. ) ;
#1009 = CYLINDRICAL_SURFACE ( 'NONE', #3031, 36.00000000000000711 ) ;
#1010 = B_SPLINE_CURVE_WITH_KNOTS ( 'NONE', 3,
 ( #1152, #846, #1399, #2773, #2215, #2195, #1416, #2554, #3661, #1702, #1723, #1380, #3419, #870, #1358, #1973, #2495, #1993, #3363, #573, #3679, #2537, #3115, #2830, #1114, #1, #248, #3642, #3134, #2267, #788, #3078 ),
 .UNSPECIFIED., .F., .F.,
 ( 4, 2, 2, 2, 2, 2, 2, 2, 2, 2, 2, 2, 2, 2, 2, 4 ),
 ( 0.000000000000000000, 0.0004893630623245290388, 0.0009787261246490580775, 0.001468089186973587116, 0.001957452249298116155, 0.002936178373947175100, 0.003425541436271704356, 0.003914904498596233177, 0.004404267560920761999, 0.004893630623245291689, 0.005382993685569820511, 0.005872356747894349333, 0.006361719810218878154, 0.006851082872543407844, 0.007340445934867936666, 0.007829808997192464620 ),
 .UNSPECIFIED. ) ;
#1011 = EDGE_CURVE ( 'NONE', #3674, #3680, #1984, .T. ) ;
#1012 = CARTESIAN_POINT ( 'NONE',  ( 60.00000000000001421, 0.000000000000000000, 16.50000000000000000 ) ) ;
#1013 = DIRECTION ( 'NONE',  ( -1.000000000000000000, -0.000000000000000000, -0.000000000000000000 ) ) ;
#1014 = ORIENTED_EDGE ( 'NONE', *, *, #841, .T. ) ;
#1015 = DIRECTION ( 'NONE',  ( 0.000000000000000000, 0.000000000000000000, -1.000000000000000000 ) ) ;
#1016 = DIRECTION ( 'NONE',  ( -1.000000000000000000, -0.000000000000000000, -0.000000000000000000 ) ) ;
#1017 = AXIS2_PLACEMENT_3D ( 'NONE', #138, #3021, #1850 ) ;
#1018 = FACE_BOUND ( 'NONE', #1744, .T. ) ;
#1019 = CARTESIAN_POINT ( 'NONE',  ( -1.252698226989082064, 22.46551290805780710, 9.669661586238646578 ) ) ;
#1020 = ADVANCED_FACE ( 'NONE', ( #1732 ), #3067, .T. ) ;
#1021 = AXIS2_PLACEMENT_3D ( 'NONE', #3449, #900, #3106 ) ;
#1022 = ORIENTED_EDGE ( 'NONE', *, *, #1566, .F. ) ;
#1023 = VERTEX_POINT ( 'NONE', #1711 ) ;
#1024 = CARTESIAN_POINT ( 'NONE',  ( -8.101191175333074312, -36.00000000000000711, 36.00000000000000000 ) ) ;
#1025 = AXIS2_PLACEMENT_3D ( 'NONE', #2923, #1789, #1548 ) ;
#1026 = PRESENTATION_LAYER_ASSIGNMENT (  '', '', ( #3103 ) ) ;
#1027 = CARTESIAN_POINT ( 'NONE',  ( -59.99999999999998579, 3.469446951953614189E-15, 34.50000000000000000 ) ) ;
#1028 = VERTEX_POINT ( 'NONE', #1425 ) ;
#1029 = CIRCLE ( 'NONE', #1502, 15.00000000000000000 ) ;
#1030 = CARTESIAN_POINT ( 'NONE',  ( 104.3852212186314716, 1.830055281490521546, -14.88884677605947893 ) ) ;
#1031 = CLOSED_SHELL ( 'NONE', ( #432, #1453, #435, #2013, #3540, #1051, #1367, #3391, #389, #3354, #251, #196, #1020, #2323, #58, #1354, #567, #480, #1876, #2283, #1682, #2966, #1475, #1712, #2772 ) ) ;
#1032 = CARTESIAN_POINT ( 'NONE',  ( 68.75335466912287075, 6.097307333121237072, -0.000000000000000000 ) ) ;
#1033 = CARTESIAN_POINT ( 'NONE',  ( 20.00000000000001421, 0.000000000000000000, 16.50000000000000000 ) ) ;
#1034 = ORIENTED_EDGE ( 'NONE', *, *, #1832, .F. ) ;
#1035 = AXIS2_PLACEMENT_3D ( 'NONE', #526, #1105, #2782 ) ;
#1036 = CARTESIAN_POINT ( 'NONE',  ( 0.3254624676532830718, 22.49822477089077921, 5.015823762896595817 ) ) ;
#1037 = DIRECTION ( 'NONE',  ( -1.000000000000000000, 0.000000000000000000, 0.000000000000000000 ) ) ;
#1038 = VECTOR ( 'NONE', #549, 1000.000000000000000 ) ;
#1039 = DIRECTION ( 'NONE',  ( 1.000000000000000000, 0.000000000000000000, 0.000000000000000000 ) ) ;
#1040 = CARTESIAN_POINT ( 'NONE',  ( -2.419832441950458879, 22.36952065831060921, 8.149224419461589264 ) ) ;
#1041 = ORIENTED_EDGE ( 'NONE', *, *, #454, .F. ) ;
#1042 = VERTEX_POINT ( 'NONE', #1139 ) ;
#1043 = CARTESIAN_POINT ( 'NONE',  ( 80.00000000000001421, 1.836970198721029589E-15, 1.500000000000001332 ) ) ;
#1044 = CARTESIAN_POINT ( 'NONE',  ( 67.85713652217033598, 17.99999999999999645, 11.52601749318766977 ) ) ;
#1045 = CARTESIAN_POINT ( 'NONE',  ( -23.00000000000000355, 18.00000000000000355, 18.00000000000000000 ) ) ;
#1046 = EDGE_LOOP ( 'NONE', ( #3279, #2000 ) ) ;
#1047 = DIRECTION ( 'NONE',  ( 9.801012313718217347E-17, -1.000000000000000000, 1.248670243247440275E-16 ) ) ;
#1048 = ADVANCED_FACE ( 'NONE', ( #3652 ), #2040, .F. ) ;
#1049 = CARTESIAN_POINT ( 'NONE',  ( 101.6055760016174645, 2.980435218833655142, -14.70097076599571650 ) ) ;
#1050 = CARTESIAN_POINT ( 'NONE',  ( 20.00000000000001066, 9.420721840708381478, 33.00000000000000000 ) ) ;
#1051 = ADVANCED_FACE ( 'NONE', ( #2256 ), #2088, .F. ) ;
#1052 = EDGE_CURVE ( 'NONE', #2769, #1127, #2994, .T. ) ;
#1053 = CARTESIAN_POINT ( 'NONE',  ( -12.72036057241596474, 37.81611991704583176, 36.00000000000002132 ) ) ;
#1054 = B_SPLINE_CURVE_WITH_KNOTS ( 'NONE', 3,
 ( #1170, #1077, #2010, #1992, #3171, #3132, #608, #2849, #321, #588, #1458, #2612, #2888, #1722, #2595, #926, #342, #2048, #39, #628 ),
 .UNSPECIFIED., .F., .F.,
 ( 4, 2, 2, 2, 2, 2, 2, 2, 2, 4 ),
 ( -0.005198131382931172814, -0.002882855849761900308, -0.001725218083177275114, -0.0005675803165926494864, 0.0005900574499919765750, 0.001747695216576601769, 0.002326514099868914366, 0.002905332983161227831, 0.003484151866453540428, 0.004062970749745853025 ),
 .UNSPECIFIED. ) ;
#1055 = CARTESIAN_POINT ( 'NONE',  ( 64.00000000000000000, 0.000000000000000000, 18.00000000000000000 ) ) ;
#1056 = ORIENTED_EDGE ( 'NONE', *, *, #2523, .T. ) ;
#1057 = FACE_OUTER_BOUND ( 'NONE', #2693, .T. ) ;
#1058 = EDGE_CURVE ( 'NONE', #2753, #1419, #2701, .T. ) ;
#1059 = DIRECTION ( 'NONE',  ( 0.000000000000000000, 0.000000000000000000, 1.000000000000000000 ) ) ;
#1060 = LINE ( 'NONE', #757, #1962 ) ;
#1061 = CARTESIAN_POINT ( 'NONE',  ( -2.500059415150361009, 22.36067313218259400, 7.337713725798396425 ) ) ;
#1062 = ORIENTED_EDGE ( 'NONE', *, *, #2331, .F. ) ;
#1063 = AXIS2_PLACEMENT_3D ( 'NONE', #442, #1576, #2706 ) ;
#1064 = ORIENTED_EDGE ( 'NONE', *, *, #2871, .F. ) ;
#1065 = CARTESIAN_POINT ( 'NONE',  ( 31.17691453623979569, 18.00000000000000000, 0.000000000000000000 ) ) ;
#1066 = CARTESIAN_POINT ( 'NONE',  ( -68.00000000000000000, -17.99999999999999289, 18.00000000000000000 ) ) ;
#1067 = DIRECTION ( 'NONE',  ( -9.130123557772672032E-17, -1.000000000000000000, -0.000000000000000000 ) ) ;
#1068 = AXIS2_PLACEMENT_3D ( 'NONE', #1231, #420, #3499 ) ;
#1069 = ORIENTED_EDGE ( 'NONE', *, *, #207, .F. ) ;
#1070 = CARTESIAN_POINT ( 'NONE',  ( 100.0179130133387986, 2.260576915944806142, -14.82935030116052388 ) ) ;
#1071 = FACE_OUTER_BOUND ( 'NONE', #3281, .T. ) ;
#1072 = ADVANCED_FACE ( 'NONE', ( #365 ), #2638, .T. ) ;
#1073 = CARTESIAN_POINT ( 'NONE',  ( 33.94112549695428527, 18.00000000000000000, 0.000000000000000000 ) ) ;
#1074 = CARTESIAN_POINT ( 'NONE',  ( 60.00000000000000000, 0.000000000000000000, 0.000000000000000000 ) ) ;
#1075 = ORIENTED_EDGE ( 'NONE', *, *, #1919, .F. ) ;
#1076 = CARTESIAN_POINT ( 'NONE',  ( 2.245823005327130861, 22.38772590026056619, 6.389544361691060104 ) ) ;
#1077 = CARTESIAN_POINT ( 'NONE',  ( 15.11810280147700603, 16.50000000000000355, 32.22471454544101732 ) ) ;
#1078 = CYLINDRICAL_SURFACE ( 'NONE', #2631, 15.00000000000000000 ) ;
#1079 = SURFACE_STYLE_FILL_AREA ( #234 ) ;
#1080 = ORIENTED_EDGE ( 'NONE', *, *, #1454, .T. ) ;
#1081 = ORIENTED_EDGE ( 'NONE', *, *, #1753, .F. ) ;
#1082 = CARTESIAN_POINT ( 'NONE',  ( 16.86996079101303181, -16.50000000000000711, 27.96368392218811039 ) ) ;
#1083 = DIRECTION ( 'NONE',  ( -1.000000000000000000, 0.000000000000000000, 0.000000000000000000 ) ) ;
#1084 = AXIS2_PLACEMENT_3D ( 'NONE', #343, #644, #891 ) ;
#1085 = CARTESIAN_POINT ( 'NONE',  ( -33.86350906629563440, 16.71017218962286321, -0.6891490557805268757 ) ) ;
#1086 = ORIENTED_EDGE ( 'NONE', *, *, #2406, .F. ) ;
#1087 = TOROIDAL_SURFACE ( 'NONE', #249, 34.89897948556635043, 5.000000000000000000 ) ;
#1088 =( NAMED_UNIT ( * ) SI_UNIT ( $, .STERADIAN. ) SOLID_ANGLE_UNIT ( ) );
#1089 = CARTESIAN_POINT ( 'NONE',  ( 102.1974027024778309, 2.999922748333698319, -14.69695422562815779 ) ) ;
#1090 = AXIS2_PLACEMENT_3D ( 'NONE', #1823, #1271, #677 ) ;
#1091 = DIRECTION ( 'NONE',  ( -0.000000000000000000, -0.000000000000000000, -1.000000000000000000 ) ) ;
#1092 = EDGE_CURVE ( 'NONE', #575, #3059, #2343, .T. ) ;
#1093 = CARTESIAN_POINT ( 'NONE',  ( 69.00000000000000000, -6.082762530298221115, 0.000000000000000000 ) ) ;
#1094 =( NAMED_UNIT ( * ) SI_UNIT ( $, .STERADIAN. ) SOLID_ANGLE_UNIT ( ) );
#1095 = ORIENTED_EDGE ( 'NONE', *, *, #1220, .F. ) ;
#1096 = CARTESIAN_POINT ( 'NONE',  ( 2.500122482609970387, 22.36066608102965958, 7.663364563843109600 ) ) ;
#1097 = VECTOR ( 'NONE', #953, 1000.000000000000000 ) ;
#1098 = EDGE_CURVE ( 'NONE', #1460, #1942, #618, .T. ) ;
#1099 = DIRECTION ( 'NONE',  ( 9.130123557772672032E-17, 1.000000000000000000, 0.000000000000000000 ) ) ;
#1100 = CARTESIAN_POINT ( 'NONE',  ( -37.99999999999999289, 39.99999999999999289, 18.00000000000000000 ) ) ;
#1101 =( GEOMETRIC_REPRESENTATION_CONTEXT ( 3 ) GLOBAL_UNCERTAINTY_ASSIGNED_CONTEXT ( ( #844 ) ) GLOBAL_UNIT_ASSIGNED_CONTEXT ( ( #1295, #836, #32 ) ) REPRESENTATION_CONTEXT ( 'NONE', 'WORKASPACE' ) );
#1102 = VERTEX_POINT ( 'NONE', #2037 ) ;
#1103 = VECTOR ( 'NONE', #2955, 1000.000000000000000 ) ;
#1104 = EDGE_LOOP ( 'NONE', ( #909, #479 ) ) ;
#1105 = DIRECTION ( 'NONE',  ( 1.000000000000000000, -0.000000000000000000, -0.000000000000000000 ) ) ;
#1106 = ADVANCED_FACE ( 'NONE', ( #1484 ), #3181, .T. ) ;
#1107 = FACE_OUTER_BOUND ( 'NONE', #1332, .T. ) ;
#1108 = DIRECTION ( 'NONE',  ( -1.000000000000000000, 9.130123557772670799E-17, 0.000000000000000000 ) ) ;
#1109 = LINE ( 'NONE', #222, #1952 ) ;
#1110 = ORIENTED_EDGE ( 'NONE', *, *, #1461, .T. ) ;
#1111 = DIRECTION ( 'NONE',  ( -1.000000000000000000, 1.156482317317871232E-16, 0.000000000000000000 ) ) ;
#1112 = AXIS2_PLACEMENT_3D ( 'NONE', #2911, #1798, #333 ) ;
#1113 = CARTESIAN_POINT ( 'NONE',  ( -34.21647952104866164, -16.83402388472072175, 33.83748049947158165 ) ) ;
#1114 = CARTESIAN_POINT ( 'NONE',  ( -1.525407377777372231, 14.92285450293584859, 5.512635629689022210 ) ) ;
#1115 = CARTESIAN_POINT ( 'NONE',  ( 129.0000000000000000, 0.000000000000000000, 33.00000000000000000 ) ) ;
#1116 = VERTEX_POINT ( 'NONE', #2619 ) ;
#1117 = CARTESIAN_POINT ( 'NONE',  ( 1.987446886019331949, 22.41223688688479143, 5.974643416271106844 ) ) ;
#1118 = CARTESIAN_POINT ( 'NONE',  ( -35.80626722039838228, -17.83632365124003627, -1.441422641311492336 ) ) ;
#1119 = PRODUCT_DEFINITION_CONTEXT ( 'detailed design', #1007, 'design' ) ;
#1120 = EDGE_LOOP ( 'NONE', ( #297, #2130, #2116, #2466 ) ) ;
#1121 = ADVANCED_FACE ( 'NONE', ( #119 ), #85, .T. ) ;
#1122 = EDGE_LOOP ( 'NONE', ( #3301, #2261, #3179, #9 ) ) ;
#1123 = CARTESIAN_POINT ( 'NONE',  ( 16.86276896438463879, 11.47369060606245128, 0.000000000000000000 ) ) ;
#1124 = LINE ( 'NONE', #1392, #1796 ) ;
#1125 = LINE ( 'NONE', #2242, #2314 ) ;
#1126 = LINE ( 'NONE', #182, #3269 ) ;
#1127 = VERTEX_POINT ( 'NONE', #634 ) ;
#1128 = B_SPLINE_CURVE_WITH_KNOTS ( 'NONE', 3,
 ( #1345, #1278, #2404, #1293, #738, #1868, #2165, #3310, #2541, #287, #3648, #1386, #269, #1998, #3139, #3368, #3120, #2817 ),
 .UNSPECIFIED., .F., .F.,
 ( 4, 2, 2, 2, 2, 2, 2, 2, 4 ),
 ( 0.000000000000000000, 0.0009495774939069063190, 0.001899154987813812638, 0.002848732481720718957, 0.003798309975627625276, 0.004747887469534532029, 0.005697464963441437914, 0.006647042457348343800, 0.007596619951255250552 ),
 .UNSPECIFIED. ) ;
#1129 = DIRECTION ( 'NONE',  ( 1.000000000000000000, 0.000000000000000000, 0.000000000000000000 ) ) ;
#1130 = CARTESIAN_POINT ( 'NONE',  ( -34.88210381911036961, -17.15417169137709053, 34.11463280288224809 ) ) ;
#1131 = CARTESIAN_POINT ( 'NONE',  ( -3.306546357697853339E-15, -18.00000000000000000, 0.000000000000000000 ) ) ;
#1132 = CARTESIAN_POINT ( 'NONE',  ( -32.38207104071703668, -16.49999999999999645, 33.19979540189030587 ) ) ;
#1133 = ORIENTED_EDGE ( 'NONE', *, *, #3343, .T. ) ;
#1134 = CARTESIAN_POINT ( 'NONE',  ( 16.86801230915341776, 11.46639752006000457, 33.00000000000000000 ) ) ;
#1135 = DIRECTION ( 'NONE',  ( 1.000000000000000000, -0.000000000000000000, -0.000000000000000000 ) ) ;
#1136 = CARTESIAN_POINT ( 'NONE',  ( -8.101191175333074312, -36.00000000000000711, 36.00000000000000000 ) ) ;
#1137 = ORIENTED_EDGE ( 'NONE', *, *, #2529, .F. ) ;
#1138 = ORIENTED_EDGE ( 'NONE', *, *, #556, .T. ) ;
#1139 = CARTESIAN_POINT ( 'NONE',  ( 15.04448374036658720, 16.50000000000000355, 33.00000000000000000 ) ) ;
#1140 = CARTESIAN_POINT ( 'NONE',  ( 15.62951221265446122, -16.49999999999999289, 2.624926826452425477 ) ) ;
#1141 = CARTESIAN_POINT ( 'NONE',  ( 109.0000000000000000, -18.00000000000000000, 11.91723746970177622 ) ) ;
#1142 = EDGE_CURVE ( 'NONE', #3218, #2793, #47, .T. ) ;
#1143 = DIRECTION ( 'NONE',  ( 0.000000000000000000, -0.000000000000000000, 1.000000000000000000 ) ) ;
#1144 = ORIENTED_EDGE ( 'NONE', *, *, #1098, .T. ) ;
#1145 = CARTESIAN_POINT ( 'NONE',  ( 0.000000000000000000, 0.000000000000000000, 0.000000000000000000 ) ) ;
#1146 = AXIS2_PLACEMENT_3D ( 'NONE', #1478, #114, #2906 ) ;
#1147 = UNCERTAINTY_MEASURE_WITH_UNIT (LENGTH_MEASURE( 1.000000000000000082E-05 ), #829, 'distance_accuracy_value', 'NONE');
#1148 = DIRECTION ( 'NONE',  ( 0.000000000000000000, 0.000000000000000000, 1.000000000000000000 ) ) ;
#1149 = CIRCLE ( 'NONE', #2082, 4.999999999999997335 ) ;
#1150 = CARTESIAN_POINT ( 'NONE',  ( -32.38207104071703668, 21.50000000000000355, -1.499999999999997780 ) ) ;
#1151 = EDGE_CURVE ( 'NONE', #3066, #1925, #3482, .T. ) ;
#1152 = CARTESIAN_POINT ( 'NONE',  ( 0.000000000000000000, 15.00000000000000000, 9.999999999999991118 ) ) ;
#1153 =( NAMED_UNIT ( * ) SI_UNIT ( $, .STERADIAN. ) SOLID_ANGLE_UNIT ( ) );
#1154 = ORIENTED_EDGE ( 'NONE', *, *, #341, .F. ) ;
#1155 = CARTESIAN_POINT ( 'NONE',  ( 18.52520984150177341, 9.856171649581352057, 33.00000000000000711 ) ) ;
#1156 = CIRCLE ( 'NONE', #3227, 4.999999999999997335 ) ;
#1157 = CARTESIAN_POINT ( 'NONE',  ( 0.000000000000000000, 15.00000000000000000, 9.999999999999991118 ) ) ;
#1158 = ORIENTED_EDGE ( 'NONE', *, *, #746, .T. ) ;
#1159 = LINE ( 'NONE', #2535, #3050 ) ;
#1160 = CARTESIAN_POINT ( 'NONE',  ( -38.00000000000000711, -39.99999999999999289, 18.00000000000000000 ) ) ;
#1161 = ADVANCED_FACE ( 'NONE', ( #2654 ), #1242, .T. ) ;
#1162 = CARTESIAN_POINT ( 'NONE',  ( 15.00000000000000000, 0.000000000000000000, 0.000000000000000000 ) ) ;
#1163 = CARTESIAN_POINT ( 'NONE',  ( 33.94112549695428527, -23.00000000000000000, 36.00000000000000000 ) ) ;
#1164 = CIRCLE ( 'NONE', #2388, 30.00000000000000000 ) ;
#1165 = CARTESIAN_POINT ( 'NONE',  ( 16.25645796291210132, -12.45920969151093693, 33.00000000000000000 ) ) ;
#1166 = EDGE_LOOP ( 'NONE', ( #3422, #2074 ) ) ;
#1167 = DIRECTION ( 'NONE',  ( 1.000000000000000000, 0.000000000000000000, 0.000000000000000000 ) ) ;
#1168 = CARTESIAN_POINT ( 'NONE',  ( 15.00000000000001421, -16.49999999999999645, 25.92072184070838858 ) ) ;
#1169 = AXIS2_PLACEMENT_3D ( 'NONE', #1780, #1210, #1504 ) ;
#1170 = CARTESIAN_POINT ( 'NONE',  ( 15.04448374036658720, 16.50000000000000355, 33.00000000000000000 ) ) ;
#1171 = FACE_OUTER_BOUND ( 'NONE', #1388, .T. ) ;
#1172 = ORIENTED_EDGE ( 'NONE', *, *, #96, .F. ) ;
#1173 = DIRECTION ( 'NONE',  ( 0.000000000000000000, 0.000000000000000000, -1.000000000000000000 ) ) ;
#1174 = VERTEX_POINT ( 'NONE', #1538 ) ;
#1175 = CARTESIAN_POINT ( 'NONE',  ( 99.15383585801215816, -0.9682774518074859227, -14.96981091882395454 ) ) ;
#1176 = EDGE_CURVE ( 'NONE', #1127, #632, #2359, .T. ) ;
#1177 = CARTESIAN_POINT ( 'NONE',  ( 16.65109248719901203, -16.49999999999999645, 4.711524346183082024 ) ) ;
#1178 = LINE ( 'NONE', #2842, #247 ) ;
#1179 = CARTESIAN_POINT ( 'NONE',  ( 19.61035082268499963, -9.444036119122738882, 33.00000000000000711 ) ) ;
#1180 = VERTEX_POINT ( 'NONE', #1765 ) ;
#1181 = DIRECTION ( 'NONE',  ( 1.000000000000000000, 0.000000000000000000, 0.000000000000000000 ) ) ;
#1182 = CARTESIAN_POINT ( 'NONE',  ( -36.32748946347174268, -18.42857142857143060, -1.499999999999997780 ) ) ;
#1183 = CYLINDRICAL_SURFACE ( 'NONE', #2141, 5.000000000000000888 ) ;
#1184 = CARTESIAN_POINT ( 'NONE',  ( 64.12222041439449072, -13.93655327846104797, -0.000000000000000000 ) ) ;
#1185 = EDGE_CURVE ( 'NONE', #952, #3270, #3186, .T. ) ;
#1186 = ORIENTED_EDGE ( 'NONE', *, *, #274, .F. ) ;
#1187 = CARTESIAN_POINT ( 'NONE',  ( 66.11493397261637028, -8.506670777085011181, 36.00000000000000000 ) ) ;
#1188 = PRESENTATION_STYLE_ASSIGNMENT (( #3250 ) ) ;
#1189 = VERTEX_POINT ( 'NONE', #1261 ) ;
#1190 = CARTESIAN_POINT ( 'NONE',  ( 101.8004283312638165, -2.999900366876679048, -14.69695879422254770 ) ) ;
#1191 = AXIS2_PLACEMENT_3D ( 'NONE', #1887, #1967, #3051 ) ;
#1192 = CARTESIAN_POINT ( 'NONE',  ( 60.00000000000001421, -16.49999999999999645, 33.00000000000000000 ) ) ;
#1193 = B_SPLINE_CURVE_WITH_KNOTS ( 'NONE', 3,
 ( #2354, #1514, #3477, #3192, #2049, #2649, #1775, #1495, #2630, #1222, #3491, #941, #2064, #1886, #545, #1872, #3593, #2226 ),
 .UNSPECIFIED., .F., .F.,
 ( 4, 2, 2, 2, 2, 2, 2, 2, 4 ),
 ( -0.005944891493155551009, -0.005368346316299083681, -0.004791801139442616354, -0.004215255962586149027, -0.003638710785729682134, -0.002485620432016747480, -0.001332530078303813259, 0.0009736506291220586515, 0.003279831336547933164 ),
 .UNSPECIFIED. ) ;
#1194 = CARTESIAN_POINT ( 'NONE',  ( 0.000000000000000000, 0.000000000000000000, 0.000000000000000000 ) ) ;
#1195 = CARTESIAN_POINT ( 'NONE',  ( 1.252698226989082508, -22.46551290805780710, 9.669661586238646578 ) ) ;
#1196 = CARTESIAN_POINT ( 'NONE',  ( 103.8320233141742506, -2.383816059147517930, 14.80978683833995113 ) ) ;
#1197 = ORIENTED_EDGE ( 'NONE', *, *, #867, .F. ) ;
#1198 = DIRECTION ( 'NONE',  ( 0.000000000000000000, 0.000000000000000000, 1.000000000000000000 ) ) ;
#1199 = FACE_OUTER_BOUND ( 'NONE', #691, .T. ) ;
#1200 = DIRECTION ( 'NONE',  ( -0.000000000000000000, 1.000000000000000000, -0.000000000000000000 ) ) ;
#1201 = CARTESIAN_POINT ( 'NONE',  ( -30.76401441961830940, 16.50000000000000355, 0.000000000000000000 ) ) ;
#1202 = APPLICATION_CONTEXT ( 'automotive_design' ) ;
#1203 = CIRCLE ( 'NONE', #3099, 15.00000000000000000 ) ;
#1204 = EDGE_CURVE ( 'NONE', #380, #3047, #64, .T. ) ;
#1205 =( GEOMETRIC_REPRESENTATION_CONTEXT ( 3 ) GLOBAL_UNCERTAINTY_ASSIGNED_CONTEXT ( ( #2810 ) ) GLOBAL_UNIT_ASSIGNED_CONTEXT ( ( #3210, #1535, #3195 ) ) REPRESENTATION_CONTEXT ( 'NONE', 'WORKASPACE' ) );
#1206 = CARTESIAN_POINT ( 'NONE',  ( 2.483990701801972900, 14.79293157716242746, 7.826199758869039513 ) ) ;
#1207 = DIRECTION ( 'NONE',  ( 0.000000000000000000, 0.000000000000000000, -1.000000000000000000 ) ) ;
#1208 = ORIENTED_EDGE ( 'NONE', *, *, #3508, .T. ) ;
#1209 = CARTESIAN_POINT ( 'NONE',  ( 102.3916659728356677, -2.980772781685848916, -14.70090156610972265 ) ) ;
#1210 = DIRECTION ( 'NONE',  ( 1.000000000000000000, 0.000000000000000000, 0.000000000000000000 ) ) ;
#1211 = CARTESIAN_POINT ( 'NONE',  ( 18.05022993308762125, -16.49999999999999645, 6.309315925494831667 ) ) ;
#1212 = CARTESIAN_POINT ( 'NONE',  ( 16.06223805077631894, -12.78895326030728441, -0.000000000000000000 ) ) ;
#1213 = CARTESIAN_POINT ( 'NONE',  ( 99.39819355695155423, -1.506227076324666347, 14.92507743691896849 ) ) ;
#1214 = CIRCLE ( 'NONE', #1624, 19.00000000000000000 ) ;
#1215 = ORIENTED_EDGE ( 'NONE', *, *, #1454, .F. ) ;
#1216 = EDGE_CURVE ( 'NONE', #692, #3296, #3058, .T. ) ;
#1217 = CONTEXT_DEPENDENT_SHAPE_REPRESENTATION ( #3678, #1533 ) ;
#1218 = DIRECTION ( 'NONE',  ( 0.000000000000000000, 0.000000000000000000, 1.000000000000000000 ) ) ;
#1219 = CARTESIAN_POINT ( 'NONE',  ( 60.00000000000001421, -16.49999999999999645, 33.00000000000000000 ) ) ;
#1220 = EDGE_CURVE ( 'NONE', #1807, #1667, #3160, .T. ) ;
#1221 = DIRECTION ( 'NONE',  ( 0.000000000000000000, -1.000000000000000000, 0.000000000000000000 ) ) ;
#1222 = CARTESIAN_POINT ( 'NONE',  ( 17.61017717440416774, 16.50000000000001421, 5.925921592309176589 ) ) ;
#1223 = CARTESIAN_POINT ( 'NONE',  ( 64.85694791627592792, -11.11435477815675021, 36.00000000000000711 ) ) ;
#1224 = FILL_AREA_STYLE_COLOUR ( '', #3405 ) ;
#1225 = VERTEX_POINT ( 'NONE', #2895 ) ;
#1226 = VERTEX_POINT ( 'NONE', #756 ) ;
#1227 = CARTESIAN_POINT ( 'NONE',  ( 64.00000000000000000, 18.00000000000000000, 11.91723746970177800 ) ) ;
#1228 = CARTESIAN_POINT ( 'NONE',  ( 33.94112549695428527, -18.00000000000000000, 0.000000000000000000 ) ) ;
#1229 = CARTESIAN_POINT ( 'NONE',  ( 15.29787501987547493, -14.97220429720168866, 0.000000000000000000 ) ) ;
#1230 = ADVANCED_FACE ( 'NONE', ( #2422, #1631 ), #1305, .T. ) ;
#1231 = CARTESIAN_POINT ( 'NONE',  ( 109.0000000000000000, 18.00000000000000000, 36.00000000000000000 ) ) ;
#1232 = VERTEX_POINT ( 'NONE', #1881 ) ;
#1233 = ORIENTED_EDGE ( 'NONE', *, *, #826, .F. ) ;
#1234 = LINE ( 'NONE', #2349, #1097 ) ;
#1235 = CARTESIAN_POINT ( 'NONE',  ( -9.369529640830586814, -36.08850750126178752, -0.000000000000000000 ) ) ;
#1236 = CARTESIAN_POINT ( 'NONE',  ( -37.99999999999999289, 36.00000000000000711, 18.00000000000000000 ) ) ;
#1237 = DIRECTION ( 'NONE',  ( -1.000000000000000000, -0.000000000000000000, -0.000000000000000000 ) ) ;
#1238 = PRODUCT_DEFINITION_SHAPE ( 'NONE', 'NONE',  #2410 ) ;
#1239 = CARTESIAN_POINT ( 'NONE',  ( 2.499899361851825930, 14.79021646869766116, 7.333316292170257711 ) ) ;
#1240 = ORIENTED_EDGE ( 'NONE', *, *, #1838, .T. ) ;
#1241 = CARTESIAN_POINT ( 'NONE',  ( -1.255179979994417439, -22.46537843837859327, 9.668299788154261165 ) ) ;
#1242 = PLANE ( 'NONE',  #1638 ) ;
#1243 = CARTESIAN_POINT ( 'NONE',  ( 17.61036043819560248, -16.49999999999999645, 5.926177810020348602 ) ) ;
#1244 = CARTESIAN_POINT ( 'NONE',  ( 1.651337683560159197, -22.43962520653133907, 5.615772535979245639 ) ) ;
#1245 = CARTESIAN_POINT ( 'NONE',  ( 15.00000000000000000, 2.755455298081545172E-15, -22.50000000000000355 ) ) ;
#1246 = AXIS2_PLACEMENT_3D ( 'NONE', #3316, #2532, #3089 ) ;
#1247 = ORIENTED_EDGE ( 'NONE', *, *, #506, .T. ) ;
#1248 = APPLICATION_PROTOCOL_DEFINITION ( 'draft international standard', 'automotive_design', 1998, #1658 ) ;
#1249 = EDGE_CURVE ( 'NONE', #2746, #1412, #3019, .T. ) ;
#1250 = CARTESIAN_POINT ( 'NONE',  ( -68.00000000000000000, -39.99999999999999289, 18.00000000000000000 ) ) ;
#1251 = CARTESIAN_POINT ( 'NONE',  ( 64.00000000000000000, 18.00000000000000000, 33.87450786638754607 ) ) ;
#1252 = ORIENTED_EDGE ( 'NONE', *, *, #2331, .T. ) ;
#1253 = DIRECTION ( 'NONE',  ( 0.000000000000000000, -0.000000000000000000, -1.000000000000000000 ) ) ;
#1254 = CARTESIAN_POINT ( 'NONE',  ( 66.12345829712424461, 18.00000000000000711, 9.494934952170739351 ) ) ;
#1255 = EDGE_CURVE ( 'NONE', #801, #1225, #719, .T. ) ;
#1256 = CARTESIAN_POINT ( 'NONE',  ( 1.881944988242670203, 14.88192730507121198, 5.846267714772581670 ) ) ;
#1257 = AXIS2_PLACEMENT_3D ( 'NONE', #2459, #767, #209 ) ;
#1258 =( NAMED_UNIT ( * ) SI_UNIT ( $, .STERADIAN. ) SOLID_ANGLE_UNIT ( ) );
#1259 = VERTEX_POINT ( 'NONE', #3272 ) ;
#1260 = DIRECTION ( 'NONE',  ( 1.000000000000000000, -0.000000000000000000, -0.000000000000000000 ) ) ;
#1261 = CARTESIAN_POINT ( 'NONE',  ( 2.204364238465235822E-15, 36.00000000000000711, 36.00000000000000000 ) ) ;
#1262 = CARTESIAN_POINT ( 'NONE',  ( 65.04909700082170332, -18.00000000000000000, 28.67097247683502204 ) ) ;
#1263 = CARTESIAN_POINT ( 'NONE',  ( 15.39783097809879742, -14.59543598046021451, -0.000000000000000000 ) ) ;
#1264 = CARTESIAN_POINT ( 'NONE',  ( -33.14260670280532395, 16.54417009097545943, 33.42007128256698678 ) ) ;
#1265 = ORIENTED_EDGE ( 'NONE', *, *, #593, .F. ) ;
#1266 = APPLICATION_PROTOCOL_DEFINITION ( 'draft international standard', 'automotive_design', 1998, #751 ) ;
#1267 = CARTESIAN_POINT ( 'NONE',  ( -30.76401441961830940, 16.50000000000000355, 33.00000000000000000 ) ) ;
#1268 = CARTESIAN_POINT ( 'NONE',  ( 80.00000000000001421, 0.000000000000000000, 16.50000000000000000 ) ) ;
#1269 = AXIS2_PLACEMENT_3D ( 'NONE', #2192, #3560, #2716 ) ;
#1270 = ORIENTED_EDGE ( 'NONE', *, *, #1439, .F. ) ;
#1271 = DIRECTION ( 'NONE',  ( 1.000000000000000000, 0.000000000000000000, 0.000000000000000000 ) ) ;
#1272 = CARTESIAN_POINT ( 'NONE',  ( 65.64544246195590915, 9.350285144417535221, 0.000000000000000000 ) ) ;
#1273 = DIRECTION ( 'NONE',  ( 1.000000000000000000, 0.000000000000000000, 0.000000000000000000 ) ) ;
#1274 = APPLICATION_CONTEXT ( 'automotive_design' ) ;
#1275 = ORIENTED_EDGE ( 'NONE', *, *, #2042, .F. ) ;
#1276 = DIRECTION ( 'NONE',  ( 0.000000000000000000, 0.000000000000000000, -1.000000000000000000 ) ) ;
#1277 = CARTESIAN_POINT ( 'NONE',  ( 0.000000000000000000, 0.000000000000000000, 15.00000000000000000 ) ) ;
#1278 = CARTESIAN_POINT ( 'NONE',  ( -13.92040225946405485, 39.68804184161362514, 0.000000000000000000 ) ) ;
#1279 = CARTESIAN_POINT ( 'NONE',  ( 19.80321984150614156, -9.420721840708379702, 0.000000000000000000 ) ) ;
#1280 = CARTESIAN_POINT ( 'NONE',  ( 15.04448374036658542, 16.50000000000000355, 0.000000000000000000 ) ) ;
#1281 = ORIENTED_EDGE ( 'NONE', *, *, #1185, .T. ) ;
#1282 = CARTESIAN_POINT ( 'NONE',  ( 60.00000000000000000, 0.000000000000000000, 0.000000000000000000 ) ) ;
#1283 = CARTESIAN_POINT ( 'NONE',  ( -37.99999999999998579, 39.99999999999999289, 48.00000000000000000 ) ) ;
#1284 = ADVANCED_FACE ( 'NONE', ( #475, #3551 ), #137, .F. ) ;
#1285 = VERTEX_POINT ( 'NONE', #1828 ) ;
#1286 = FACE_OUTER_BOUND ( 'NONE', #3590, .T. ) ;
#1287 = ADVANCED_FACE ( 'NONE', ( #985 ), #703, .T. ) ;
#1288 = CARTESIAN_POINT ( 'NONE',  ( -74.99999999999998579, 3.469446951953614189E-15, 55.49999999999999289 ) ) ;
#1289 = CARTESIAN_POINT ( 'NONE',  ( -3.306546357697853339E-15, -18.00000000000000000, 36.00000000000000000 ) ) ;
#1290 = EDGE_LOOP ( 'NONE', ( #2221, #1648 ) ) ;
#1291 = CARTESIAN_POINT ( 'NONE',  ( 0.000000000000000000, 0.000000000000000000, 0.000000000000000000 ) ) ;
#1292 = DIRECTION ( 'NONE',  ( -0.000000000000000000, -0.000000000000000000, -1.000000000000000000 ) ) ;
#1293 = CARTESIAN_POINT ( 'NONE',  ( -13.51971534112313122, 38.82714073874112870, -0.000000000000000000 ) ) ;
#1294 = CARTESIAN_POINT ( 'NONE',  ( -2.499940251629135801, 22.36068645506838948, 7.664111706957964287 ) ) ;
#1295 =( LENGTH_UNIT ( ) NAMED_UNIT ( * ) SI_UNIT ( .MILLI., .METRE. ) );
#1296 = EDGE_LOOP ( 'NONE', ( #3480, #1138, #1704 ) ) ;
#1297 = DIRECTION ( 'NONE',  ( -0.000000000000000000, 0.000000000000000000, 1.000000000000000000 ) ) ;
#1298 = CARTESIAN_POINT ( 'NONE',  ( -10.58808793308598695, -36.45676481037709493, 0.000000000000000000 ) ) ;
#1299 = ORIENTED_EDGE ( 'NONE', *, *, #1634, .T. ) ;
#1300 = DIRECTION ( 'NONE',  ( 0.000000000000000000, 0.000000000000000000, 1.000000000000000000 ) ) ;
#1301 = CARTESIAN_POINT ( 'NONE',  ( -10.28454189333666235, 36.34765219909887435, 35.99999999999999289 ) ) ;
#1302 = DIRECTION ( 'NONE',  ( 0.000000000000000000, -1.000000000000000000, -0.000000000000000000 ) ) ;
#1303 = EDGE_LOOP ( 'NONE', ( #424, #3337 ) ) ;
#1304 = CYLINDRICAL_SURFACE ( 'NONE', #1686, 2.499999999999992006 ) ;
#1305 = CYLINDRICAL_SURFACE ( 'NONE', #810, 22.50000000000000355 ) ;
#1306 = CIRCLE ( 'NONE', #2255, 15.00000000000000178 ) ;
#1307 = FACE_OUTER_BOUND ( 'NONE', #3610, .T. ) ;
#1308 = CARTESIAN_POINT ( 'NONE',  ( -1.651337683560159864, 22.43962520653133907, 5.615772535979247415 ) ) ;
#1309 = AXIS2_PLACEMENT_3D ( 'NONE', #3256, #2056, #3237 ) ;
#1310 = ORIENTED_EDGE ( 'NONE', *, *, #1972, .T. ) ;
#1311 = ORIENTED_EDGE ( 'NONE', *, *, #2224, .F. ) ;
#1312 = CARTESIAN_POINT ( 'NONE',  ( -37.99999999999999289, 39.99999999999999289, 18.00000000000000000 ) ) ;
#1313 = PLANE ( 'NONE',  #1740 ) ;
#1314 = AXIS2_PLACEMENT_3D ( 'NONE', #1074, #1013, #1341 ) ;
#1315 = CARTESIAN_POINT ( 'NONE',  ( -13.92021205801340855, -39.68729640720968632, 0.000000000000000000 ) ) ;
#1316 = ADVANCED_FACE ( 'NONE', ( #2403 ), #1849, .T. ) ;
#1317 = ORIENTED_EDGE ( 'NONE', *, *, #2246, .T. ) ;
#1318 = SHAPE_REPRESENTATION_RELATIONSHIP ( 'NONE' , 'NONE' ,  #3428, #3093 ) ;
#1319 = CARTESIAN_POINT ( 'NONE',  ( 101.8049523643027641, 3.000076789471308292, -14.69692278211513248 ) ) ;
#1320 = AXIS2_PLACEMENT_3D ( 'NONE', #2106, #3566, #381 ) ;
#1321 = ORIENTED_EDGE ( 'NONE', *, *, #1757, .F. ) ;
#1322 = CYLINDRICAL_SURFACE ( 'NONE', #1257, 30.00000000000000000 ) ;
#1323 = LINE ( 'NONE', #2160, #492 ) ;
#1324 = TOROIDAL_SURFACE ( 'NONE', #3360, 24.00000000000000000, 5.000000000000000000 ) ;
#1325 = ORIENTED_EDGE ( 'NONE', *, *, #2576, .F. ) ;
#1326 = CIRCLE ( 'NONE', #2813, 15.00000000000000000 ) ;
#1327 = CARTESIAN_POINT ( 'NONE',  ( 0.000000000000000000, 22.50000000000000000, 7.500000000000000000 ) ) ;
#1328 = FACE_OUTER_BOUND ( 'NONE', #2545, .T. ) ;
#1329 = PLANE ( 'NONE',  #1684 ) ;
#1330 = CARTESIAN_POINT ( 'NONE',  ( -2.168992234674951280, 22.39539527406700614, 6.246211398762128830 ) ) ;
#1331 = VERTEX_POINT ( 'NONE', #3605 ) ;
#1332 = EDGE_LOOP ( 'NONE', ( #2803, #1423, #289, #1725 ) ) ;
#1333 = DIRECTION ( 'NONE',  ( 1.000000000000000000, 0.000000000000000000, 0.000000000000000000 ) ) ;
#1334 = CARTESIAN_POINT ( 'NONE',  ( 67.29786469249454228, 18.00000000000000000, 11.04752781871909662 ) ) ;
#1335 = EDGE_CURVE ( 'NONE', #596, #3663, #2296, .T. ) ;
#1336 = CARTESIAN_POINT ( 'NONE',  ( 64.00000000000000000, -18.00000000000000000, 11.91723746970177800 ) ) ;
#1337 = ORIENTED_EDGE ( 'NONE', *, *, #746, .F. ) ;
#1338 = FACE_OUTER_BOUND ( 'NONE', #1653, .T. ) ;
#1339 = CARTESIAN_POINT ( 'NONE',  ( 1.525407377777372231, -14.92285450293584859, 5.512635629689022210 ) ) ;
#1340 = CARTESIAN_POINT ( 'NONE',  ( 104.9999999999999858, 0.000000000000000000, -15.00000000000000355 ) ) ;
#1341 = DIRECTION ( 'NONE',  ( 0.000000000000000000, 0.000000000000000000, 1.000000000000000000 ) ) ;
#1342 = ORIENTED_EDGE ( 'NONE', *, *, #639, .F. ) ;
#1343 = CARTESIAN_POINT ( 'NONE',  ( 0.6481478757483424280, 22.49124158401525975, 5.079883943691313242 ) ) ;
#1344 = DIRECTION ( 'NONE',  ( -0.000000000000000000, -0.000000000000000000, -1.000000000000000000 ) ) ;
#1345 = CARTESIAN_POINT ( 'NONE',  ( -13.99999999999999112, 39.99999999999999289, 0.000000000000000000 ) ) ;
#1346 = CARTESIAN_POINT ( 'NONE',  ( -0.8064229203470325569, 22.48605420142509104, 9.872031414018223927 ) ) ;
#1347 = EDGE_LOOP ( 'NONE', ( #734, #1660, #348, #1778, #1687, #819, #205, #2543, #1252, #1968 ) ) ;
#1348 = ORIENTED_EDGE ( 'NONE', *, *, #1976, .F. ) ;
#1349 = CARTESIAN_POINT ( 'NONE',  ( -44.99999999999998579, 5.306417150674643778E-15, 34.50000000000000000 ) ) ;
#1350 = CARTESIAN_POINT ( 'NONE',  ( 0.000000000000000000, 0.000000000000000000, 0.000000000000000000 ) ) ;
#1351 = CARTESIAN_POINT ( 'NONE',  ( 60.00000000000001421, -9.420721840708381478, 33.00000000000000000 ) ) ;
#1352 = EDGE_CURVE ( 'NONE', #3196, #3680, #3441, .T. ) ;
#1353 = EDGE_LOOP ( 'NONE', ( #3556, #2172, #2894 ) ) ;
#1354 = ADVANCED_FACE ( 'NONE', ( #2742 ), #2964, .T. ) ;
#1355 = DIRECTION ( 'NONE',  ( 9.130123557772670799E-17, 1.000000000000000000, 0.000000000000000000 ) ) ;
#1356 = CARTESIAN_POINT ( 'NONE',  ( 2.246897384822238664, -14.83089638784086084, 6.391690215229381522 ) ) ;
#1357 = ADVANCED_FACE ( 'NONE', ( #2107 ), #1532, .F. ) ;
#1358 = CARTESIAN_POINT ( 'NONE',  ( -2.499937778723227311, 14.79020997506362178, 7.664326541134793835 ) ) ;
#1359 = ORIENTED_EDGE ( 'NONE', *, *, #2289, .T. ) ;
#1360 = EDGE_CURVE ( 'NONE', #777, #994, #2182, .T. ) ;
#1361 = DIRECTION ( 'NONE',  ( 0.000000000000000000, 0.000000000000000000, -1.000000000000000000 ) ) ;
#1362 = CARTESIAN_POINT ( 'NONE',  ( -30.76401441961830940, -16.49999999999999645, 33.00000000000000000 ) ) ;
#1363 = DIRECTION ( 'NONE',  ( 0.000000000000000000, 0.000000000000000000, 1.000000000000000000 ) ) ;
#1364 = SURFACE_SIDE_STYLE ('',( #1079 ) ) ;
#1365 = ORIENTED_EDGE ( 'NONE', *, *, #890, .F. ) ;
#1366 = EDGE_LOOP ( 'NONE', ( #2322, #2556 ) ) ;
#1367 = ADVANCED_FACE ( 'NONE', ( #1328 ), #2688, .T. ) ;
#1368 = CARTESIAN_POINT ( 'NONE',  ( -15.00000000000000000, 0.000000000000000000, 0.000000000000000000 ) ) ;
#1369 = LINE ( 'NONE', #527, #1915 ) ;
#1370 = CARTESIAN_POINT ( 'NONE',  ( -53.00000000000000711, -18.00000000000000355, 18.00000000000000355 ) ) ;
#1371 = SHAPE_REPRESENTATION ( 'KNUCKLE JOINT ASEMBLY', ( #678, #2154, #2986, #1625, #3231, #1269 ), #3172 ) ;
#1372 = CIRCLE ( 'NONE', #1084, 15.00000000000000000 ) ;
#1373 = CARTESIAN_POINT ( 'NONE',  ( -13.99999999999999822, -39.99999999999999289, 0.000000000000000000 ) ) ;
#1374 = VERTEX_POINT ( 'NONE', #773 ) ;
#1375 = CIRCLE ( 'NONE', #2681, 30.00000000000000711 ) ;
#1376 = VECTOR ( 'NONE', #1812, 1000.000000000000000 ) ;
#1377 = DIRECTION ( 'NONE',  ( 0.000000000000000000, -1.000000000000000000, 0.000000000000000000 ) ) ;
#1378 = CARTESIAN_POINT ( 'NONE',  ( 2.419750678152268186, -14.80357585234894024, 6.850716735763222154 ) ) ;
#1379 = AXIS2_PLACEMENT_3D ( 'NONE', #3004, #476, #2203 ) ;
#1380 = CARTESIAN_POINT ( 'NONE',  ( -2.371591099940526082, 14.81146652047161538, 8.307500230383737971 ) ) ;
#1381 = SHAPE_REPRESENTATION_RELATIONSHIP ( 'NONE' , 'NONE' ,  #231, #70 ) ;
#1382 = EDGE_CURVE ( 'NONE', #1023, #2729, #2774, .T. ) ;
#1383 = ORIENTED_EDGE ( 'NONE', *, *, #211, .T. ) ;
#1384 = CARTESIAN_POINT ( 'NONE',  ( -36.32748946347174268, -18.42857142857143060, 34.50000000000000000 ) ) ;
#1385 = VECTOR ( 'NONE', #2901, 1000.000000000000000 ) ;
#1386 = CARTESIAN_POINT ( 'NONE',  ( -10.59445441298989721, 36.45921854358347503, -0.000000000000000000 ) ) ;
#1387 = CARTESIAN_POINT ( 'NONE',  ( -2.483484744559102619, -14.79301696464665028, 7.170052912998482242 ) ) ;
#1388 = EDGE_LOOP ( 'NONE', ( #2759, #1879, #799, #717 ) ) ;
#1389 = AXIS2_PLACEMENT_3D ( 'NONE', #1268, #109, #1562 ) ;
#1390 = ORIENTED_EDGE ( 'NONE', *, *, #2174, .F. ) ;
#1391 = CARTESIAN_POINT ( 'NONE',  ( 19.23007629963205645, 9.533091112630984298, 0.000000000000000000 ) ) ;
#1392 = CARTESIAN_POINT ( 'NONE',  ( 15.00000000000001421, -9.420721840708381478, 0.000000000000000000 ) ) ;
#1393 = DIRECTION ( 'NONE',  ( 0.000000000000000000, -1.000000000000000000, 0.000000000000000000 ) ) ;
#1394 = CARTESIAN_POINT ( 'NONE',  ( -12.94244301742853942, -38.04831097626686187, 0.000000000000000000 ) ) ;
#1395 = ORIENTED_EDGE ( 'NONE', *, *, #2518, .F. ) ;
#1396 = CARTESIAN_POINT ( 'NONE',  ( 65.64544246195590915, 18.00000000000000000, 27.35028514441754055 ) ) ;
#1397 = CARTESIAN_POINT ( 'NONE',  ( 2.184472077777502186, -14.84062064304876749, 8.758604628530418879 ) ) ;
#1398 = ADVANCED_FACE ( 'NONE', ( #3043 ), #3003, .F. ) ;
#1399 = CARTESIAN_POINT ( 'NONE',  ( -0.3281603911762265846, 14.99726402656820312, 9.983730141155795934 ) ) ;
#1400 = ORIENTED_EDGE ( 'NONE', *, *, #2394, .T. ) ;
#1401 = CARTESIAN_POINT ( 'NONE',  ( 19.61068047025899119, 9.444088493470713885, 33.00000000000000000 ) ) ;
#1402 = ADVANCED_FACE ( 'NONE', ( #2777 ), #2904, .T. ) ;
#1403 = FACE_OUTER_BOUND ( 'NONE', #3427, .T. ) ;
#1404 = CARTESIAN_POINT ( 'NONE',  ( -2.419628181687402346, -14.80359574073695761, 6.850414733031380266 ) ) ;
#1405 = ORIENTED_EDGE ( 'NONE', *, *, #2890, .T. ) ;
#1406 = ORIENTED_EDGE ( 'NONE', *, *, #3157, .T. ) ;
#1407 = DIRECTION ( 'NONE',  ( 1.000000000000000000, 0.000000000000000000, 0.000000000000000000 ) ) ;
#1408 = CARTESIAN_POINT ( 'NONE',  ( 100.1695907731081832, 2.384901806420105963, 14.80960412459479159 ) ) ;
#1409 = PRODUCT ( 'KNUCKLE JOINT ASEMBLY', 'KNUCKLE JOINT ASEMBLY', '', ( #2008 ) ) ;
#1410 = FACE_BOUND ( 'NONE', #2673, .T. ) ;
#1411 = FACE_OUTER_BOUND ( 'NONE', #1347, .T. ) ;
#1412 = VERTEX_POINT ( 'NONE', #1650 ) ;
#1413 = EDGE_CURVE ( 'NONE', #2035, #1023, #1375, .T. ) ;
#1414 = CARTESIAN_POINT ( 'NONE',  ( 64.00000000000000000, 18.00000000000000000, 33.87450786638754607 ) ) ;
#1415 = CARTESIAN_POINT ( 'NONE',  ( 0.8060905699374031341, -14.97909145961874344, 5.127866561848486882 ) ) ;
#1416 = CARTESIAN_POINT ( 'NONE',  ( -1.253188194454244453, 14.94818098475535884, 9.669374793036297433 ) ) ;
#1417 =( NAMED_UNIT ( * ) SI_UNIT ( $, .STERADIAN. ) SOLID_ANGLE_UNIT ( ) );
#1418 = CIRCLE ( 'NONE', #1246, 36.00000000000000711 ) ;
#1419 = VERTEX_POINT ( 'NONE', #2499 ) ;
#1420 = CARTESIAN_POINT ( 'NONE',  ( 19.04640656392991360, 9.598071769232765504, 33.00000000000000711 ) ) ;
#1421 = LINE ( 'NONE', #2778, #2265 ) ;
#1422 = CARTESIAN_POINT ( 'NONE',  ( -10.59445441298990964, -36.45921854358347503, 36.00000000000001421 ) ) ;
#1423 = ORIENTED_EDGE ( 'NONE', *, *, #290, .T. ) ;
#1424 = ORIENTED_EDGE ( 'NONE', *, *, #661, .F. ) ;
#1425 = CARTESIAN_POINT ( 'NONE',  ( 15.00000000000000000, 1.836970198721029589E-15, 15.00000000000000000 ) ) ;
#1426 = CARTESIAN_POINT ( 'NONE',  ( 104.9999999999999858, 0.000000000000000000, 15.00000000000000000 ) ) ;
#1427 = AXIS2_PLACEMENT_3D ( 'NONE', #2755, #3012, #514 ) ;
#1428 = DIRECTION ( 'NONE',  ( 1.000000000000000000, 0.000000000000000000, 0.000000000000000000 ) ) ;
#1429 = EDGE_CURVE ( 'NONE', #952, #2430, #3647, .T. ) ;
#1430 = CARTESIAN_POINT ( 'NONE',  ( 15.11807745657616664, -15.72498145366651379, 32.99999999999998579 ) ) ;
#1431 = ORIENTED_EDGE ( 'NONE', *, *, #1566, .T. ) ;
#1432 = CARTESIAN_POINT ( 'NONE',  ( -32.38207104071703668, -16.49999999999999645, -0.1997954018903020657 ) ) ;
#1433 = CARTESIAN_POINT ( 'NONE',  ( 0.000000000000000000, -36.00000000000000711, 36.00000000000000000 ) ) ;
#1434 = MECHANICAL_DESIGN_GEOMETRIC_PRESENTATION_REPRESENTATION (  '', ( #1902 ), #3522 ) ;
#1435 = DIRECTION ( 'NONE',  ( 1.000000000000000000, 0.000000000000000000, 0.000000000000000000 ) ) ;
#1436 = CARTESIAN_POINT ( 'NONE',  ( 68.75441364874079397, -6.097208493969874077, -0.000000000000000000 ) ) ;
#1437 = MECHANICAL_DESIGN_GEOMETRIC_PRESENTATION_REPRESENTATION (  '', ( #3103 ), #2504 ) ;
#1438 = EDGE_LOOP ( 'NONE', ( #3046, #35, #1383, #3434, #3124, #2379, #2239, #1501 ) ) ;
#1439 = EDGE_CURVE ( 'NONE', #603, #929, #2318, .T. ) ;
#1440 = CARTESIAN_POINT ( 'NONE',  ( 15.39783097809879742, 14.59543598046022339, 33.00000000000000711 ) ) ;
#1441 = PRODUCT ( 'EYE BOLY', 'EYE BOLY', '', ( #2045 ) ) ;
#1442 = LINE ( 'NONE', #3081, #2086 ) ;
#1443 = CARTESIAN_POINT ( 'NONE',  ( 64.00000000000000000, -18.00000000000000000, 24.08276253029821845 ) ) ;
#1444 = ORIENTED_EDGE ( 'NONE', *, *, #2350, .F. ) ;
#1445 = ORIENTED_EDGE ( 'NONE', *, *, #700, .F. ) ;
#1446 = STYLED_ITEM ( 'NONE', ( #2187 ), #2161 ) ;
#1447 = CARTESIAN_POINT ( 'NONE',  ( -32.38207104071703668, 16.50000000000000355, 33.19979540189030587 ) ) ;
#1448 =( NAMED_UNIT ( * ) SI_UNIT ( $, .STERADIAN. ) SOLID_ANGLE_UNIT ( ) );
#1449 = CARTESIAN_POINT ( 'NONE',  ( 0.000000000000000000, 22.50000000000000000, 9.999999999999991118 ) ) ;
#1450 = CARTESIAN_POINT ( 'NONE',  ( 16.08002840429641722, -12.80552923736871485, 33.00000000000000000 ) ) ;
#1451 = VERTEX_POINT ( 'NONE', #2266 ) ;
#1452 = APPLICATION_PROTOCOL_DEFINITION ( 'draft international standard', 'automotive_design', 1998, #1007 ) ;
#1453 = ADVANCED_FACE ( 'NONE', ( #56 ), #3418, .F. ) ;
#1454 = EDGE_CURVE ( 'NONE', #1596, #1779, #1774, .T. ) ;
#1455 = DIRECTION ( 'NONE',  ( 1.000000000000000000, 0.000000000000000000, 0.000000000000000000 ) ) ;
#1456 = DIRECTION ( 'NONE',  ( 0.000000000000000000, 0.000000000000000000, -1.000000000000000000 ) ) ;
#1457 = VECTOR ( 'NONE', #931, 1000.000000000000000 ) ;
#1458 = CARTESIAN_POINT ( 'NONE',  ( 17.61036043819560248, 16.50000000000000711, 27.07382218997965140 ) ) ;
#1459 = DIRECTION ( 'NONE',  ( -0.000000000000000000, -0.000000000000000000, -1.000000000000000000 ) ) ;
#1460 = VERTEX_POINT ( 'NONE', #3151 ) ;
#1461 = EDGE_CURVE ( 'NONE', #603, #3668, #382, .T. ) ;
#1462 = CARTESIAN_POINT ( 'NONE',  ( 1.107366162981012980, 14.95982851372033196, 5.252721112029147044 ) ) ;
#1463 = CARTESIAN_POINT ( 'NONE',  ( -13.92040225946406196, -39.68804184161362514, 36.00000000000000711 ) ) ;
#1464 = VERTEX_POINT ( 'NONE', #1759 ) ;
#1465 = CARTESIAN_POINT ( 'NONE',  ( 100.0156656009775986, -2.258461421558167981, -14.82966213882487416 ) ) ;
#1466 = CARTESIAN_POINT ( 'NONE',  ( -38.00000000000000000, -39.99999999999999289, 18.00000000000000000 ) ) ;
#1467 = CARTESIAN_POINT ( 'NONE',  ( 101.0302703159908191, 2.845780710607353381, 14.72777848695901781 ) ) ;
#1468 = CARTESIAN_POINT ( 'NONE',  ( 1.109143165817338073, -22.47315627395513005, 9.746475549226170543 ) ) ;
#1469 = CARTESIAN_POINT ( 'NONE',  ( 104.3852212186314858, -1.830055281490521990, 14.88884677605947893 ) ) ;
#1470 = ORIENTED_EDGE ( 'NONE', *, *, #2789, .F. ) ;
#1471 = DIRECTION ( 'NONE',  ( 0.000000000000000000, 0.000000000000000000, -1.000000000000000000 ) ) ;
#1472 = EDGE_CURVE ( 'NONE', #3118, #380, #67, .T. ) ;
#1473 = LINE ( 'NONE', #2315, #136 ) ;
#1474 = PRODUCT_DEFINITION_SHAPE ( 'NONE', 'NONE',  #3693 ) ;
#1475 = ADVANCED_FACE ( 'NONE', ( #3437 ), #1183, .F. ) ;
#1476 = DIRECTION ( 'NONE',  ( -1.000000000000000000, -0.000000000000000000, -0.000000000000000000 ) ) ;
#1477 = DIRECTION ( 'NONE',  ( 1.000000000000000000, 0.000000000000000000, 0.000000000000000000 ) ) ;
#1478 = CARTESIAN_POINT ( 'NONE',  ( 64.00000000000000000, 0.000000000000000000, 18.00000000000000000 ) ) ;
#1479 = DIRECTION ( 'NONE',  ( 1.000000000000000000, -0.000000000000000000, -0.000000000000000000 ) ) ;
#1480 = EDGE_CURVE ( 'NONE', #1180, #2746, #869, .T. ) ;
#1481 = EDGE_LOOP ( 'NONE', ( #199, #616, #764, #784 ) ) ;
#1482 = CARTESIAN_POINT ( 'NONE',  ( 102.9673980779446794, -2.846509067752652111, -14.72763474051839339 ) ) ;
#1483 = CIRCLE ( 'NONE', #3327, 15.00000000000000000 ) ;
#1484 = FACE_OUTER_BOUND ( 'NONE', #2427, .T. ) ;
#1485 = LINE ( 'NONE', #2327, #181 ) ;
#1486 = CARTESIAN_POINT ( 'NONE',  ( 3.061616751541196794E-16, -22.50000000000000355, 5.000000000000007994 ) ) ;
#1487 = PRODUCT_RELATED_PRODUCT_CATEGORY ( 'part', '', ( #1409 ) ) ;
#1488 = CARTESIAN_POINT ( 'NONE',  ( 104.9999999999999858, 0.000000000000000000, 15.00000000000000000 ) ) ;
#1489 = ORIENTED_EDGE ( 'NONE', *, *, #2657, .T. ) ;
#1490 = CONTEXT_DEPENDENT_SHAPE_REPRESENTATION ( #3602, #1474 ) ;
#1491 = CARTESIAN_POINT ( 'NONE',  ( 65.43360279031118409, -18.00000000000000355, 8.216211599793949105 ) ) ;
#1492 = PLANE ( 'NONE',  #3417 ) ;
#1493 = VECTOR ( 'NONE', #3483, 1000.000000000000000 ) ;
#1494 = CARTESIAN_POINT ( 'NONE',  ( 33.94112549695428527, -18.00000000000000000, 36.00000000000000000 ) ) ;
#1495 = CARTESIAN_POINT ( 'NONE',  ( 18.20427007747218440, 16.50000000000000711, 6.428948864051120538 ) ) ;
#1496 = AXIS2_PLACEMENT_3D ( 'NONE', #3183, #14, #313 ) ;
#1497 = EDGE_CURVE ( 'NONE', #1042, #2527, #1054, .T. ) ;
#1498 = VECTOR ( 'NONE', #150, 1000.000000000000000 ) ;
#1499 = CARTESIAN_POINT ( 'NONE',  ( 2.483484744559102619, 14.79301696464665028, 7.170052912998482242 ) ) ;
#1500 = SURFACE_STYLE_USAGE ( .BOTH. , #2033 ) ;
#1501 = ORIENTED_EDGE ( 'NONE', *, *, #2246, .F. ) ;
#1502 = AXIS2_PLACEMENT_3D ( 'NONE', #3568, #1039, #2762 ) ;
#1503 = CARTESIAN_POINT ( 'NONE',  ( 99.73930382197499966, -1.981788028643143296, -14.86916417805282187 ) ) ;
#1504 = DIRECTION ( 'NONE',  ( 0.000000000000000000, 0.000000000000000000, -1.000000000000000000 ) ) ;
#1505 = CARTESIAN_POINT ( 'NONE',  ( 19.80328151964596373, -16.50000000000000000, 7.079278159291607864 ) ) ;
#1506 = CARTESIAN_POINT ( 'NONE',  ( 15.08122435839938902, -16.11308299341640549, -0.000000000000000000 ) ) ;
#1507 = CARTESIAN_POINT ( 'NONE',  ( -59.99999999999998579, 3.469446951953614189E-15, -1.499999999999997780 ) ) ;
#1508 = AXIS2_PLACEMENT_3D ( 'NONE', #3423, #5, #268 ) ;
#1509 = VERTEX_POINT ( 'NONE', #94 ) ;
#1510 = DIRECTION ( 'NONE',  ( 0.000000000000000000, -0.000000000000000000, -1.000000000000000000 ) ) ;
#1511 = CARTESIAN_POINT ( 'NONE',  ( -38.00000000000000000, -39.99999999999999289, 18.00000000000000000 ) ) ;
#1512 = CIRCLE ( 'NONE', #1569, 22.50000000000000355 ) ;
#1513 = CARTESIAN_POINT ( 'NONE',  ( 3.061618115947129856E-16, 15.00000000000000000, 5.000000000000007994 ) ) ;
#1514 = CARTESIAN_POINT ( 'NONE',  ( 19.80338918417991323, 16.50000000000001066, 7.079278159291626515 ) ) ;
#1515 = CARTESIAN_POINT ( 'NONE',  ( 66.96547193316071400, -7.315795131472136781, 36.00000000000000000 ) ) ;
#1516 = LINE ( 'NONE', #2651, #1376 ) ;
#1517 = EDGE_LOOP ( 'NONE', ( #1022, #2167, #2306, #2962 ) ) ;
#1518 = ADVANCED_FACE ( 'NONE', ( #2939 ), #1087, .F. ) ;
#1519 = ADVANCED_FACE ( 'NONE', ( #3284 ), #393, .T. ) ;
#1520 = CARTESIAN_POINT ( 'NONE',  ( -2.168957507600139056, -22.39539976711316882, 6.246093638863726483 ) ) ;
#1521 = CARTESIAN_POINT ( 'NONE',  ( 64.00000000000000000, -18.00000000000000000, 36.00000000000000000 ) ) ;
#1522 = DIRECTION ( 'NONE',  ( 0.000000000000000000, 0.000000000000000000, -1.000000000000000000 ) ) ;
#1523 = CARTESIAN_POINT ( 'NONE',  ( 16.86801230915342131, -11.46639752006000457, -0.000000000000000000 ) ) ;
#1524 = CARTESIAN_POINT ( 'NONE',  ( -34.88077956374817745, 17.16505214164169502, 34.11362438507158146 ) ) ;
#1525 = ORIENTED_EDGE ( 'NONE', *, *, #1635, .F. ) ;
#1526 = DIRECTION ( 'NONE',  ( -0.000000000000000000, 1.000000000000000000, -0.000000000000000000 ) ) ;
#1527 = FACE_BOUND ( 'NONE', #1290, .T. ) ;
#1528 = ADVANCED_FACE ( 'NONE', ( #2080 ), #714, .F. ) ;
#1529 = ORIENTED_EDGE ( 'NONE', *, *, #2214, .T. ) ;
#1530 = CARTESIAN_POINT ( 'NONE',  ( 0.000000000000000000, 0.000000000000000000, 0.000000000000000000 ) ) ;
#1531 = DIRECTION ( 'NONE',  ( -1.000000000000000000, -0.000000000000000000, -0.000000000000000000 ) ) ;
#1532 = TOROIDAL_SURFACE ( 'NONE', #2605, 24.00000000000000000, 5.000000000000000000 ) ;
#1533 = PRODUCT_DEFINITION_SHAPE ( 'NONE', 'NONE',  #3695 ) ;
#1534 = DIRECTION ( 'NONE',  ( -0.000000000000000000, -0.000000000000000000, 1.000000000000000000 ) ) ;
#1535 =( NAMED_UNIT ( * ) PLANE_ANGLE_UNIT ( ) SI_UNIT ( $, .RADIAN. ) );
#1536 = EDGE_LOOP ( 'NONE', ( #3123, #3136, #486, #2781 ) ) ;
#1537 = CARTESIAN_POINT ( 'NONE',  ( 105.0000000000000000, -0.1987052846734791156, -15.00000000000001421 ) ) ;
#1538 = CARTESIAN_POINT ( 'NONE',  ( 60.00000000000000000, 0.000000000000000000, -3.000000000000000000 ) ) ;
#1539 = CARTESIAN_POINT ( 'NONE',  ( 65.99969206057234317, -18.00000000000000355, 26.71387359771723879 ) ) ;
#1540 = CARTESIAN_POINT ( 'NONE',  ( 17.34740167017296031, -10.85971482514941755, 0.000000000000000000 ) ) ;
#1541 = CARTESIAN_POINT ( 'NONE',  ( -34.21591386755599729, 16.84475656445018288, 33.83678535388933284 ) ) ;
#1542 = VECTOR ( 'NONE', #2425, 1000.000000000000000 ) ;
#1543 = ORIENTED_EDGE ( 'NONE', *, *, #1151, .T. ) ;
#1544 = B_SPLINE_CURVE_WITH_KNOTS ( 'NONE', 3,
 ( #276, #2019, #1747, #2881, #335, #1468, #1195, #2604, #49, #2310, #918, #2039, #2690, #1767, #1556, #967, #3215, #1782, #2913, #668, #2126, #2640, #3484, #2949, #2897, #1244, #1801, #351, #87, #2621, #933, #2328, #386, #1486 ),
 .UNSPECIFIED., .F., .F.,
 ( 4, 2, 2, 2, 2, 2, 2, 2, 2, 2, 2, 2, 2, 2, 2, 2, 4 ),
 ( 0.000000000000000000, 0.0004888859777028177868, 0.0009777719554056355736, 0.001466657933108453469, 0.001955543910811271147, 0.002444429888514088826, 0.002933315866216906938, 0.003422201843919724616, 0.003911087821622542295, 0.004399973799325359973, 0.004888859777028177651, 0.005377745754730995330, 0.005866631732433813876, 0.006355517710136631554, 0.006844403687839449232, 0.007333289665542266911, 0.007822175643245084589 ),
 .UNSPECIFIED. ) ;
#1545 = DIRECTION ( 'NONE',  ( 1.000000000000000000, 0.000000000000000000, 0.000000000000000000 ) ) ;
#1546 = DIRECTION ( 'NONE',  ( -1.000000000000000000, -0.000000000000000000, -0.000000000000000000 ) ) ;
#1547 = ORIENTED_EDGE ( 'NONE', *, *, #657, .F. ) ;
#1548 = DIRECTION ( 'NONE',  ( 1.000000000000000000, 0.000000000000000000, 0.000000000000000000 ) ) ;
#1549 = CARTESIAN_POINT ( 'NONE',  ( 66.11493397261637028, 8.506670777085011181, -0.000000000000000000 ) ) ;
#1550 = AXIS2_PLACEMENT_3D ( 'NONE', #589, #2850, #302 ) ;
#1551 = ORIENTED_EDGE ( 'NONE', *, *, #2494, .T. ) ;
#1552 = CARTESIAN_POINT ( 'NONE',  ( -1.106787297812102500, -22.47326620422248311, 5.252438565588894548 ) ) ;
#1553 = VECTOR ( 'NONE', #1302, 1000.000000000000000 ) ;
#1554 = DIRECTION ( 'NONE',  ( -0.000000000000000000, -0.000000000000000000, -1.000000000000000000 ) ) ;
#1555 = DIRECTION ( 'NONE',  ( -0.000000000000000000, -0.000000000000000000, -1.000000000000000000 ) ) ;
#1556 = CARTESIAN_POINT ( 'NONE',  ( 2.419832441950458879, -22.36952065831060921, 8.149224419461591040 ) ) ;
#1557 = PRESENTATION_LAYER_ASSIGNMENT (  '', '', ( #1848 ) ) ;
#1558 = CARTESIAN_POINT ( 'NONE',  ( -35.19913457785835931, 17.36484942892492356, 34.23843990662786751 ) ) ;
#1559 = VERTEX_POINT ( 'NONE', #1494 ) ;
#1560 = ORIENTED_EDGE ( 'NONE', *, *, #238, .F. ) ;
#1561 = CARTESIAN_POINT ( 'NONE',  ( 69.00000000000000000, -18.00000000000000000, 11.91723746970177800 ) ) ;
#1562 = DIRECTION ( 'NONE',  ( 0.000000000000000000, 0.000000000000000000, -1.000000000000000000 ) ) ;
#1563 = PRODUCT_DEFINITION_SHAPE ( 'NONE', 'NONE',  #2136 ) ;
#1564 = AXIS2_PLACEMENT_3D ( 'NONE', #1820, #1218, #2334 ) ;
#1565 = EDGE_LOOP ( 'NONE', ( #2155, #1755, #2734, #3084 ) ) ;
#1566 = EDGE_CURVE ( 'NONE', #2550, #415, #2800, .T. ) ;
#1567 = ADVANCED_FACE ( 'NONE', ( #2680 ), #1009, .T. ) ;
#1568 = DIRECTION ( 'NONE',  ( 0.000000000000000000, 1.000000000000000000, -0.000000000000000000 ) ) ;
#1569 = AXIS2_PLACEMENT_3D ( 'NONE', #2002, #1673, #3143 ) ;
#1570 = CIRCLE ( 'NONE', #1389, 15.00000000000000000 ) ;
#1571 = LINE ( 'NONE', #3621, #488 ) ;
#1572 = PRODUCT_DEFINITION ( 'UNKNOWN', '', #792, #204 ) ;
#1573 = LINE ( 'NONE', #2703, #1498 ) ;
#1574 = ORIENTED_EDGE ( 'NONE', *, *, #2133, .T. ) ;
#1575 = CARTESIAN_POINT ( 'NONE',  ( -0.6481478757483405406, -22.49124158401525264, 5.079883943691314130 ) ) ;
#1576 = DIRECTION ( 'NONE',  ( 0.000000000000000000, 0.000000000000000000, -1.000000000000000000 ) ) ;
#1577 = FACE_OUTER_BOUND ( 'NONE', #1296, .T. ) ;
#1578 = CARTESIAN_POINT ( 'NONE',  ( -2.484055090535762123, 22.36248004665145572, 7.826422580598404011 ) ) ;
#1579 = CARTESIAN_POINT ( 'NONE',  ( -33.86664562568921610, 16.72189271160295121, 33.69449317957433720 ) ) ;
#1580 = VERTEX_POINT ( 'NONE', #2629 ) ;
#1581 = ORIENTED_EDGE ( 'NONE', *, *, #2516, .F. ) ;
#1582 = DIRECTION ( 'NONE',  ( -0.000000000000000000, -0.000000000000000000, -1.000000000000000000 ) ) ;
#1583 = DIRECTION ( 'NONE',  ( -9.130123557772672032E-17, -1.000000000000000000, -0.000000000000000000 ) ) ;
#1584 = ORIENTED_EDGE ( 'NONE', *, *, #3266, .F. ) ;
#1585 = APPLICATION_CONTEXT ( 'automotive_design' ) ;
#1586 = CARTESIAN_POINT ( 'NONE',  ( 99.61535781756977315, 1.830737128676912517, -14.88875609542869682 ) ) ;
#1587 = AXIS2_PLACEMENT_3D ( 'NONE', #1282, #355, #2695 ) ;
#1588 = CARTESIAN_POINT ( 'NONE',  ( 64.12234359963606778, 13.93599860273120328, -0.000000000000000000 ) ) ;
#1589 = LINE ( 'NONE', #1604, #428 ) ;
#1590 = ORIENTED_EDGE ( 'NONE', *, *, #2885, .F. ) ;
#1591 = CARTESIAN_POINT ( 'NONE',  ( 104.8447870450780499, -0.9722956962269561076, -14.96954813202286516 ) ) ;
#1592 = CARTESIAN_POINT ( 'NONE',  ( 117.0000000000000000, 0.000000000000000000, 0.000000000000000000 ) ) ;
#1593 = FACE_BOUND ( 'NONE', #2533, .T. ) ;
#1594 = CARTESIAN_POINT ( 'NONE',  ( 64.12222041439449072, 13.93655327846104797, 36.00000000000000000 ) ) ;
#1595 = ADVANCED_FACE ( 'NONE', ( #112 ), #376, .F. ) ;
#1596 = VERTEX_POINT ( 'NONE', #1513 ) ;
#1597 = VERTEX_POINT ( 'NONE', #2100 ) ;
#1598 = DIRECTION ( 'NONE',  ( 1.000000000000000000, 0.000000000000000000, 0.000000000000000000 ) ) ;
#1599 = CARTESIAN_POINT ( 'NONE',  ( 68.87577617446686418, 18.00000000000000355, 11.91723746970178155 ) ) ;
#1600 = DIRECTION ( 'NONE',  ( 1.000000000000000000, 0.000000000000000000, 0.000000000000000000 ) ) ;
#1601 = ORIENTED_EDGE ( 'NONE', *, *, #2173, .T. ) ;
#1602 = CARTESIAN_POINT ( 'NONE',  ( 103.9827502423954684, 2.259820937556619835, -14.82945154152488776 ) ) ;
#1603 = DIRECTION ( 'NONE',  ( -1.000000000000000000, -0.000000000000000000, -0.000000000000000000 ) ) ;
#1604 = CARTESIAN_POINT ( 'NONE',  ( 31.17691453623979569, -18.00000000000000000, 36.00000000000000000 ) ) ;
#1605 = EDGE_LOOP ( 'NONE', ( #408, #2446 ) ) ;
#1606 = CARTESIAN_POINT ( 'NONE',  ( 3.061617244196665019E-16, 22.50000000000000355, 5.000000000000007994 ) ) ;
#1607 = ADVANCED_FACE ( 'NONE', ( #938 ), #2648, .F. ) ;
#1608 = CARTESIAN_POINT ( 'NONE',  ( 117.0000000000000000, 0.000000000000000000, 0.000000000000000000 ) ) ;
#1609 = VECTOR ( 'NONE', #400, 1000.000000000000000 ) ;
#1610 = CARTESIAN_POINT ( 'NONE',  ( 64.00000000000002842, -18.00000000000000711, 32.89559075793525267 ) ) ;
#1611 = CARTESIAN_POINT ( 'NONE',  ( 65.04909700082171753, 10.67097247683503092, 36.00000000000000711 ) ) ;
#1612 = COLOUR_RGB ( '',0.7921568627450980005, 0.8196078431372548767, 0.9333333333333333481 ) ;
#1613 = EDGE_LOOP ( 'NONE', ( #2291, #1620, #752, #1763 ) ) ;
#1614 = ORIENTED_EDGE ( 'NONE', *, *, #1926, .T. ) ;
#1615 = LINE ( 'NONE', #1065, #2457 ) ;
#1616 = CARTESIAN_POINT ( 'NONE',  ( 64.44225750903099481, 18.00000000000000000, 5.479767097609816950 ) ) ;
#1617 = CIRCLE ( 'NONE', #3285, 22.50000000000000355 ) ;
#1618 = CARTESIAN_POINT ( 'NONE',  ( 69.00000000000000000, 0.000000000000000000, 18.00000000000000000 ) ) ;
#1619 = UNCERTAINTY_MEASURE_WITH_UNIT (LENGTH_MEASURE( 1.000000000000000082E-05 ), #487, 'distance_accuracy_value', 'NONE');
#1620 = ORIENTED_EDGE ( 'NONE', *, *, #1185, .F. ) ;
#1621 = CIRCLE ( 'NONE', #494, 33.57071421427141900 ) ;
#1622 = CARTESIAN_POINT ( 'NONE',  ( 104.9039123262154476, 0.7782343064774798203, -14.98103130449829479 ) ) ;
#1623 = CARTESIAN_POINT ( 'NONE',  ( 1.524746365822088334, -14.92292678812147422, 9.487917544389881996 ) ) ;
#1624 = AXIS2_PLACEMENT_3D ( 'NONE', #2760, #2816, #191 ) ;
#1625 = AXIS2_PLACEMENT_3D ( 'NONE', #3318, #243, #2997 ) ;
#1626 = CARTESIAN_POINT ( 'NONE',  ( 67.29632010117367713, 6.953924182766617612, -0.000000000000000000 ) ) ;
#1627 = LINE ( 'NONE', #1895, #128 ) ;
#1628 = VECTOR ( 'NONE', #2866, 1000.000000000000000 ) ;
#1629 = ORIENTED_EDGE ( 'NONE', *, *, #2122, .F. ) ;
#1630 = DIRECTION ( 'NONE',  ( -1.000000000000000000, 0.000000000000000000, 0.000000000000000000 ) ) ;
#1631 = FACE_OUTER_BOUND ( 'NONE', #2479, .T. ) ;
#1632 = PLANE ( 'NONE',  #3286 ) ;
#1633 = FILL_AREA_STYLE_COLOUR ( '', #1612 ) ;
#1634 = EDGE_CURVE ( 'NONE', #1225, #2678, #614, .T. ) ;
#1635 = EDGE_CURVE ( 'NONE', #1180, #2105, #116, .T. ) ;
#1636 = VERTEX_POINT ( 'NONE', #3247 ) ;
#1637 = ORIENTED_EDGE ( 'NONE', *, *, #2022, .F. ) ;
#1638 = AXIS2_PLACEMENT_3D ( 'NONE', #898, #2325, #965 ) ;
#1639 = DIRECTION ( 'NONE',  ( 1.000000000000000000, 0.000000000000000000, 0.000000000000000000 ) ) ;
#1640 = DIRECTION ( 'NONE',  ( 1.000000000000000000, 0.000000000000000000, 0.000000000000000000 ) ) ;
#1641 = CARTESIAN_POINT ( 'NONE',  ( 0.000000000000000000, 36.00000000000000711, 36.00000000000000000 ) ) ;
#1642 = ORIENTED_EDGE ( 'NONE', *, *, #2637, .F. ) ;
#1643 = DIRECTION ( 'NONE',  ( 0.000000000000000000, 0.000000000000000000, -1.000000000000000000 ) ) ;
#1644 = EDGE_CURVE ( 'NONE', #2729, #2035, #2853, .T. ) ;
#1645 = CYLINDRICAL_SURFACE ( 'NONE', #2329, 15.00000000000000000 ) ;
#1646 = DIRECTION ( 'NONE',  ( 0.000000000000000000, 0.000000000000000000, -1.000000000000000000 ) ) ;
#1647 = CARTESIAN_POINT ( 'NONE',  ( 0.000000000000000000, 18.00000000000000000, 36.00000000000000000 ) ) ;
#1648 = ORIENTED_EDGE ( 'NONE', *, *, #130, .F. ) ;
#1649 = CARTESIAN_POINT ( 'NONE',  ( -38.00000000000000711, 18.00000000000000355, 18.00000000000000000 ) ) ;
#1650 = CARTESIAN_POINT ( 'NONE',  ( 104.9999999999999858, 0.000000000000000000, 15.00000000000000000 ) ) ;
#1651 = CARTESIAN_POINT ( 'NONE',  ( -35.19913457785835220, -17.36484942892491290, -1.238439906627867515 ) ) ;
#1652 = CARTESIAN_POINT ( 'NONE',  ( 65.43387488901788629, 9.783180435723730639, 35.99999999999999289 ) ) ;
#1653 = EDGE_LOOP ( 'NONE', ( #2324, #190 ) ) ;
#1654 = AXIS2_PLACEMENT_3D ( 'NONE', #1277, #1344, #3567 ) ;
#1655 = ORIENTED_EDGE ( 'NONE', *, *, #818, .T. ) ;
#1656 = SURFACE_SIDE_STYLE ('',( #2507 ) ) ;
#1657 = DIRECTION ( 'NONE',  ( 1.000000000000000000, 0.000000000000000000, 0.000000000000000000 ) ) ;
#1658 = APPLICATION_CONTEXT ( 'automotive_design' ) ;
#1659 = DIRECTION ( 'NONE',  ( 0.000000000000000000, 0.000000000000000000, -1.000000000000000000 ) ) ;
#1660 = ORIENTED_EDGE ( 'NONE', *, *, #2290, .T. ) ;
#1661 =( LENGTH_UNIT ( ) NAMED_UNIT ( * ) SI_UNIT ( .MILLI., .METRE. ) );
#1662 = CARTESIAN_POINT ( 'NONE',  ( 2.204364238465235822E-15, 36.00000000000000711, 36.00000000000000000 ) ) ;
#1663 = CARTESIAN_POINT ( 'NONE',  ( 0.6481003630459247766, -14.98684701477776926, 9.920035242686036980 ) ) ;
#1664 = CIRCLE ( 'NONE', #3687, 30.00000000000000000 ) ;
#1665 = CARTESIAN_POINT ( 'NONE',  ( 15.00000000000000000, 0.000000000000000000, 15.00000000000000000 ) ) ;
#1666 = CARTESIAN_POINT ( 'NONE',  ( 29.80196385098425438, 20.19512195121951592, 36.00000000000000000 ) ) ;
#1667 = VERTEX_POINT ( 'NONE', #3224 ) ;
#1668 = DIRECTION ( 'NONE',  ( 1.000000000000000000, -0.000000000000000000, -0.000000000000000000 ) ) ;
#1669 = DIRECTION ( 'NONE',  ( 0.000000000000000000, 0.000000000000000000, -1.000000000000000000 ) ) ;
#1670 = CARTESIAN_POINT ( 'NONE',  ( -12.72965906856184581, -37.82547440248098525, 36.00000000000000000 ) ) ;
#1671 = ORIENTED_EDGE ( 'NONE', *, *, #2794, .F. ) ;
#1672 = ORIENTED_EDGE ( 'NONE', *, *, #3659, .F. ) ;
#1673 = DIRECTION ( 'NONE',  ( 0.000000000000000000, 0.000000000000000000, 1.000000000000000000 ) ) ;
#1674 = CARTESIAN_POINT ( 'NONE',  ( 104.6195805005602608, 1.513435499803668982, 14.92784089476224807 ) ) ;
#1675 = VECTOR ( 'NONE', #2416, 1000.000000000000000 ) ;
#1676 = CARTESIAN_POINT ( 'NONE',  ( -13.51310477277450062, -38.81547281340925792, 0.000000000000000000 ) ) ;
#1677 = VERTEX_POINT ( 'NONE', #2372 ) ;
#1678 = AXIS2_PLACEMENT_3D ( 'NONE', #232, #1742, #3061 ) ;
#1679 = APPLICATION_PROTOCOL_DEFINITION ( 'draft international standard', 'automotive_design', 1998, #1202 ) ;
#1680 = CARTESIAN_POINT ( 'NONE',  ( 67.47363490686221610, 18.00000000000000000, 24.78150073968464895 ) ) ;
#1681 = CARTESIAN_POINT ( 'NONE',  ( 1.254884309730898151, -14.94803396949449947, 5.331648050304011122 ) ) ;
#1682 = ADVANCED_FACE ( 'NONE', ( #147 ), #607, .F. ) ;
#1683 = EDGE_CURVE ( 'NONE', #218, #575, #1809, .T. ) ;
#1684 = AXIS2_PLACEMENT_3D ( 'NONE', #774, #796, #2707 ) ;
#1685 = CARTESIAN_POINT ( 'NONE',  ( 65.99969206057234317, -8.713873597717245900, 0.000000000000000000 ) ) ;
#1686 = AXIS2_PLACEMENT_3D ( 'NONE', #1327, #1897, #3308 ) ;
#1687 = ORIENTED_EDGE ( 'NONE', *, *, #1947, .T. ) ;
#1688 = CARTESIAN_POINT ( 'NONE',  ( 19.80351309827523920, -9.420721840708388584, 33.00000000000000000 ) ) ;
#1689 = CARTESIAN_POINT ( 'NONE',  ( 0.3305580697749732066, 22.50000000000000000, 9.999999999999991118 ) ) ;
#1690 = LINE ( 'NONE', #3683, #431 ) ;
#1691 = CARTESIAN_POINT ( 'NONE',  ( -1.651377842369130544, -14.90927323761718704, 5.615988685886553533 ) ) ;
#1692 = ORIENTED_EDGE ( 'NONE', *, *, #2102, .F. ) ;
#1693 = ORIENTED_EDGE ( 'NONE', *, *, #1480, .F. ) ;
#1694 = CARTESIAN_POINT ( 'NONE',  ( 17.60821257763835845, 10.57613860115913340, 0.000000000000000000 ) ) ;
#1695 = CARTESIAN_POINT ( 'NONE',  ( 99.15383585801215816, 0.9682774518074869219, 14.96981091882395454 ) ) ;
#1696 = CARTESIAN_POINT ( 'NONE',  ( 69.00000000000000000, -18.00000000000000000, 24.08276253029821845 ) ) ;
#1697 = CARTESIAN_POINT ( 'NONE',  ( 99.00000000000004263, -0.1960665634830632553, 15.00000000000000533 ) ) ;
#1698 = ORIENTED_EDGE ( 'NONE', *, *, #2700, .F. ) ;
#1699 = CARTESIAN_POINT ( 'NONE',  ( 109.0000000000000000, 18.00000000000000000, 24.08276253029821845 ) ) ;
#1700 = UNCERTAINTY_MEASURE_WITH_UNIT (LENGTH_MEASURE( 1.000000000000000082E-05 ), #2232, 'distance_accuracy_value', 'NONE');
#1701 = DIRECTION ( 'NONE',  ( 0.9998476951563911586, 2.137303368084206542E-18, 0.01745240643728690130 ) ) ;
#1702 = CARTESIAN_POINT ( 'NONE',  ( -1.998320596987769537, 14.86810114881627065, 9.037108955423926560 ) ) ;
#1703 =( NAMED_UNIT ( * ) PLANE_ANGLE_UNIT ( ) SI_UNIT ( $, .RADIAN. ) );
#1704 = ORIENTED_EDGE ( 'NONE', *, *, #590, .T. ) ;
#1705 = CARTESIAN_POINT ( 'NONE',  ( 15.04448374036658720, 16.50000000000000355, 33.00000000000000000 ) ) ;
#1706 = EDGE_CURVE ( 'NONE', #2839, #3366, #3544, .T. ) ;
#1707 = DIRECTION ( 'NONE',  ( 1.000000000000000000, -0.000000000000000000, -0.000000000000000000 ) ) ;
#1708 = CARTESIAN_POINT ( 'NONE',  ( -0.6560034371432816869, -14.98868157663629574, 5.065713992277088629 ) ) ;
#1709 = VERTEX_POINT ( 'NONE', #3265 ) ;
#1710 = CARTESIAN_POINT ( 'NONE',  ( -59.99999999999998579, 16.50000000000000355, 33.00000000000000000 ) ) ;
#1711 = CARTESIAN_POINT ( 'NONE',  ( -13.99999999999999822, -39.99999999999999289, 36.00000000000000000 ) ) ;
#1712 = ADVANCED_FACE ( 'NONE', ( #1286 ), #2414, .F. ) ;
#1713 = CARTESIAN_POINT ( 'NONE',  ( 98.99999999999998579, 0.1960159104020563481, 14.99999999999999645 ) ) ;
#1714 = CARTESIAN_POINT ( 'NONE',  ( 129.0000000000000000, 0.000000000000000000, 18.00000000000000000 ) ) ;
#1715 = DIRECTION ( 'NONE',  ( 1.000000000000000000, 0.000000000000000000, 0.000000000000000000 ) ) ;
#1716 = ORIENTED_EDGE ( 'NONE', *, *, #36, .F. ) ;
#1717 = SHAPE_DEFINITION_REPRESENTATION ( #434, #1371 ) ;
#1718 = ADVANCED_FACE ( 'NONE', ( #1875 ), #3054, .T. ) ;
#1719 = DIRECTION ( 'NONE',  ( 1.000000000000000000, 0.000000000000000000, 0.000000000000000000 ) ) ;
#1720 = CARTESIAN_POINT ( 'NONE',  ( 69.00000000000000000, 18.00000000000000000, 24.08276253029821845 ) ) ;
#1721 = B_SPLINE_CURVE_WITH_KNOTS ( 'NONE', 3,
 ( #1414, #624, #842, #3130, #3168, #1756, #1396, #923, #2245, #2551, #2609, #3452, #1680, #53, #2886, #1739, #2809, #19, #586, #264 ),
 .UNSPECIFIED., .F., .F.,
 ( 4, 2, 2, 2, 2, 2, 2, 2, 2, 4 ),
 ( 0.000000000000000000, 0.002897950597862113380, 0.005795901195724226761, 0.007244876494655282800, 0.008693851793586339707, 0.009418339443051851681, 0.01014282709251736192, 0.01086731474198287563, 0.01122955856671565070, 0.01159180239144842750 ),
 .UNSPECIFIED. ) ;
#1722 = CARTESIAN_POINT ( 'NONE',  ( 18.52789427237410891, 16.50000000000000000, 26.35454655157789716 ) ) ;
#1723 = CARTESIAN_POINT ( 'NONE',  ( -2.184472077777502186, 14.84062064304876749, 8.758604628530418879 ) ) ;
#1724 = CIRCLE ( 'NONE', #3628, 1.952696104306741454 ) ;
#1725 = ORIENTED_EDGE ( 'NONE', *, *, #322, .F. ) ;
#1726 = CARTESIAN_POINT ( 'NONE',  ( 60.00000000000001421, 0.000000000000000000, 16.50000000000000000 ) ) ;
#1727 = CARTESIAN_POINT ( 'NONE',  ( -33.86664562568923031, -16.72189271160293700, -0.6944931795743343184 ) ) ;
#1728 = CARTESIAN_POINT ( 'NONE',  ( 0.000000000000000000, -15.00000000000000000, 9.999999999999991118 ) ) ;
#1729 = ORIENTED_EDGE ( 'NONE', *, *, #1352, .F. ) ;
#1730 = ADVANCED_FACE ( 'NONE', ( #1338 ), #2432, .T. ) ;
#1731 = ORIENTED_EDGE ( 'NONE', *, *, #36, .T. ) ;
#1732 = FACE_OUTER_BOUND ( 'NONE', #2206, .T. ) ;
#1733 = CARTESIAN_POINT ( 'NONE',  ( 101.2200455282546869, 2.903436225176301733, 14.71637141896268730 ) ) ;
#1734 = AXIS2_PLACEMENT_3D ( 'NONE', #1236, #697, #2063 ) ;
#1735 = CARTESIAN_POINT ( 'NONE',  ( 69.00000000000000000, 6.082762530298221115, 0.000000000000000000 ) ) ;
#1736 = CARTESIAN_POINT ( 'NONE',  ( 20.00000000000001066, -9.420721840708381478, 33.00000000000000000 ) ) ;
#1737 = EDGE_CURVE ( 'NONE', #2746, #3313, #27, .T. ) ;
#1738 = ORIENTED_EDGE ( 'NONE', *, *, #1773, .T. ) ;
#1739 = CARTESIAN_POINT ( 'NONE',  ( 68.39523250319234648, 18.00000000000000355, 24.19267166936231561 ) ) ;
#1740 = AXIS2_PLACEMENT_3D ( 'NONE', #803, #1640, #2664 ) ;
#1741 = DIRECTION ( 'NONE',  ( 0.000000000000000000, 0.000000000000000000, 1.000000000000000000 ) ) ;
#1742 = DIRECTION ( 'NONE',  ( -0.000000000000000000, -0.000000000000000000, -1.000000000000000000 ) ) ;
#1743 = CARTESIAN_POINT ( 'NONE',  ( 64.44225750903099481, -12.52023290239018216, 0.000000000000000000 ) ) ;
#1744 = EDGE_LOOP ( 'NONE', ( #3129, #160 ) ) ;
#1745 = CARTESIAN_POINT ( 'NONE',  ( 0.3288835932972017928, 14.99726404368438715, 9.983735837006651792 ) ) ;
#1746 = CARTESIAN_POINT ( 'NONE',  ( 99.00000000000000000, 1.836969781399345755E-15, -15.00000000000000000 ) ) ;
#1747 = CARTESIAN_POINT ( 'NONE',  ( 0.3278480162194877257, -22.49817954296734257, 9.983763630236158093 ) ) ;
#1748 = ORIENTED_EDGE ( 'NONE', *, *, #548, .F. ) ;
#1749 = VERTEX_POINT ( 'NONE', #786 ) ;
#1750 = DIRECTION ( 'NONE',  ( 1.000000000000000000, -0.000000000000000000, -0.000000000000000000 ) ) ;
#1751 = CARTESIAN_POINT ( 'NONE',  ( 100.6662997786349791, 2.694454904511158322, 14.75621359906916119 ) ) ;
#1752 = FACE_OUTER_BOUND ( 'NONE', #1949, .T. ) ;
#1753 = EDGE_CURVE ( 'NONE', #2652, #596, #2028, .T. ) ;
#1754 = CARTESIAN_POINT ( 'NONE',  ( 104.2588239312095055, -1.983885995044557093, 14.86888092799590488 ) ) ;
#1755 = ORIENTED_EDGE ( 'NONE', *, *, #3276, .T. ) ;
#1756 = CARTESIAN_POINT ( 'NONE',  ( 65.43360279031118409, 18.00000000000000355, 27.78378840020604912 ) ) ;
#1757 = EDGE_CURVE ( 'NONE', #2916, #473, #2366, .T. ) ;
#1758 = AXIS2_PLACEMENT_3D ( 'NONE', #1466, #2054, #916 ) ;
#1759 = CARTESIAN_POINT ( 'NONE',  ( 0.000000000000000000, 0.000000000000000000, 22.50000000000000355 ) ) ;
#1760 = ADVANCED_FACE ( 'NONE', ( #765 ), #166, .F. ) ;
#1761 = DIRECTION ( 'NONE',  ( 0.000000000000000000, 1.000000000000000000, 0.000000000000000000 ) ) ;
#1762 = CARTESIAN_POINT ( 'NONE',  ( 1.987437257370128219, 14.86803497713260569, 5.974661614200925897 ) ) ;
#1763 = ORIENTED_EDGE ( 'NONE', *, *, #2747, .T. ) ;
#1764 = VERTEX_POINT ( 'NONE', #3361 ) ;
#1765 = CARTESIAN_POINT ( 'NONE',  ( 117.0000000000000000, 1.836970198721029589E-15, -15.00000000000000000 ) ) ;
#1766 = LINE ( 'NONE', #1228, #1493 ) ;
#1767 = CARTESIAN_POINT ( 'NONE',  ( 2.371789296390815593, -22.37473003539092531, 8.306923053357241571 ) ) ;
#1768 = CARTESIAN_POINT ( 'NONE',  ( 100.6693103282879349, -2.695931581789392961, 14.75594254826814122 ) ) ;
#1769 = ORIENTED_EDGE ( 'NONE', *, *, #1791, .F. ) ;
#1770 = SHAPE_DEFINITION_REPRESENTATION ( #1563, #2893 ) ;
#1771 = CARTESIAN_POINT ( 'NONE',  ( 64.00000000000000000, 0.000000000000000000, 0.000000000000000000 ) ) ;
#1772 = CARTESIAN_POINT ( 'NONE',  ( 64.00000000000000000, 0.000000000000000000, 36.00000000000000000 ) ) ;
#1773 = EDGE_CURVE ( 'NONE', #1189, #801, #533, .T. ) ;
#1774 = LINE ( 'NONE', #795, #2316 ) ;
#1775 = CARTESIAN_POINT ( 'NONE',  ( 18.52635488512606798, 16.50000000000000355, 6.644509434489354049 ) ) ;
#1776 = CARTESIAN_POINT ( 'NONE',  ( 65.64544246195590915, -9.350285144417535221, 36.00000000000000000 ) ) ;
#1777 = PLANE ( 'NONE',  #3345 ) ;
#1778 = ORIENTED_EDGE ( 'NONE', *, *, #3439, .F. ) ;
#1779 = VERTEX_POINT ( 'NONE', #2512 ) ;
#1780 = CARTESIAN_POINT ( 'NONE',  ( 20.00000000000001421, 0.000000000000000000, 16.50000000000000000 ) ) ;
#1781 = DIRECTION ( 'NONE',  ( -0.000000000000000000, -0.000000000000000000, -1.000000000000000000 ) ) ;
#1782 = CARTESIAN_POINT ( 'NONE',  ( 2.500059415150361009, -22.36067313218259400, 7.337713725798396425 ) ) ;
#1783 = LINE ( 'NONE', #3257, #409 ) ;
#1784 = ORIENTED_EDGE ( 'NONE', *, *, #3501, .F. ) ;
#1785 = APPLICATION_PROTOCOL_DEFINITION ( 'draft international standard', 'automotive_design', 1998, #1274 ) ;
#1786 = CARTESIAN_POINT ( 'NONE',  ( 64.85694791627591371, -18.00000000000000000, 6.885645221843253339 ) ) ;
#1787 = DIRECTION ( 'NONE',  ( -1.000000000000000000, 0.000000000000000000, 0.000000000000000000 ) ) ;
#1788 = CIRCLE ( 'NONE', #3107, 36.00000000000000711 ) ;
#1789 = DIRECTION ( 'NONE',  ( -0.000000000000000000, -0.000000000000000000, -1.000000000000000000 ) ) ;
#1790 = LINE ( 'NONE', #957, #723 ) ;
#1791 = EDGE_CURVE ( 'NONE', #2044, #3669, #324, .T. ) ;
#1792 = CIRCLE ( 'NONE', #3221, 30.00000000000000000 ) ;
#1793 = VECTOR ( 'NONE', #1207, 1000.000000000000000 ) ;
#1794 = DIRECTION ( 'NONE',  ( 1.000000000000000000, 0.000000000000000000, 0.000000000000000000 ) ) ;
#1795 = ORIENTED_EDGE ( 'NONE', *, *, #2996, .T. ) ;
#1796 = VECTOR ( 'NONE', #2241, 1000.000000000000000 ) ;
#1797 = CARTESIAN_POINT ( 'NONE',  ( -2.484005087890448049, -22.36248496060178326, 7.825994244857356286 ) ) ;
#1798 = DIRECTION ( 'NONE',  ( 0.000000000000000000, -1.000000000000000000, 0.000000000000000000 ) ) ;
#1799 = DIRECTION ( 'NONE',  ( 0.000000000000000000, 0.000000000000000000, 1.000000000000000000 ) ) ;
#1800 = PRODUCT ( 'COLLAR', 'COLLAR', '', ( #970 ) ) ;
#1801 = CARTESIAN_POINT ( 'NONE',  ( 1.525160309649644885, -22.44865856102721935, 5.512440345243740047 ) ) ;
#1802 = EDGE_CURVE ( 'NONE', #512, #1464, #2865, .T. ) ;
#1803 = CARTESIAN_POINT ( 'NONE',  ( -74.99999999999998579, 3.469446951953614189E-15, -1.499999999999997780 ) ) ;
#1804 = ORIENTED_EDGE ( 'NONE', *, *, #2836, .F. ) ;
#1805 = CARTESIAN_POINT ( 'NONE',  ( 64.00000000000000000, -18.00000000000000355, 3.105030340505861464 ) ) ;
#1806 = AXIS2_PLACEMENT_3D ( 'NONE', #2429, #1546, #954 ) ;
#1807 = VERTEX_POINT ( 'NONE', #1969 ) ;
#1808 = AXIS2_PLACEMENT_3D ( 'NONE', #3319, #1355, #1111 ) ;
#1809 = LINE ( 'NONE', #3525, #2558 ) ;
#1810 = CARTESIAN_POINT ( 'NONE',  ( 33.94112549695428527, -23.00000000000000000, 36.00000000000000000 ) ) ;
#1811 = CARTESIAN_POINT ( 'NONE',  ( 1.253123355174248221, 14.94819114751942379, 5.330539285219242807 ) ) ;
#1812 = DIRECTION ( 'NONE',  ( -0.000000000000000000, 0.000000000000000000, -1.000000000000000000 ) ) ;
#1813 = VERTEX_POINT ( 'NONE', #1432 ) ;
#1814 = CARTESIAN_POINT ( 'NONE',  ( -2.500122482609969499, -22.36066608102965603, 7.663364563843106048 ) ) ;
#1815 = EDGE_CURVE ( 'NONE', #562, #370, #1721, .T. ) ;
#1816 = CARTESIAN_POINT ( 'NONE',  ( 80.00000000000001421, 0.000000000000000000, 16.50000000000000000 ) ) ;
#1817 = CARTESIAN_POINT ( 'NONE',  ( 68.06117621728692768, 6.339925917293411928, 36.00000000000000711 ) ) ;
#1818 = CARTESIAN_POINT ( 'NONE',  ( -36.32748946347174268, 18.42857142857143771, 34.50000000000000000 ) ) ;
#1819 = VERTEX_POINT ( 'NONE', #2299 ) ;
#1820 = CARTESIAN_POINT ( 'NONE',  ( 0.000000000000000000, 0.000000000000000000, 15.00000000000000000 ) ) ;
#1821 = LINE ( 'NONE', #2647, #1103 ) ;
#1822 = ORIENTED_EDGE ( 'NONE', *, *, #2767, .T. ) ;
#1823 = CARTESIAN_POINT ( 'NONE',  ( 20.00000000000001421, 0.000000000000000000, 16.50000000000000000 ) ) ;
#1824 = CARTESIAN_POINT ( 'NONE',  ( 29.80196385098425083, -20.19512195121950882, 36.00000000000000000 ) ) ;
#1825 = DIRECTION ( 'NONE',  ( 1.000000000000000000, 0.000000000000000000, 0.000000000000000000 ) ) ;
#1826 = ORIENTED_EDGE ( 'NONE', *, *, #3502, .F. ) ;
#1827 = CARTESIAN_POINT ( 'NONE',  ( -2.419751853590261792, -22.36952905836797711, 6.850885364476155814 ) ) ;
#1828 = CARTESIAN_POINT ( 'NONE',  ( 60.00000000000001421, 9.420721840708381478, 0.000000000000000000 ) ) ;
#1829 = CARTESIAN_POINT ( 'NONE',  ( 67.47327507499018395, -18.00000000000000000, 24.78172129724854855 ) ) ;
#1830 = CARTESIAN_POINT ( 'NONE',  ( 109.0000000000000000, 1.836970198721029589E-15, 2.999999999999999112 ) ) ;
#1831 = ADVANCED_FACE ( 'NONE', ( #3675 ), #2313, .T. ) ;
#1832 = EDGE_CURVE ( 'NONE', #1853, #1451, #3595, .T. ) ;
#1833 = CARTESIAN_POINT ( 'NONE',  ( 0.000000000000000000, 22.50000000000000000, 7.500000000000000000 ) ) ;
#1834 = EDGE_LOOP ( 'NONE', ( #3576, #242, #3608, #3597 ) ) ;
#1835 = ITEM_DEFINED_TRANSFORMATION ( 'NONE', 'NONE', #3231,  #669 ) ;
#1836 = CARTESIAN_POINT ( 'NONE',  ( -32.38207104071703668, 16.50000000000000355, -0.1997954018903020657 ) ) ;
#1837 = PRESENTATION_LAYER_ASSIGNMENT (  '', '', ( #1446 ) ) ;
#1838 = EDGE_CURVE ( 'NONE', #3141, #1102, #510, .T. ) ;
#1839 = DIRECTION ( 'NONE',  ( 9.130123557772672032E-17, 1.000000000000000000, 0.000000000000000000 ) ) ;
#1840 = ORIENTED_EDGE ( 'NONE', *, *, #3248, .T. ) ;
#1841 = CARTESIAN_POINT ( 'NONE',  ( 0.000000000000000000, 0.000000000000000000, 36.00000000000000000 ) ) ;
#1842 = FACE_OUTER_BOUND ( 'NONE', #935, .T. ) ;
#1843 = AXIS2_PLACEMENT_3D ( 'NONE', #582, #2588, #34 ) ;
#1844 = CYLINDRICAL_SURFACE ( 'NONE', #848, 18.00000000000000000 ) ;
#1845 = ORIENTED_EDGE ( 'NONE', *, *, #2118, .T. ) ;
#1846 = VECTOR ( 'NONE', #1476, 1000.000000000000000 ) ;
#1847 = CARTESIAN_POINT ( 'NONE',  ( -1.653861145915854314, -22.43943138431524176, 9.381831636382669259 ) ) ;
#1848 = STYLED_ITEM ( 'NONE', ( #3493 ), #3444 ) ;
#1849 = CYLINDRICAL_SURFACE ( 'NONE', #532, 15.00000000000000000 ) ;
#1850 = DIRECTION ( 'NONE',  ( 0.000000000000000000, 0.000000000000000000, 1.000000000000000000 ) ) ;
#1851 = CARTESIAN_POINT ( 'NONE',  ( -1.524378372984060759, 22.44871474374406262, 9.488203918786917157 ) ) ;
#1852 = ORIENTED_EDGE ( 'NONE', *, *, #2042, .T. ) ;
#1853 = VERTEX_POINT ( 'NONE', #1699 ) ;
#1854 = EDGE_CURVE ( 'NONE', #1259, #218, #3395, .T. ) ;
#1855 = CARTESIAN_POINT ( 'NONE',  ( 18.52635488512606798, -16.50000000000000000, 26.35549056551066016 ) ) ;
#1856 = DIRECTION ( 'NONE',  ( 1.000000000000000000, 0.000000000000000000, 0.000000000000000000 ) ) ;
#1857 = PRODUCT_DEFINITION_FORMATION_WITH_SPECIFIED_SOURCE ( 'ANY', '', #1800, .NOT_KNOWN. ) ;
#1858 = VERTEX_POINT ( 'NONE', #570 ) ;
#1859 = CARTESIAN_POINT ( 'NONE',  ( 0.000000000000000000, 0.000000000000000000, 0.000000000000000000 ) ) ;
#1860 = DIRECTION ( 'NONE',  ( -1.000000000000000000, 0.000000000000000000, 0.000000000000000000 ) ) ;
#1861 = AXIS2_PLACEMENT_3D ( 'NONE', #2061, #606, #22 ) ;
#1862 = EDGE_CURVE ( 'NONE', #3059, #1807, #571, .T. ) ;
#1863 = CARTESIAN_POINT ( 'NONE',  ( 65.43360279031119831, 9.783788400206050895, -0.000000000000000000 ) ) ;
#1864 = CARTESIAN_POINT ( 'NONE',  ( 117.0000000000000000, 0.000000000000000000, 15.00000000000000000 ) ) ;
#1865 = ORIENTED_EDGE ( 'NONE', *, *, #2846, .T. ) ;
#1866 = PRODUCT_RELATED_PRODUCT_CATEGORY ( 'part', '', ( #3528 ) ) ;
#1867 = CARTESIAN_POINT ( 'NONE',  ( -74.99999999999998579, 3.469446951953614189E-15, 34.50000000000000000 ) ) ;
#1868 = CARTESIAN_POINT ( 'NONE',  ( -12.94887325394576827, 38.05537502797230331, -0.000000000000000000 ) ) ;
#1869 = CARTESIAN_POINT ( 'NONE',  ( -1.988035508293918285, 22.41218355300405207, 5.975458105384832130 ) ) ;
#1870 = VERTEX_POINT ( 'NONE', #2592 ) ;
#1871 = CARTESIAN_POINT ( 'NONE',  ( 18.69419341740220375, -16.50000000000000000, 26.25953600849801717 ) ) ;
#1872 = CARTESIAN_POINT ( 'NONE',  ( 15.27713589768235813, 16.50000000000000355, 1.527244138147590302 ) ) ;
#1873 = CARTESIAN_POINT ( 'NONE',  ( -30.76401441961830940, -16.49999999999999645, 33.00000000000000000 ) ) ;
#1874 = ORIENTED_EDGE ( 'NONE', *, *, #3304, .T. ) ;
#1875 = FACE_OUTER_BOUND ( 'NONE', #2851, .T. ) ;
#1876 = ADVANCED_FACE ( 'NONE', ( #1989 ), #154, .F. ) ;
#1877 = CARTESIAN_POINT ( 'NONE',  ( 68.51385917503392875, 6.151936583338119213, 0.000000000000000000 ) ) ;
#1878 = LINE ( 'NONE', #3038, #1553 ) ;
#1879 = ORIENTED_EDGE ( 'NONE', *, *, #2846, .F. ) ;
#1880 = CARTESIAN_POINT ( 'NONE',  ( 2.484005087890447605, 22.36248496060178326, 7.825994244857358062 ) ) ;
#1881 = CARTESIAN_POINT ( 'NONE',  ( 69.00000000000000000, -6.082762530298221115, 36.00000000000000000 ) ) ;
#1882 = CARTESIAN_POINT ( 'NONE',  ( -22.50000000000000355, 0.000000000000000000, 15.00000000000000000 ) ) ;
#1883 = CARTESIAN_POINT ( 'NONE',  ( -0.6496550585737074224, 22.49119073388349221, 5.080356980301264258 ) ) ;
#1884 = ORIENTED_EDGE ( 'NONE', *, *, #939, .T. ) ;
#1885 = VERTEX_POINT ( 'NONE', #605 ) ;
#1886 = CARTESIAN_POINT ( 'NONE',  ( 16.06199436754745946, 16.50000000000001066, 3.711061987360973369 ) ) ;
#1887 = CARTESIAN_POINT ( 'NONE',  ( 129.0000000000000000, 0.000000000000000000, 18.00000000000000000 ) ) ;
#1888 = ORIENTED_EDGE ( 'NONE', *, *, #978, .F. ) ;
#1889 = CARTESIAN_POINT ( 'NONE',  ( -11.80754966226163560, 8.132130769126888481, 19.03832734294109841 ) ) ;
#1890 = CARTESIAN_POINT ( 'NONE',  ( 33.94112549695428527, 23.00000000000000000, 36.00000000000000000 ) ) ;
#1891 = CYLINDRICAL_SURFACE ( 'NONE', #2578, 2.999999999999988898 ) ;
#1892 = AXIS2_PLACEMENT_3D ( 'NONE', #2473, #809, #825 ) ;
#1893 = EDGE_CURVE ( 'NONE', #3332, #2452, #298, .T. ) ;
#1894 = CARTESIAN_POINT ( 'NONE',  ( 64.00000000000000000, 14.89496965949413898, 0.000000000000000000 ) ) ;
#1895 = CARTESIAN_POINT ( 'NONE',  ( 99.00000000000000000, 3.673940397442050500E-16, -22.50000000000000355 ) ) ;
#1896 = ORIENTED_EDGE ( 'NONE', *, *, #989, .T. ) ;
#1897 = DIRECTION ( 'NONE',  ( -0.000000000000000000, 1.000000000000000000, -0.000000000000000000 ) ) ;
#1898 = CARTESIAN_POINT ( 'NONE',  ( -38.00000000000000000, -39.99999999999999289, 18.00000000000000000 ) ) ;
#1899 = VECTOR ( 'NONE', #2449, 1000.000000000000000 ) ;
#1900 = CARTESIAN_POINT ( 'NONE',  ( -32.38207104071703668, -16.49999999999999645, -0.1997954018903020657 ) ) ;
#1901 = CARTESIAN_POINT ( 'NONE',  ( -1.652908690463403385, 22.43950196344935222, 9.382670830133864825 ) ) ;
#1902 = STYLED_ITEM ( 'NONE', ( #2288 ), #3303 ) ;
#1903 = ORIENTED_EDGE ( 'NONE', *, *, #1382, .T. ) ;
#1904 = ORIENTED_EDGE ( 'NONE', *, *, #1220, .T. ) ;
#1905 = ADVANCED_FACE ( 'NONE', ( #339 ), #3436, .F. ) ;
#1906 = CARTESIAN_POINT ( 'NONE',  ( 16.06199436754747012, -16.50000000000000711, 29.28893801263903640 ) ) ;
#1907 = CARTESIAN_POINT ( 'NONE',  ( 65.99969206057232896, 18.00000000000000000, 9.286126402282750547 ) ) ;
#1908 = DIRECTION ( 'NONE',  ( 0.000000000000000000, 0.000000000000000000, -1.000000000000000000 ) ) ;
#1909 = ORIENTED_EDGE ( 'NONE', *, *, #290, .F. ) ;
#1910 = DIRECTION ( 'NONE',  ( 0.000000000000000000, 0.000000000000000000, 1.000000000000000000 ) ) ;
#1911 = CARTESIAN_POINT ( 'NONE',  ( 101.0331536246689552, 2.846750811469075604, -14.72758966697809235 ) ) ;
#1912 = CLOSED_SHELL ( 'NONE', ( #158, #1398, #1284, #1230, #2336, #2945, #3184, #2861, #877, #753 ) ) ;
#1913 = CARTESIAN_POINT ( 'NONE',  ( 0.6502307359281097598, -14.98676051605198545, 5.080497712258594589 ) ) ;
#1914 = AXIS2_PLACEMENT_3D ( 'NONE', #2795, #831, #3018 ) ;
#1915 = VECTOR ( 'NONE', #1582, 1000.000000000000000 ) ;
#1916 = CARTESIAN_POINT ( 'NONE',  ( 68.39920891457094854, -6.191155789761899619, 0.000000000000000000 ) ) ;
#1917 = CARTESIAN_POINT ( 'NONE',  ( 0.000000000000000000, 0.000000000000000000, 15.00000000000000000 ) ) ;
#1918 = CIRCLE ( 'NONE', #800, 19.00000000000000000 ) ;
#1919 = EDGE_CURVE ( 'NONE', #353, #1597, #1936, .T. ) ;
#1920 = ORIENTED_EDGE ( 'NONE', *, *, #794, .F. ) ;
#1921 = PLANE ( 'NONE',  #2752 ) ;
#1922 = CARTESIAN_POINT ( 'NONE',  ( -32.38207104071703668, -16.49999999999999645, 33.19979540189030587 ) ) ;
#1923 = CARTESIAN_POINT ( 'NONE',  ( 64.00000000000000000, -18.00000000000000000, 0.000000000000000000 ) ) ;
#1924 = CARTESIAN_POINT ( 'NONE',  ( 66.52377760053012423, 7.891555651388077131, 36.00000000000002132 ) ) ;
#1925 = VERTEX_POINT ( 'NONE', #3503 ) ;
#1926 = EDGE_CURVE ( 'NONE', #1174, #2007, #3194, .T. ) ;
#1927 = ORIENTED_EDGE ( 'NONE', *, *, #2644, .F. ) ;
#1928 = VECTOR ( 'NONE', #1750, 1000.000000000000000 ) ;
#1929 = CARTESIAN_POINT ( 'NONE',  ( 16.08002840429641722, 12.80552923736872195, -0.000000000000000000 ) ) ;
#1930 = CARTESIAN_POINT ( 'NONE',  ( -59.99999999999998579, 3.469446951953614189E-15, 34.50000000000000000 ) ) ;
#1931 = CARTESIAN_POINT ( 'NONE',  ( -13.99999999999999822, -18.00000000000000000, 0.000000000000000000 ) ) ;
#1932 = CARTESIAN_POINT ( 'NONE',  ( -13.99999999999999112, 39.99999999999999289, 0.000000000000000000 ) ) ;
#1933 = VERTEX_POINT ( 'NONE', #1836 ) ;
#1934 = CARTESIAN_POINT ( 'NONE',  ( 102.9695544956047542, 2.845718870903275466, -14.72778625433717536 ) ) ;
#1935 = CARTESIAN_POINT ( 'NONE',  ( 1.109695397967908503, -14.95966471396675068, 9.746201077065782314 ) ) ;
#1936 = CIRCLE ( 'NONE', #642, 30.00000000000000000 ) ;
#1937 = EDGE_LOOP ( 'NONE', ( #1133, #2348, #778, #2386 ) ) ;
#1938 = CYLINDRICAL_SURFACE ( 'NONE', #975, 19.00000000000000000 ) ;
#1939 = CARTESIAN_POINT ( 'NONE',  ( -34.38595162826361218, -16.91540589563320651, -0.9080508107356878300 ) ) ;
#1940 = CARTESIAN_POINT ( 'NONE',  ( -1.525710711026226907, -14.92283296000866422, 5.512769574880648449 ) ) ;
#1941 = ORIENTED_EDGE ( 'NONE', *, *, #2890, .F. ) ;
#1942 = VERTEX_POINT ( 'NONE', #2676 ) ;
#1943 = CARTESIAN_POINT ( 'NONE',  ( 33.94112549695428527, -23.00000000000000000, 0.000000000000000000 ) ) ;
#1944 = CARTESIAN_POINT ( 'NONE',  ( 99.30355273388472881, 1.329429835634724943, 14.94206868144916101 ) ) ;
#1945 = CARTESIAN_POINT ( 'NONE',  ( -22.50000000000000355, 0.000000000000000000, 15.00000000000000000 ) ) ;
#1946 = EDGE_CURVE ( 'NONE', #31, #3141, #143, .T. ) ;
#1947 = EDGE_CURVE ( 'NONE', #1764, #2617, #942, .T. ) ;
#1948 = CARTESIAN_POINT ( 'NONE',  ( -34.88210381911036251, 17.15417169137709763, -1.114632802882256524 ) ) ;
#1949 = EDGE_LOOP ( 'NONE', ( #2409, #1601, #3317, #2244 ) ) ;
#1950 = CARTESIAN_POINT ( 'NONE',  ( 100.4944406096005594, 2.602186852225955693, -14.77297291042385474 ) ) ;
#1951 = CARTESIAN_POINT ( 'NONE',  ( 0.1633121688396648730, -14.99999999999999822, 5.000000000000006217 ) ) ;
#1952 = VECTOR ( 'NONE', #1067, 1000.000000000000000 ) ;
#1953 = CARTESIAN_POINT ( 'NONE',  ( 66.81574967747837945, -7.500343720387308899, 0.000000000000000000 ) ) ;
#1954 = SHAPE_REPRESENTATION_RELATIONSHIP ( 'NONE' , 'NONE' ,  #2893, #2415 ) ;
#1955 = VERTEX_POINT ( 'NONE', #1267 ) ;
#1956 = CARTESIAN_POINT ( 'NONE',  ( 64.00000000000000000, 18.00000000000000000, 0.000000000000000000 ) ) ;
#1957 = CARTESIAN_POINT ( 'NONE',  ( 15.00000000000001421, -9.420721840708381478, 33.00000000000000000 ) ) ;
#1958 = CARTESIAN_POINT ( 'NONE',  ( -13.80661224388246744, -39.39191821056250120, 36.00000000000000000 ) ) ;
#1959 = UNCERTAINTY_MEASURE_WITH_UNIT (LENGTH_MEASURE( 1.000000000000000082E-05 ), #1661, 'distance_accuracy_value', 'NONE');
#1960 = ORIENTED_EDGE ( 'NONE', *, *, #1255, .F. ) ;
#1961 = EDGE_LOOP ( 'NONE', ( #1281, #332 ) ) ;
#1962 = VECTOR ( 'NONE', #3062, 1000.000000000000000 ) ;
#1963 = CARTESIAN_POINT ( 'NONE',  ( 80.00000000000001421, 0.000000000000000000, 31.50000000000000000 ) ) ;
#1964 = CARTESIAN_POINT ( 'NONE',  ( 15.04448374036658720, -16.49999999999999645, 0.000000000000000000 ) ) ;
#1965 = CYLINDRICAL_SURFACE ( 'NONE', #1021, 22.50000000000000355 ) ;
#1966 = AXIS2_PLACEMENT_3D ( 'NONE', #860, #1393, #3127 ) ;
#1967 = DIRECTION ( 'NONE',  ( 1.000000000000000000, 0.000000000000000000, 0.000000000000000000 ) ) ;
#1968 = ORIENTED_EDGE ( 'NONE', *, *, #1151, .F. ) ;
#1969 = CARTESIAN_POINT ( 'NONE',  ( 69.00000000000000000, 18.00000000000000000, 11.91723746970177800 ) ) ;
#1970 = CARTESIAN_POINT ( 'NONE',  ( 3.469446951953614189E-15, 2.391363033846757061E-16, 1.952696104306741454 ) ) ;
#1971 = AXIS2_PLACEMENT_3D ( 'NONE', #816, #852, #2854 ) ;
#1972 = EDGE_CURVE ( 'NONE', #126, #1636, #3009, .T. ) ;
#1973 = CARTESIAN_POINT ( 'NONE',  ( -2.500061860768660882, 14.79018900137144676, 7.337572163903804956 ) ) ;
#1974 = AXIS2_PLACEMENT_3D ( 'NONE', #1726, #2852, #2540 ) ;
#1975 = EDGE_LOOP ( 'NONE', ( #1795, #3246, #3072, #1172, #2332 ) ) ;
#1976 = EDGE_CURVE ( 'NONE', #2452, #653, #108, .T. ) ;
#1977 = AXIS2_PLACEMENT_3D ( 'NONE', #1859, #451, #2491 ) ;
#1978 = CARTESIAN_POINT ( 'NONE',  ( 17.34740167017296031, 10.85971482514941755, 33.00000000000000711 ) ) ;
#1979 = CARTESIAN_POINT ( 'NONE',  ( -32.38207104071703668, -16.49999999999999645, -0.1997954018903020657 ) ) ;
#1980 = CARTESIAN_POINT ( 'NONE',  ( -2.170470525850513255, -14.84242050107707200, 8.751309649962625059 ) ) ;
#1981 = AXIS2_PLACEMENT_3D ( 'NONE', #2346, #2934, #2073 ) ;
#1982 = ORIENTED_EDGE ( 'NONE', *, *, #207, .T. ) ;
#1983 = CARTESIAN_POINT ( 'NONE',  ( 100.1695907731081547, -2.384901806420105963, -14.80960412459478803 ) ) ;
#1984 = LINE ( 'NONE', #2506, #3298 ) ;
#1985 = CARTESIAN_POINT ( 'NONE',  ( 102.3916659728356535, 2.980772781685848916, 14.70090156610972087 ) ) ;
#1986 = DIRECTION ( 'NONE',  ( 0.000000000000000000, 0.000000000000000000, -1.000000000000000000 ) ) ;
#1987 = CARTESIAN_POINT ( 'NONE',  ( 18.19227926385213223, -10.06651483236236899, 33.00000000000000000 ) ) ;
#1988 = EDGE_LOOP ( 'NONE', ( #3158, #1080, #1584, #3632 ) ) ;
#1989 = FACE_OUTER_BOUND ( 'NONE', #388, .T. ) ;
#1990 = DIRECTION ( 'NONE',  ( 1.000000000000000000, 0.000000000000000000, 0.000000000000000000 ) ) ;
#1991 = EDGE_CURVE ( 'NONE', #1028, #777, #3174, .T. ) ;
#1992 = CARTESIAN_POINT ( 'NONE',  ( 15.62951221265446478, 16.50000000000000711, 30.37507317354758385 ) ) ;
#1993 = CARTESIAN_POINT ( 'NONE',  ( -2.419750678152268186, 14.80357585234894024, 6.850716735763222154 ) ) ;
#1994 = ADVANCED_FACE ( 'NONE', ( #654 ), #3260, .F. ) ;
#1995 = B_SPLINE_CURVE_WITH_KNOTS ( 'NONE', 3,
 ( #2932, #948, #65, #2344, #3255, #2896, #3497, #1829, #2071, #2038, #3214, #102, #966, #2948, #1539, #2670, #120, #1262, #2383, #3535, #987, #2109, #1610, #193 ),
 .UNSPECIFIED., .F., .F.,
 ( 4, 2, 2, 2, 2, 2, 2, 2, 2, 2, 2, 4 ),
 ( 0.000000000000000000, 0.0003655695600652729632, 0.0007311391201305459265, 0.001462278240261125680, 0.002193417360391705217, 0.002924556480522285187, 0.003655695600652864724, 0.004386834720783444261, 0.005849112961044604202, 0.007311391201305763275, 0.008773669441566921481, 0.01169822592208923095 ),
 .UNSPECIFIED. ) ;
#1996 = ORIENTED_EDGE ( 'NONE', *, *, #3659, .T. ) ;
#1997 = CARTESIAN_POINT ( 'NONE',  ( 18.20291866523172430, 10.07204150908459184, 33.00000000000000711 ) ) ;
#1998 = CARTESIAN_POINT ( 'NONE',  ( -9.682363386901148061, 36.17671996737182383, -0.000000000000000000 ) ) ;
#1999 = CARTESIAN_POINT ( 'NONE',  ( -13.34427151587270011, -38.55598815473187102, 36.00000000000000000 ) ) ;
#2000 = ORIENTED_EDGE ( 'NONE', *, *, #44, .F. ) ;
#2001 = ORIENTED_EDGE ( 'NONE', *, *, #2989, .F. ) ;
#2002 = CARTESIAN_POINT ( 'NONE',  ( 0.000000000000000000, 0.000000000000000000, 0.000000000000000000 ) ) ;
#2003 = DIRECTION ( 'NONE',  ( -1.000000000000000000, -0.000000000000000000, -0.000000000000000000 ) ) ;
#2004 = CARTESIAN_POINT ( 'NONE',  ( 109.0000000000000000, -6.082762530298220227, 36.00000000000000000 ) ) ;
#2005 = AXIS2_PLACEMENT_3D ( 'NONE', #2144, #173, #2761 ) ;
#2006 = CARTESIAN_POINT ( 'NONE',  ( 17.34295784624370285, -10.86469429032213796, 32.99999999999999289 ) ) ;
#2007 = VERTEX_POINT ( 'NONE', #971 ) ;
#2008 = PRODUCT_CONTEXT ( 'NONE', #3554, 'mechanical' ) ;
#2009 = CARTESIAN_POINT ( 'NONE',  ( -38.00000000000000000, 64.00000000000001421, 18.00000000000000000 ) ) ;
#2010 = CARTESIAN_POINT ( 'NONE',  ( 15.27730399743549938, 16.50000000000000355, 31.47258452455759681 ) ) ;
#2011 = CARTESIAN_POINT ( 'NONE',  ( 64.87677535249537186, -11.12443166618593082, 0.000000000000000000 ) ) ;
#2012 = ORIENTED_EDGE ( 'NONE', *, *, #1737, .F. ) ;
#2013 = ADVANCED_FACE ( 'NONE', ( #992 ), #2918, .F. ) ;
#2014 = EDGE_CURVE ( 'NONE', #1509, #2550, #1234, .T. ) ;
#2015 = CARTESIAN_POINT ( 'NONE',  ( 20.00000000000001066, 16.50000000000000355, 25.92072184070837793 ) ) ;
#2016 = ORIENTED_EDGE ( 'NONE', *, *, #2657, .F. ) ;
#2017 = EDGE_LOOP ( 'NONE', ( #3165, #2426 ) ) ;
#2018 = DIRECTION ( 'NONE',  ( -0.000000000000000000, -0.000000000000000000, -1.000000000000000000 ) ) ;
#2019 = CARTESIAN_POINT ( 'NONE',  ( 0.1653181471767438127, -22.50000000000000711, 9.999999999999992895 ) ) ;
#2020 = DIRECTION ( 'NONE',  ( 0.000000000000000000, 0.000000000000000000, -1.000000000000000000 ) ) ;
#2021 = VERTEX_POINT ( 'NONE', #3220 ) ;
#2022 = EDGE_CURVE ( 'NONE', #3118, #1451, #673, .T. ) ;
#2023 = APPLICATION_CONTEXT ( 'automotive_design' ) ;
#2024 = CARTESIAN_POINT ( 'NONE',  ( -38.00000000000000000, -36.00000000000000711, 18.00000000000000000 ) ) ;
#2025 = DIRECTION ( 'NONE',  ( 1.000000000000000000, 0.000000000000000000, 0.000000000000000000 ) ) ;
#2026 = VECTOR ( 'NONE', #2029, 1000.000000000000000 ) ;
#2027 = AXIS2_PLACEMENT_3D ( 'NONE', #2356, #3510, #631 ) ;
#2028 = CIRCLE ( 'NONE', #300, 30.00000000000000000 ) ;
#2029 = DIRECTION ( 'NONE',  ( 1.000000000000000000, 0.000000000000000000, 0.000000000000000000 ) ) ;
#2030 = CARTESIAN_POINT ( 'NONE',  ( 64.00000000000000000, 0.000000000000000000, 36.00000000000000000 ) ) ;
#2031 = VECTOR ( 'NONE', #2482, 1000.000000000000000 ) ;
#2032 = CARTESIAN_POINT ( 'NONE',  ( 64.00000000000000000, -15.87450786638754430, 36.00000000000000000 ) ) ;
#2033 = SURFACE_SIDE_STYLE ('',( #2378 ) ) ;
#2034 = AXIS2_PLACEMENT_3D ( 'NONE', #91, #372, #1510 ) ;
#2035 = VERTEX_POINT ( 'NONE', #1250 ) ;
#2036 = CARTESIAN_POINT ( 'NONE',  ( 101.2200455282546585, -2.903436225176301733, -14.71637141896268552 ) ) ;
#2037 = CARTESIAN_POINT ( 'NONE',  ( -22.50000000000000355, 0.000000000000000000, 0.000000000000000000 ) ) ;
#2038 = CARTESIAN_POINT ( 'NONE',  ( 66.96928232778952861, -18.00000000000000355, 25.31139386173382633 ) ) ;
#2039 = CARTESIAN_POINT ( 'NONE',  ( 2.169519357270286886, -22.39534789628978473, 8.753078886457807073 ) ) ;
#2040 = TOROIDAL_SURFACE ( 'NONE', #2390, 24.00000000000000000, 5.000000000000000000 ) ;
#2041 = CIRCLE ( 'NONE', #627, 36.00000000000000711 ) ;
#2042 = EDGE_CURVE ( 'NONE', #3296, #929, #3013, .T. ) ;
#2043 = CARTESIAN_POINT ( 'NONE',  ( 103.3303647449675395, -2.695975047642299671, 14.75593176956806296 ) ) ;
#2044 = VERTEX_POINT ( 'NONE', #1024 ) ;
#2045 = PRODUCT_CONTEXT ( 'NONE', #3635, 'mechanical' ) ;
#2046 = CARTESIAN_POINT ( 'NONE',  ( 64.54882747929491416, -18.00000000000000000, 5.951381719006128890 ) ) ;
#2047 = FACE_OUTER_BOUND ( 'NONE', #1975, .T. ) ;
#2048 = CARTESIAN_POINT ( 'NONE',  ( 19.61145640062515483, 16.50000000000000355, 25.94405924157042165 ) ) ;
#2049 = CARTESIAN_POINT ( 'NONE',  ( 19.04719674936440299, 16.50000000000000355, 6.902224215500421423 ) ) ;
#2050 = B_SPLINE_CURVE_WITH_KNOTS ( 'NONE', 3,
 ( #811, #3396, #3076, #1663, #491, #1935, #3619, #1623, #2756, #2493, #1397, #3113, #208, #550, #787, #515, #3379, #1378, #3599, #1356, #3677, #534, #265, #282, #1339, #1681, #2788, #1415, #1913, #2474, #1951, #3055 ),
 .UNSPECIFIED., .F., .F.,
 ( 4, 2, 2, 2, 2, 2, 2, 2, 2, 2, 2, 2, 2, 2, 2, 4 ),
 ( 0.000000000000000000, 0.0004893630623245290388, 0.0009787261246490580775, 0.001468089186973587116, 0.001957452249298116155, 0.002936178373947175100, 0.003425541436271704356, 0.003914904498596233177, 0.004404267560920761999, 0.004893630623245291689, 0.005382993685569820511, 0.005872356747894349333, 0.006361719810218878154, 0.006851082872543407844, 0.007340445934867936666, 0.007829808997192464620 ),
 .UNSPECIFIED. ) ;
#2051 = CARTESIAN_POINT ( 'NONE',  ( 0.6517788203636485367, 14.98670335942011000, 9.919151193145349765 ) ) ;
#2052 = ORIENTED_EDGE ( 'NONE', *, *, #1976, .T. ) ;
#2053 = ORIENTED_EDGE ( 'NONE', *, *, #548, .T. ) ;
#2054 = DIRECTION ( 'NONE',  ( 9.130123557772672032E-17, 1.000000000000000000, 0.000000000000000000 ) ) ;
#2055 = LINE ( 'NONE', #385, #3398 ) ;
#2056 = DIRECTION ( 'NONE',  ( 0.000000000000000000, -1.000000000000000000, -0.000000000000000000 ) ) ;
#2057 = CARTESIAN_POINT ( 'NONE',  ( 2.204364238465235822E-15, 36.00000000000000711, 0.000000000000000000 ) ) ;
#2058 = ORIENTED_EDGE ( 'NONE', *, *, #506, .F. ) ;
#2059 = EDGE_CURVE ( 'NONE', #3270, #759, #3333, .T. ) ;
#2060 = DIRECTION ( 'NONE',  ( -0.000000000000000000, -0.000000000000000000, 1.000000000000000000 ) ) ;
#2061 = CARTESIAN_POINT ( 'NONE',  ( -59.99999999999998579, 3.469446951953614189E-15, -1.499999999999997780 ) ) ;
#2062 = EDGE_CURVE ( 'NONE', #2185, #2094, #922, .T. ) ;
#2063 = DIRECTION ( 'NONE',  ( 0.000000000000000000, 0.000000000000000000, -1.000000000000000000 ) ) ;
#2064 = CARTESIAN_POINT ( 'NONE',  ( 16.65162764274284157, 16.50000000000000711, 4.712296238781507718 ) ) ;
#2065 = CARTESIAN_POINT ( 'NONE',  ( -9.369529640830577932, 36.08850750126178752, 36.00000000000000000 ) ) ;
#2066 = FACE_BOUND ( 'NONE', #2017, .T. ) ;
#2067 = AXIS2_PLACEMENT_3D ( 'NONE', #1618, #1600, #763 ) ;
#2068 = ORIENTED_EDGE ( 'NONE', *, *, #2523, .F. ) ;
#2069 = CARTESIAN_POINT ( 'NONE',  ( 104.6195805005602608, -1.513435499803668538, -14.92784089476224985 ) ) ;
#2070 = DIRECTION ( 'NONE',  ( -1.000000000000000000, 0.000000000000000000, -0.000000000000000000 ) ) ;
#2071 = CARTESIAN_POINT ( 'NONE',  ( 67.29786469249451386, -17.99999999999999645, 24.95247218128089983 ) ) ;
#2072 = CYLINDRICAL_SURFACE ( 'NONE', #1309, 30.00000000000000000 ) ;
#2073 = DIRECTION ( 'NONE',  ( 0.000000000000000000, 0.000000000000000000, -1.000000000000000000 ) ) ;
#2074 = ORIENTED_EDGE ( 'NONE', *, *, #712, .T. ) ;
#2075 = ORIENTED_EDGE ( 'NONE', *, *, #2544, .T. ) ;
#2076 = CARTESIAN_POINT ( 'NONE',  ( 66.11493397261637028, -18.00000000000000000, 9.493329222914987042 ) ) ;
#2077 = CARTESIAN_POINT ( 'NONE',  ( -10.28454189333666946, -36.34765219909887435, -0.000000000000000000 ) ) ;
#2078 = ORIENTED_EDGE ( 'NONE', *, *, #93, .F. ) ;
#2079 = AXIS2_PLACEMENT_3D ( 'NONE', #688, #2639, #2620 ) ;
#2080 = FACE_OUTER_BOUND ( 'NONE', #325, .T. ) ;
#2081 = DIRECTION ( 'NONE',  ( 0.000000000000000000, 0.000000000000000000, -1.000000000000000000 ) ) ;
#2082 = AXIS2_PLACEMENT_3D ( 'NONE', #1163, #3432, #3390 ) ;
#2083 = CARTESIAN_POINT ( 'NONE',  ( 1.525710711026226907, 14.92283296000866422, 5.512769574880648449 ) ) ;
#2084 = CARTESIAN_POINT ( 'NONE',  ( -59.99999999999998579, 3.469446951953614189E-15, 34.50000000000000000 ) ) ;
#2085 = ORIENTED_EDGE ( 'NONE', *, *, #1815, .T. ) ;
#2086 = VECTOR ( 'NONE', #1099, 1000.000000000000000 ) ;
#2087 = DIRECTION ( 'NONE',  ( 1.000000000000000000, 0.000000000000000000, 0.000000000000000000 ) ) ;
#2088 = PLANE ( 'NONE',  #3178 ) ;
#2089 = CARTESIAN_POINT ( 'NONE',  ( 19.23632283011422572, -16.49999999999999289, 6.968648297260856772 ) ) ;
#2090 = PRODUCT_DEFINITION_SHAPE ( 'NONE', 'NONE',  #3691 ) ;
#2091 = FACE_OUTER_BOUND ( 'NONE', #1834, .T. ) ;
#2092 = DIRECTION ( 'NONE',  ( 1.000000000000000000, -0.000000000000000000, -0.000000000000000000 ) ) ;
#2093 = AXIS2_PLACEMENT_3D ( 'NONE', #1649, #2776, #230 ) ;
#2094 = VERTEX_POINT ( 'NONE', #3027 ) ;
#2095 = SHAPE_DEFINITION_REPRESENTATION ( #2834, #231 ) ;
#2096 = CARTESIAN_POINT ( 'NONE',  ( 20.00000000000001421, -16.49999999999999645, 25.92072184070838858 ) ) ;
#2097 = CIRCLE ( 'NONE', #2872, 22.50000000000000355 ) ;
#2098 = CARTESIAN_POINT ( 'NONE',  ( -11.45083273342329200, -36.86419244732717715, 0.000000000000000000 ) ) ;
#2099 = ORIENTED_EDGE ( 'NONE', *, *, #769, .T. ) ;
#2100 = CARTESIAN_POINT ( 'NONE',  ( -36.32748946347174268, 18.42857142857143771, -1.499999999999997780 ) ) ;
#2101 = AXIS2_PLACEMENT_3D ( 'NONE', #384, #3496, #2381 ) ;
#2102 = EDGE_CURVE ( 'NONE', #415, #1189, #2199, .T. ) ;
#2103 = CARTESIAN_POINT ( 'NONE',  ( 66.37177079738209784, 8.096143511231073120, 0.000000000000000000 ) ) ;
#2104 = CARTESIAN_POINT ( 'NONE',  ( 3.061616751541196794E-16, -22.50000000000000355, 5.000000000000007994 ) ) ;
#2105 = VERTEX_POINT ( 'NONE', #2766 ) ;
#2106 = CARTESIAN_POINT ( 'NONE',  ( -38.00000000000000000, -39.99999999999999289, 18.00000000000000000 ) ) ;
#2107 = FACE_OUTER_BOUND ( 'NONE', #1120, .T. ) ;
#2108 = ADVANCED_FACE ( 'NONE', ( #464 ), #508, .T. ) ;
#2109 = CARTESIAN_POINT ( 'NONE',  ( 64.12222041439449072, -18.00000000000000000, 31.93655327846103731 ) ) ;
#2110 = CARTESIAN_POINT ( 'NONE',  ( 60.00000000000001421, -16.49999999999999645, 0.000000000000000000 ) ) ;
#2111 = CARTESIAN_POINT ( 'NONE',  ( -32.38207104071703668, 16.50000000000000355, 33.19979540189030587 ) ) ;
#2112 = VERTEX_POINT ( 'NONE', #1349 ) ;
#2113 = DIRECTION ( 'NONE',  ( -0.000000000000000000, -0.000000000000000000, -1.000000000000000000 ) ) ;
#2114 = ADVANCED_FACE ( 'NONE', ( #3297 ), #3048, .T. ) ;
#2115 = CARTESIAN_POINT ( 'NONE',  ( 64.00000000000000000, 0.000000000000000000, 0.000000000000000000 ) ) ;
#2116 = ORIENTED_EDGE ( 'NONE', *, *, #2956, .F. ) ;
#2117 = DIRECTION ( 'NONE',  ( -0.000000000000000000, -0.000000000000000000, -1.000000000000000000 ) ) ;
#2118 = EDGE_CURVE ( 'NONE', #562, #1509, #2486, .T. ) ;
#2119 = LINE ( 'NONE', #2757, #660 ) ;
#2120 = CARTESIAN_POINT ( 'NONE',  ( 15.00000000000000000, 0.000000000000000000, 0.000000000000000000 ) ) ;
#2121 = ORIENTED_EDGE ( 'NONE', *, *, #1360, .F. ) ;
#2122 = EDGE_CURVE ( 'NONE', #134, #2780, #1615, .T. ) ;
#2123 = CARTESIAN_POINT ( 'NONE',  ( 15.00000000000001421, 0.000000000000000000, 16.50000000000000000 ) ) ;
#2124 = CARTESIAN_POINT ( 'NONE',  ( 104.9999999999999858, 0.000000000000000000, -22.50000000000000355 ) ) ;
#2125 = DIRECTION ( 'NONE',  ( -0.000000000000000000, -0.000000000000000000, -1.000000000000000000 ) ) ;
#2126 = CARTESIAN_POINT ( 'NONE',  ( 2.372610402600810353, -22.37464391185578449, 6.695278426859428755 ) ) ;
#2127 = CARTESIAN_POINT ( 'NONE',  ( 3.469446951953614189E-15, 0.000000000000000000, 0.000000000000000000 ) ) ;
#2128 = VECTOR ( 'NONE', #511, 1000.000000000000000 ) ;
#2129 = ORIENTED_EDGE ( 'NONE', *, *, #1249, .F. ) ;
#2130 = ORIENTED_EDGE ( 'NONE', *, *, #556, .F. ) ;
#2131 = FILL_AREA_STYLE ('',( #2448 ) ) ;
#2132 = DIRECTION ( 'NONE',  ( 1.000000000000000000, 0.000000000000000000, 0.000000000000000000 ) ) ;
#2133 = EDGE_CURVE ( 'NONE', #1464, #2485, #3420, .T. ) ;
#2134 = ORIENTED_EDGE ( 'NONE', *, *, #783, .T. ) ;
#2135 = CARTESIAN_POINT ( 'NONE',  ( -38.00000000000000000, -41.00000000000000000, 18.00000000000000000 ) ) ;
#2136 = PRODUCT_DEFINITION ( 'UNKNOWN', '', #973, #2845 ) ;
#2137 = CARTESIAN_POINT ( 'NONE',  ( -11.45083273342328667, 36.86419244732717715, 36.00000000000000000 ) ) ;
#2138 = AXIS2_PLACEMENT_3D ( 'NONE', #3634, #2150, #1083 ) ;
#2139 = LINE ( 'NONE', #998, #910 ) ;
#2140 = ORIENTED_EDGE ( 'NONE', *, *, #2237, .F. ) ;
#2141 = AXIS2_PLACEMENT_3D ( 'NONE', #1150, #301, #3627 ) ;
#2142 = CARTESIAN_POINT ( 'NONE',  ( 15.00000000000001421, 9.420721840708381478, 33.00000000000000000 ) ) ;
#2143 = VECTOR ( 'NONE', #3135, 1000.000000000000000 ) ;
#2144 = CARTESIAN_POINT ( 'NONE',  ( 109.0000000000000000, 0.000000000000000000, 18.00000000000000000 ) ) ;
#2145 = PLANE ( 'NONE',  #1379 ) ;
#2146 = CARTESIAN_POINT ( 'NONE',  ( -2.371789296390814261, 22.37473003539092531, 8.306923053357245124 ) ) ;
#2147 = AXIS2_PLACEMENT_3D ( 'NONE', #2442, #1555, #2689 ) ;
#2148 = ORIENTED_EDGE ( 'NONE', *, *, #2059, .T. ) ;
#2149 = DIRECTION ( 'NONE',  ( 0.000000000000000000, 0.000000000000000000, -1.000000000000000000 ) ) ;
#2150 = DIRECTION ( 'NONE',  ( 0.000000000000000000, 0.000000000000000000, -1.000000000000000000 ) ) ;
#2151 = EDGE_CURVE ( 'NONE', #1636, #126, #2580, .T. ) ;
#2152 = AXIS2_PLACEMENT_3D ( 'NONE', #2687, #135, #1276 ) ;
#2153 = DIRECTION ( 'NONE',  ( 0.000000000000000000, 0.000000000000000000, -1.000000000000000000 ) ) ;
#2154 = AXIS2_PLACEMENT_3D ( 'NONE', #1889, #1910, #3073 ) ;
#2155 = ORIENTED_EDGE ( 'NONE', *, *, #3527, .F. ) ;
#2156 = DIRECTION ( 'NONE',  ( 1.000000000000000000, 0.000000000000000000, 0.000000000000000000 ) ) ;
#2157 = CARTESIAN_POINT ( 'NONE',  ( 103.5042129309299241, 2.603119644955039558, -14.77281737905691905 ) ) ;
#2158 = CARTESIAN_POINT ( 'NONE',  ( -13.99999999999999822, -39.99999999999999289, 0.000000000000000000 ) ) ;
#2159 = EDGE_CURVE ( 'NONE', #2112, #1885, #1369, .T. ) ;
#2160 = CARTESIAN_POINT ( 'NONE',  ( 0.000000000000000000, 22.50000000000000000, 9.999999999999991118 ) ) ;
#2161 = MANIFOLD_SOLID_BREP ( 'Revolve1', #2382 ) ;
#2162 = ORIENTED_EDGE ( 'NONE', *, *, #3412, .F. ) ;
#2163 = CARTESIAN_POINT ( 'NONE',  ( 1.255179979994413886, 22.46537843837858262, 9.668299788154264718 ) ) ;
#2164 = CARTESIAN_POINT ( 'NONE',  ( 80.00000000000001421, 0.000000000000000000, 16.50000000000000000 ) ) ;
#2165 = CARTESIAN_POINT ( 'NONE',  ( -12.72965906856183871, 37.82547440248098525, 0.000000000000000000 ) ) ;
#2166 = CARTESIAN_POINT ( 'NONE',  ( -31.31159011362029432, 16.50000000000000355, 33.00000000000000000 ) ) ;
#2167 = ORIENTED_EDGE ( 'NONE', *, *, #3665, .F. ) ;
#2168 = ORIENTED_EDGE ( 'NONE', *, *, #1893, .F. ) ;
#2169 = SURFACE_STYLE_USAGE ( .BOTH. , #1656 ) ;
#2170 = CARTESIAN_POINT ( 'NONE',  ( 66.96928232778954282, 18.00000000000000000, 10.68860613826618078 ) ) ;
#2171 = CARTESIAN_POINT ( 'NONE',  ( -34.21647952104866874, 16.83402388472073596, -0.8374804994715797646 ) ) ;
#2172 = ORIENTED_EDGE ( 'NONE', *, *, #2219, .F. ) ;
#2173 = EDGE_CURVE ( 'NONE', #632, #2652, #3096, .T. ) ;
#2174 = EDGE_CURVE ( 'NONE', #2884, #1412, #453, .T. ) ;
#2175 = CARTESIAN_POINT ( 'NONE',  ( -37.99999999999999289, 39.99999999999999289, 18.00000000000000000 ) ) ;
#2176 = CARTESIAN_POINT ( 'NONE',  ( 129.0000000000000000, 1.836970198721029589E-15, 2.999999999999999112 ) ) ;
#2177 = CARTESIAN_POINT ( 'NONE',  ( -13.51310477277449351, 38.81547281340925792, 36.00000000000000000 ) ) ;
#2178 = DIRECTION ( 'NONE',  ( 1.000000000000000000, 0.000000000000000000, 0.000000000000000000 ) ) ;
#2179 = ORIENTED_EDGE ( 'NONE', *, *, #2513, .T. ) ;
#2180 = ADVANCED_FACE ( 'NONE', ( #1107 ), #730, .T. ) ;
#2181 = CARTESIAN_POINT ( 'NONE',  ( 0.1631869432605154713, 22.50000000000000711, 5.000000000000007105 ) ) ;
#2182 = LINE ( 'NONE', #3326, #2661 ) ;
#2183 = DIRECTION ( 'NONE',  ( -9.130123557772672032E-17, -1.000000000000000000, -0.000000000000000000 ) ) ;
#2184 = CARTESIAN_POINT ( 'NONE',  ( -32.38207104071703668, 16.50000000000000355, 33.19979540189030587 ) ) ;
#2185 = VERTEX_POINT ( 'NONE', #544 ) ;
#2186 = ORIENTED_EDGE ( 'NONE', *, *, #2814, .F. ) ;
#2187 = PRESENTATION_STYLE_ASSIGNMENT (( #2169 ) ) ;
#2188 = PLANE ( 'NONE',  #3518 ) ;
#2189 = VECTOR ( 'NONE', #652, 1000.000000000000000 ) ;
#2190 = CARTESIAN_POINT ( 'NONE',  ( 64.00000000000000000, 0.000000000000000000, 18.00000000000000355 ) ) ;
#2191 = ORIENTED_EDGE ( 'NONE', *, *, #2767, .F. ) ;
#2192 = CARTESIAN_POINT ( 'NONE',  ( -50.34498647955808082, -39.36786923087310441, 7.342616047370983168 ) ) ;
#2193 = CARTESIAN_POINT ( 'NONE',  ( 104.6029711446239361, 1.504301770050302745, -14.92527845096739192 ) ) ;
#2194 = CARTESIAN_POINT ( 'NONE',  ( -32.77017639212358802, -16.50000000000000000, 33.29691818783181390 ) ) ;
#2195 = CARTESIAN_POINT ( 'NONE',  ( -1.109695397967908503, 14.95966471396675068, 9.746201077065782314 ) ) ;
#2196 = CARTESIAN_POINT ( 'NONE',  ( -59.99999999999998579, -16.49999999999999645, 33.00000000000000000 ) ) ;
#2197 = ADVANCED_FACE ( 'NONE', ( #2805 ), #881, .T. ) ;
#2198 = ORIENTED_EDGE ( 'NONE', *, *, #2174, .T. ) ;
#2199 = CIRCLE ( 'NONE', #179, 36.00000000000000711 ) ;
#2200 = CARTESIAN_POINT ( 'NONE',  ( 2.372682105331415769, 22.37463623270637569, 8.304504188955727173 ) ) ;
#2201 = CARTESIAN_POINT ( 'NONE',  ( -31.31159011362029432, -16.49999999999999645, 33.00000000000000000 ) ) ;
#2202 = CIRCLE ( 'NONE', #610, 19.00000000000000000 ) ;
#2203 = DIRECTION ( 'NONE',  ( 0.000000000000000000, 0.000000000000000000, -1.000000000000000000 ) ) ;
#2204 = CARTESIAN_POINT ( 'NONE',  ( -30.76401441961830940, 16.50000000000000355, 33.00000000000000000 ) ) ;
#2205 = ORIENTED_EDGE ( 'NONE', *, *, #3458, .T. ) ;
#2206 = EDGE_LOOP ( 'NONE', ( #176, #1406, #1144, #262 ) ) ;
#2207 = DIRECTION ( 'NONE',  ( 1.000000000000000000, -0.000000000000000000, -0.000000000000000000 ) ) ;
#2208 = FACE_OUTER_BOUND ( 'NONE', #1046, .T. ) ;
#2209 = CARTESIAN_POINT ( 'NONE',  ( 0.000000000000000000, -36.00000000000000711, 0.000000000000000000 ) ) ;
#2210 = ORIENTED_EDGE ( 'NONE', *, *, #341, .T. ) ;
#2211 = DIRECTION ( 'NONE',  ( -0.000000000000000000, -0.000000000000000000, -1.000000000000000000 ) ) ;
#2212 = PRODUCT_DEFINITION_FORMATION_WITH_SPECIFIED_SOURCE ( 'ANY', '', #1441, .NOT_KNOWN. ) ;
#2213 = DIRECTION ( 'NONE',  ( 0.000000000000000000, 0.000000000000000000, 1.000000000000000000 ) ) ;
#2214 = EDGE_CURVE ( 'NONE', #183, #1226, #1124, .T. ) ;
#2215 = CARTESIAN_POINT ( 'NONE',  ( -0.8070512288020691427, 14.97904070842529833, 9.871816069802145321 ) ) ;
#2216 = CIRCLE ( 'NONE', #680, 19.00000000000000000 ) ;
#2217 = ORIENTED_EDGE ( 'NONE', *, *, #3064, .T. ) ;
#2218 = CARTESIAN_POINT ( 'NONE',  ( 1.109901905513878573, 22.47311176188217985, 9.746022023860685835 ) ) ;
#2219 = EDGE_CURVE ( 'NONE', #1374, #1858, #493, .T. ) ;
#2220 = CARTESIAN_POINT ( 'NONE',  ( 69.00000000000000000, 0.000000000000000000, 18.00000000000000000 ) ) ;
#2221 = ORIENTED_EDGE ( 'NONE', *, *, #989, .F. ) ;
#2222 = ORIENTED_EDGE ( 'NONE', *, *, #1832, .T. ) ;
#2223 = VECTOR ( 'NONE', #3465, 1000.000000000000000 ) ;
#2224 = EDGE_CURVE ( 'NONE', #2105, #1412, #2055, .T. ) ;
#2225 = CARTESIAN_POINT ( 'NONE',  ( 99.00000000000000000, 4.173216183582092233E-22, 15.00000000000000000 ) ) ;
#2226 = CARTESIAN_POINT ( 'NONE',  ( 15.04448374036658542, 16.50000000000000355, 0.000000000000000000 ) ) ;
#2227 = CARTESIAN_POINT ( 'NONE',  ( 64.00000000000000000, -15.87450786638754430, 0.000000000000000000 ) ) ;
#2228 = ORIENTED_EDGE ( 'NONE', *, *, #2719, .T. ) ;
#2229 = DIRECTION ( 'NONE',  ( -1.000000000000000000, 0.000000000000000000, 0.000000000000000000 ) ) ;
#2230 = CARTESIAN_POINT ( 'NONE',  ( 102.0000000000000000, 0.000000000000000000, -22.50000000000000355 ) ) ;
#2231 = CARTESIAN_POINT ( 'NONE',  ( 68.51665195345400150, -6.151159124591613292, -0.000000000000000000 ) ) ;
#2232 =( LENGTH_UNIT ( ) NAMED_UNIT ( * ) SI_UNIT ( .MILLI., .METRE. ) );
#2233 = ORIENTED_EDGE ( 'NONE', *, *, #707, .T. ) ;
#2234 = CARTESIAN_POINT ( 'NONE',  ( 1.881864822571231777, 22.42146206733630720, 5.846175135953862068 ) ) ;
#2235 = CARTESIAN_POINT ( 'NONE',  ( -13.99999999999999112, 18.00000000000000000, 36.00000000000000000 ) ) ;
#2236 = CARTESIAN_POINT ( 'NONE',  ( -2.168658395119295257, -14.84268478741296171, 6.245613772216219495 ) ) ;
#2237 = EDGE_CURVE ( 'NONE', #507, #801, #1788, .T. ) ;
#2238 = ORIENTED_EDGE ( 'NONE', *, *, #890, .T. ) ;
#2239 = ORIENTED_EDGE ( 'NONE', *, *, #151, .T. ) ;
#2240 = CARTESIAN_POINT ( 'NONE',  ( 17.34295784624370285, 10.86469429032214684, -0.000000000000000000 ) ) ;
#2241 = DIRECTION ( 'NONE',  ( -1.000000000000000000, 0.000000000000000000, 0.000000000000000000 ) ) ;
#2242 = CARTESIAN_POINT ( 'NONE',  ( -53.00000000000000000, 64.00000000000001421, 18.00000000000000355 ) ) ;
#2243 = CARTESIAN_POINT ( 'NONE',  ( -35.80325799600833392, 17.83319605863010437, -1.440819978037501281 ) ) ;
#2244 = ORIENTED_EDGE ( 'NONE', *, *, #1634, .F. ) ;
#2245 = CARTESIAN_POINT ( 'NONE',  ( 66.37177079738208363, 18.00000000000000000, 26.09614351123107667 ) ) ;
#2246 = EDGE_CURVE ( 'NONE', #2303, #1942, #1485, .T. ) ;
#2247 = EDGE_CURVE ( 'NONE', #2585, #2652, #2603, .T. ) ;
#2248 = CARTESIAN_POINT ( 'NONE',  ( -36.32748946347174268, -18.42857142857143060, 34.50000000000000000 ) ) ;
#2249 = CARTESIAN_POINT ( 'NONE',  ( 15.00000000000000000, 0.000000000000000000, 0.000000000000000000 ) ) ;
#2250 = ORIENTED_EDGE ( 'NONE', *, *, #3594, .F. ) ;
#2251 = CARTESIAN_POINT ( 'NONE',  ( 18.04778343441369515, 10.19266796980880940, 33.00000000000000711 ) ) ;
#2252 = CARTESIAN_POINT ( 'NONE',  ( -38.00000000000000000, 39.99999999999999289, 18.00000000000000000 ) ) ;
#2253 = ORIENTED_EDGE ( 'NONE', *, *, #1142, .F. ) ;
#2254 = EDGE_LOOP ( 'NONE', ( #1547, #2228, #2280, #999 ) ) ;
#2255 = AXIS2_PLACEMENT_3D ( 'NONE', #2287, #2797, #254 ) ;
#2256 = FACE_OUTER_BOUND ( 'NONE', #2597, .T. ) ;
#2257 = CARTESIAN_POINT ( 'NONE',  ( 103.3297973702101302, 2.696314497270567045, 14.75587093514751125 ) ) ;
#2258 = FACE_OUTER_BOUND ( 'NONE', #152, .T. ) ;
#2259 = VECTOR ( 'NONE', #1108, 1000.000000000000000 ) ;
#2260 = CARTESIAN_POINT ( 'NONE',  ( 104.9999999999999858, -0.1987566327240540276, 15.00000000000000178 ) ) ;
#2261 = ORIENTED_EDGE ( 'NONE', *, *, #3191, .F. ) ;
#2262 = EDGE_CURVE ( 'NONE', #3366, #2765, #2925, .T. ) ;
#2263 = CARTESIAN_POINT ( 'NONE',  ( 69.00000000000000000, 0.000000000000000000, 18.00000000000000000 ) ) ;
#2264 = FACE_BOUND ( 'NONE', #2307, .T. ) ;
#2265 = VECTOR ( 'NONE', #1707, 1000.000000000000000 ) ;
#2266 = CARTESIAN_POINT ( 'NONE',  ( 109.0000000000000000, 6.082762530298221115, 36.00000000000000000 ) ) ;
#2267 = CARTESIAN_POINT ( 'NONE',  ( -0.3292118260945333663, 14.99724675895545367, 5.016371423926070605 ) ) ;
#2268 = CIRCLE ( 'NONE', #1508, 15.00000000000000000 ) ;
#2269 = ORIENTED_EDGE ( 'NONE', *, *, #3091, .F. ) ;
#2270 = DIRECTION ( 'NONE',  ( 0.000000000000000000, 0.000000000000000000, -1.000000000000000000 ) ) ;
#2271 = AXIS2_PLACEMENT_3D ( 'NONE', #3558, #2389, #162 ) ;
#2272 = CARTESIAN_POINT ( 'NONE',  ( -30.76401441961830940, -16.49999999999999645, 0.000000000000000000 ) ) ;
#2273 = CARTESIAN_POINT ( 'NONE',  ( -11.99466375918803251, -37.20910799962259574, 36.00000000000000000 ) ) ;
#2274 = ORIENTED_EDGE ( 'NONE', *, *, #914, .F. ) ;
#2275 = ORIENTED_EDGE ( 'NONE', *, *, #406, .T. ) ;
#2276 = CARTESIAN_POINT ( 'NONE',  ( -37.99999999999998579, 39.99999999999999289, 48.00000000000000000 ) ) ;
#2277 = CARTESIAN_POINT ( 'NONE',  ( 105.0000000000000000, 0.1987052846734788381, 15.00000000000000355 ) ) ;
#2278 = CARTESIAN_POINT ( 'NONE',  ( 20.00000000000001421, 0.000000000000000000, 16.50000000000000000 ) ) ;
#2279 = CARTESIAN_POINT ( 'NONE',  ( 102.9695544956047826, -2.845718870903275022, 14.72778625433717714 ) ) ;
#2280 = ORIENTED_EDGE ( 'NONE', *, *, #1352, .T. ) ;
#2281 = CARTESIAN_POINT ( 'NONE',  ( 109.0000000000000000, 0.000000000000000000, 18.00000000000000000 ) ) ;
#2282 = DIRECTION ( 'NONE',  ( 1.000000000000000000, -0.000000000000000000, -0.000000000000000000 ) ) ;
#2283 = ADVANCED_FACE ( 'NONE', ( #667 ), #3217, .F. ) ;
#2284 = DIRECTION ( 'NONE',  ( -0.000000000000000000, -0.000000000000000000, -1.000000000000000000 ) ) ;
#2285 = FACE_BOUND ( 'NONE', #45, .T. ) ;
#2286 = ORIENTED_EDGE ( 'NONE', *, *, #3122, .F. ) ;
#2287 = CARTESIAN_POINT ( 'NONE',  ( -38.00000000000000000, 39.99999999999999289, 18.00000000000000000 ) ) ;
#2288 = PRESENTATION_STYLE_ASSIGNMENT (( #2502 ) ) ;
#2289 = EDGE_CURVE ( 'NONE', #1127, #3366, #635, .T. ) ;
#2290 = EDGE_CURVE ( 'NONE', #1559, #3332, #1766, .T. ) ;
#2291 = ORIENTED_EDGE ( 'NONE', *, *, #2059, .F. ) ;
#2292 = ORIENTED_EDGE ( 'NONE', *, *, #3133, .F. ) ;
#2293 = LINE ( 'NONE', #2276, #23 ) ;
#2294 = PRODUCT_DEFINITION_SHAPE ( 'NONE', 'NONE',  #1572 ) ;
#2295 = CARTESIAN_POINT ( 'NONE',  ( 22.50000000000000355, 2.755455298081545172E-15, 0.000000000000000000 ) ) ;
#2296 = CIRCLE ( 'NONE', #702, 30.00000000000000000 ) ;
#2297 = DIRECTION ( 'NONE',  ( 0.000000000000000000, 1.000000000000000000, 0.000000000000000000 ) ) ;
#2298 = ORIENTED_EDGE ( 'NONE', *, *, #3485, .F. ) ;
#2299 = CARTESIAN_POINT ( 'NONE',  ( 69.00000000000000000, 6.082762530298221115, 36.00000000000000000 ) ) ;
#2300 = LINE ( 'NONE', #937, #1628 ) ;
#2301 = CARTESIAN_POINT ( 'NONE',  ( 109.0000000000000000, 0.000000000000000000, 18.00000000000000000 ) ) ;
#2302 = CARTESIAN_POINT ( 'NONE',  ( 99.00000000000000000, 4.173216183582092233E-22, 15.00000000000000000 ) ) ;
#2303 = VERTEX_POINT ( 'NONE', #350 ) ;
#2304 = CARTESIAN_POINT ( 'NONE',  ( 33.94112549695428527, 23.00000000000000000, 0.000000000000000000 ) ) ;
#2305 =( REPRESENTATION_RELATIONSHIP ('NONE','NONE', #1371, #625 ) REPRESENTATION_RELATIONSHIP_WITH_TRANSFORMATION ( #1835 )SHAPE_REPRESENTATION_RELATIONSHIP( ) );
#2306 = ORIENTED_EDGE ( 'NONE', *, *, #2611, .F. ) ;
#2307 = EDGE_LOOP ( 'NONE', ( #141, #1233 ) ) ;
#2308 = CARTESIAN_POINT ( 'NONE',  ( 0.000000000000000000, 0.000000000000000000, 33.00000000000000000 ) ) ;
#2309 = CARTESIAN_POINT ( 'NONE',  ( 19.61145640062515128, -16.49999999999999645, 7.055940758429568582 ) ) ;
#2310 = CARTESIAN_POINT ( 'NONE',  ( 1.883325986455957723, -22.42133891486849961, 9.152162165886293721 ) ) ;
#2311 = CARTESIAN_POINT ( 'NONE',  ( 101.8049523643027499, -3.000076789471308292, 14.69692278211513603 ) ) ;
#2312 = ORIENTED_EDGE ( 'NONE', *, *, #314, .T. ) ;
#2313 = CYLINDRICAL_SURFACE ( 'NONE', #804, 19.00000000000000000 ) ;
#2314 = VECTOR ( 'NONE', #620, 1000.000000000000000 ) ;
#2315 = CARTESIAN_POINT ( 'NONE',  ( 3.469446951953614189E-15, 0.000000000000000000, -1.952696104306741454 ) ) ;
#2316 = VECTOR ( 'NONE', #1200, 1000.000000000000000 ) ;
#2317 = CIRCLE ( 'NONE', #1314, 3.000000000000000000 ) ;
#2318 = LINE ( 'NONE', #905, #2026 ) ;
#2319 = DIRECTION ( 'NONE',  ( 0.000000000000000000, 0.000000000000000000, -1.000000000000000000 ) ) ;
#2320 = AXIS2_PLACEMENT_3D ( 'NONE', #1194, #3236, #3466 ) ;
#2321 = CARTESIAN_POINT ( 'NONE',  ( 2.170470525850513255, 14.84242050107707200, 8.751309649962625059 ) ) ;
#2322 = ORIENTED_EDGE ( 'NONE', *, *, #2747, .F. ) ;
#2323 = ADVANCED_FACE ( 'NONE', ( #932 ), #917, .T. ) ;
#2324 = ORIENTED_EDGE ( 'NONE', *, *, #2836, .T. ) ;
#2325 = DIRECTION ( 'NONE',  ( -1.000000000000000000, 0.000000000000000000, -0.000000000000000000 ) ) ;
#2326 = B_SPLINE_CURVE_WITH_KNOTS ( 'NONE', 3,
 ( #3311, #797, #157, #2985, #1346, #2728, #1019, #1851, #1901, #3063, #3569, #444, #3351, #2146, #1040, #1578, #1294, #1061, #3294, #2424, #477, #194, #1330, #1869, #758, #1308, #2443, #2483, #2779, #3589, #1883, #3022, #3630, #2465 ),
 .UNSPECIFIED., .F., .F.,
 ( 4, 2, 2, 2, 2, 2, 2, 2, 2, 2, 2, 2, 2, 2, 2, 2, 4 ),
 ( 0.000000000000000000, 0.0004888859777028175700, 0.0009777719554056351400, 0.001466657933108452602, 0.001955543910811270280, 0.002444429888514087958, 0.002933315866216905203, 0.003422201843919722881, 0.003911087821622540560, 0.004399973799325358238, 0.004888859777028175917, 0.005377745754730993595, 0.005866631732433810406, 0.006355517710136628085, 0.006844403687839445763, 0.007333289665542263441, 0.007822175643245081120 ),
 .UNSPECIFIED. ) ;
#2327 = CARTESIAN_POINT ( 'NONE',  ( 60.00000000000001421, 16.50000000000000355, 33.00000000000000000 ) ) ;
#2328 = CARTESIAN_POINT ( 'NONE',  ( 0.3290296625524992136, -22.49816552086453214, 5.016360831548228205 ) ) ;
#2329 = AXIS2_PLACEMENT_3D ( 'NONE', #245, #2514, #2771 ) ;
#2330 = CARTESIAN_POINT ( 'NONE',  ( 99.30403717477118164, -1.330533899595037317, 14.94197961773451411 ) ) ;
#2331 = EDGE_CURVE ( 'NONE', #3109, #1925, #1995, .T. ) ;
#2332 = ORIENTED_EDGE ( 'NONE', *, *, #3594, .T. ) ;
#2333 = APPLICATION_PROTOCOL_DEFINITION ( 'draft international standard', 'automotive_design', 1998, #3635 ) ;
#2334 = DIRECTION ( 'NONE',  ( 1.000000000000000000, 0.000000000000000000, 0.000000000000000000 ) ) ;
#2335 = CARTESIAN_POINT ( 'NONE',  ( 109.0000000000000000, 0.000000000000000000, 18.00000000000000000 ) ) ;
#2336 = ADVANCED_FACE ( 'NONE', ( #1002, #3274 ), #1632, .T. ) ;
#2337 = DIRECTION ( 'NONE',  ( 9.130123557772670799E-17, 1.000000000000000000, 0.000000000000000000 ) ) ;
#2338 = CARTESIAN_POINT ( 'NONE',  ( 69.00000000000000000, 0.000000000000000000, 18.00000000000000000 ) ) ;
#2339 = CARTESIAN_POINT ( 'NONE',  ( 1.539076963317365543, 14.92262809724313755, 9.496764335267018353 ) ) ;
#2340 = FILL_AREA_STYLE ('',( #1224 ) ) ;
#2341 = ORIENTED_EDGE ( 'NONE', *, *, #211, .F. ) ;
#2342 = DIRECTION ( 'NONE',  ( 0.000000000000000000, 0.000000000000000000, -1.000000000000000000 ) ) ;
#2343 = LINE ( 'NONE', #3213, #986 ) ;
#2344 = CARTESIAN_POINT ( 'NONE',  ( 68.51665195345398729, -17.99999999999999645, 24.15115912459161152 ) ) ;
#2345 = CARTESIAN_POINT ( 'NONE',  ( 20.00000000000001066, -9.420721840708381478, 0.000000000000000000 ) ) ;
#2346 = CARTESIAN_POINT ( 'NONE',  ( 3.469446951953614189E-15, 0.000000000000000000, 0.000000000000000000 ) ) ;
#2347 = ORIENTED_EDGE ( 'NONE', *, *, #2614, .F. ) ;
#2348 = ORIENTED_EDGE ( 'NONE', *, *, #2159, .T. ) ;
#2349 = CARTESIAN_POINT ( 'NONE',  ( 31.17691453623979569, 18.00000000000000000, 36.00000000000000000 ) ) ;
#2350 = EDGE_CURVE ( 'NONE', #353, #126, #3629, .T. ) ;
#2351 = CYLINDRICAL_SURFACE ( 'NONE', #198, 15.00000000000000000 ) ;
#2352 = CARTESIAN_POINT ( 'NONE',  ( 117.0000000000000000, 0.000000000000000000, 0.000000000000000000 ) ) ;
#2353 = ADVANCED_FACE ( 'NONE', ( #1018, #3588 ), #3552, .F. ) ;
#2354 = CARTESIAN_POINT ( 'NONE',  ( 20.00000000000001421, 16.50000000000000355, 7.079278159291624739 ) ) ;
#2355 = CARTESIAN_POINT ( 'NONE',  ( 1.989060820158206511, 14.86781845759795040, 9.023271215964827618 ) ) ;
#2356 = CARTESIAN_POINT ( 'NONE',  ( -59.99999999999998579, 3.469446951953614189E-15, -1.499999999999997780 ) ) ;
#2357 = EDGE_LOOP ( 'NONE', ( #2892, #2801, #3637, #1321 ) ) ;
#2358 = CARTESIAN_POINT ( 'NONE',  ( -0.6589695498970116194, -22.49236086185595340, 9.933464160087620343 ) ) ;
#2359 = LINE ( 'NONE', #687, #1457 ) ;
#2360 = CARTESIAN_POINT ( 'NONE',  ( -13.99999999999999112, 39.99999999999999289, 36.00000000000000000 ) ) ;
#2361 = CARTESIAN_POINT ( 'NONE',  ( 68.51665195345400150, 6.151159124591613292, 36.00000000000000000 ) ) ;
#2362 = CARTESIAN_POINT ( 'NONE',  ( 15.00000000000001421, -16.49999999999999645, 7.079278159291612305 ) ) ;
#2363 = ORIENTED_EDGE ( 'NONE', *, *, #3276, .F. ) ;
#2364 = ORIENTED_EDGE ( 'NONE', *, *, #1092, .T. ) ;
#2365 = APPLICATION_PROTOCOL_DEFINITION ( 'draft international standard', 'automotive_design', 1998, #1585 ) ;
#2366 = CIRCLE ( 'NONE', #1808, 30.00000000000000711 ) ;
#2367 = CARTESIAN_POINT ( 'NONE',  ( 22.50000000000000355, 2.755455298081545172E-15, 15.00000000000000000 ) ) ;
#2368 = CARTESIAN_POINT ( 'NONE',  ( 29.80196385098425083, 20.19512195121950882, 0.000000000000000000 ) ) ;
#2369 = ORIENTED_EDGE ( 'NONE', *, *, #215, .T. ) ;
#2370 = ADVANCED_FACE ( 'NONE', ( #2743 ), #1078, .F. ) ;
#2371 = TOROIDAL_SURFACE ( 'NONE', #2500, 24.00000000000000000, 5.000000000000000000 ) ;
#2372 = CARTESIAN_POINT ( 'NONE',  ( -22.99999999999999645, 39.99999999999999289, 18.00000000000000000 ) ) ;
#2373 = CARTESIAN_POINT ( 'NONE',  ( 65.43387488901790050, 18.00000000000000000, 8.216819564276264032 ) ) ;
#2374 = B_SPLINE_CURVE_WITH_KNOTS ( 'NONE', 3,
 ( #636, #988, #949, #2361, #3516, #1817, #705, #689, #3553, #1003, #523, #1924, #175, #739, #3005, #3275, #1652, #1611, #3045, #2708, #461, #1594, #2744, #2763 ),
 .UNSPECIFIED., .F., .F.,
 ( 4, 2, 2, 2, 2, 2, 2, 2, 2, 2, 2, 4 ),
 ( 0.000000000000000000, 0.0003655695600652700359, 0.0007311391201305400718, 0.001462278240261117657, 0.002193417360391695242, 0.002924556480522273044, 0.003655695600652853448, 0.004386834720783433852, 0.005849112961044592926, 0.007311391201305753734, 0.008773669441566914542, 0.01169822592208923269 ),
 .UNSPECIFIED. ) ;
#2375 = AXIS2_PLACEMENT_3D ( 'NONE', #2942, #2907, #1825 ) ;
#2376 =( GEOMETRIC_REPRESENTATION_CONTEXT ( 3 ) GLOBAL_UNCERTAINTY_ASSIGNED_CONTEXT ( ( #3378 ) ) GLOBAL_UNIT_ASSIGNED_CONTEXT ( ( #3116, #3662, #1417 ) ) REPRESENTATION_CONTEXT ( 'NONE', 'WORKASPACE' ) );
#2377 = CARTESIAN_POINT ( 'NONE',  ( 2.419628181687402346, 14.80359574073695761, 6.850414733031380266 ) ) ;
#2378 = SURFACE_STYLE_FILL_AREA ( #2340 ) ;
#2379 = ORIENTED_EDGE ( 'NONE', *, *, #3238, .T. ) ;
#2380 = CARTESIAN_POINT ( 'NONE',  ( 0.000000000000000000, -22.50000000000000355, 9.999999999999991118 ) ) ;
#2381 = DIRECTION ( 'NONE',  ( 0.000000000000000000, 0.000000000000000000, 1.000000000000000000 ) ) ;
#2382 = CLOSED_SHELL ( 'NONE', ( #2180, #2926, #876, #1161 ) ) ;
#2383 = CARTESIAN_POINT ( 'NONE',  ( 64.87677535249534344, -17.99999999999999645, 29.12443166618592372 ) ) ;
#2384 = CARTESIAN_POINT ( 'NONE',  ( 64.00000000000000000, -15.87450786638754430, 36.00000000000000000 ) ) ;
#2385 = CARTESIAN_POINT ( 'NONE',  ( -32.76990722019313296, 16.50000000000000711, 33.29685082795727880 ) ) ;
#2386 = ORIENTED_EDGE ( 'NONE', *, *, #2720, .F. ) ;
#2387 = DIRECTION ( 'NONE',  ( 0.000000000000000000, 0.000000000000000000, 1.000000000000000000 ) ) ;
#2388 = AXIS2_PLACEMENT_3D ( 'NONE', #3320, #766, #1456 ) ;
#2389 = DIRECTION ( 'NONE',  ( 1.000000000000000000, 0.000000000000000000, 0.000000000000000000 ) ) ;
#2390 = AXIS2_PLACEMENT_3D ( 'NONE', #2564, #12, #311 ) ;
#2391 = VERTEX_POINT ( 'NONE', #3606 ) ;
#2392 = AXIS2_PLACEMENT_3D ( 'NONE', #2024, #3092, #280 ) ;
#2393 = DIRECTION ( 'NONE',  ( -0.000000000000000000, 1.000000000000000000, -0.000000000000000000 ) ) ;
#2394 = EDGE_CURVE ( 'NONE', #1677, #675, #1060, .T. ) ;
#2395 = VECTOR ( 'NONE', #2726, 1000.000000000000000 ) ;
#2396 = APPLICATION_CONTEXT ( 'automotive_design' ) ;
#2397 = CARTESIAN_POINT ( 'NONE',  ( 67.47363490686221610, 6.781500739684647172, 0.000000000000000000 ) ) ;
#2398 = B_SPLINE_CURVE_WITH_KNOTS ( 'NONE', 3,
 ( #855, #2601, #2877, #597, #1175, #363, #2856, #896, #1503, #1465, #1983, #2636, #46, #2840, #2036, #84, #1190, #3180, #1209, #633, #1482, #3481, #930, #2982, #3532, #1000, #2069, #1591, #3234, #3290, #1537, #984 ),
 .UNSPECIFIED., .F., .F.,
 ( 4, 2, 2, 2, 2, 2, 2, 2, 2, 2, 2, 2, 2, 2, 2, 4 ),
 ( 0.009403114775668082459, 0.009990657620373610132, 0.01057820046507913607, 0.01116574330978466374, 0.01175328615449018968, 0.01234082899919571735, 0.01292837184390124503, 0.01351591468860677270, 0.01410345753331229864, 0.01469100037801782457, 0.01527854322272335225, 0.01586608606742887992, 0.01645362891213440759, 0.01762871460154545947, 0.01821625744625099408, 0.01880380029095652869 ),
 .UNSPECIFIED. ) ;
#2399 = FACE_OUTER_BOUND ( 'NONE', #2710, .T. ) ;
#2400 = ADVANCED_FACE ( 'NONE', ( #1577 ), #2145, .T. ) ;
#2401 = ORIENTED_EDGE ( 'NONE', *, *, #1706, .T. ) ;
#2402 = LINE ( 'NONE', #2142, #564 ) ;
#2403 = FACE_OUTER_BOUND ( 'NONE', #2943, .T. ) ;
#2404 = CARTESIAN_POINT ( 'NONE',  ( -13.80661224388246033, 39.39191821056250120, -0.000000000000000000 ) ) ;
#2405 = CARTESIAN_POINT ( 'NONE',  ( 16.64947753143786713, -11.79114137570396004, 0.000000000000000000 ) ) ;
#2406 = EDGE_CURVE ( 'NONE', #3006, #1102, #2727, .T. ) ;
#2407 = SURFACE_STYLE_FILL_AREA ( #140 ) ;
#2408 = ORIENTED_EDGE ( 'NONE', *, *, #18, .T. ) ;
#2409 = ORIENTED_EDGE ( 'NONE', *, *, #2494, .F. ) ;
#2410 = PRODUCT_DEFINITION ( 'UNKNOWN', '', #1857, #561 ) ;
#2411 = CARTESIAN_POINT ( 'NONE',  ( 64.00000000000000000, -18.00000000000000000, 2.125492133612453927 ) ) ;
#2412 = FACE_OUTER_BOUND ( 'NONE', #3347, .T. ) ;
#2413 = EDGE_LOOP ( 'NONE', ( #3079, #729, #1365, #99, #1186, #3471 ) ) ;
#2414 = CYLINDRICAL_SURFACE ( 'NONE', #3338, 5.000000000000000888 ) ;
#2415 = ADVANCED_BREP_SHAPE_REPRESENTATION ( '', ( #897, #669 ), #554 ) ;
#2416 = DIRECTION ( 'NONE',  ( -0.000000000000000000, -0.000000000000000000, -1.000000000000000000 ) ) ;
#2417 = DIRECTION ( 'NONE',  ( -0.000000000000000000, -0.000000000000000000, -1.000000000000000000 ) ) ;
#2418 = VECTOR ( 'NONE', #706, 1000.000000000000000 ) ;
#2419 = ORIENTED_EDGE ( 'NONE', *, *, #662, .F. ) ;
#2420 = CARTESIAN_POINT ( 'NONE',  ( 0.000000000000000000, -18.00000000000000000, 36.00000000000000000 ) ) ;
#2421 = EDGE_CURVE ( 'NONE', #3047, #218, #15, .T. ) ;
#2422 = FACE_BOUND ( 'NONE', #3240, .T. ) ;
#2423 = DIRECTION ( 'NONE',  ( 1.000000000000000000, 0.000000000000000000, 0.000000000000000000 ) ) ;
#2424 = CARTESIAN_POINT ( 'NONE',  ( -2.419871841119622502, 22.36951616053358194, 6.851185618538241151 ) ) ;
#2425 = DIRECTION ( 'NONE',  ( -1.000000000000000000, 0.000000000000000000, 0.000000000000000000 ) ) ;
#2426 = ORIENTED_EDGE ( 'NONE', *, *, #490, .F. ) ;
#2427 = EDGE_LOOP ( 'NONE', ( #3519, #2438, #820, #3571 ) ) ;
#2428 = DIRECTION ( 'NONE',  ( 0.000000000000000000, 0.000000000000000000, 1.000000000000000000 ) ) ;
#2429 = CARTESIAN_POINT ( 'NONE',  ( 64.00000000000000000, 0.000000000000000000, 18.00000000000000000 ) ) ;
#2430 = VERTEX_POINT ( 'NONE', #3350 ) ;
#2431 = CARTESIAN_POINT ( 'NONE',  ( 0.000000000000000000, 0.000000000000000000, 0.000000000000000000 ) ) ;
#2432 = PLANE ( 'NONE',  #1892 ) ;
#2433 = CIRCLE ( 'NONE', #1146, 24.00000000000000000 ) ;
#2434 = CARTESIAN_POINT ( 'NONE',  ( -11.17129682181382933, 36.71534417632538805, 36.00000000000000000 ) ) ;
#2435 = TOROIDAL_SURFACE ( 'NONE', #2138, 33.57071421427141900, 5.000000000000000000 ) ;
#2436 = DIRECTION ( 'NONE',  ( -0.000000000000000000, -0.000000000000000000, -1.000000000000000000 ) ) ;
#2437 = B_SPLINE_CURVE_WITH_KNOTS ( 'NONE', 3,
 ( #1900, #216, #3293, #3044 ),
 .UNSPECIFIED., .F., .F.,
 ( 4, 4 ),
 ( 0.000000000000000000, 0.001630345187896707366 ),
 .UNSPECIFIED. ) ;
#2438 = ORIENTED_EDGE ( 'NONE', *, *, #3075, .F. ) ;
#2439 = CARTESIAN_POINT ( 'NONE',  ( 129.0000000000000000, 0.000000000000000000, 18.00000000000000000 ) ) ;
#2440 = COLOUR_RGB ( '',0.7921568627450980005, 0.8196078431372548767, 0.9333333333333333481 ) ;
#2441 = DIRECTION ( 'NONE',  ( 0.000000000000000000, -1.000000000000000000, 0.000000000000000000 ) ) ;
#2442 = CARTESIAN_POINT ( 'NONE',  ( 0.000000000000000000, 0.000000000000000000, 36.00000000000000000 ) ) ;
#2443 = CARTESIAN_POINT ( 'NONE',  ( -1.525160309649645995, 22.44865856102721935, 5.512440345243740936 ) ) ;
#2444 = ADVANCED_FACE ( 'NONE', ( #1593, #1307 ), #1329, .F. ) ;
#2445 = CIRCLE ( 'NONE', #851, 15.00000000000000178 ) ;
#2446 = ORIENTED_EDGE ( 'NONE', *, *, #1991, .F. ) ;
#2447 = ORIENTED_EDGE ( 'NONE', *, *, #3575, .F. ) ;
#2448 = FILL_AREA_STYLE_COLOUR ( '', #888 ) ;
#2449 = DIRECTION ( 'NONE',  ( -0.000000000000000000, 1.000000000000000000, -0.000000000000000000 ) ) ;
#2450 = CIRCLE ( 'NONE', #2152, 15.00000000000000000 ) ;
#2451 = CARTESIAN_POINT ( 'NONE',  ( -36.08092155270007595, 18.11184142655602969, -1.499999999999974909 ) ) ;
#2452 = VERTEX_POINT ( 'NONE', #1923 ) ;
#2453 =( LENGTH_UNIT ( ) NAMED_UNIT ( * ) SI_UNIT ( .MILLI., .METRE. ) );
#2454 = AXIS2_PLACEMENT_3D ( 'NONE', #2903, #3205, #3475 ) ;
#2455 = CARTESIAN_POINT ( 'NONE',  ( 99.09673146494696994, 0.7808286370875954230, -14.98090585029337873 ) ) ;
#2456 = EDGE_CURVE ( 'NONE', #1813, #2562, #2437, .T. ) ;
#2457 = VECTOR ( 'NONE', #741, 1000.000000000000000 ) ;
#2458 = CIRCLE ( 'NONE', #2991, 4.999999999999997335 ) ;
#2459 = CARTESIAN_POINT ( 'NONE',  ( -37.99999999999999289, 39.99999999999999289, 18.00000000000000000 ) ) ;
#2460 = DIRECTION ( 'NONE',  ( 1.000000000000000000, 0.000000000000000000, 0.000000000000000000 ) ) ;
#2461 = ORIENTED_EDGE ( 'NONE', *, *, #189, .T. ) ;
#2462 = CARTESIAN_POINT ( 'NONE',  ( 1.252195152902544351, 22.46554573911432939, 5.329975548358654613 ) ) ;
#2463 = DIRECTION ( 'NONE',  ( -1.000000000000000000, 0.000000000000000000, 0.000000000000000000 ) ) ;
#2464 = DIRECTION ( 'NONE',  ( 0.000000000000000000, 0.000000000000000000, 1.000000000000000000 ) ) ;
#2465 = CARTESIAN_POINT ( 'NONE',  ( 3.061617244196665019E-16, 22.50000000000000355, 5.000000000000007994 ) ) ;
#2466 = ORIENTED_EDGE ( 'NONE', *, *, #1862, .F. ) ;
#2467 = ORIENTED_EDGE ( 'NONE', *, *, #402, .F. ) ;
#2468 = CARTESIAN_POINT ( 'NONE',  ( 15.04448374036658542, -16.49999999999999645, 33.00000000000000000 ) ) ;
#2469 = CARTESIAN_POINT ( 'NONE',  ( 64.12222041439450493, 17.99999999999999645, 4.063446721538952033 ) ) ;
#2470 = PLANE ( 'NONE',  #3562 ) ;
#2471 = ORIENTED_EDGE ( 'NONE', *, *, #3016, .F. ) ;
#2472 = EDGE_CURVE ( 'NONE', #2839, #26, #3581, .T. ) ;
#2473 = CARTESIAN_POINT ( 'NONE',  ( 117.0000000000000000, 0.000000000000000000, 0.000000000000000000 ) ) ;
#2474 = CARTESIAN_POINT ( 'NONE',  ( 0.3292118260945333663, -14.99724675895545367, 5.016371423926070605 ) ) ;
#2475 = AXIS2_PLACEMENT_3D ( 'NONE', #3474, #1719, #2847 ) ;
#2476 = DIRECTION ( 'NONE',  ( -0.000000000000000000, -0.000000000000000000, -1.000000000000000000 ) ) ;
#2477 = DIRECTION ( 'NONE',  ( -0.000000000000000000, 1.000000000000000000, -0.000000000000000000 ) ) ;
#2478 = AXIS2_PLACEMENT_3D ( 'NONE', #459, #3349, #3455 ) ;
#2479 = EDGE_LOOP ( 'NONE', ( #1041, #3685, #1240, #1086 ) ) ;
#2480 = CARTESIAN_POINT ( 'NONE',  ( 0.6589695498970082888, 22.49236086185596406, 9.933464160087625672 ) ) ;
#2481 = DIRECTION ( 'NONE',  ( 0.000000000000000000, 0.000000000000000000, -1.000000000000000000 ) ) ;
#2482 = DIRECTION ( 'NONE',  ( 0.000000000000000000, 0.000000000000000000, 1.000000000000000000 ) ) ;
#2483 = CARTESIAN_POINT ( 'NONE',  ( -1.254494387950749523, 22.46540961100667744, 5.331417241158295184 ) ) ;
#2484 = ORIENTED_EDGE ( 'NONE', *, *, #454, .T. ) ;
#2485 = VERTEX_POINT ( 'NONE', #156 ) ;
#2486 = LINE ( 'NONE', #161, #445 ) ;
#2487 = CARTESIAN_POINT ( 'NONE',  ( 66.38526012558956779, 18.00000000000000000, 9.905751920256149035 ) ) ;
#2488 = CARTESIAN_POINT ( 'NONE',  ( -12.23955785016440245, -37.39157836974971616, 0.000000000000000000 ) ) ;
#2489 = EDGE_CURVE ( 'NONE', #3680, #3196, #1029, .T. ) ;
#2490 = ORIENTED_EDGE ( 'NONE', *, *, #1753, .T. ) ;
#2491 = DIRECTION ( 'NONE',  ( 1.000000000000000000, 0.000000000000000000, 0.000000000000000000 ) ) ;
#2492 = DIRECTION ( 'NONE',  ( 1.000000000000000000, 0.000000000000000000, 0.000000000000000000 ) ) ;
#2493 = CARTESIAN_POINT ( 'NONE',  ( 1.998320596987769537, -14.86810114881627065, 9.037108955423926560 ) ) ;
#2494 = EDGE_CURVE ( 'NONE', #632, #1225, #1128, .T. ) ;
#2495 = CARTESIAN_POINT ( 'NONE',  ( -2.483727951080196394, 14.79297626665067256, 7.171583242420095594 ) ) ;
#2496 = ADVANCED_FACE ( 'NONE', ( #522 ), #594, .T. ) ;
#2497 = ORIENTED_EDGE ( 'NONE', *, *, #3615, .T. ) ;
#2498 = CARTESIAN_POINT ( 'NONE',  ( 2.419751853590262236, 22.36952905836797711, 6.850885364476158479 ) ) ;
#2499 = CARTESIAN_POINT ( 'NONE',  ( 15.00000000000000000, 1.836970198721029589E-15, -15.00000000000000000 ) ) ;
#2500 = AXIS2_PLACEMENT_3D ( 'NONE', #2548, #1428, #3162 ) ;
#2501 = CARTESIAN_POINT ( 'NONE',  ( -36.32748946347174268, -18.42857142857143060, -1.499999999999997780 ) ) ;
#2502 = SURFACE_STYLE_USAGE ( .BOTH. , #1364 ) ;
#2503 = ORIENTED_EDGE ( 'NONE', *, *, #1204, .T. ) ;
#2504 =( GEOMETRIC_REPRESENTATION_CONTEXT ( 3 ) GLOBAL_UNCERTAINTY_ASSIGNED_CONTEXT ( ( #3111 ) ) GLOBAL_UNIT_ASSIGNED_CONTEXT ( ( #3229, #115, #1258 ) ) REPRESENTATION_CONTEXT ( 'NONE', 'WORKASPACE' ) );
#2505 = EDGE_LOOP ( 'NONE', ( #3512, #2369, #2694, #2584, #524, #71, #1317, #2686, #3258, #478 ) ) ;
#2506 = CARTESIAN_POINT ( 'NONE',  ( 129.0000000000000000, 0.000000000000000000, 33.00000000000000000 ) ) ;
#2507 = SURFACE_STYLE_FILL_AREA ( #2131 ) ;
#2508 = LINE ( 'NONE', #3654, #2259 ) ;
#2509 = AXIS2_PLACEMENT_3D ( 'NONE', #1012, #3267, #715 ) ;
#2510 = DIRECTION ( 'NONE',  ( 1.000000000000000000, 0.000000000000000000, 0.000000000000000000 ) ) ;
#2511 = ORIENTED_EDGE ( 'NONE', *, *, #726, .T. ) ;
#2512 = CARTESIAN_POINT ( 'NONE',  ( 3.061617244196665019E-16, 22.50000000000000355, 5.000000000000007994 ) ) ;
#2513 = EDGE_CURVE ( 'NONE', #1597, #353, #371, .T. ) ;
#2514 = DIRECTION ( 'NONE',  ( -0.000000000000000000, -0.000000000000000000, -1.000000000000000000 ) ) ;
#2515 = VECTOR ( 'NONE', #3355, 1000.000000000000000 ) ;
#2516 = EDGE_CURVE ( 'NONE', #1813, #353, #3435, .T. ) ;
#2517 = B_SPLINE_CURVE_WITH_KNOTS ( 'NONE', 3,
 ( #2732, #1599, #3087, #3028, #113, #3008, #1044, #3374, #1334, #2170, #3315, #180, #2487, #1254, #1907, #2751, #2373, #762, #977, #483, #1616, #2469, #3612, #3526 ),
 .UNSPECIFIED., .F., .F.,
 ( 4, 2, 2, 2, 2, 2, 2, 2, 2, 2, 2, 4 ),
 ( 0.000000000000000000, 0.0003655695600652719333, 0.0007311391201305438665, 0.001462278240261123512, 0.002193417360391703048, 0.002924556480522282585, 0.003655695600652862556, 0.004386834720783441659, 0.005849112961044600732, 0.007311391201305759806, 0.008773669441566918012, 0.01169822592208923442 ),
 .UNSPECIFIED. ) ;
#2518 = EDGE_CURVE ( 'NONE', #1023, #473, #1442, .T. ) ;
#2519 = CARTESIAN_POINT ( 'NONE',  ( -37.99999999999999289, 18.00000000000000000, -12.00000000000000000 ) ) ;
#2520 = VECTOR ( 'NONE', #1839, 1000.000000000000000 ) ;
#2521 = EDGE_LOOP ( 'NONE', ( #2910, #2250, #447, #2401 ) ) ;
#2522 = CARTESIAN_POINT ( 'NONE',  ( 1.651265698633430867, 22.43962339345178592, 5.615889206048397142 ) ) ;
#2523 = EDGE_CURVE ( 'NONE', #2617, #1259, #3, .T. ) ;
#2524 = CARTESIAN_POINT ( 'NONE',  ( -35.35626683027628303, -17.47618708539773991, -1.296428426081012608 ) ) ;
#2525 = CARTESIAN_POINT ( 'NONE',  ( -2.499899361851825930, -14.79021646869766116, 7.333316292170257711 ) ) ;
#2526 = VERTEX_POINT ( 'NONE', #1157 ) ;
#2527 = VERTEX_POINT ( 'NONE', #2015 ) ;
#2528 = CARTESIAN_POINT ( 'NONE',  ( 19.61035082268499963, 9.444036119122735329, -0.000000000000000000 ) ) ;
#2529 = EDGE_CURVE ( 'NONE', #2044, #2969, #1421, .T. ) ;
#2530 = CARTESIAN_POINT ( 'NONE',  ( 103.5020235802539190, 2.604317202283938038, 14.77260121688298966 ) ) ;
#2531 = DIRECTION ( 'NONE',  ( 1.000000000000000000, 0.000000000000000000, 0.000000000000000000 ) ) ;
#2532 = DIRECTION ( 'NONE',  ( 0.000000000000000000, 0.000000000000000000, 1.000000000000000000 ) ) ;
#2533 = EDGE_LOOP ( 'NONE', ( #2075, #177 ) ) ;
#2534 = DIRECTION ( 'NONE',  ( 1.000000000000000000, -0.000000000000000000, -0.000000000000000000 ) ) ;
#2535 = CARTESIAN_POINT ( 'NONE',  ( 0.000000000000000000, -36.00000000000000711, 36.00000000000000000 ) ) ;
#2536 = APPLICATION_CONTEXT ( 'automotive_design' ) ;
#2537 = CARTESIAN_POINT ( 'NONE',  ( -1.987831418275108453, 14.86798121760248748, 5.975204192757821886 ) ) ;
#2538 = AXIS2_PLACEMENT_3D ( 'NONE', #2263, #865, #1471 ) ;
#2539 = EDGE_LOOP ( 'NONE', ( #2938, #1075 ) ) ;
#2540 = DIRECTION ( 'NONE',  ( 0.000000000000000000, 0.000000000000000000, -1.000000000000000000 ) ) ;
#2541 = CARTESIAN_POINT ( 'NONE',  ( -11.99466375918802541, 37.20910799962259574, 0.000000000000000000 ) ) ;
#2542 = CARTESIAN_POINT ( 'NONE',  ( -2.483990701801972900, -14.79293157716242746, 7.826199758869039513 ) ) ;
#2543 = ORIENTED_EDGE ( 'NONE', *, *, #3330, .F. ) ;
#2544 = EDGE_CURVE ( 'NONE', #1677, #563, #2445, .T. ) ;
#2545 = EDGE_LOOP ( 'NONE', ( #3539, #3025, #2186, #2855, #3104, #2870, #1529, #3457 ) ) ;
#2546 = CARTESIAN_POINT ( 'NONE',  ( -30.76401441961830940, 16.50000000000000355, 0.000000000000000000 ) ) ;
#2547 = CARTESIAN_POINT ( 'NONE',  ( 15.11810280147701135, -16.50000000000000000, 0.7752854545589923374 ) ) ;
#2548 = CARTESIAN_POINT ( 'NONE',  ( 69.00000000000000000, 0.000000000000000000, 18.00000000000000000 ) ) ;
#2549 = CARTESIAN_POINT ( 'NONE',  ( 99.61535781756975894, -1.830737128676912517, 14.88875609542869860 ) ) ;
#2550 = VERTEX_POINT ( 'NONE', #28 ) ;
#2551 = CARTESIAN_POINT ( 'NONE',  ( 66.81010921242871348, 18.00000000000000000, 25.50745740634238601 ) ) ;
#2552 = UNCERTAINTY_MEASURE_WITH_UNIT (LENGTH_MEASURE( 1.000000000000000082E-05 ), #2583, 'distance_accuracy_value', 'NONE');
#2553 = CARTESIAN_POINT ( 'NONE',  ( 0.000000000000000000, -36.00000000000000711, 0.000000000000000000 ) ) ;
#2554 = CARTESIAN_POINT ( 'NONE',  ( -1.524746365822088334, 14.92292678812147422, 9.487917544389881996 ) ) ;
#2555 = SHAPE_REPRESENTATION_RELATIONSHIP ( 'NONE' , 'NONE' ,  #3034, #3273 ) ;
#2556 = ORIENTED_EDGE ( 'NONE', *, *, #83, .F. ) ;
#2557 = CARTESIAN_POINT ( 'NONE',  ( 16.06223805077630828, 12.78895326030728619, 33.00000000000000711 ) ) ;
#2558 = VECTOR ( 'NONE', #2393, 1000.000000000000000 ) ;
#2559 = DIRECTION ( 'NONE',  ( 1.000000000000000000, 0.000000000000000000, 0.000000000000000000 ) ) ;
#2560 = CARTESIAN_POINT ( 'NONE',  ( -0.3288835932972017928, -14.99726404368438715, 9.983735837006651792 ) ) ;
#2561 = ORIENTED_EDGE ( 'NONE', *, *, #657, .T. ) ;
#2562 = VERTEX_POINT ( 'NONE', #2272 ) ;
#2563 = AXIS2_PLACEMENT_3D ( 'NONE', #2338, #2905, #2081 ) ;
#2564 = CARTESIAN_POINT ( 'NONE',  ( 69.00000000000000000, 0.000000000000000000, 18.00000000000000000 ) ) ;
#2565 = CARTESIAN_POINT ( 'NONE',  ( 104.8447870450780641, 0.9722956962269559966, 14.96954813202286161 ) ) ;
#2566 = DIRECTION ( 'NONE',  ( 1.000000000000000000, 0.000000000000000000, 0.000000000000000000 ) ) ;
#2567 = ADVANCED_FACE ( 'NONE', ( #559, #1403 ), #3424, .T. ) ;
#2568 = EDGE_CURVE ( 'NONE', #1116, #1285, #1690, .T. ) ;
#2569 = AXIS2_PLACEMENT_3D ( 'NONE', #57, #1237, #609 ) ;
#2570 = CARTESIAN_POINT ( 'NONE',  ( 100.0179130133387986, -2.260576915944805254, 14.82935030116051855 ) ) ;
#2571 = ORIENTED_EDGE ( 'NONE', *, *, #195, .F. ) ;
#2572 = CARTESIAN_POINT ( 'NONE',  ( 31.17691453623979569, -18.00000000000000000, 0.000000000000000000 ) ) ;
#2573 = PLANE ( 'NONE',  #1861 ) ;
#2574 = AXIS2_PLACEMENT_3D ( 'NONE', #3328, #460, #501 ) ;
#2575 = CARTESIAN_POINT ( 'NONE',  ( -31.85090845193134257, -16.49999999999999645, 33.06687275543924898 ) ) ;
#2576 = EDGE_CURVE ( 'NONE', #563, #1677, #1306, .T. ) ;
#2577 = FACE_OUTER_BOUND ( 'NONE', #106, .T. ) ;
#2578 = AXIS2_PLACEMENT_3D ( 'NONE', #2230, #2829, #3033 ) ;
#2579 = EDGE_LOOP ( 'NONE', ( #1642, #1927, #1062, #1445 ) ) ;
#2580 = CIRCLE ( 'NONE', #798, 30.00000000000000000 ) ;
#2581 = AXIS2_PLACEMENT_3D ( 'NONE', #1219, #1787, #2922 ) ;
#2582 = CARTESIAN_POINT ( 'NONE',  ( -34.71838627064497729, -17.07555973513626668, -1.046458474543336070 ) ) ;
#2583 =( LENGTH_UNIT ( ) NAMED_UNIT ( * ) SI_UNIT ( .MILLI., .METRE. ) );
#2584 = ORIENTED_EDGE ( 'NONE', *, *, #18, .F. ) ;
#2585 = VERTEX_POINT ( 'NONE', #2235 ) ;
#2586 = VECTOR ( 'NONE', #2787, 1000.000000000000000 ) ;
#2587 = CARTESIAN_POINT ( 'NONE',  ( 16.25735171022152059, -16.49999999999999645, 4.042653562726012062 ) ) ;
#2588 = DIRECTION ( 'NONE',  ( 0.000000000000000000, 0.000000000000000000, 1.000000000000000000 ) ) ;
#2589 = CARTESIAN_POINT ( 'NONE',  ( 19.23007629963206355, -9.533091112630987851, 33.00000000000000711 ) ) ;
#2590 = VECTOR ( 'NONE', #2018, 1000.000000000000000 ) ;
#2591 = ORIENTED_EDGE ( 'NONE', *, *, #2956, .T. ) ;
#2592 = CARTESIAN_POINT ( 'NONE',  ( 29.80196385098425083, -20.19512195121950882, 0.000000000000000000 ) ) ;
#2593 = DIRECTION ( 'NONE',  ( 1.000000000000000000, -9.130123557772670799E-17, 0.000000000000000000 ) ) ;
#2594 = EDGE_CURVE ( 'NONE', #647, #692, #832, .T. ) ;
#2595 = CARTESIAN_POINT ( 'NONE',  ( 18.69633666099996816, 16.50000000000000711, 26.25831651064283179 ) ) ;
#2596 = CARTESIAN_POINT ( 'NONE',  ( -32.38207104071703668, 16.50000000000000355, -0.1997954018903020657 ) ) ;
#2597 = EDGE_LOOP ( 'NONE', ( #2408, #663, #272, #2099, #962, #2659, #2078, #1982 ) ) ;
#2598 = CARTESIAN_POINT ( 'NONE',  ( 2.245565724559233090, 14.83109890262119634, 6.388990290877150535 ) ) ;
#2599 = CARTESIAN_POINT ( 'NONE',  ( -12.94887325394577537, -38.05537502797230331, 36.00000000000001421 ) ) ;
#2600 = ORIENTED_EDGE ( 'NONE', *, *, #3114, .F. ) ;
#2601 = CARTESIAN_POINT ( 'NONE',  ( 99.00000000000002842, -0.1960159104020557652, -15.00000000000000000 ) ) ;
#2602 = DIRECTION ( 'NONE',  ( 0.000000000000000000, 0.000000000000000000, 1.000000000000000000 ) ) ;
#2603 = LINE ( 'NONE', #2360, #3473 ) ;
#2604 = CARTESIAN_POINT ( 'NONE',  ( 1.524378372984061869, -22.44871474374406262, 9.488203918786913604 ) ) ;
#2605 = AXIS2_PLACEMENT_3D ( 'NONE', #2983, #3254, #3291 ) ;
#2606 = CARTESIAN_POINT ( 'NONE',  ( 103.9827502423954826, -2.259820937556618947, 14.82945154152488598 ) ) ;
#2607 = ORIENTED_EDGE ( 'NONE', *, *, #794, .T. ) ;
#2608 = SHAPE_DEFINITION_REPRESENTATION ( #1238, #625 ) ;
#2609 = CARTESIAN_POINT ( 'NONE',  ( 66.96547193316069979, 18.00000000000000000, 25.31579513147213945 ) ) ;
#2610 = DIRECTION ( 'NONE',  ( 1.000000000000000000, 0.000000000000000000, 0.000000000000000000 ) ) ;
#2611 = EDGE_CURVE ( 'NONE', #507, #2780, #1156, .T. ) ;
#2612 = CARTESIAN_POINT ( 'NONE',  ( 18.05022993308762835, 16.50000000000000000, 26.69068407450515323 ) ) ;
#2613 = DIRECTION ( 'NONE',  ( -0.000000000000000000, 0.000000000000000000, 1.000000000000000000 ) ) ;
#2614 = EDGE_CURVE ( 'NONE', #2562, #1005, #1621, .T. ) ;
#2615 = CARTESIAN_POINT ( 'NONE',  ( -13.99999999999999112, 39.99999999999999289, 36.00000000000000000 ) ) ;
#2616 = DIRECTION ( 'NONE',  ( 0.000000000000000000, 0.000000000000000000, 1.000000000000000000 ) ) ;
#2617 = VERTEX_POINT ( 'NONE', #3459 ) ;
#2618 = ORIENTED_EDGE ( 'NONE', *, *, #2902, .T. ) ;
#2619 = CARTESIAN_POINT ( 'NONE',  ( 20.00000000000001066, 9.420721840708381478, 0.000000000000000000 ) ) ;
#2620 = DIRECTION ( 'NONE',  ( 0.000000000000000000, 0.000000000000000000, -1.000000000000000000 ) ) ;
#2621 = CARTESIAN_POINT ( 'NONE',  ( 0.8055136859373666081, -22.48608693081917309, 5.127659903250671114 ) ) ;
#2622 = CARTESIAN_POINT ( 'NONE',  ( 102.3924070889809315, -2.980780148241811922, 14.70090131663762634 ) ) ;
#2623 = ORIENTED_EDGE ( 'NONE', *, *, #2237, .T. ) ;
#2624 = CARTESIAN_POINT ( 'NONE',  ( 66.37177079738205521, -17.99999999999999645, 9.903856488768932209 ) ) ;
#2625 = TOROIDAL_SURFACE ( 'NONE', #2563, 24.00000000000000000, 5.000000000000000000 ) ;
#2626 = CARTESIAN_POINT ( 'NONE',  ( 69.00000000000000000, 0.000000000000000000, 18.00000000000000000 ) ) ;
#2627 = AXIS2_PLACEMENT_3D ( 'NONE', #731, #3207, #410 ) ;
#2628 = AXIS2_PLACEMENT_3D ( 'NONE', #1033, #1273, #3346 ) ;
#2629 = CARTESIAN_POINT ( 'NONE',  ( 64.00000000000000000, 18.00000000000000000, 2.125492133612453927 ) ) ;
#2630 = CARTESIAN_POINT ( 'NONE',  ( 18.04922605593132445, 16.50000000000000355, 6.308489636085414354 ) ) ;
#2631 = AXIS2_PLACEMENT_3D ( 'NONE', #720, #2183, #2423 ) ;
#2632 = CARTESIAN_POINT ( 'NONE',  ( -59.99999999999998579, 3.469446951953614189E-15, 0.000000000000000000 ) ) ;
#2633 = FACE_OUTER_BOUND ( 'NONE', #2775, .T. ) ;
#2634 = AXIS2_PLACEMENT_3D ( 'NONE', #520, #3585, #1630 ) ;
#2635 = EDGE_LOOP ( 'NONE', ( #1716, #3097, #1920, #2129 ) ) ;
#2636 = CARTESIAN_POINT ( 'NONE',  ( 100.4942988531517329, -2.602118102726393101, -14.77298589767635661 ) ) ;
#2637 = EDGE_CURVE ( 'NONE', #3233, #1232, #3381, .T. ) ;
#2638 = CYLINDRICAL_SURFACE ( 'NONE', #630, 15.00000000000000355 ) ;
#2639 = DIRECTION ( 'NONE',  ( 1.000000000000000000, -0.000000000000000000, -0.000000000000000000 ) ) ;
#2640 = CARTESIAN_POINT ( 'NONE',  ( 2.247255569836685840, -22.38758166280387485, 6.392435402946895273 ) ) ;
#2641 = MECHANICAL_DESIGN_GEOMETRIC_PRESENTATION_REPRESENTATION (  '', ( #924 ), #1101 ) ;
#2642 = DIRECTION ( 'NONE',  ( 0.000000000000000000, 0.000000000000000000, -1.000000000000000000 ) ) ;
#2643 = EDGE_LOOP ( 'NONE', ( #2618, #304, #2001, #2121 ) ) ;
#2644 = EDGE_CURVE ( 'NONE', #1925, #3233, #2433, .T. ) ;
#2645 = ITEM_DEFINED_TRANSFORMATION ( 'NONE', 'NONE', #1269,  #669 ) ;
#2646 = CARTESIAN_POINT ( 'NONE',  ( 66.96547193316071400, -18.00000000000000355, 10.68420486852786233 ) ) ;
#2647 = CARTESIAN_POINT ( 'NONE',  ( 109.0000000000000000, 18.00000000000000000, 36.00000000000000000 ) ) ;
#2648 = PLANE ( 'NONE',  #776 ) ;
#2649 = CARTESIAN_POINT ( 'NONE',  ( 18.69419341740220375, 16.50000000000000711, 6.740463991501989049 ) ) ;
#2650 = CARTESIAN_POINT ( 'NONE',  ( 2.168658395119295257, 14.84268478741296171, 6.245613772216219495 ) ) ;
#2651 = CARTESIAN_POINT ( 'NONE',  ( -32.38207104071703668, -16.49999999999999645, 33.00000000000000000 ) ) ;
#2652 = VERTEX_POINT ( 'NONE', #2615 ) ;
#2653 = CARTESIAN_POINT ( 'NONE',  ( -1.989522693396013509, -22.41205203015568159, 9.022651654075755090 ) ) ;
#2654 = FACE_OUTER_BOUND ( 'NONE', #3153, .T. ) ;
#2655 = CARTESIAN_POINT ( 'NONE',  ( 0.000000000000000000, 0.000000000000000000, 0.000000000000000000 ) ) ;
#2656 = CARTESIAN_POINT ( 'NONE',  ( 19.23312044767573070, -9.532249795062554654, -0.000000000000000000 ) ) ;
#2657 = EDGE_CURVE ( 'NONE', #1596, #2526, #3203, .T. ) ;
#2658 = CARTESIAN_POINT ( 'NONE',  ( -59.99999999999998579, -16.49999999999999645, 0.000000000000000000 ) ) ;
#2659 = ORIENTED_EDGE ( 'NONE', *, *, #423, .T. ) ;
#2660 = DIRECTION ( 'NONE',  ( 1.000000000000000000, 0.000000000000000000, 0.000000000000000000 ) ) ;
#2661 = VECTOR ( 'NONE', #1554, 1000.000000000000000 ) ;
#2662 = DIRECTION ( 'NONE',  ( 9.130123557772670799E-17, 1.000000000000000000, 0.000000000000000000 ) ) ;
#2663 = ORIENTED_EDGE ( 'NONE', *, *, #93, .T. ) ;
#2664 = DIRECTION ( 'NONE',  ( 0.000000000000000000, 0.000000000000000000, -1.000000000000000000 ) ) ;
#2665 = CARTESIAN_POINT ( 'NONE',  ( 67.47363490686221610, -6.781500739684647172, 36.00000000000000000 ) ) ;
#2666 = LINE ( 'NONE', #3583, #3646 ) ;
#2667 = ORIENTED_EDGE ( 'NONE', *, *, #1737, .T. ) ;
#2668 = CYLINDRICAL_SURFACE ( 'NONE', #1320, 30.00000000000000711 ) ;
#2669 = CARTESIAN_POINT ( 'NONE',  ( 15.00000000000001421, 16.50000000000000355, 7.079278159291624739 ) ) ;
#2670 = CARTESIAN_POINT ( 'NONE',  ( 65.64614939539478655, -18.00000000000000355, 27.34876097797074479 ) ) ;
#2671 = CARTESIAN_POINT ( 'NONE',  ( 15.04448374036658720, -16.49999999999999645, 0.000000000000000000 ) ) ;
#2672 = CARTESIAN_POINT ( 'NONE',  ( -36.08067958894990568, 18.11153061085080296, 34.49999999999999289 ) ) ;
#2673 = EDGE_LOOP ( 'NONE', ( #879, #2957 ) ) ;
#2674 = EDGE_CURVE ( 'NONE', #2678, #2652, #982, .T. ) ;
#2675 = EDGE_CURVE ( 'NONE', #2303, #3251, #843, .T. ) ;
#2676 = CARTESIAN_POINT ( 'NONE',  ( 60.00000000000001421, 16.50000000000000355, 7.079278159291624739 ) ) ;
#2677 = CARTESIAN_POINT ( 'NONE',  ( -53.00000000000000711, 39.99999999999999289, 18.00000000000000355 ) ) ;
#2678 = VERTEX_POINT ( 'NONE', #414 ) ;
#2679 = TOROIDAL_SURFACE ( 'NONE', #1966, 34.89897948556635043, 5.000000000000000000 ) ;
#2680 = FACE_OUTER_BOUND ( 'NONE', #696, .T. ) ;
#2681 = AXIS2_PLACEMENT_3D ( 'NONE', #2868, #643, #3476 ) ;
#2682 = AXIS2_PLACEMENT_3D ( 'NONE', #2352, #976, #3561 ) ;
#2683 = EDGE_CURVE ( 'NONE', #3307, #3059, #3336, .T. ) ;
#2684 = CARTESIAN_POINT ( 'NONE',  ( 64.85694791627592792, 11.11435477815675021, 0.000000000000000000 ) ) ;
#2685 = CARTESIAN_POINT ( 'NONE',  ( 33.94112549695428527, -18.00000000000000000, 0.000000000000000000 ) ) ;
#2686 = ORIENTED_EDGE ( 'NONE', *, *, #1098, .F. ) ;
#2687 = CARTESIAN_POINT ( 'NONE',  ( 60.00000000000001421, 0.000000000000000000, 16.50000000000000000 ) ) ;
#2688 = PLANE ( 'NONE',  #1063 ) ;
#2689 = DIRECTION ( 'NONE',  ( 1.000000000000000000, 0.000000000000000000, 0.000000000000000000 ) ) ;
#2690 = CARTESIAN_POINT ( 'NONE',  ( 2.247093928676628938, -22.38759695677058303, 8.607735598515301234 ) ) ;
#2691 = AXIS2_PLACEMENT_3D ( 'NONE', #2953, #2060, #2660 ) ;
#2692 = FILL_AREA_STYLE_COLOUR ( '', #3421 ) ;
#2693 = EDGE_LOOP ( 'NONE', ( #3549, #2561 ) ) ;
#2694 = ORIENTED_EDGE ( 'NONE', *, *, #3253, .T. ) ;
#2695 = DIRECTION ( 'NONE',  ( 0.000000000000000000, 0.000000000000000000, 1.000000000000000000 ) ) ;
#2696 = CIRCLE ( 'NONE', #441, 33.57071421427141900 ) ;
#2697 = CARTESIAN_POINT ( 'NONE',  ( 0.000000000000000000, 0.000000000000000000, 0.000000000000000000 ) ) ;
#2698 = ORIENTED_EDGE ( 'NONE', *, *, #2456, .T. ) ;
#2699 = DIRECTION ( 'NONE',  ( 1.000000000000000000, 0.000000000000000000, -0.000000000000000000 ) ) ;
#2700 = EDGE_CURVE ( 'NONE', #1028, #3202, #2119, .T. ) ;
#2701 = CIRCLE ( 'NONE', #2883, 15.00000000000000000 ) ;
#2702 = CARTESIAN_POINT ( 'NONE',  ( 68.39523250319234648, 6.192671669362319165, -0.000000000000000000 ) ) ;
#2703 = CARTESIAN_POINT ( 'NONE',  ( 33.94112549695428527, 18.00000000000000000, 36.00000000000000000 ) ) ;
#2704 = EDGE_LOOP ( 'NONE', ( #760, #1337, #1826, #2238 ) ) ;
#2705 = CARTESIAN_POINT ( 'NONE',  ( -2.170696748714307400, -22.39523057204512568, 8.750897370817645182 ) ) ;
#2706 = DIRECTION ( 'NONE',  ( -1.000000000000000000, 0.000000000000000000, -0.000000000000000000 ) ) ;
#2707 = DIRECTION ( 'NONE',  ( 0.000000000000000000, -0.000000000000000000, -1.000000000000000000 ) ) ;
#2708 = CARTESIAN_POINT ( 'NONE',  ( 64.57271688748407712, 12.05069094661802254, 36.00000000000000711 ) ) ;
#2709 = LINE ( 'NONE', #2658, #2418 ) ;
#2710 = EDGE_LOOP ( 'NONE', ( #1154, #1865, #1845 ) ) ;
#2711 = CARTESIAN_POINT ( 'NONE',  ( 17.34916700087794084, -16.49999999999999645, 27.35773040106998266 ) ) ;
#2712 = AXIS2_PLACEMENT_3D ( 'NONE', #2009, #3148, #1181 ) ;
#2713 = FACE_OUTER_BOUND ( 'NONE', #1961, .T. ) ;
#2714 = ADVANCED_FACE ( 'NONE', ( #1842 ), #3547, .F. ) ;
#2715 = VERTEX_POINT ( 'NONE', #2721 ) ;
#2716 = DIRECTION ( 'NONE',  ( 0.01809516589531826730, 3.594130201789446582E-17, 0.9998362690817036436 ) ) ;
#2717 = CARTESIAN_POINT ( 'NONE',  ( 99.01965205016209381, 0.3952058261487539914, -14.99603433614462311 ) ) ;
#2718 = B_SPLINE_CURVE_WITH_KNOTS ( 'NONE', 3,
 ( #1488, #2260, #3185, #3163, #336, #2843, #622, #1469, #1754, #2606, #1196, #3146, #2043, #2279, #3411, #2622, #637, #2311, #919, #295, #277, #1768, #352, #69, #2570, #16, #2549, #1213, #2330, #934, #3433, #568, #1697, #884 ),
 .UNSPECIFIED., .F., .F.,
 ( 4, 2, 2, 2, 2, 2, 2, 2, 2, 2, 2, 2, 2, 2, 2, 2, 4 ),
 ( 0.000000000000000000, 0.0005876946734792551537, 0.001175389346958510307, 0.001763084020437765461, 0.002350778693917021048, 0.002938473367396276636, 0.003526168040875531789, 0.004113862714354786509, 0.004701557387834042097, 0.005289252061313297684, 0.005876946734792552404, 0.006464641408271807992, 0.007052336081751061844, 0.007640030755230317432, 0.008227725428709573019, 0.008815420102188827739, 0.009403114775668084194 ),
 .UNSPECIFIED. ) ;
#2719 = EDGE_CURVE ( 'NONE', #310, #3196, #1571, .T. ) ;
#2720 = EDGE_CURVE ( 'NONE', #110, #824, #149, .T. ) ;
#2721 = CARTESIAN_POINT ( 'NONE',  ( 0.000000000000000000, 22.50000000000000000, 9.999999999999991118 ) ) ;
#2722 = DIRECTION ( 'NONE',  ( 1.000000000000000000, -0.000000000000000000, -0.000000000000000000 ) ) ;
#2723 = MECHANICAL_DESIGN_GEOMETRIC_PRESENTATION_REPRESENTATION (  '', ( #1446 ), #558 ) ;
#2724 = VERTEX_POINT ( 'NONE', #1824 ) ;
#2725 = CARTESIAN_POINT ( 'NONE',  ( -0.3254624676532815730, -22.49822477089077566, 5.015823762896594040 ) ) ;
#2726 = DIRECTION ( 'NONE',  ( -0.000000000000000000, -0.000000000000000000, 1.000000000000000000 ) ) ;
#2727 = LINE ( 'NONE', #1882, #186 ) ;
#2728 = CARTESIAN_POINT ( 'NONE',  ( -1.109143165817337406, 22.47315627395513005, 9.746475549226168766 ) ) ;
#2729 = VERTEX_POINT ( 'NONE', #2158 ) ;
#2730 = ORIENTED_EDGE ( 'NONE', *, *, #841, .F. ) ;
#2731 = DIRECTION ( 'NONE',  ( 0.000000000000000000, 0.000000000000000000, 1.000000000000000000 ) ) ;
#2732 = CARTESIAN_POINT ( 'NONE',  ( 69.00000000000000000, 18.00000000000000000, 11.91723746970177800 ) ) ;
#2733 = LINE ( 'NONE', #1336, #111 ) ;
#2734 = ORIENTED_EDGE ( 'NONE', *, *, #1176, .F. ) ;
#2735 = CARTESIAN_POINT ( 'NONE',  ( 99.39819355695161107, 1.506227076324667680, -14.92507743691897026 ) ) ;
#2736 = AXIS2_PLACEMENT_3D ( 'NONE', #698, #3322, #437 ) ;
#2737 = CARTESIAN_POINT ( 'NONE',  ( 67.85551133656731793, 6.475217713472358305, -0.000000000000000000 ) ) ;
#2738 = AXIS2_PLACEMENT_3D ( 'NONE', #1810, #394, #2924 ) ;
#2739 = DIRECTION ( 'NONE',  ( -0.000000000000000000, -0.000000000000000000, 1.000000000000000000 ) ) ;
#2740 = VERTEX_POINT ( 'NONE', #2999 ) ;
#2741 = CARTESIAN_POINT ( 'NONE',  ( 0.000000000000000000, 22.50000000000000000, 9.999999999999991118 ) ) ;
#2742 = FACE_OUTER_BOUND ( 'NONE', #1613, .T. ) ;
#2743 = FACE_OUTER_BOUND ( 'NONE', #430, .T. ) ;
#2744 = CARTESIAN_POINT ( 'NONE',  ( 63.99999999999998579, 14.89559075793524556, 35.99999999999999289 ) ) ;
#2745 = AXIS2_PLACEMENT_3D ( 'NONE', #875, #233, #1669 ) ;
#2746 = VERTEX_POINT ( 'NONE', #1340 ) ;
#2747 = EDGE_CURVE ( 'NONE', #2430, #759, #2974, .T. ) ;
#2748 = ADVANCED_FACE ( 'NONE', ( #187 ), #1322, .T. ) ;
#2749 = ORIENTED_EDGE ( 'NONE', *, *, #1644, .F. ) ;
#2750 = CARTESIAN_POINT ( 'NONE',  ( 18.20427007747218795, -16.50000000000000000, 26.57105113594890611 ) ) ;
#2751 = CARTESIAN_POINT ( 'NONE',  ( 65.64614939539478655, 18.00000000000000711, 8.651239022029256986 ) ) ;
#2752 = AXIS2_PLACEMENT_3D ( 'NONE', #2439, #3040, #1361 ) ;
#2753 = VERTEX_POINT ( 'NONE', #1665 ) ;
#2754 =( NAMED_UNIT ( * ) PLANE_ANGLE_UNIT ( ) SI_UNIT ( $, .RADIAN. ) );
#2755 = CARTESIAN_POINT ( 'NONE',  ( 15.00000000000000000, 0.000000000000000000, 0.000000000000000000 ) ) ;
#2756 = CARTESIAN_POINT ( 'NONE',  ( 1.653090545286881152, -14.90908182598873033, 9.382495401423490478 ) ) ;
#2757 = CARTESIAN_POINT ( 'NONE',  ( 15.00000000000000000, 1.836970198721029589E-15, 15.00000000000000000 ) ) ;
#2758 = DIRECTION ( 'NONE',  ( 0.000000000000000000, 1.000000000000000000, 0.000000000000000000 ) ) ;
#2759 = ORIENTED_EDGE ( 'NONE', *, *, #1815, .F. ) ;
#2760 = CARTESIAN_POINT ( 'NONE',  ( 60.00000000000001421, 0.000000000000000000, 16.50000000000000000 ) ) ;
#2761 = DIRECTION ( 'NONE',  ( 0.000000000000000000, 0.000000000000000000, -1.000000000000000000 ) ) ;
#2762 = DIRECTION ( 'NONE',  ( 0.000000000000000000, 0.000000000000000000, -1.000000000000000000 ) ) ;
#2763 = CARTESIAN_POINT ( 'NONE',  ( 64.00000000000000000, 15.87450786638754430, 36.00000000000000000 ) ) ;
#2764 = ORIENTED_EDGE ( 'NONE', *, *, #1472, .T. ) ;
#2765 = VERTEX_POINT ( 'NONE', #1131 ) ;
#2766 = CARTESIAN_POINT ( 'NONE',  ( 117.0000000000000000, 0.000000000000000000, 15.00000000000000000 ) ) ;
#2767 = EDGE_CURVE ( 'NONE', #512, #3584, #184, .T. ) ;
#2768 = CARTESIAN_POINT ( 'NONE',  ( -13.80548958012964178, -39.38839789533791702, -0.000000000000000000 ) ) ;
#2769 = VERTEX_POINT ( 'NONE', #2519 ) ;
#2770 = CARTESIAN_POINT ( 'NONE',  ( 100.6693103282879207, 2.695931581789392961, -14.75594254826813945 ) ) ;
#2771 = DIRECTION ( 'NONE',  ( -1.000000000000000000, 0.000000000000000000, 0.000000000000000000 ) ) ;
#2772 = ADVANCED_FACE ( 'NONE', ( #2577 ), #3159, .F. ) ;
#2773 = CARTESIAN_POINT ( 'NONE',  ( -0.6481003630459247766, 14.98684701477776926, 9.920035242686036980 ) ) ;
#2774 = CIRCLE ( 'NONE', #3138, 30.00000000000000711 ) ;
#2775 = EDGE_LOOP ( 'NONE', ( #2179, #4, #223, #3524 ) ) ;
#2776 = DIRECTION ( 'NONE',  ( 0.000000000000000000, 1.000000000000000000, -0.000000000000000000 ) ) ;
#2777 = FACE_OUTER_BOUND ( 'NONE', #3386, .T. ) ;
#2778 = CARTESIAN_POINT ( 'NONE',  ( 0.000000000000000000, -36.00000000000000711, 36.00000000000000000 ) ) ;
#2779 = CARTESIAN_POINT ( 'NONE',  ( -1.108275871143416191, 22.47319920153850248, 5.253096702944623608 ) ) ;
#2780 = VERTEX_POINT ( 'NONE', #1073 ) ;
#2781 = ORIENTED_EDGE ( 'NONE', *, *, #1472, .F. ) ;
#2782 = DIRECTION ( 'NONE',  ( 0.000000000000000000, 0.000000000000000000, -1.000000000000000000 ) ) ;
#2783 = LINE ( 'NONE', #465, #1899 ) ;
#2784 = DIRECTION ( 'NONE',  ( -1.000000000000000000, 0.000000000000000000, 0.000000000000000000 ) ) ;
#2785 = ORIENTED_EDGE ( 'NONE', *, *, #783, .F. ) ;
#2786 = EDGE_CURVE ( 'NONE', #2526, #1596, #1010, .T. ) ;
#2787 = DIRECTION ( 'NONE',  ( -0.000000000000000000, -0.000000000000000000, -1.000000000000000000 ) ) ;
#2788 = CARTESIAN_POINT ( 'NONE',  ( 1.108543417651202567, -14.95974914407816492, 5.253239989113053454 ) ) ;
#2789 = EDGE_CURVE ( 'NONE', #2793, #183, #665, .T. ) ;
#2790 = CARTESIAN_POINT ( 'NONE',  ( 67.85713652217035019, -6.473982506812322235, 0.000000000000000000 ) ) ;
#2791 = DIRECTION ( 'NONE',  ( 0.000000000000000000, 0.000000000000000000, 1.000000000000000000 ) ) ;
#2792 = EDGE_CURVE ( 'NONE', #1259, #653, #344, .T. ) ;
#2793 = VERTEX_POINT ( 'NONE', #679 ) ;
#2794 = EDGE_CURVE ( 'NONE', #134, #1580, #656, .T. ) ;
#2795 = CARTESIAN_POINT ( 'NONE',  ( -38.00000000000000711, 18.00000000000000355, 18.00000000000000000 ) ) ;
#2796 = CIRCLE ( 'NONE', #3283, 19.00000000000000000 ) ;
#2797 = DIRECTION ( 'NONE',  ( 0.000000000000000000, -1.000000000000000000, 0.000000000000000000 ) ) ;
#2798 = CARTESIAN_POINT ( 'NONE',  ( -10.29242148762370412, -36.35028046964969661, 36.00000000000000000 ) ) ;
#2799 = PRODUCT_RELATED_PRODUCT_CATEGORY ( 'part', '', ( #2867 ) ) ;
#2800 = CIRCLE ( 'NONE', #1025, 4.999999999999997335 ) ;
#2801 = ORIENTED_EDGE ( 'NONE', *, *, #1413, .T. ) ;
#2802 = VECTOR ( 'NONE', #169, 1000.000000000000000 ) ;
#2803 = ORIENTED_EDGE ( 'NONE', *, *, #2062, .F. ) ;
#2804 = CARTESIAN_POINT ( 'NONE',  ( 16.64765448053523400, 11.79397480471558701, -0.000000000000000000 ) ) ;
#2805 = FACE_OUTER_BOUND ( 'NONE', #3591, .T. ) ;
#2806 = CARTESIAN_POINT ( 'NONE',  ( 20.00000000000001421, 0.000000000000000000, 16.50000000000000000 ) ) ;
#2807 = LINE ( 'NONE', #2209, #2128 ) ;
#2808 = ORIENTED_EDGE ( 'NONE', *, *, #148, .T. ) ;
#2809 = CARTESIAN_POINT ( 'NONE',  ( 68.51385917503394296, 18.00000000000000000, 24.15193658333812721 ) ) ;
#2810 = UNCERTAINTY_MEASURE_WITH_UNIT (LENGTH_MEASURE( 1.000000000000000082E-05 ), #3210, 'distance_accuracy_value', 'NONE');
#2811 = CARTESIAN_POINT ( 'NONE',  ( -36.08092155270006884, -18.11184142655601903, 34.49999999999997868 ) ) ;
#2812 = CARTESIAN_POINT ( 'NONE',  ( 65.43387488901788629, -9.783180435723730639, 0.000000000000000000 ) ) ;
#2813 = AXIS2_PLACEMENT_3D ( 'NONE', #1160, #599, #1407 ) ;
#2814 = EDGE_CURVE ( 'NONE', #873, #1005, #1790, .T. ) ;
#2815 = ORIENTED_EDGE ( 'NONE', *, *, #2644, .T. ) ;
#2816 = DIRECTION ( 'NONE',  ( 1.000000000000000000, 0.000000000000000000, 0.000000000000000000 ) ) ;
#2817 = CARTESIAN_POINT ( 'NONE',  ( -8.101191175333068983, 36.00000000000000711, 0.000000000000000000 ) ) ;
#2818 = CARTESIAN_POINT ( 'NONE',  ( -2.245565724559233090, -14.83109890262119634, 6.388990290877150535 ) ) ;
#2819 = UNCERTAINTY_MEASURE_WITH_UNIT (LENGTH_MEASURE( 1.000000000000000082E-05 ), #2453, 'distance_accuracy_value', 'NONE');
#2820 = ORIENTED_EDGE ( 'NONE', *, *, #1429, .F. ) ;
#2821 = ORIENTED_EDGE ( 'NONE', *, *, #3620, .F. ) ;
#2822 = CARTESIAN_POINT ( 'NONE',  ( 19.80351309827523565, 9.420721840708383255, 0.000000000000000000 ) ) ;
#2823 = CARTESIAN_POINT ( 'NONE',  ( 100.0156656009775986, 2.258461421558167981, 14.82966213882487416 ) ) ;
#2824 = FACE_OUTER_BOUND ( 'NONE', #623, .T. ) ;
#2825 = CARTESIAN_POINT ( 'NONE',  ( 15.27719583070279619, -14.97310278982766540, 32.99999999999999289 ) ) ;
#2826 = ORIENTED_EDGE ( 'NONE', *, *, #3266, .T. ) ;
#2827 = PRODUCT_CONTEXT ( 'NONE', #1202, 'mechanical' ) ;
#2828 = CARTESIAN_POINT ( 'NONE',  ( 15.00000000000000000, 0.000000000000000000, 22.50000000000000355 ) ) ;
#2829 = DIRECTION ( 'NONE',  ( -0.000000000000000000, -0.000000000000000000, 1.000000000000000000 ) ) ;
#2830 = CARTESIAN_POINT ( 'NONE',  ( -1.651376758535584521, 14.90928215957856651, 5.615841605927111679 ) ) ;
#2831 = DIRECTION ( 'NONE',  ( 1.000000000000000000, 0.000000000000000000, 0.000000000000000000 ) ) ;
#2832 = ORIENTED_EDGE ( 'NONE', *, *, #2792, .T. ) ;
#2833 = CARTESIAN_POINT ( 'NONE',  ( 19.80321984150614156, 9.420721840708379702, 32.99999999999999289 ) ) ;
#2834 = PRODUCT_DEFINITION_SHAPE ( 'NONE', 'NONE',  #2959 ) ;
#2835 = ADVANCED_FACE ( 'NONE', ( #1171 ), #2625, .F. ) ;
#2836 = EDGE_CURVE ( 'NONE', #2105, #1180, #1372, .T. ) ;
#2837 = DIRECTION ( 'NONE',  ( 0.000000000000000000, 0.000000000000000000, -1.000000000000000000 ) ) ;
#2838 = CARTESIAN_POINT ( 'NONE',  ( -0.8098636558908890448, -14.97887853606512287, 9.870784187653276476 ) ) ;
#2839 = VERTEX_POINT ( 'NONE', #906 ) ;
#2840 = CARTESIAN_POINT ( 'NONE',  ( 101.0302703159907907, -2.845780710607348496, -14.72777848695902136 ) ) ;
#2841 = DIRECTION ( 'NONE',  ( 0.000000000000000000, -1.000000000000000000, 0.000000000000000000 ) ) ;
#2842 = CARTESIAN_POINT ( 'NONE',  ( 117.0000000000000000, 1.836970198721029589E-15, -15.00000000000000000 ) ) ;
#2843 = CARTESIAN_POINT ( 'NONE',  ( 104.6951757036987516, -1.332168865251138090, 14.94183664288016367 ) ) ;
#2844 = ORIENTED_EDGE ( 'NONE', *, *, #2675, .F. ) ;
#2845 = PRODUCT_DEFINITION_CONTEXT ( 'detailed design', #751, 'design' ) ;
#2846 = EDGE_CURVE ( 'NONE', #2740, #562, #3578, .T. ) ;
#2847 = DIRECTION ( 'NONE',  ( 0.000000000000000000, 0.000000000000000000, -1.000000000000000000 ) ) ;
#2848 = CARTESIAN_POINT ( 'NONE',  ( 109.0000000000000000, -18.00000000000000000, 24.08276253029822200 ) ) ;
#2849 = CARTESIAN_POINT ( 'NONE',  ( 16.65109248719900492, 16.50000000000000355, 28.28847565381690998 ) ) ;
#2850 = DIRECTION ( 'NONE',  ( 1.000000000000000000, 0.000000000000000000, 0.000000000000000000 ) ) ;
#2851 = EDGE_LOOP ( 'NONE', ( #771, #2191, #3001, #1574 ) ) ;
#2852 = DIRECTION ( 'NONE',  ( 1.000000000000000000, 0.000000000000000000, 0.000000000000000000 ) ) ;
#2853 = CIRCLE ( 'NONE', #3164, 30.00000000000000711 ) ;
#2854 = DIRECTION ( 'NONE',  ( 0.000000000000000000, 0.000000000000000000, -1.000000000000000000 ) ) ;
#2855 = ORIENTED_EDGE ( 'NONE', *, *, #978, .T. ) ;
#2856 = CARTESIAN_POINT ( 'NONE',  ( 99.39715919739565209, -1.504592218499658296, -14.92525343679765903 ) ) ;
#2857 = AXIS2_PLACEMENT_3D ( 'NONE', #455, #3305, #749 ) ;
#2858 = CARTESIAN_POINT ( 'NONE',  ( 103.9820013591576071, 2.260460606360683578, 14.82935221048718510 ) ) ;
#2859 = CARTESIAN_POINT ( 'NONE',  ( 64.00000000000000000, -18.00000000000000000, 36.00000000000000000 ) ) ;
#2860 = PRESENTATION_LAYER_ASSIGNMENT (  '', '', ( #1902 ) ) ;
#2861 = ADVANCED_FACE ( 'NONE', ( #3507, #2285 ), #2869, .F. ) ;
#2862 = CARTESIAN_POINT ( 'NONE',  ( 15.62920257233693277, -13.87594757580465021, 33.00000000000000000 ) ) ;
#2863 = ORIENTED_EDGE ( 'NONE', *, *, #2674, .T. ) ;
#2864 = AXIS2_PLACEMENT_3D ( 'NONE', #750, #3015, #518 ) ;
#2865 = LINE ( 'NONE', #2828, #1038 ) ;
#2866 = DIRECTION ( 'NONE',  ( -9.130123557772672032E-17, -1.000000000000000000, -0.000000000000000000 ) ) ;
#2867 = PRODUCT ( 'FORK', 'FORK', '', ( #3219 ) ) ;
#2868 = CARTESIAN_POINT ( 'NONE',  ( -38.00000000000000000, -39.99999999999999289, 18.00000000000000000 ) ) ;
#2869 = CYLINDRICAL_SURFACE ( 'NONE', #3342, 15.00000000000000000 ) ;
#2870 = ORIENTED_EDGE ( 'NONE', *, *, #3238, .F. ) ;
#2871 = EDGE_CURVE ( 'NONE', #1005, #1933, #615, .T. ) ;
#2872 = AXIS2_PLACEMENT_3D ( 'NONE', #3690, #1148, #1990 ) ;
#2873 = CARTESIAN_POINT ( 'NONE',  ( 0.000000000000000000, 15.00000000000000000, 9.999999999999991118 ) ) ;
#2874 =( NAMED_UNIT ( * ) PLANE_ANGLE_UNIT ( ) SI_UNIT ( $, .RADIAN. ) );
#2875 = ADVANCED_FACE ( 'NONE', ( #40 ), #927, .F. ) ;
#2876 = EDGE_LOOP ( 'NONE', ( #579, #2484 ) ) ;
#2877 = CARTESIAN_POINT ( 'NONE',  ( 99.01902352858137135, -0.3911950124550981900, -14.99615894443915032 ) ) ;
#2878 = AXIS2_PLACEMENT_3D ( 'NONE', #2281, #1455, #886 ) ;
#2879 = DIRECTION ( 'NONE',  ( 1.000000000000000000, 0.000000000000000000, 0.000000000000000000 ) ) ;
#2880 = CARTESIAN_POINT ( 'NONE',  ( 104.3958522828690434, 1.847143199948393599, 14.88843640350602548 ) ) ;
#2881 = CARTESIAN_POINT ( 'NONE',  ( 0.6475669977924549681, -22.49124772111815673, 9.920170051048687654 ) ) ;
#2882 = CARTESIAN_POINT ( 'NONE',  ( 16.86276896438464235, -11.47369060606244950, 33.00000000000000000 ) ) ;
#2883 = AXIS2_PLACEMENT_3D ( 'NONE', #101, #3235, #3198 ) ;
#2884 = VERTEX_POINT ( 'NONE', #2302 ) ;
#2885 = EDGE_CURVE ( 'NONE', #653, #1764, #63, .T. ) ;
#2886 = CARTESIAN_POINT ( 'NONE',  ( 68.05856271038356908, 18.00000000000000711, 24.34155566042912611 ) ) ;
#2887 = DIRECTION ( 'NONE',  ( 0.000000000000000000, 0.000000000000000000, -1.000000000000000000 ) ) ;
#2888 = CARTESIAN_POINT ( 'NONE',  ( 18.20523409091038403, 16.50000000000000711, 26.57032037425849325 ) ) ;
#2889 = DIRECTION ( 'NONE',  ( 0.000000000000000000, 0.000000000000000000, 1.000000000000000000 ) ) ;
#2890 = EDGE_CURVE ( 'NONE', #3066, #3233, #95, .T. ) ;
#2891 = CARTESIAN_POINT ( 'NONE',  ( 2.500099718464164233, 14.79018260225538128, 7.663651078757321322 ) ) ;
#2892 = ORIENTED_EDGE ( 'NONE', *, *, #3464, .F. ) ;
#2893 = SHAPE_REPRESENTATION ( 'FORK', ( #669 ), #554 ) ;
#2894 = ORIENTED_EDGE ( 'NONE', *, *, #3226, .F. ) ;
#2895 = CARTESIAN_POINT ( 'NONE',  ( -8.101191175333068983, 36.00000000000000711, 0.000000000000000000 ) ) ;
#2896 = CARTESIAN_POINT ( 'NONE',  ( 68.06117621728691347, -18.00000000000000000, 24.33992591729341370 ) ) ;
#2897 = CARTESIAN_POINT ( 'NONE',  ( 1.884669992700187535, -22.42123356493478070, 5.849167391910559566 ) ) ;
#2898 = CARTESIAN_POINT ( 'NONE',  ( 19.04480368343781649, -9.598741915369094713, 33.00000000000000000 ) ) ;
#2899 = ORIENTED_EDGE ( 'NONE', *, *, #1854, .F. ) ;
#2900 = ITEM_DEFINED_TRANSFORMATION ( 'NONE', 'NONE', #2154,  #669 ) ;
#2901 = DIRECTION ( 'NONE',  ( 0.000000000000000000, 1.000000000000000000, 0.000000000000000000 ) ) ;
#2902 = EDGE_CURVE ( 'NONE', #777, #1028, #960, .T. ) ;
#2903 = CARTESIAN_POINT ( 'NONE',  ( 80.00000000000001421, 0.000000000000000000, 16.50000000000000000 ) ) ;
#2904 = CYLINDRICAL_SURFACE ( 'NONE', #1678, 36.00000000000000711 ) ;
#2905 = DIRECTION ( 'NONE',  ( 1.000000000000000000, 0.000000000000000000, 0.000000000000000000 ) ) ;
#2906 = DIRECTION ( 'NONE',  ( 0.000000000000000000, -8.881784197001252323E-15, -1.000000000000000000 ) ) ;
#2907 = DIRECTION ( 'NONE',  ( 0.000000000000000000, 0.000000000000000000, 1.000000000000000000 ) ) ;
#2908 = EDGE_CURVE ( 'NONE', #1460, #873, #1193, .T. ) ;
#2909 = ORIENTED_EDGE ( 'NONE', *, *, #3620, .T. ) ;
#2910 = ORIENTED_EDGE ( 'NONE', *, *, #2262, .T. ) ;
#2911 = CARTESIAN_POINT ( 'NONE',  ( -37.99999999999999289, 18.00000000000000000, 18.00000000000000000 ) ) ;
#2912 = CARTESIAN_POINT ( 'NONE',  ( 20.00000000000001066, -16.49999999999999645, 7.079278159291612305 ) ) ;
#2913 = CARTESIAN_POINT ( 'NONE',  ( 2.483769188023921437, -22.36251156745233715, 7.171929200235282131 ) ) ;
#2914 = CARTESIAN_POINT ( 'NONE',  ( -38.00000000000000000, -17.99999999999999645, 18.00000000000000000 ) ) ;
#2915 = AXIS2_PLACEMENT_3D ( 'NONE', #2220, #3666, #1173 ) ;
#2916 = VERTEX_POINT ( 'NONE', #1066 ) ;
#2917 = SHAPE_DEFINITION_REPRESENTATION ( #3263, #3034 ) ;
#2918 = PLANE ( 'NONE',  #2034 ) ;
#2919 = VECTOR ( 'NONE', #103, 1000.000000000000000 ) ;
#2920 = ADVANCED_FACE ( 'NONE', ( #2208 ), #2188, .F. ) ;
#2921 = B_SPLINE_CURVE_WITH_KNOTS ( 'NONE', 3,
 ( #3523, #92, #1235, #2077, #1298, #972, #2098, #203, #2488, #3655, #1394, #3375, #1676, #2768, #1315, #1373 ),
 .UNSPECIFIED., .F., .F.,
 ( 4, 2, 2, 2, 2, 2, 2, 4 ),
 ( 0.000000000000000000, 0.001894279582788938000, 0.002841419374183404289, 0.003788559165577871229, 0.004735698956972337302, 0.005682838748366803375, 0.006629978539761271182, 0.007577118331155737255 ),
 .UNSPECIFIED. ) ;
#2922 = DIRECTION ( 'NONE',  ( 0.000000000000000000, 0.000000000000000000, 1.000000000000000000 ) ) ;
#2923 = CARTESIAN_POINT ( 'NONE',  ( 33.94112549695428527, 23.00000000000000000, 36.00000000000000000 ) ) ;
#2924 = DIRECTION ( 'NONE',  ( -1.000000000000000000, 0.000000000000000000, 0.000000000000000000 ) ) ;
#2925 = CIRCLE ( 'NONE', #2320, 18.00000000000000000 ) ;
#2926 = ADVANCED_FACE ( 'NONE', ( #3356 ), #1313, .T. ) ;
#2927 = CARTESIAN_POINT ( 'NONE',  ( 68.75335466912287075, -6.097307333121237072, 36.00000000000000711 ) ) ;
#2928 = CIRCLE ( 'NONE', #2634, 15.00000000000000000 ) ;
#2929 = ORIENTED_EDGE ( 'NONE', *, *, #2173, .F. ) ;
#2930 = CARTESIAN_POINT ( 'NONE',  ( -2.372682105331415769, -22.37463623270637925, 8.304504188955728949 ) ) ;
#2931 = DIRECTION ( 'NONE',  ( -1.000000000000000000, 0.000000000000000000, 0.000000000000000000 ) ) ;
#2932 = CARTESIAN_POINT ( 'NONE',  ( 69.00000000000000000, -18.00000000000000000, 24.08276253029821845 ) ) ;
#2933 = CARTESIAN_POINT ( 'NONE',  ( 18.04778343441369515, -10.19266796980880763, 0.000000000000000000 ) ) ;
#2934 = DIRECTION ( 'NONE',  ( 1.000000000000000000, 0.000000000000000000, 0.000000000000000000 ) ) ;
#2935 = ORIENTED_EDGE ( 'NONE', *, *, #2594, .T. ) ;
#2936 = CARTESIAN_POINT ( 'NONE',  ( 109.0000000000000000, 18.00000000000000000, 36.00000000000000000 ) ) ;
#2937 = FACE_OUTER_BOUND ( 'NONE', #1481, .T. ) ;
#2938 = ORIENTED_EDGE ( 'NONE', *, *, #2513, .F. ) ;
#2939 = FACE_OUTER_BOUND ( 'NONE', #519, .T. ) ;
#2940 = CARTESIAN_POINT ( 'NONE',  ( 64.00000000000000000, 0.000000000000000000, 18.00000000000000000 ) ) ;
#2941 = CARTESIAN_POINT ( 'NONE',  ( 64.12234359963606778, -13.93599860273120328, 35.99999999999999289 ) ) ;
#2942 = CARTESIAN_POINT ( 'NONE',  ( -59.99999999999998579, 3.469446951953614189E-15, 34.50000000000000000 ) ) ;
#2943 = EDGE_LOOP ( 'NONE', ( #1693, #1804, #3631, #2607, #814, #3011, #2600, #1731 ) ) ;
#2944 = EDGE_CURVE ( 'NONE', #3413, #1709, #2783, .T. ) ;
#2945 = ADVANCED_FACE ( 'NONE', ( #742, #3334 ), #822, .F. ) ;
#2946 = CARTESIAN_POINT ( 'NONE',  ( -1.651265698633429535, -22.43962339345178592, 5.615889206048398030 ) ) ;
#2947 = DIRECTION ( 'NONE',  ( -1.000000000000000000, -0.000000000000000000, -0.000000000000000000 ) ) ;
#2948 = CARTESIAN_POINT ( 'NONE',  ( 66.12345829712425882, -18.00000000000000000, 26.50506504782925177 ) ) ;
#2949 = CARTESIAN_POINT ( 'NONE',  ( 1.988035508293919174, -22.41218355300405207, 5.975458105384835683 ) ) ;
#2950 = CARTESIAN_POINT ( 'NONE',  ( -37.99999999999998579, 18.00000000000000000, 48.00000000000000000 ) ) ;
#2951 = EDGE_LOOP ( 'NONE', ( #1215, #1489, #902, #252 ) ) ;
#2952 = APPLICATION_PROTOCOL_DEFINITION ( 'draft international standard', 'automotive_design', 1998, #2536 ) ;
#2953 = CARTESIAN_POINT ( 'NONE',  ( 102.0000000000000000, 0.000000000000000000, -22.50000000000000355 ) ) ;
#2954 = VECTOR ( 'NONE', #192, 1000.000000000000000 ) ;
#2955 = DIRECTION ( 'NONE',  ( -0.000000000000000000, -0.000000000000000000, -1.000000000000000000 ) ) ;
#2956 = EDGE_CURVE ( 'NONE', #1807, #1580, #2517, .T. ) ;
#2957 = ORIENTED_EDGE ( 'NONE', *, *, #77, .T. ) ;
#2958 = DIRECTION ( 'NONE',  ( 0.000000000000000000, 0.000000000000000000, -1.000000000000000000 ) ) ;
#2959 = PRODUCT_DEFINITION ( 'UNKNOWN', '', #2212, #585 ) ;
#2960 = CARTESIAN_POINT ( 'NONE',  ( -11.98494561789038748, 37.20233811521750766, 36.00000000000000711 ) ) ;
#2961 = LINE ( 'NONE', #912, #3042 ) ;
#2962 = ORIENTED_EDGE ( 'NONE', *, *, #858, .F. ) ;
#2963 = CARTESIAN_POINT ( 'NONE',  ( -2.247380793768281482, -22.38756901690530299, 8.607306159473830931 ) ) ;
#2964 = CYLINDRICAL_SURFACE ( 'NONE', #587, 15.00000000000000000 ) ;
#2965 = CARTESIAN_POINT ( 'NONE',  ( 19.05161021728196857, -16.50000000000000000, 6.904004842892123683 ) ) ;
#2966 = ADVANCED_FACE ( 'NONE', ( #3049 ), #2435, .F. ) ;
#2967 = CARTESIAN_POINT ( 'NONE',  ( 60.00000000000001421, -16.49999999999999645, 25.92072184070838858 ) ) ;
#2968 = DIRECTION ( 'NONE',  ( 0.000000000000000000, 0.000000000000000000, 1.000000000000000000 ) ) ;
#2969 = VERTEX_POINT ( 'NONE', #221 ) ;
#2970 = ORIENTED_EDGE ( 'NONE', *, *, #3439, .T. ) ;
#2971 = CARTESIAN_POINT ( 'NONE',  ( 67.29632010117370555, -18.00000000000000355, 11.04607581723337972 ) ) ;
#2972 = CARTESIAN_POINT ( 'NONE',  ( -38.00000000000000000, 64.00000000000001421, 18.00000000000000000 ) ) ;
#2973 = VERTEX_POINT ( 'NONE', #1931 ) ;
#2974 = CIRCLE ( 'NONE', #2857, 15.00000000000000000 ) ;
#2975 = CARTESIAN_POINT ( 'NONE',  ( -38.00000000000000000, -39.99999999999999289, 18.00000000000000000 ) ) ;
#2976 = AXIS2_PLACEMENT_3D ( 'NONE', #3190, #2284, #357 ) ;
#2977 = AXIS2_PLACEMENT_3D ( 'NONE', #1055, #2722, #133 ) ;
#2978 = AXIS2_PLACEMENT_3D ( 'NONE', #704, #3515, #1522 ) ;
#2979 = CARTESIAN_POINT ( 'NONE',  ( 68.05856271038356908, 6.341555660429125219, 0.000000000000000000 ) ) ;
#2980 = PLANE ( 'NONE',  #3643 ) ;
#2981 = EDGE_LOOP ( 'NONE', ( #2935, #3651, #685, #2341 ) ) ;
#2982 = CARTESIAN_POINT ( 'NONE',  ( 103.8286190978338510, -2.386356033953860312, -14.80937269712585014 ) ) ;
#2983 = CARTESIAN_POINT ( 'NONE',  ( 69.00000000000000000, 0.000000000000000000, 18.00000000000000000 ) ) ;
#2984 = CARTESIAN_POINT ( 'NONE',  ( -36.32748946347173558, -18.42857142857143771, -1.499999999999997780 ) ) ;
#2985 = CARTESIAN_POINT ( 'NONE',  ( -0.6475669977924547460, 22.49124772111815673, 9.920170051048687654 ) ) ;
#2986 = AXIS2_PLACEMENT_3D ( 'NONE', #3638, #1047, #3282 ) ;
#2987 = AXIS2_PLACEMENT_3D ( 'NONE', #3007, #725, #761 ) ;
#2988 = ORIENTED_EDGE ( 'NONE', *, *, #2102, .T. ) ;
#2989 = EDGE_CURVE ( 'NONE', #994, #3202, #123, .T. ) ;
#2990 = CARTESIAN_POINT ( 'NONE',  ( 0.000000000000000000, 0.000000000000000000, 0.000000000000000000 ) ) ;
#2991 = AXIS2_PLACEMENT_3D ( 'NONE', #1943, #3388, #237 ) ;
#2992 = AXIS2_PLACEMENT_3D ( 'NONE', #299, #374, #2593 ) ;
#2993 = DIRECTION ( 'NONE',  ( 0.000000000000000000, 0.000000000000000000, -1.000000000000000000 ) ) ;
#2994 = CIRCLE ( 'NONE', #1112, 30.00000000000000000 ) ;
#2995 = VERTEX_POINT ( 'NONE', #1370 ) ;
#2996 = EDGE_CURVE ( 'NONE', #2765, #2973, #2508, .T. ) ;
#2997 = DIRECTION ( 'NONE',  ( -9.130123557772672032E-17, -1.000000000000000000, 0.000000000000000000 ) ) ;
#2998 = DIRECTION ( 'NONE',  ( -0.000000000000000000, -0.000000000000000000, -1.000000000000000000 ) ) ;
#2999 = CARTESIAN_POINT ( 'NONE',  ( 64.00000000000000000, 15.87450786638754430, 36.00000000000000000 ) ) ;
#3000 = FACE_OUTER_BOUND ( 'NONE', #3295, .T. ) ;
#3001 = ORIENTED_EDGE ( 'NONE', *, *, #1802, .T. ) ;
#3002 = CARTESIAN_POINT ( 'NONE',  ( -1.987446886019330838, -22.41223688688479143, 5.974643416271105956 ) ) ;
#3003 = CYLINDRICAL_SURFACE ( 'NONE', #2478, 2.499999999999992006 ) ;
#3004 = CARTESIAN_POINT ( 'NONE',  ( 64.00000000000000000, 0.000000000000000000, 18.00000000000000355 ) ) ;
#3005 = CARTESIAN_POINT ( 'NONE',  ( 65.99969206057234317, 8.713873597717245900, 36.00000000000000711 ) ) ;
#3006 = VERTEX_POINT ( 'NONE', #1945 ) ;
#3007 = CARTESIAN_POINT ( 'NONE',  ( 3.469446951953614189E-15, 0.000000000000000000, 0.000000000000000000 ) ) ;
#3008 = CARTESIAN_POINT ( 'NONE',  ( 68.06117621728692768, 18.00000000000000355, 11.66007408270658274 ) ) ;
#3009 = CIRCLE ( 'NONE', #755, 30.00000000000000000 ) ;
#3010 = DIRECTION ( 'NONE',  ( -1.000000000000000000, 0.000000000000000000, 0.000000000000000000 ) ) ;
#3011 = ORIENTED_EDGE ( 'NONE', *, *, #1058, .T. ) ;
#3012 = DIRECTION ( 'NONE',  ( -1.000000000000000000, -0.000000000000000000, -0.000000000000000000 ) ) ;
#3013 = B_SPLINE_CURVE_WITH_KNOTS ( 'NONE', 3,
 ( #2096, #405, #125, #3521, #239, #1871, #1855, #2750, #3633, #3068, #2711, #1082, #3314, #1906, #3573, #200, #779, #2468 ),
 .UNSPECIFIED., .F., .F.,
 ( 4, 2, 2, 2, 2, 2, 2, 2, 4 ),
 ( -0.005944891493155544937, -0.005368346316299078477, -0.004791801139442612885, -0.004215255962586146425, -0.003638710785729680399, -0.002485620432016747913, -0.001332530078303815861, 0.0009736506291220491105, 0.003279831336547921888 ),
 .UNSPECIFIED. ) ;
#3014 = CARTESIAN_POINT ( 'NONE',  ( -13.92021205801340322, 39.68729640720968632, 36.00000000000000711 ) ) ;
#3015 = DIRECTION ( 'NONE',  ( 1.000000000000000000, 0.000000000000000000, 0.000000000000000000 ) ) ;
#3016 = EDGE_CURVE ( 'NONE', #3656, #1331, #3672, .T. ) ;
#3017 = ORIENTED_EDGE ( 'NONE', *, *, #2406, .T. ) ;
#3018 = DIRECTION ( 'NONE',  ( 0.000000000000000000, 0.000000000000000000, 1.000000000000000000 ) ) ;
#3019 = LINE ( 'NONE', #2124, #2395 ) ;
#3020 = VECTOR ( 'NONE', #261, 1000.000000000000000 ) ;
#3021 = DIRECTION ( 'NONE',  ( 0.000000000000000000, 1.000000000000000000, -0.000000000000000000 ) ) ;
#3022 = CARTESIAN_POINT ( 'NONE',  ( -0.3290296625524993246, 22.49816552086453214, 5.016360831548228205 ) ) ;
#3023 = ADVANCED_FACE ( 'NONE', ( #2258 ), #601, .T. ) ;
#3024 = B_SPLINE_CURVE_WITH_KNOTS ( 'NONE', 3,
 ( #3252, #458, #2725, #1575, #3495, #1552, #701, #3513, #2946, #398, #3002, #1520, #686, #171, #1827, #946, #3212, #1814, #1797, #3271, #2930, #2963, #2705, #2653, #100, #1847, #416, #1241, #118, #2358, #718, #2380 ),
 .UNSPECIFIED., .F., .F.,
 ( 4, 2, 2, 2, 2, 2, 2, 2, 2, 2, 2, 2, 2, 2, 2, 4 ),
 ( 0.007822175643245084589, 0.008310945956393827119, 0.008799716269542571384, 0.009288486582691313914, 0.009777256895840056444, 0.01026602720898879897, 0.01075479752213754150, 0.01124356783528628403, 0.01173233814843502656, 0.01222110846158376909, 0.01270987877473251509, 0.01319864908788125762, 0.01368741940103000015, 0.01417618971417874268, 0.01466496002732748521, 0.01564250065362497027 ),
 .UNSPECIFIED. ) ;
#3025 = ORIENTED_EDGE ( 'NONE', *, *, #2614, .T. ) ;
#3026 = ORIENTED_EDGE ( 'NONE', *, *, #2996, .F. ) ;
#3027 = CARTESIAN_POINT ( 'NONE',  ( 3.469446951953614189E-15, 0.000000000000000000, -1.952696104306741454 ) ) ;
#3028 = CARTESIAN_POINT ( 'NONE',  ( 68.51665195345400150, 18.00000000000000000, 11.84884087540838848 ) ) ;
#3029 = DIRECTION ( 'NONE',  ( 1.000000000000000000, 0.000000000000000000, 0.000000000000000000 ) ) ;
#3030 = ORIENTED_EDGE ( 'NONE', *, *, #662, .T. ) ;
#3031 = AXIS2_PLACEMENT_3D ( 'NONE', #1841, #2998, #1860 ) ;
#3032 = CARTESIAN_POINT ( 'NONE',  ( 104.9999999999999858, 0.000000000000000000, -15.00000000000000355 ) ) ;
#3033 = DIRECTION ( 'NONE',  ( 1.000000000000000000, 0.000000000000000000, 0.000000000000000000 ) ) ;
#3034 = SHAPE_REPRESENTATION ( 'PIN', ( #669 ), #2376 ) ;
#3035 = VECTOR ( 'NONE', #2613, 1000.000000000000000 ) ;
#3036 = CARTESIAN_POINT ( 'NONE',  ( -10.58808793308597807, 36.45676481037709493, 36.00000000000000000 ) ) ;
#3037 = VECTOR ( 'NONE', #1479, 1000.000000000000000 ) ;
#3038 = CARTESIAN_POINT ( 'NONE',  ( -37.99999999999999289, 39.99999999999999289, -12.00000000000000000 ) ) ;
#3039 = VERTEX_POINT ( 'NONE', #566 ) ;
#3040 = DIRECTION ( 'NONE',  ( 1.000000000000000000, 0.000000000000000000, 0.000000000000000000 ) ) ;
#3041 = ADVANCED_FACE ( 'NONE', ( #3409 ), #2371, .F. ) ;
#3042 = VECTOR ( 'NONE', #961, 1000.000000000000000 ) ;
#3043 = FACE_OUTER_BOUND ( 'NONE', #1988, .T. ) ;
#3044 = CARTESIAN_POINT ( 'NONE',  ( -30.76401441961830940, -16.49999999999999645, 0.000000000000000000 ) ) ;
#3045 = CARTESIAN_POINT ( 'NONE',  ( 64.87677535249537186, 11.12443166618593082, 36.00000000000000711 ) ) ;
#3046 = ORIENTED_EDGE ( 'NONE', *, *, #2675, .T. ) ;
#3047 = VERTEX_POINT ( 'NONE', #1141 ) ;
#3048 = CYLINDRICAL_SURFACE ( 'NONE', #3537, 30.00000000000000000 ) ;
#3049 = FACE_OUTER_BOUND ( 'NONE', #2413, .T. ) ;
#3050 = VECTOR ( 'NONE', #1091, 1000.000000000000000 ) ;
#3051 = DIRECTION ( 'NONE',  ( 0.000000000000000000, 0.000000000000000000, -1.000000000000000000 ) ) ;
#3052 = ORIENTED_EDGE ( 'NONE', *, *, #621, .F. ) ;
#3053 = VECTOR ( 'NONE', #3010, 1000.000000000000000 ) ;
#3054 = CYLINDRICAL_SURFACE ( 'NONE', #1427, 22.50000000000000355 ) ;
#3055 = CARTESIAN_POINT ( 'NONE',  ( 3.061615879794676262E-16, -15.00000000000000000, 5.000000000000007994 ) ) ;
#3056 = CARTESIAN_POINT ( 'NONE',  ( 67.47327507499019816, -6.781721297248555658, -0.000000000000000000 ) ) ;
#3057 = DIRECTION ( 'NONE',  ( 0.000000000000000000, 0.000000000000000000, 1.000000000000000000 ) ) ;
#3058 = CIRCLE ( 'NONE', #1169, 19.00000000000000000 ) ;
#3059 = VERTEX_POINT ( 'NONE', #1735 ) ;
#3060 = CARTESIAN_POINT ( 'NONE',  ( 60.00000000000001421, -9.420721840708381478, 0.000000000000000000 ) ) ;
#3061 = DIRECTION ( 'NONE',  ( -1.000000000000000000, 0.000000000000000000, 0.000000000000000000 ) ) ;
#3062 = DIRECTION ( 'NONE',  ( -9.130123557772672032E-17, -1.000000000000000000, -0.000000000000000000 ) ) ;
#3063 = CARTESIAN_POINT ( 'NONE',  ( -1.883325986455957946, 22.42133891486849961, 9.152162165886293721 ) ) ;
#3064 = EDGE_CURVE ( 'NONE', #2527, #309, #2202, .T. ) ;
#3065 = ORIENTED_EDGE ( 'NONE', *, *, #604, .T. ) ;
#3066 = VERTEX_POINT ( 'NONE', #2859 ) ;
#3067 = CYLINDRICAL_SURFACE ( 'NONE', #1035, 19.00000000000000000 ) ;
#3068 = CARTESIAN_POINT ( 'NONE',  ( 17.61017717440417130, -16.50000000000000711, 27.07407840769084473 ) ) ;
#3069 = CARTESIAN_POINT ( 'NONE',  ( 0.000000000000000000, 0.000000000000000000, 0.000000000000000000 ) ) ;
#3070 = ADVANCED_FACE ( 'NONE', ( #1752 ), #2679, .F. ) ;
#3071 = CARTESIAN_POINT ( 'NONE',  ( -37.99999999999999289, 18.00000000000000000, 18.00000000000000000 ) ) ;
#3072 = ORIENTED_EDGE ( 'NONE', *, *, #1757, .T. ) ;
#3073 = DIRECTION ( 'NONE',  ( 1.000000000000000000, 0.000000000000000000, 0.000000000000000000 ) ) ;
#3074 = CARTESIAN_POINT ( 'NONE',  ( 99.73909286340696667, 1.981710305593825217, -14.86918500161105960 ) ) ;
#3075 = EDGE_CURVE ( 'NONE', #3674, #310, #1203, .T. ) ;
#3076 = CARTESIAN_POINT ( 'NONE',  ( 0.3281603911762265846, -14.99726402656820312, 9.983730141155795934 ) ) ;
#3077 = B_SPLINE_CURVE_WITH_KNOTS ( 'NONE', 3,
 ( #823, #2451, #2243, #546, #1948, #2171, #1085, #3357, #3335, #782 ),
 .UNSPECIFIED., .F., .F.,
 ( 4, 2, 2, 2, 4 ),
 ( 0.000000000000000000, 0.001187106748064893072, 0.002374213496129786143, 0.003561320244194679432, 0.004748426992259571419 ),
 .UNSPECIFIED. ) ;
#3078 = CARTESIAN_POINT ( 'NONE',  ( 3.061618115947129856E-16, 15.00000000000000000, 5.000000000000007994 ) ) ;
#3079 = ORIENTED_EDGE ( 'NONE', *, *, #574, .F. ) ;
#3080 = CARTESIAN_POINT ( 'NONE',  ( 15.00000000000001421, 0.000000000000000000, 16.50000000000000000 ) ) ;
#3081 = CARTESIAN_POINT ( 'NONE',  ( -13.99999999999999822, -39.99999999999999289, 36.00000000000000000 ) ) ;
#3082 = CARTESIAN_POINT ( 'NONE',  ( -1.881944988242670203, -14.88192730507121198, 5.846267714772581670 ) ) ;
#3083 = EDGE_LOOP ( 'NONE', ( #2292, #2162, #41, #51 ) ) ;
#3084 = ORIENTED_EDGE ( 'NONE', *, *, #1052, .F. ) ;
#3085 = CARTESIAN_POINT ( 'NONE',  ( 15.11807745657617019, 15.72498145366651912, 0.000000000000000000 ) ) ;
#3086 = CARTESIAN_POINT ( 'NONE',  ( 3.469446951953614189E-15, 0.000000000000000000, 0.000000000000000000 ) ) ;
#3087 = CARTESIAN_POINT ( 'NONE',  ( 68.75441364874077976, 17.99999999999999645, 11.90279150603012681 ) ) ;
#3088 = AXIS2_PLACEMENT_3D ( 'NONE', #862, #2297, #1143 ) ;
#3089 = DIRECTION ( 'NONE',  ( 1.000000000000000000, 0.000000000000000000, 0.000000000000000000 ) ) ;
#3090 = ORIENTED_EDGE ( 'NONE', *, *, #246, .F. ) ;
#3091 = EDGE_CURVE ( 'NONE', #3202, #994, #908, .T. ) ;
#3092 = DIRECTION ( 'NONE',  ( 0.000000000000000000, 1.000000000000000000, -0.000000000000000000 ) ) ;
#3093 = ADVANCED_BREP_SHAPE_REPRESENTATION ( '', ( #2161, #669 ), #21 ) ;
#3094 = FACE_OUTER_BOUND ( 'NONE', #11, .T. ) ;
#3095 = CARTESIAN_POINT ( 'NONE',  ( 66.52377760053012423, -7.891555651388077131, -0.000000000000000000 ) ) ;
#3096 = CIRCLE ( 'NONE', #72, 30.00000000000000000 ) ;
#3097 = ORIENTED_EDGE ( 'NONE', *, *, #3501, .T. ) ;
#3098 = CARTESIAN_POINT ( 'NONE',  ( 1.989522693396011732, 22.41205203015568870, 9.022651654075756866 ) ) ;
#3099 = AXIS2_PLACEMENT_3D ( 'NONE', #1714, #2531, #1986 ) ;
#3100 = CARTESIAN_POINT ( 'NONE',  ( -33.68689124490187936, -16.66966767397173399, -0.6232886158962279710 ) ) ;
#3101 = CARTESIAN_POINT ( 'NONE',  ( 64.00000000000000000, 15.87450786638754430, 0.000000000000000000 ) ) ;
#3102 = ORIENTED_EDGE ( 'NONE', *, *, #2456, .F. ) ;
#3103 = STYLED_ITEM ( 'NONE', ( #1188 ), #3426 ) ;
#3104 = ORIENTED_EDGE ( 'NONE', *, *, #2568, .T. ) ;
#3105 = CARTESIAN_POINT ( 'NONE',  ( 15.62920257233693277, 13.87594757580465910, -0.000000000000000000 ) ) ;
#3106 = DIRECTION ( 'NONE',  ( -1.000000000000000000, 0.000000000000000000, 0.000000000000000000 ) ) ;
#3107 = AXIS2_PLACEMENT_3D ( 'NONE', #2655, #1799, #3182 ) ;
#3108 = CARTESIAN_POINT ( 'NONE',  ( 17.60821257763836201, -10.57613860115913518, 33.00000000000000711 ) ) ;
#3109 = VERTEX_POINT ( 'NONE', #1696 ) ;
#3110 = CARTESIAN_POINT ( 'NONE',  ( 64.00000000000000000, -6.082762530298221115, 0.000000000000000000 ) ) ;
#3111 = UNCERTAINTY_MEASURE_WITH_UNIT (LENGTH_MEASURE( 1.000000000000000082E-05 ), #3229, 'distance_accuracy_value', 'NONE');
#3112 = AXIS2_PLACEMENT_3D ( 'NONE', #213, #253, #498 ) ;
#3113 = CARTESIAN_POINT ( 'NONE',  ( 2.371591099940526082, -14.81146652047161538, 8.307500230383737971 ) ) ;
#3114 = EDGE_CURVE ( 'NONE', #3313, #1419, #1178, .T. ) ;
#3115 = CARTESIAN_POINT ( 'NONE',  ( -1.884176081336279340, 14.88165381290263234, 5.848643422180697549 ) ) ;
#3116 =( LENGTH_UNIT ( ) NAMED_UNIT ( * ) SI_UNIT ( .MILLI., .METRE. ) );
#3117 = AXIS2_PLACEMENT_3D ( 'NONE', #1145, #1198, #1129 ) ;
#3118 = VERTEX_POINT ( 'NONE', #2004 ) ;
#3119 = CARTESIAN_POINT ( 'NONE',  ( 15.29787501987547138, 14.97220429720169044, 33.00000000000000711 ) ) ;
#3120 = CARTESIAN_POINT ( 'NONE',  ( -8.421769917081682877, 36.00000000000001421, -0.000000000000000000 ) ) ;
#3121 = CARTESIAN_POINT ( 'NONE',  ( -1.989060820158206511, -14.86781845759795040, 9.023271215964827618 ) ) ;
#3122 = EDGE_CURVE ( 'NONE', #2995, #3039, #1125, .T. ) ;
#3123 = ORIENTED_EDGE ( 'NONE', *, *, #863, .F. ) ;
#3124 = ORIENTED_EDGE ( 'NONE', *, *, #2789, .T. ) ;
#3125 = CARTESIAN_POINT ( 'NONE',  ( 19.04480368343781294, 9.598741915369091160, -0.000000000000000000 ) ) ;
#3126 = CARTESIAN_POINT ( 'NONE',  ( 16.86949784952877351, -16.49999999999999645, 5.035692743459811105 ) ) ;
#3127 = DIRECTION ( 'NONE',  ( 0.000000000000000000, 0.000000000000000000, -1.000000000000000000 ) ) ;
#3128 = CARTESIAN_POINT ( 'NONE',  ( 15.04448374036658542, -16.49999999999999645, 33.00000000000000000 ) ) ;
#3129 = ORIENTED_EDGE ( 'NONE', *, *, #127, .T. ) ;
#3130 = CARTESIAN_POINT ( 'NONE',  ( 64.54882747929492837, 18.00000000000000355, 30.04861828099386756 ) ) ;
#3131 = CYLINDRICAL_SURFACE ( 'NONE', #2454, 15.00000000000000000 ) ;
#3132 = CARTESIAN_POINT ( 'NONE',  ( 16.08061245931179428, 16.50000000000000355, 29.30431843335451703 ) ) ;
#3133 = EDGE_CURVE ( 'NONE', #2724, #1559, #1149, .T. ) ;
#3134 = CARTESIAN_POINT ( 'NONE',  ( -0.6502307359281097598, 14.98676051605198545, 5.080497712258594589 ) ) ;
#3135 = DIRECTION ( 'NONE',  ( -0.000000000000000000, -0.000000000000000000, -1.000000000000000000 ) ) ;
#3136 = ORIENTED_EDGE ( 'NONE', *, *, #700, .T. ) ;
#3137 = CARTESIAN_POINT ( 'NONE',  ( 15.13985895268474025, 15.73025401704100368, 32.99999999999998579 ) ) ;
#3138 = AXIS2_PLACEMENT_3D ( 'NONE', #1898, #737, #1037 ) ;
#3139 = CARTESIAN_POINT ( 'NONE',  ( -9.372408770467636430, 36.11120960416807435, 0.000000000000000000 ) ) ;
#3140 = CARTESIAN_POINT ( 'NONE',  ( -1.883887661739570563, -14.88167880599687010, 9.151491357939093518 ) ) ;
#3141 = VERTEX_POINT ( 'NONE', #2295 ) ;
#3142 = CARTESIAN_POINT ( 'NONE',  ( -3.306546357697853339E-15, -18.00000000000000000, 36.00000000000000000 ) ) ;
#3143 = DIRECTION ( 'NONE',  ( 1.000000000000000000, 0.000000000000000000, 0.000000000000000000 ) ) ;
#3144 = CARTESIAN_POINT ( 'NONE',  ( 102.7761324299254824, 2.904483957871773825, 14.71616411198760943 ) ) ;
#3145 = DIRECTION ( 'NONE',  ( -0.000000000000000000, 1.000000000000000000, -0.000000000000000000 ) ) ;
#3146 = CARTESIAN_POINT ( 'NONE',  ( 103.5042129309299384, -2.603119644955039114, 14.77281737905692083 ) ) ;
#3147 = ORIENTED_EDGE ( 'NONE', *, *, #1926, .F. ) ;
#3148 = DIRECTION ( 'NONE',  ( -9.130123557772672032E-17, -1.000000000000000000, -0.000000000000000000 ) ) ;
#3149 = AXIS2_PLACEMENT_3D ( 'NONE', #1507, #2642, #968 ) ;
#3150 = FACE_OUTER_BOUND ( 'NONE', #2539, .T. ) ;
#3151 = CARTESIAN_POINT ( 'NONE',  ( 20.00000000000001421, 16.50000000000000355, 7.079278159291624739 ) ) ;
#3152 = CARTESIAN_POINT ( 'NONE',  ( 64.00000000000000000, 18.00000000000000000, 36.00000000000000000 ) ) ;
#3153 = EDGE_LOOP ( 'NONE', ( #895, #467 ) ) ;
#3154 = CARTESIAN_POINT ( 'NONE',  ( 66.81010921242877032, -7.507457406342385120, 36.00000000000001421 ) ) ;
#3155 = CARTESIAN_POINT ( 'NONE',  ( 3.061615879794676262E-16, -15.00000000000000000, 5.000000000000007994 ) ) ;
#3156 = ORIENTED_EDGE ( 'NONE', *, *, #1706, .F. ) ;
#3157 = EDGE_CURVE ( 'NONE', #1116, #1460, #2796, .T. ) ;
#3158 = ORIENTED_EDGE ( 'NONE', *, *, #2786, .T. ) ;
#3159 = TOROIDAL_SURFACE ( 'NONE', #781, 33.57071421427141900, 5.000000000000000000 ) ;
#3160 = LINE ( 'NONE', #1227, #1928 ) ;
#3161 = CARTESIAN_POINT ( 'NONE',  ( 100.4942988531517329, 2.602118102726393545, 14.77298589767635484 ) ) ;
#3162 = DIRECTION ( 'NONE',  ( 0.000000000000000000, 0.000000000000000000, -1.000000000000000000 ) ) ;
#3163 = CARTESIAN_POINT ( 'NONE',  ( 104.9039123262154760, -0.7782343064774804864, 14.98103130449830012 ) ) ;
#3164 = AXIS2_PLACEMENT_3D ( 'NONE', #2975, #2337, #956 ) ;
#3165 = ORIENTED_EDGE ( 'NONE', *, *, #3343, .F. ) ;
#3166 = APPLICATION_PROTOCOL_DEFINITION ( 'draft international standard', 'automotive_design', 1998, #2023 ) ;
#3167 =( GEOMETRIC_REPRESENTATION_CONTEXT ( 3 ) GLOBAL_UNCERTAINTY_ASSIGNED_CONTEXT ( ( #1959 ) ) GLOBAL_UNIT_ASSIGNED_CONTEXT ( ( #1661, #747, #1088 ) ) REPRESENTATION_CONTEXT ( 'NONE', 'WORKASPACE' ) );
#3168 = CARTESIAN_POINT ( 'NONE',  ( 64.85694791627591371, 18.00000000000000000, 29.11435477815674844 ) ) ;
#3169 = CARTESIAN_POINT ( 'NONE',  ( 60.00000000000001421, -16.49999999999999645, 33.00000000000000000 ) ) ;
#3170 = PRODUCT_DEFINITION_SHAPE ( 'NONE', 'NONE',  #3694 ) ;
#3171 = CARTESIAN_POINT ( 'NONE',  ( 15.76616902731368342, 16.50000000000000711, 30.01444551394384419 ) ) ;
#3172 =( GEOMETRIC_REPRESENTATION_CONTEXT ( 3 ) GLOBAL_UNCERTAINTY_ASSIGNED_CONTEXT ( ( #1619 ) ) GLOBAL_UNIT_ASSIGNED_CONTEXT ( ( #487, #2754, #3617 ) ) REPRESENTATION_CONTEXT ( 'NONE', 'WORKASPACE' ) );
#3173 = CARTESIAN_POINT ( 'NONE',  ( 65.04909700082171753, -10.67097247683503092, -0.000000000000000000 ) ) ;
#3174 = CIRCLE ( 'NONE', #1564, 15.00000000000000000 ) ;
#3175 = VECTOR ( 'NONE', #340, 1000.000000000000000 ) ;
#3176 = CARTESIAN_POINT ( 'NONE',  ( 3.061618115947129856E-16, 15.00000000000000000, 5.000000000000007994 ) ) ;
#3177 = FACE_OUTER_BOUND ( 'NONE', #3462, .T. ) ;
#3178 = AXIS2_PLACEMENT_3D ( 'NONE', #2308, #666, #2070 ) ;
#3179 = ORIENTED_EDGE ( 'NONE', *, *, #3016, .T. ) ;
#3180 = CARTESIAN_POINT ( 'NONE',  ( 102.1965649354658154, -3.000098879752846504, -14.69691827295668318 ) ) ;
#3181 = CYLINDRICAL_SURFACE ( 'NONE', #2101, 15.00000000000000355 ) ;
#3182 = DIRECTION ( 'NONE',  ( 1.000000000000000000, 0.000000000000000000, 0.000000000000000000 ) ) ;
#3183 = CARTESIAN_POINT ( 'NONE',  ( 0.000000000000000000, 0.000000000000000000, 36.00000000000000000 ) ) ;
#3184 = ADVANCED_FACE ( 'NONE', ( #2824, #1410 ), #1965, .T. ) ;
#3185 = CARTESIAN_POINT ( 'NONE',  ( 104.9804439677820085, -0.3940928685432751322, 14.99605409409754309 ) ) ;
#3186 = CIRCLE ( 'NONE', #329, 15.00000000000000000 ) ;
#3187 = EDGE_LOOP ( 'NONE', ( #2490, #61, #1424, #3461 ) ) ;
#3188 = CARTESIAN_POINT ( 'NONE',  ( -59.99999999999998579, 3.469446951953614189E-15, 34.50000000000000000 ) ) ;
#3189 = PLANE ( 'NONE',  #2992 ) ;
#3190 = CARTESIAN_POINT ( 'NONE',  ( -59.99999999999998579, 3.469446951953614189E-15, 55.49999999999999289 ) ) ;
#3191 = EDGE_CURVE ( 'NONE', #3656, #3413, #1544, .T. ) ;
#3192 = CARTESIAN_POINT ( 'NONE',  ( 19.23376380443612987, 16.50000000000000711, 6.967937621035775742 ) ) ;
#3193 = CARTESIAN_POINT ( 'NONE',  ( -8.101191175333068983, 36.00000000000000711, 36.00000000000000000 ) ) ;
#3194 = CIRCLE ( 'NONE', #1587, 3.000000000000000000 ) ;
#3195 =( NAMED_UNIT ( * ) SI_UNIT ( $, .STERADIAN. ) SOLID_ANGLE_UNIT ( ) );
#3196 = VERTEX_POINT ( 'NONE', #1830 ) ;
#3197 = LINE ( 'NONE', #1710, #790 ) ;
#3198 = DIRECTION ( 'NONE',  ( 0.000000000000000000, 0.000000000000000000, -1.000000000000000000 ) ) ;
#3199 = CARTESIAN_POINT ( 'NONE',  ( 0.000000000000000000, 18.00000000000000000, 0.000000000000000000 ) ) ;
#3200 = CARTESIAN_POINT ( 'NONE',  ( 15.75350665999414623, -13.49193484034381108, 0.000000000000000000 ) ) ;
#3201 = LINE ( 'NONE', #1245, #2189 ) ;
#3202 = VERTEX_POINT ( 'NONE', #401 ) ;
#3203 = B_SPLINE_CURVE_WITH_KNOTS ( 'NONE', 3,
 ( #3176, #659, #379, #1462, #1811, #2083, #395, #1256, #1762, #2650, #2598, #629, #2377, #1499, #1239, #2891, #1206, #360, #3228, #683, #2321, #2355, #3529, #2339, #3478, #980, #2051, #1745, #928, #2873 ),
 .UNSPECIFIED., .F., .F.,
 ( 4, 2, 2, 2, 2, 2, 2, 2, 2, 2, 2, 2, 2, 2, 4 ),
 ( 0.007829808997192464620, 0.008808290957735755156, 0.009297531938007402158, 0.009786772918279049160, 0.01027601389855069616, 0.01076525487882234143, 0.01125449585909398843, 0.01174373683936563370, 0.01223297781963727723, 0.01272221879990892250, 0.01321145978018056603, 0.01370070076045220957, 0.01467918272099549143, 0.01516842370126713496, 0.01565766468153877503 ),
 .UNSPECIFIED. ) ;
#3204 = CARTESIAN_POINT ( 'NONE',  ( 65.64544246195590915, -18.00000000000000000, 8.649714855582468331 ) ) ;
#3205 = DIRECTION ( 'NONE',  ( -1.000000000000000000, -0.000000000000000000, -0.000000000000000000 ) ) ;
#3206 = ADVANCED_FACE ( 'NONE', ( #2091 ), #2072, .T. ) ;
#3207 = DIRECTION ( 'NONE',  ( -9.130123557772672032E-17, -1.000000000000000000, -0.000000000000000000 ) ) ;
#3208 = CARTESIAN_POINT ( 'NONE',  ( -31.85090845193134257, 16.50000000000000355, -0.06687275543924782462 ) ) ;
#3209 = DIRECTION ( 'NONE',  ( 0.000000000000000000, 0.000000000000000000, 1.000000000000000000 ) ) ;
#3210 =( LENGTH_UNIT ( ) NAMED_UNIT ( * ) SI_UNIT ( .MILLI., .METRE. ) );
#3211 = ORIENTED_EDGE ( 'NONE', *, *, #96, .T. ) ;
#3212 = CARTESIAN_POINT ( 'NONE',  ( -2.499876127973655660, -22.36069362430758645, 7.332907948845760693 ) ) ;
#3213 = CARTESIAN_POINT ( 'NONE',  ( 64.00000000000000000, 6.082762530298221115, 0.000000000000000000 ) ) ;
#3214 = CARTESIAN_POINT ( 'NONE',  ( 66.81574967747837945, -18.00000000000000000, 25.50034372038730979 ) ) ;
#3215 = CARTESIAN_POINT ( 'NONE',  ( 2.499940251629135801, -22.36068645506838948, 7.664111706957964287 ) ) ;
#3216 = DIRECTION ( 'NONE',  ( 0.000000000000000000, 0.000000000000000000, 1.000000000000000000 ) ) ;
#3217 = TOROIDAL_SURFACE ( 'NONE', #2978, 24.00000000000000000, 5.000000000000000000 ) ;
#3218 = VERTEX_POINT ( 'NONE', #2967 ) ;
#3219 = PRODUCT_CONTEXT ( 'NONE', #1585, 'mechanical' ) ;
#3220 = CARTESIAN_POINT ( 'NONE',  ( -23.00000000000000711, -39.99999999999999289, 18.00000000000000000 ) ) ;
#3221 = AXIS2_PLACEMENT_3D ( 'NONE', #1100, #3329, #3649 ) ;
#3222 = CARTESIAN_POINT ( 'NONE',  ( 20.00000000000001421, 0.000000000000000000, 16.50000000000000000 ) ) ;
#3223 = ORIENTED_EDGE ( 'NONE', *, *, #2219, .T. ) ;
#3224 = CARTESIAN_POINT ( 'NONE',  ( 109.0000000000000000, 18.00000000000000000, 11.91723746970177800 ) ) ;
#3225 = DIRECTION ( 'NONE',  ( -1.000000000000000000, 0.000000000000000000, 0.000000000000000000 ) ) ;
#3226 = EDGE_CURVE ( 'NONE', #1226, #1374, #3232, .T. ) ;
#3227 = AXIS2_PLACEMENT_3D ( 'NONE', #2304, #3209, #1794 ) ;
#3228 = CARTESIAN_POINT ( 'NONE',  ( 2.372346008454333077, 14.81134663187470402, 8.305446266359437502 ) ) ;
#3229 =( LENGTH_UNIT ( ) NAMED_UNIT ( * ) SI_UNIT ( .MILLI., .METRE. ) );
#3230 = VECTOR ( 'NONE', #2213, 1000.000000000000000 ) ;
#3231 = AXIS2_PLACEMENT_3D ( 'NONE', #513, #468, #165 ) ;
#3232 = B_SPLINE_CURVE_WITH_KNOTS ( 'NONE', 3,
 ( #2345, #1279, #367, #2656, #121, #139, #3536, #419, #2933, #66, #1540, #1523, #2405, #1212, #3200, #1263, #1229, #651, #1506, #2671 ),
 .UNSPECIFIED., .F., .F.,
 ( 4, 2, 2, 2, 2, 2, 2, 2, 2, 4 ),
 ( 3.469446951953614189E-18, 0.0005808518672437993019, 0.001161703734487595134, 0.001742555601731391075, 0.002323407468975186799, 0.003485111203462778681, 0.004646814937950370129, 0.006970222406925548689, 0.008131926141413135800, 0.009293629875900724646 ),
 .UNSPECIFIED. ) ;
#3233 = VERTEX_POINT ( 'NONE', #2384 ) ;
#3234 = CARTESIAN_POINT ( 'NONE',  ( 104.9030069519674839, -0.7820010232287469831, -14.98085470672220509 ) ) ;
#3235 = DIRECTION ( 'NONE',  ( 1.000000000000000000, 0.000000000000000000, 0.000000000000000000 ) ) ;
#3236 = DIRECTION ( 'NONE',  ( -0.000000000000000000, -0.000000000000000000, -1.000000000000000000 ) ) ;
#3237 = DIRECTION ( 'NONE',  ( 0.000000000000000000, 0.000000000000000000, -1.000000000000000000 ) ) ;
#3238 = EDGE_CURVE ( 'NONE', #183, #1285, #3498, .T. ) ;
#3239 = CARTESIAN_POINT ( 'NONE',  ( -34.71838627064498439, 17.07555973513627379, 34.04645847454333563 ) ) ;
#3240 = EDGE_LOOP ( 'NONE', ( #2826, #2808 ) ) ;
#3241 = EDGE_LOOP ( 'NONE', ( #2364, #3376, #1904, #945 ) ) ;
#3242 = ITEM_DEFINED_TRANSFORMATION ( 'NONE', 'NONE', #2986,  #669 ) ;
#3243 = PRODUCT_DEFINITION ( 'UNKNOWN', '', #78, #3414 ) ;
#3244 = CARTESIAN_POINT ( 'NONE',  ( 67.85551133656730372, -18.00000000000000000, 11.52478228652764081 ) ) ;
#3245 = PLANE ( 'NONE',  #979 ) ;
#3246 = ORIENTED_EDGE ( 'NONE', *, *, #867, .T. ) ;
#3247 = CARTESIAN_POINT ( 'NONE',  ( -36.32748946347174268, 18.42857142857143771, 34.50000000000000000 ) ) ;
#3248 = EDGE_CURVE ( 'NONE', #1819, #2740, #2374, .T. ) ;
#3249 = CARTESIAN_POINT ( 'NONE',  ( 68.87538016105573035, 6.082762530298215786, -0.000000000000000000 ) ) ;
#3250 = SURFACE_STYLE_USAGE ( .BOTH. , #3530 ) ;
#3251 = VERTEX_POINT ( 'NONE', #721 ) ;
#3252 = CARTESIAN_POINT ( 'NONE',  ( 3.061616751541196794E-16, -22.50000000000000355, 5.000000000000007994 ) ) ;
#3253 = EDGE_CURVE ( 'NONE', #913, #1955, #296, .T. ) ;
#3254 = DIRECTION ( 'NONE',  ( 1.000000000000000000, 0.000000000000000000, 0.000000000000000000 ) ) ;
#3255 = CARTESIAN_POINT ( 'NONE',  ( 68.39920891457092011, -18.00000000000000000, 24.19115578976189340 ) ) ;
#3256 = CARTESIAN_POINT ( 'NONE',  ( -37.99999999999999289, 39.99999999999999289, 18.00000000000000000 ) ) ;
#3257 = CARTESIAN_POINT ( 'NONE',  ( 64.00000000000000000, -6.082762530298221115, 36.00000000000000000 ) ) ;
#3258 = ORIENTED_EDGE ( 'NONE', *, *, #2908, .T. ) ;
#3259 = APPLICATION_PROTOCOL_DEFINITION ( 'draft international standard', 'automotive_design', 1998, #2396 ) ;
#3260 = CYLINDRICAL_SURFACE ( 'NONE', #2691, 2.999999999999988898 ) ;
#3261 = AXIS2_PLACEMENT_3D ( 'NONE', #1608, #1016, #1059 ) ;
#3262 = LINE ( 'NONE', #711, #2520 ) ;
#3263 = PRODUCT_DEFINITION_SHAPE ( 'NONE', 'NONE',  #3243 ) ;
#3264 = ORIENTED_EDGE ( 'NONE', *, *, #77, .F. ) ;
#3265 = CARTESIAN_POINT ( 'NONE',  ( 3.061615879794676262E-16, -15.00000000000000000, 5.000000000000007994 ) ) ;
#3266 = EDGE_CURVE ( 'NONE', #2715, #1779, #2326, .T. ) ;
#3267 = DIRECTION ( 'NONE',  ( 1.000000000000000000, 0.000000000000000000, 0.000000000000000000 ) ) ;
#3268 = DIRECTION ( 'NONE',  ( 0.000000000000000000, 0.000000000000000000, -1.000000000000000000 ) ) ;
#3269 = VECTOR ( 'NONE', #2784, 1000.000000000000000 ) ;
#3270 = VERTEX_POINT ( 'NONE', #3607 ) ;
#3271 = CARTESIAN_POINT ( 'NONE',  ( -2.420669994993716934, -22.36942939963252641, 8.145685914112172910 ) ) ;
#3272 = CARTESIAN_POINT ( 'NONE',  ( 69.00000000000000000, -6.082762530298221115, 0.000000000000000000 ) ) ;
#3273 = ADVANCED_BREP_SHAPE_REPRESENTATION ( '', ( #3303, #669 ), #2376 ) ;
#3274 = FACE_BOUND ( 'NONE', #1605, .T. ) ;
#3275 = CARTESIAN_POINT ( 'NONE',  ( 65.64614939539475813, 9.348760977970741237, 36.00000000000000000 ) ) ;
#3276 = EDGE_CURVE ( 'NONE', #3663, #632, #1792, .T. ) ;
#3277 = DIRECTION ( 'NONE',  ( 9.130123557772670799E-17, 1.000000000000000000, 0.000000000000000000 ) ) ;
#3278 = EDGE_LOOP ( 'NONE', ( #1137, #791, #446, #1560 ) ) ;
#3279 = ORIENTED_EDGE ( 'NONE', *, *, #2133, .F. ) ;
#3280 = CARTESIAN_POINT ( 'NONE',  ( 64.00000000000000000, 6.082762530298221115, 36.00000000000000000 ) ) ;
#3281 = EDGE_LOOP ( 'NONE', ( #3624, #740, #82, #2461 ) ) ;
#3282 = DIRECTION ( 'NONE',  ( -1.000000000000000000, -9.801012313718212416E-17, 4.440892098500625176E-16 ) ) ;
#3283 = AXIS2_PLACEMENT_3D ( 'NONE', #2278, #838, #882 ) ;
#3284 = FACE_OUTER_BOUND ( 'NONE', #3241, .T. ) ;
#3285 = AXIS2_PLACEMENT_3D ( 'NONE', #1917, #3057, #438 ) ;
#3286 = AXIS2_PLACEMENT_3D ( 'NONE', #174, #2464, #443 ) ;
#3287 = CARTESIAN_POINT ( 'NONE',  ( 64.00000000000000000, 15.87450786638754430, 0.000000000000000000 ) ) ;
#3288 = DIRECTION ( 'NONE',  ( -0.000000000000000000, -0.000000000000000000, -1.000000000000000000 ) ) ;
#3289 = ORIENTED_EDGE ( 'NONE', *, *, #2516, .T. ) ;
#3290 = CARTESIAN_POINT ( 'NONE',  ( 104.9804505032823982, -0.3948287742630478547, -14.99605426714859036 ) ) ;
#3291 = DIRECTION ( 'NONE',  ( 0.000000000000000000, 0.000000000000000000, -1.000000000000000000 ) ) ;
#3292 = VECTOR ( 'NONE', #736, 1000.000000000000000 ) ;
#3293 = CARTESIAN_POINT ( 'NONE',  ( -31.31159011362029432, -16.49999999999999645, -4.685135628800802287E-17 ) ) ;
#3294 = CARTESIAN_POINT ( 'NONE',  ( -2.483769188023921437, 22.36251156745233715, 7.171929200235282131 ) ) ;
#3295 = EDGE_LOOP ( 'NONE', ( #2233, #1056, #584, #257 ) ) ;
#3296 = VERTEX_POINT ( 'NONE', #775 ) ;
#3297 = FACE_OUTER_BOUND ( 'NONE', #3187, .T. ) ;
#3298 = VECTOR ( 'NONE', #3688, 1000.000000000000000 ) ;
#3299 = DIRECTION ( 'NONE',  ( 1.000000000000000000, 0.000000000000000000, 0.000000000000000000 ) ) ;
#3300 = LINE ( 'NONE', #3280, #3053 ) ;
#3301 = ORIENTED_EDGE ( 'NONE', *, *, #2944, .F. ) ;
#3302 = CARTESIAN_POINT ( 'NONE',  ( 102.3924070889809457, 2.980780148241811922, -14.70090131663762634 ) ) ;
#3303 = MANIFOLD_SOLID_BREP ( 'Cut-Extrude1', #373 ) ;
#3304 = EDGE_CURVE ( 'NONE', #1023, #2044, #3545, .T. ) ;
#3305 = DIRECTION ( 'NONE',  ( 1.000000000000000000, 0.000000000000000000, 0.000000000000000000 ) ) ;
#3306 = PLANE ( 'NONE',  #2864 ) ;
#3307 = VERTEX_POINT ( 'NONE', #3101 ) ;
#3308 = DIRECTION ( 'NONE',  ( 0.000000000000000000, 0.000000000000000000, 1.000000000000000000 ) ) ;
#3309 = CARTESIAN_POINT ( 'NONE',  ( -37.99999999999999289, 39.99999999999999289, 18.00000000000000000 ) ) ;
#3310 = CARTESIAN_POINT ( 'NONE',  ( -12.25276893320482507, 37.40215218445584355, -0.000000000000000000 ) ) ;
#3311 = CARTESIAN_POINT ( 'NONE',  ( 0.000000000000000000, 22.50000000000000000, 9.999999999999991118 ) ) ;
#3312 = ORIENTED_EDGE ( 'NONE', *, *, #1249, .T. ) ;
#3313 = VERTEX_POINT ( 'NONE', #1746 ) ;
#3314 = CARTESIAN_POINT ( 'NONE',  ( 16.65162764274284513, -16.49999999999999645, 28.28770376121849850 ) ) ;
#3315 = CARTESIAN_POINT ( 'NONE',  ( 66.81574967747837945, 18.00000000000000000, 10.49965627961268488 ) ) ;
#3316 = CARTESIAN_POINT ( 'NONE',  ( 0.000000000000000000, 0.000000000000000000, 36.00000000000000000 ) ) ;
#3317 = ORIENTED_EDGE ( 'NONE', *, *, #2674, .F. ) ;
#3318 = CARTESIAN_POINT ( 'NONE',  ( -49.80754966226162850, 63.13213076912688138, 37.03832734294110196 ) ) ;
#3319 = CARTESIAN_POINT ( 'NONE',  ( -38.00000000000000000, -17.99999999999999645, 18.00000000000000000 ) ) ;
#3320 = CARTESIAN_POINT ( 'NONE',  ( -37.99999999999999289, 18.00000000000000000, 18.00000000000000000 ) ) ;
#3321 = EDGE_CURVE ( 'NONE', #1709, #1331, #833, .T. ) ;
#3322 = DIRECTION ( 'NONE',  ( 0.000000000000000000, -1.000000000000000000, 0.000000000000000000 ) ) ;
#3323 = DIRECTION ( 'NONE',  ( -1.000000000000000000, 0.000000000000000000, 0.000000000000000000 ) ) ;
#3324 = EDGE_LOOP ( 'NONE', ( #337, #1590, #580, #2068 ) ) ;
#3325 = CARTESIAN_POINT ( 'NONE',  ( 2.371519908141545230, 22.37476000500883089, 6.692085387434401511 ) ) ;
#3326 = CARTESIAN_POINT ( 'NONE',  ( -15.00000000000000000, 0.000000000000000000, 15.00000000000000000 ) ) ;
#3327 = AXIS2_PLACEMENT_3D ( 'NONE', #3470, #1715, #2020 ) ;
#3328 = CARTESIAN_POINT ( 'NONE',  ( 109.0000000000000000, 0.000000000000000000, 18.00000000000000000 ) ) ;
#3329 = DIRECTION ( 'NONE',  ( 0.000000000000000000, -1.000000000000000000, 0.000000000000000000 ) ) ;
#3330 = EDGE_CURVE ( 'NONE', #3109, #380, #308, .T. ) ;
#3331 = ORIENTED_EDGE ( 'NONE', *, *, #3304, .F. ) ;
#3332 = VERTEX_POINT ( 'NONE', #2685 ) ;
#3333 = LINE ( 'NONE', #1043, #2515 ) ;
#3334 = FACE_BOUND ( 'NONE', #1104, .T. ) ;
#3335 = CARTESIAN_POINT ( 'NONE',  ( -32.77017639212358802, 16.50000000000000355, -0.2969181878318166157 ) ) ;
#3336 = B_SPLINE_CURVE_WITH_KNOTS ( 'NONE', 3,
 ( #3287, #1894, #1588, #3582, #2684, #1863, #1272, #1549, #2103, #471, #3600, #1626, #2397, #2737, #2979, #2702, #1877, #1032, #3249, #3563 ),
 .UNSPECIFIED., .F., .F.,
 ( 4, 2, 2, 2, 2, 2, 2, 2, 2, 4 ),
 ( 0.000000000000000000, 0.002897950597862099069, 0.005795901195724198138, 0.007244876494655248106, 0.008693851793586296339, 0.009418339443051820456, 0.01014282709251734284, 0.01086731474198286695, 0.01122955856671564723, 0.01159180239144842924 ),
 .UNSPECIFIED. ) ;
#3337 = ORIENTED_EDGE ( 'NONE', *, *, #1838, .F. ) ;
#3338 = AXIS2_PLACEMENT_3D ( 'NONE', #3377, #1300, #2492 ) ;
#3339 = APPLICATION_PROTOCOL_DEFINITION ( 'draft international standard', 'automotive_design', 1998, #3554 ) ;
#3340 = CARTESIAN_POINT ( 'NONE',  ( 99.30403717477119585, 1.330533899595038427, -14.94197961773451411 ) ) ;
#3341 = CARTESIAN_POINT ( 'NONE',  ( -33.14178216162080304, -16.54420056000370209, 33.41984672120202049 ) ) ;
#3342 = AXIS2_PLACEMENT_3D ( 'NONE', #79, #1459, #3225 ) ;
#3343 = EDGE_CURVE ( 'NONE', #110, #2112, #306, .T. ) ;
#3344 = DIRECTION ( 'NONE',  ( -1.000000000000000000, 0.000000000000000000, 0.000000000000000000 ) ) ;
#3345 = AXIS2_PLACEMENT_3D ( 'NONE', #2084, #2616, #346 ) ;
#3346 = DIRECTION ( 'NONE',  ( 0.000000000000000000, 0.000000000000000000, -1.000000000000000000 ) ) ;
#3347 = EDGE_LOOP ( 'NONE', ( #3500, #3352, #2749 ) ) ;
#3348 = CARTESIAN_POINT ( 'NONE',  ( 2.499876127973655660, 22.36069362430759355, 7.332907948845761581 ) ) ;
#3349 = DIRECTION ( 'NONE',  ( -0.000000000000000000, 1.000000000000000000, -0.000000000000000000 ) ) ;
#3350 = CARTESIAN_POINT ( 'NONE',  ( 60.00000000000001421, 0.000000000000000000, 31.50000000000000000 ) ) ;
#3351 = CARTESIAN_POINT ( 'NONE',  ( -2.247093928676627606, 22.38759695677058303, 8.607735598515303010 ) ) ;
#3352 = ORIENTED_EDGE ( 'NONE', *, *, #1413, .F. ) ;
#3353 = ORIENTED_EDGE ( 'NONE', *, *, #1480, .T. ) ;
#3354 = ADVANCED_FACE ( 'NONE', ( #2066, #3177 ), #1777, .T. ) ;
#3355 = DIRECTION ( 'NONE',  ( -1.000000000000000000, -0.000000000000000000, -0.000000000000000000 ) ) ;
#3356 = FACE_OUTER_BOUND ( 'NONE', #463, .T. ) ;
#3357 = CARTESIAN_POINT ( 'NONE',  ( -33.14178216162081014, 16.54420056000370209, -0.4198467212020168815 ) ) ;
#3358 = ORIENTED_EDGE ( 'NONE', *, *, #1058, .F. ) ;
#3359 = PRESENTATION_LAYER_ASSIGNMENT (  '', '', ( #924 ) ) ;
#3360 = AXIS2_PLACEMENT_3D ( 'NONE', #3222, #429, #2153 ) ;
#3361 = CARTESIAN_POINT ( 'NONE',  ( 64.00000000000000000, -18.00000000000000000, 2.125492133612453927 ) ) ;
#3362 = CARTESIAN_POINT ( 'NONE',  ( 109.0000000000000000, -6.082762530298221115, 0.000000000000000000 ) ) ;
#3363 = CARTESIAN_POINT ( 'NONE',  ( -2.372433769913397494, 14.81133328003143745, 6.694732066754290223 ) ) ;
#3364 = CARTESIAN_POINT ( 'NONE',  ( 109.0000000000000000, 0.000000000000000000, 33.00000000000000000 ) ) ;
#3365 = VECTOR ( 'NONE', #349, 1000.000000000000000 ) ;
#3366 = VERTEX_POINT ( 'NONE', #981 ) ;
#3367 = FACE_OUTER_BOUND ( 'NONE', #885, .T. ) ;
#3368 = CARTESIAN_POINT ( 'NONE',  ( -8.742637549102845185, 36.02277553421567546, -0.000000000000000000 ) ) ;
#3369 = CARTESIAN_POINT ( 'NONE',  ( -9.372408770467643535, -36.11120960416807435, 36.00000000000000000 ) ) ;
#3370 = ORIENTED_EDGE ( 'NONE', *, *, #1052, .T. ) ;
#3371 = ORIENTED_EDGE ( 'NONE', *, *, #593, .T. ) ;
#3372 = CARTESIAN_POINT ( 'NONE',  ( 64.00000000000000000, 18.00000000000000000, 24.08276253029821845 ) ) ;
#3373 = CARTESIAN_POINT ( 'NONE',  ( 99.09636060993844353, 0.7798285410295417996, 14.98097740707353864 ) ) ;
#3374 = CARTESIAN_POINT ( 'NONE',  ( 67.47327507499021237, 18.00000000000000355, 11.21827870275143724 ) ) ;
#3375 = CARTESIAN_POINT ( 'NONE',  ( -13.33757445814856624, -38.54646701682593601, -0.000000000000000000 ) ) ;
#3376 = ORIENTED_EDGE ( 'NONE', *, *, #1862, .T. ) ;
#3377 = CARTESIAN_POINT ( 'NONE',  ( -32.38207104071703668, -21.50000000000000000, -1.499999999999997780 ) ) ;
#3378 = UNCERTAINTY_MEASURE_WITH_UNIT (LENGTH_MEASURE( 1.000000000000000082E-05 ), #3116, 'distance_accuracy_value', 'NONE');
#3379 = CARTESIAN_POINT ( 'NONE',  ( 2.483727951080196394, -14.79297626665067256, 7.171583242420095594 ) ) ;
#3380 = CARTESIAN_POINT ( 'NONE',  ( 67.29786469249452807, -6.952472181280896280, 0.000000000000000000 ) ) ;
#3381 = B_SPLINE_CURVE_WITH_KNOTS ( 'NONE', 3,
 ( #2032, #645, #2941, #80, #1223, #42, #1776, #1187, #328, #3154, #1515, #959, #2665, #911, #97, #345, #59, #2927, #944, #612 ),
 .UNSPECIFIED., .F., .F.,
 ( 4, 2, 2, 2, 2, 2, 2, 2, 2, 4 ),
 ( 0.000000000000000000, 0.002897950597862099069, 0.005795901195724198138, 0.007244876494655248106, 0.008693851793586296339, 0.009418339443051820456, 0.01014282709251734284, 0.01086731474198286695, 0.01122955856671564723, 0.01159180239144842924 ),
 .UNSPECIFIED. ) ;
#3382 = ORIENTED_EDGE ( 'NONE', *, *, #1919, .T. ) ;
#3383 = CARTESIAN_POINT ( 'NONE',  ( 2.483536028273376939, 22.36253738112897693, 7.170458440750096862 ) ) ;
#3384 = CARTESIAN_POINT ( 'NONE',  ( -34.21591386755598307, -16.84475656445017222, -0.8367853538893242904 ) ) ;
#3385 = CARTESIAN_POINT ( 'NONE',  ( -9.682363386901156943, -36.17671996737182383, 36.00000000000001421 ) ) ;
#3386 = EDGE_LOOP ( 'NONE', ( #2053, #974, #2419, #219 ) ) ;
#3387 = ORIENTED_EDGE ( 'NONE', *, *, #2786, .F. ) ;
#3388 = DIRECTION ( 'NONE',  ( 0.000000000000000000, 0.000000000000000000, 1.000000000000000000 ) ) ;
#3389 = CARTESIAN_POINT ( 'NONE',  ( 99.61555104385820414, 1.831114732403784862, 14.88872078901958140 ) ) ;
#3390 = DIRECTION ( 'NONE',  ( 1.000000000000000000, 0.000000000000000000, 0.000000000000000000 ) ) ;
#3391 = ADVANCED_FACE ( 'NONE', ( #2633 ), #60, .T. ) ;
#3392 = CARTESIAN_POINT ( 'NONE',  ( 0.000000000000000000, 22.50000000000000000, 7.500000000000000000 ) ) ;
#3393 = B_SPLINE_CURVE_WITH_KNOTS ( 'NONE', 3,
 ( #292, #3085, #3447, #3105, #543, #1929, #3670, #2804, #1123, #2240, #1694, #3407, #857, #3125, #1391, #2528, #2822, #273 ),
 .UNSPECIFIED., .F., .F.,
 ( 4, 2, 2, 2, 2, 2, 2, 2, 4 ),
 ( 0.000000000000000000, 0.002302019651209256858, 0.003453029476813888974, 0.004604039302418521523, 0.005755049128023153639, 0.006906058953627785754, 0.008057068779232418737, 0.008632573692034730892, 0.009208078604837041312 ),
 .UNSPECIFIED. ) ;
#3394 = ORIENTED_EDGE ( 'NONE', *, *, #322, .T. ) ;
#3395 = LINE ( 'NONE', #3110, #81 ) ;
#3396 = CARTESIAN_POINT ( 'NONE',  ( 0.1654916451219531626, -15.00000000000000000, 9.999999999999992895 ) ) ;
#3397 = DIRECTION ( 'NONE',  ( 0.000000000000000000, 0.000000000000000000, -1.000000000000000000 ) ) ;
#3398 = VECTOR ( 'NONE', #48, 1000.000000000000000 ) ;
#3399 = ORIENTED_EDGE ( 'NONE', *, *, #2683, .T. ) ;
#3400 = CARTESIAN_POINT ( 'NONE',  ( 16.64947753143786358, 11.79114137570396181, 33.00000000000000711 ) ) ;
#3401 = AXIS2_PLACEMENT_3D ( 'NONE', #2940, #358, #2319 ) ;
#3402 = DIRECTION ( 'NONE',  ( -1.000000000000000000, 0.000000000000000000, 0.000000000000000000 ) ) ;
#3403 = CARTESIAN_POINT ( 'NONE',  ( -2.247135086939050730, -14.83085966943328060, 8.607769458357193315 ) ) ;
#3404 = EDGE_LOOP ( 'NONE', ( #1543, #2815, #1941 ) ) ;
#3405 = COLOUR_RGB ( '',0.7921568627450980005, 0.8196078431372548767, 0.9333333333333333481 ) ;
#3406 = DIRECTION ( 'NONE',  ( -1.000000000000000000, -0.000000000000000000, -0.000000000000000000 ) ) ;
#3407 = CARTESIAN_POINT ( 'NONE',  ( 18.19227926385213578, 10.06651483236237077, -0.000000000000000000 ) ) ;
#3408 = CARTESIAN_POINT ( 'NONE',  ( 15.76616902731368342, -16.49999999999999645, 2.985554486056157586 ) ) ;
#3409 = FACE_OUTER_BOUND ( 'NONE', #2579, .T. ) ;
#3410 = AXIS2_PLACEMENT_3D ( 'NONE', #3086, #33, #3671 ) ;
#3411 = CARTESIAN_POINT ( 'NONE',  ( 102.7799296190082003, -2.903574246515610024, 14.71634487257762025 ) ) ;
#3412 = EDGE_CURVE ( 'NONE', #1870, #2724, #2961, .T. ) ;
#3413 = VERTEX_POINT ( 'NONE', #2104 ) ;
#3414 = PRODUCT_DEFINITION_CONTEXT ( 'detailed design', #1658, 'design' ) ;
#3415 = DIRECTION ( 'NONE',  ( 1.000000000000000000, -0.000000000000000000, -0.000000000000000000 ) ) ;
#3416 = FACE_BOUND ( 'NONE', #1366, .T. ) ;
#3417 = AXIS2_PLACEMENT_3D ( 'NONE', #1433, #655, #1741 ) ;
#3418 = CYLINDRICAL_SURFACE ( 'NONE', #2976, 15.00000000000000000 ) ;
#3419 = CARTESIAN_POINT ( 'NONE',  ( -2.419729098946387325, 14.80357972384034859, 8.149620279117129940 ) ) ;
#3420 = CIRCLE ( 'NONE', #260, 22.50000000000000355 ) ;
#3421 = COLOUR_RGB ( '',0.7921568627450980005, 0.8196078431372548767, 0.9333333333333333481 ) ;
#3422 = ORIENTED_EDGE ( 'NONE', *, *, #202, .T. ) ;
#3423 = CARTESIAN_POINT ( 'NONE',  ( -38.00000000000000711, -18.00000000000000355, 18.00000000000000000 ) ) ;
#3424 = PLANE ( 'NONE',  #2745 ) ;
#3425 = CARTESIAN_POINT ( 'NONE',  ( -11.17791688039648967, -36.71865663307353600, 36.00000000000000000 ) ) ;
#3426 = MANIFOLD_SOLID_BREP ( 'Tap Drill for M6 Tap1', #1912 ) ;
#3427 = EDGE_LOOP ( 'NONE', ( #1822, #1996 ) ) ;
#3428 = SHAPE_REPRESENTATION ( 'TAPPER PIN', ( #669 ), #21 ) ;
#3429 = ORIENTED_EDGE ( 'NONE', *, *, #2014, .F. ) ;
#3430 = LINE ( 'NONE', #3372, #735 ) ;
#3431 = DIRECTION ( 'NONE',  ( 0.000000000000000000, 0.000000000000000000, -1.000000000000000000 ) ) ;
#3432 = DIRECTION ( 'NONE',  ( -0.000000000000000000, -0.000000000000000000, -1.000000000000000000 ) ) ;
#3433 = CARTESIAN_POINT ( 'NONE',  ( 99.09673146494698415, -0.7808286370875964222, 14.98090585029337696 ) ) ;
#3434 = ORIENTED_EDGE ( 'NONE', *, *, #1142, .T. ) ;
#3435 = B_SPLINE_CURVE_WITH_KNOTS ( 'NONE', 3,
 ( #1979, #577, #7, #3100, #1727, #3384, #1939, #2582, #307, #1651, #2524, #1118, #893, #2501 ),
 .UNSPECIFIED., .F., .F.,
 ( 4, 2, 2, 2, 2, 2, 4 ),
 ( 0.000000000000000000, 0.001184653236909301560, 0.001776979855363952339, 0.002369306473818603119, 0.002961633092273254116, 0.003553959710727904679, 0.004738612947637190626 ),
 .UNSPECIFIED. ) ;
#3436 = CYLINDRICAL_SURFACE ( 'NONE', #2712, 15.00000000000000000 ) ;
#3437 = FACE_OUTER_BOUND ( 'NONE', #2704, .T. ) ;
#3438 = CARTESIAN_POINT ( 'NONE',  ( -31.31159011362029432, 16.50000000000000355, 0.000000000000000000 ) ) ;
#3439 = EDGE_CURVE ( 'NONE', #1764, #2452, #3460, .T. ) ;
#3440 = ORIENTED_EDGE ( 'NONE', *, *, #1683, .F. ) ;
#3441 = CIRCLE ( 'NONE', #2005, 15.00000000000000000 ) ;
#3442 = CARTESIAN_POINT ( 'NONE',  ( -59.99999999999998579, 3.469446951953614189E-15, -1.499999999999997780 ) ) ;
#3443 = CARTESIAN_POINT ( 'NONE',  ( -11.45818216391561251, -36.86824732482323697, 36.00000000000001421 ) ) ;
#3444 = MANIFOLD_SOLID_BREP ( 'Fillet1', #1031 ) ;
#3445 = ORIENTED_EDGE ( 'NONE', *, *, #1216, .F. ) ;
#3446 = ORIENTED_EDGE ( 'NONE', *, *, #2022, .T. ) ;
#3447 = CARTESIAN_POINT ( 'NONE',  ( 15.27719583070279441, 14.97310278982767606, -0.000000000000000000 ) ) ;
#3448 = CARTESIAN_POINT ( 'NONE',  ( 99.73930382197498545, 1.981788028643143296, 14.86916417805282187 ) ) ;
#3449 = CARTESIAN_POINT ( 'NONE',  ( 0.000000000000000000, 0.000000000000000000, 15.00000000000000000 ) ) ;
#3450 = CARTESIAN_POINT ( 'NONE',  ( -15.00000000000000000, 0.000000000000000000, 15.00000000000000000 ) ) ;
#3451 = ORIENTED_EDGE ( 'NONE', *, *, #2247, .F. ) ;
#3452 = CARTESIAN_POINT ( 'NONE',  ( 67.29632010117369134, 17.99999999999999645, 24.95392418276662028 ) ) ;
#3453 = CIRCLE ( 'NONE', #1191, 15.00000000000000000 ) ;
#3454 = LINE ( 'NONE', #3169, #3175 ) ;
#3455 = DIRECTION ( 'NONE',  ( 0.000000000000000000, 0.000000000000000000, 1.000000000000000000 ) ) ;
#3456 = CARTESIAN_POINT ( 'NONE',  ( 63.99999999999998579, -14.89559075793524556, 0.000000000000000000 ) ) ;
#3457 = ORIENTED_EDGE ( 'NONE', *, *, #3226, .T. ) ;
#3458 = EDGE_CURVE ( 'NONE', #3668, #1813, #1516, .T. ) ;
#3459 = CARTESIAN_POINT ( 'NONE',  ( 69.00000000000000000, -18.00000000000000000, 11.91723746970177800 ) ) ;
#3460 = LINE ( 'NONE', #3479, #1793 ) ;
#3461 = ORIENTED_EDGE ( 'NONE', *, *, #2247, .T. ) ;
#3462 = EDGE_LOOP ( 'NONE', ( #90, #1310 ) ) ;
#3463 = VECTOR ( 'NONE', #3145, 1000.000000000000000 ) ;
#3464 = EDGE_CURVE ( 'NONE', #2035, #2916, #2666, .T. ) ;
#3465 = DIRECTION ( 'NONE',  ( -0.000000000000000000, -0.000000000000000000, -1.000000000000000000 ) ) ;
#3466 = DIRECTION ( 'NONE',  ( 1.000000000000000000, 0.000000000000000000, 0.000000000000000000 ) ) ;
#3467 = DIRECTION ( 'NONE',  ( 0.000000000000000000, 0.000000000000000000, -1.000000000000000000 ) ) ;
#3468 = AXIS2_PLACEMENT_3D ( 'NONE', #2301, #1435, #2481 ) ;
#3469 = CIRCLE ( 'NONE', #2628, 19.00000000000000000 ) ;
#3470 = CARTESIAN_POINT ( 'NONE',  ( 15.00000000000000000, 0.000000000000000000, 0.000000000000000000 ) ) ;
#3471 = ORIENTED_EDGE ( 'NONE', *, *, #1461, .F. ) ;
#3472 = ADVANCED_FACE ( 'NONE', ( #768 ), #1844, .F. ) ;
#3473 = VECTOR ( 'NONE', #650, 1000.000000000000000 ) ;
#3474 = CARTESIAN_POINT ( 'NONE',  ( 20.00000000000001421, 0.000000000000000000, 16.50000000000000000 ) ) ;
#3475 = DIRECTION ( 'NONE',  ( 0.000000000000000000, 0.000000000000000000, 1.000000000000000000 ) ) ;
#3476 = DIRECTION ( 'NONE',  ( -1.000000000000000000, 0.000000000000000000, 0.000000000000000000 ) ) ;
#3477 = CARTESIAN_POINT ( 'NONE',  ( 19.61101187827825854, 16.50000000000000711, 7.055951604462129545 ) ) ;
#3478 = CARTESIAN_POINT ( 'NONE',  ( 1.260746848851911350, 14.94995795112519055, 9.683232604499382390 ) ) ;
#3479 = CARTESIAN_POINT ( 'NONE',  ( 64.00000000000000000, -18.00000000000000000, 36.00000000000000000 ) ) ;
#3480 = ORIENTED_EDGE ( 'NONE', *, *, #2794, .T. ) ;
#3481 = CARTESIAN_POINT ( 'NONE',  ( 103.3297973702100734, -2.696314497270566601, -14.75587093514750769 ) ) ;
#3482 = LINE ( 'NONE', #1521, #144 ) ;
#3483 = DIRECTION ( 'NONE',  ( -0.000000000000000000, -0.000000000000000000, -1.000000000000000000 ) ) ;
#3484 = CARTESIAN_POINT ( 'NONE',  ( 2.168992234674952613, -22.39539527406700614, 6.246211398762131495 ) ) ;
#3485 = EDGE_CURVE ( 'NONE', #2884, #2753, #496, .T. ) ;
#3486 = PLANE ( 'NONE',  #3088 ) ;
#3487 = ORIENTED_EDGE ( 'NONE', *, *, #658, .T. ) ;
#3488 = CARTESIAN_POINT ( 'NONE',  ( 66.81010921242874190, -18.00000000000000000, 10.49254259365761754 ) ) ;
#3489 = LINE ( 'NONE', #1168, #3657 ) ;
#3490 = CARTESIAN_POINT ( 'NONE',  ( 64.00000000000000000, 0.000000000000000000, 18.00000000000000000 ) ) ;
#3491 = CARTESIAN_POINT ( 'NONE',  ( 17.34916700087793018, 16.50000000000000711, 5.642269598930027108 ) ) ;
#3492 = CARTESIAN_POINT ( 'NONE',  ( -8.743680561123957418, 36.00000000000000711, 36.00000000000000711 ) ) ;
#3493 = PRESENTATION_STYLE_ASSIGNMENT (( #1500 ) ) ;
#3494 = ORIENTED_EDGE ( 'NONE', *, *, #858, .T. ) ;
#3495 = CARTESIAN_POINT ( 'NONE',  ( -0.8059149097708937504, -22.48606620035296189, 5.127867692927037702 ) ) ;
#3496 = DIRECTION ( 'NONE',  ( -1.000000000000000000, -0.000000000000000000, -0.000000000000000000 ) ) ;
#3497 = CARTESIAN_POINT ( 'NONE',  ( 67.85713652217036440, -18.00000000000000000, 24.47398250681231602 ) ) ;
#3498 = LINE ( 'NONE', #2110, #2919 ) ;
#3499 = DIRECTION ( 'NONE',  ( 0.000000000000000000, 0.000000000000000000, 1.000000000000000000 ) ) ;
#3500 = ORIENTED_EDGE ( 'NONE', *, *, #1382, .F. ) ;
#3501 = EDGE_CURVE ( 'NONE', #3313, #2884, #1627, .T. ) ;
#3502 = EDGE_CURVE ( 'NONE', #1636, #1597, #2139, .T. ) ;
#3503 = CARTESIAN_POINT ( 'NONE',  ( 64.00000000000000000, -18.00000000000000000, 33.87450786638754607 ) ) ;
#3504 = PLANE ( 'NONE',  #2271 ) ;
#3505 = AXIS2_PLACEMENT_3D ( 'NONE', #3392, #839, #901 ) ;
#3506 = CARTESIAN_POINT ( 'NONE',  ( 31.17691453623979569, 18.00000000000000000, 36.00000000000000000 ) ) ;
#3507 = FACE_OUTER_BOUND ( 'NONE', #397, .T. ) ;
#3508 = EDGE_CURVE ( 'NONE', #1858, #1226, #3469, .T. ) ;
#3509 = DIRECTION ( 'NONE',  ( -1.000000000000000000, 1.776356839400250465E-15, 0.000000000000000000 ) ) ;
#3510 = DIRECTION ( 'NONE',  ( 0.000000000000000000, 0.000000000000000000, 1.000000000000000000 ) ) ;
#3511 = VECTOR ( 'NONE', #2117, 1000.000000000000000 ) ;
#3512 = ORIENTED_EDGE ( 'NONE', *, *, #2871, .T. ) ;
#3513 = CARTESIAN_POINT ( 'NONE',  ( -1.525447159367429029, -22.44864693074325146, 5.512536846718464112 ) ) ;
#3514 = CARTESIAN_POINT ( 'NONE',  ( 129.0000000000000000, 0.000000000000000000, 18.00000000000000000 ) ) ;
#3515 = DIRECTION ( 'NONE',  ( 1.000000000000000000, 0.000000000000000000, 0.000000000000000000 ) ) ;
#3516 = CARTESIAN_POINT ( 'NONE',  ( 68.39920891457094854, 6.191155789761899619, 36.00000000000000711 ) ) ;
#3517 = FACE_BOUND ( 'NONE', #3531, .T. ) ;
#3518 = AXIS2_PLACEMENT_3D ( 'NONE', #780, #3299, #201 ) ;
#3519 = ORIENTED_EDGE ( 'NONE', *, *, #2719, .F. ) ;
#3520 = ORIENTED_EDGE ( 'NONE', *, *, #2394, .F. ) ;
#3521 = CARTESIAN_POINT ( 'NONE',  ( 19.23376380443612987, -16.50000000000000000, 26.03206237896423758 ) ) ;
#3522 =( GEOMETRIC_REPRESENTATION_CONTEXT ( 3 ) GLOBAL_UNCERTAINTY_ASSIGNED_CONTEXT ( ( #2552 ) ) GLOBAL_UNIT_ASSIGNED_CONTEXT ( ( #2583, #2874, #613 ) ) REPRESENTATION_CONTEXT ( 'NONE', 'WORKASPACE' ) );
#3523 = CARTESIAN_POINT ( 'NONE',  ( -8.101191175333074312, -36.00000000000000711, 0.000000000000000000 ) ) ;
#3524 = ORIENTED_EDGE ( 'NONE', *, *, #3502, .T. ) ;
#3525 = CARTESIAN_POINT ( 'NONE',  ( 109.0000000000000000, 18.00000000000000000, 0.000000000000000000 ) ) ;
#3526 = CARTESIAN_POINT ( 'NONE',  ( 64.00000000000000000, 18.00000000000000000, 2.125492133612453927 ) ) ;
#3527 = EDGE_CURVE ( 'NONE', #3663, #2769, #1878, .T. ) ;
#3528 = PRODUCT ( 'PIN', 'PIN', '', ( #709 ) ) ;
#3529 = CARTESIAN_POINT ( 'NONE',  ( 1.883887661739570563, 14.88167880599687010, 9.151491357939093518 ) ) ;
#3530 = SURFACE_SIDE_STYLE ('',( #98 ) ) ;
#3531 = EDGE_LOOP ( 'NONE', ( #124, #1729 ) ) ;
#3532 = CARTESIAN_POINT ( 'NONE',  ( 103.9820013591575787, -2.260460606360684466, -14.82935221048718688 ) ) ;
#3533 = VECTOR ( 'NONE', #3574, 1000.000000000000000 ) ;
#3534 = CARTESIAN_POINT ( 'NONE',  ( 0.000000000000000000, 0.000000000000000000, 15.00000000000000000 ) ) ;
#3535 = CARTESIAN_POINT ( 'NONE',  ( 64.57271688748406291, -17.99999999999999645, 30.05069094661801898 ) ) ;
#3536 = CARTESIAN_POINT ( 'NONE',  ( 18.52520984150177341, -9.856171649581353833, 0.000000000000000000 ) ) ;
#3537 = AXIS2_PLACEMENT_3D ( 'NONE', #3611, #802, #2149 ) ;
#3538 = DIRECTION ( 'NONE',  ( -0.000000000000000000, 1.000000000000000000, -0.000000000000000000 ) ) ;
#3539 = ORIENTED_EDGE ( 'NONE', *, *, #872, .F. ) ;
#3540 = ADVANCED_FACE ( 'NONE', ( #188 ), #2980, .F. ) ;
#3541 = CARTESIAN_POINT ( 'NONE',  ( 68.75335466912285654, -18.00000000000000355, 11.90269266687876204 ) ) ;
#3542 = CARTESIAN_POINT ( 'NONE',  ( -59.99999999999998579, 3.469446951953614189E-15, 33.00000000000000000 ) ) ;
#3543 = ORIENTED_EDGE ( 'NONE', *, *, #621, .T. ) ;
#3544 = LINE ( 'NONE', #995, #3511 ) ;
#3545 = B_SPLINE_CURVE_WITH_KNOTS ( 'NONE', 3,
 ( #502, #1463, #1958, #540, #1999, #2599, #1670, #330, #2273, #3443, #3425, #1422, #2798, #3385, #3369, #29, #894, #1136 ),
 .UNSPECIFIED., .F., .F.,
 ( 4, 2, 2, 2, 2, 2, 2, 2, 4 ),
 ( 0.000000000000000000, 0.0009495774939069063190, 0.001899154987813812638, 0.002848732481720718957, 0.003798309975627625276, 0.004747887469534532029, 0.005697464963441437914, 0.006647042457348343800, 0.007596619951255250552 ),
 .UNSPECIFIED. ) ;
#3546 = ADVANCED_FACE ( 'NONE', ( #3000 ), #210, .T. ) ;
#3547 = PLANE ( 'NONE',  #2736 ) ;
#3548 = CARTESIAN_POINT ( 'NONE',  ( 0.000000000000000000, -22.50000000000000355, 9.999999999999991118 ) ) ;
#3549 = ORIENTED_EDGE ( 'NONE', *, *, #3075, .T. ) ;
#3550 = DIRECTION ( 'NONE',  ( 1.000000000000000000, -0.000000000000000000, -0.000000000000000000 ) ) ;
#3551 = FACE_OUTER_BOUND ( 'NONE', #2643, .T. ) ;
#3552 = PLANE ( 'NONE',  #1017 ) ;
#3553 = CARTESIAN_POINT ( 'NONE',  ( 67.29786469249452807, 6.952472181280896280, 35.99999999999999289 ) ) ;
#3554 = APPLICATION_CONTEXT ( 'automotive_design' ) ;
#3555 = SURFACE_SIDE_STYLE ('',( #2407 ) ) ;
#3556 = ORIENTED_EDGE ( 'NONE', *, *, #3508, .F. ) ;
#3557 = CARTESIAN_POINT ( 'NONE',  ( 64.12234359963605357, -17.99999999999999645, 4.064001397268795834 ) ) ;
#3558 = CARTESIAN_POINT ( 'NONE',  ( 80.00000000000001421, 0.000000000000000000, 16.50000000000000000 ) ) ;
#3559 = ORIENTED_EDGE ( 'NONE', *, *, #202, .F. ) ;
#3560 = DIRECTION ( 'NONE',  ( -0.7899437769920908403, -0.6130125929794093542, 0.01429650447245190727 ) ) ;
#3561 = DIRECTION ( 'NONE',  ( 0.000000000000000000, 0.000000000000000000, -1.000000000000000000 ) ) ;
#3562 = AXIS2_PLACEMENT_3D ( 'NONE', #2190, #2510, #1659 ) ;
#3563 = CARTESIAN_POINT ( 'NONE',  ( 69.00000000000000000, 6.082762530298221115, 0.000000000000000000 ) ) ;
#3564 = DIRECTION ( 'NONE',  ( -1.000000000000000000, -0.000000000000000000, -0.000000000000000000 ) ) ;
#3565 = ORIENTED_EDGE ( 'NONE', *, *, #863, .T. ) ;
#3566 = DIRECTION ( 'NONE',  ( 9.130123557772672032E-17, 1.000000000000000000, 0.000000000000000000 ) ) ;
#3567 = DIRECTION ( 'NONE',  ( -1.000000000000000000, 0.000000000000000000, 0.000000000000000000 ) ) ;
#3568 = CARTESIAN_POINT ( 'NONE',  ( 109.0000000000000000, 0.000000000000000000, 18.00000000000000000 ) ) ;
#3569 = CARTESIAN_POINT ( 'NONE',  ( -1.986764933763320418, 22.41229989839040115, 9.026363664146016319 ) ) ;
#3570 = LINE ( 'NONE', #2362, #1542 ) ;
#3571 = ORIENTED_EDGE ( 'NONE', *, *, #2489, .T. ) ;
#3572 = ORIENTED_EDGE ( 'NONE', *, *, #769, .F. ) ;
#3573 = CARTESIAN_POINT ( 'NONE',  ( 15.74802563627844876, -16.50000000000000000, 30.00612824759331332 ) ) ;
#3574 = DIRECTION ( 'NONE',  ( 0.000000000000000000, 1.000000000000000000, 0.000000000000000000 ) ) ;
#3575 = EDGE_CURVE ( 'NONE', #2007, #1174, #2317, .T. ) ;
#3576 = ORIENTED_EDGE ( 'NONE', *, *, #940, .F. ) ;
#3577 = DIRECTION ( 'NONE',  ( 0.000000000000000000, 0.000000000000000000, 1.000000000000000000 ) ) ;
#3578 = CIRCLE ( 'NONE', #2569, 24.00000000000000000 ) ;
#3579 = CARTESIAN_POINT ( 'NONE',  ( 103.8320233141742648, 2.383816059147518818, -14.80978683833995468 ) ) ;
#3580 =( GEOMETRIC_REPRESENTATION_CONTEXT ( 3 ) GLOBAL_UNCERTAINTY_ASSIGNED_CONTEXT ( ( #1147 ) ) GLOBAL_UNIT_ASSIGNED_CONTEXT ( ( #829, #1703, #1094 ) ) REPRESENTATION_CONTEXT ( 'NONE', 'WORKASPACE' ) );
#3581 = CIRCLE ( 'NONE', #2147, 18.00000000000000000 ) ;
#3582 = CARTESIAN_POINT ( 'NONE',  ( 64.54882747929489994, 12.04861828099386578, -0.000000000000000000 ) ) ;
#3583 = CARTESIAN_POINT ( 'NONE',  ( -68.00000000000000000, -39.99999999999999289, 18.00000000000000000 ) ) ;
#3584 = VERTEX_POINT ( 'NONE', #789 ) ;
#3585 = DIRECTION ( 'NONE',  ( 0.000000000000000000, 0.000000000000000000, -1.000000000000000000 ) ) ;
#3586 = DIRECTION ( 'NONE',  ( 0.000000000000000000, 0.000000000000000000, -1.000000000000000000 ) ) ;
#3587 = CIRCLE ( 'NONE', #1974, 19.00000000000000000 ) ;
#3588 = FACE_OUTER_BOUND ( 'NONE', #105, .T. ) ;
#3589 = CARTESIAN_POINT ( 'NONE',  ( -0.8055136859373671632, 22.48608693081917309, 5.127659903250671114 ) ) ;
#3590 = EDGE_LOOP ( 'NONE', ( #920, #1444, #1581, #1008 ) ) ;
#3591 = EDGE_LOOP ( 'NONE', ( #1672, #1655, #834, #422 ) ) ;
#3592 = CARTESIAN_POINT ( 'NONE',  ( 64.00000000000000000, 0.000000000000000000, 18.00000000000000000 ) ) ;
#3593 = CARTESIAN_POINT ( 'NONE',  ( 15.11802889398110672, 16.50000000000000711, 0.7745071315854563654 ) ) ;
#3594 = EDGE_CURVE ( 'NONE', #26, #2765, #456, .T. ) ;
#3595 = CIRCLE ( 'NONE', #2878, 19.00000000000000000 ) ;
#3596 = CARTESIAN_POINT ( 'NONE',  ( 20.00000000000001066, -9.420721840708381478, 33.00000000000000000 ) ) ;
#3597 = ORIENTED_EDGE ( 'NONE', *, *, #314, .F. ) ;
#3598 = CARTESIAN_POINT ( 'NONE',  ( 99.00000000000001421, 0.1960665634830633386, -15.00000000000000000 ) ) ;
#3599 = CARTESIAN_POINT ( 'NONE',  ( 2.372433769913397494, -14.81133328003143745, 6.694732066754290223 ) ) ;
#3600 = CARTESIAN_POINT ( 'NONE',  ( 66.96547193316071400, 7.315795131472136781, 0.000000000000000000 ) ) ;
#3601 = DIRECTION ( 'NONE',  ( 0.000000000000000000, -0.000000000000000000, 1.000000000000000000 ) ) ;
#3602 =( REPRESENTATION_RELATIONSHIP ('NONE','NONE', #1371, #3034 ) REPRESENTATION_RELATIONSHIP_WITH_TRANSFORMATION ( #693 )SHAPE_REPRESENTATION_RELATIONSHIP( ) );
#3603 = EDGE_LOOP ( 'NONE', ( #1525, #3353, #2667, #892, #2134, #2298, #2198, #1311 ) ) ;
#3604 = CARTESIAN_POINT ( 'NONE',  ( 2.168957507600139500, 22.39539976711316527, 6.246093638863726483 ) ) ;
#3605 = CARTESIAN_POINT ( 'NONE',  ( 0.000000000000000000, -15.00000000000000000, 9.999999999999991118 ) ) ;
#3606 = CARTESIAN_POINT ( 'NONE',  ( -23.00000000000000711, -18.00000000000000355, 18.00000000000000000 ) ) ;
#3607 = CARTESIAN_POINT ( 'NONE',  ( 80.00000000000001421, 1.836970198721029589E-15, 1.500000000000001332 ) ) ;
#3608 = ORIENTED_EDGE ( 'NONE', *, *, #3527, .T. ) ;
#3609 = APPLICATION_CONTEXT ( 'automotive_design' ) ;
#3610 = EDGE_LOOP ( 'NONE', ( #2929, #2363, #256, #1081 ) ) ;
#3611 = CARTESIAN_POINT ( 'NONE',  ( -37.99999999999999289, 39.99999999999999289, 18.00000000000000000 ) ) ;
#3612 = CARTESIAN_POINT ( 'NONE',  ( 64.00000000000000000, 18.00000000000000000, 3.104409242064755325 ) ) ;
#3613 = FACE_OUTER_BOUND ( 'NONE', #3404, .T. ) ;
#3614 = EDGE_LOOP ( 'NONE', ( #3090, #638 ) ) ;
#3615 = EDGE_CURVE ( 'NONE', #1559, #3066, #1589, .T. ) ;
#3616 = EDGE_CURVE ( 'NONE', #2526, #2715, #1323, .T. ) ;
#3617 =( NAMED_UNIT ( * ) SI_UNIT ( $, .STERADIAN. ) SOLID_ANGLE_UNIT ( ) );
#3618 = CARTESIAN_POINT ( 'NONE',  ( 104.6951757036987516, 1.332168865251136980, -14.94183664288015834 ) ) ;
#3619 = CARTESIAN_POINT ( 'NONE',  ( 1.253188194454244453, -14.94818098475535884, 9.669374793036297433 ) ) ;
#3620 = EDGE_CURVE ( 'NONE', #2585, #2839, #472, .T. ) ;
#3621 = CARTESIAN_POINT ( 'NONE',  ( 129.0000000000000000, 1.836970198721029589E-15, 2.999999999999999112 ) ) ;
#3622 = CARTESIAN_POINT ( 'NONE',  ( 0.000000000000000000, 0.000000000000000000, 36.00000000000000000 ) ) ;
#3623 = EDGE_CURVE ( 'NONE', #3006, #31, #1617, .T. ) ;
#3624 = ORIENTED_EDGE ( 'NONE', *, *, #2159, .F. ) ;
#3625 = ADVANCED_FACE ( 'NONE', ( #2399 ), #3306, .T. ) ;
#3626 = CARTESIAN_POINT ( 'NONE',  ( 1.528189873110469499, 22.44845965480632088, 9.485355500964805842 ) ) ;
#3627 = DIRECTION ( 'NONE',  ( 1.000000000000000000, 0.000000000000000000, 0.000000000000000000 ) ) ;
#3628 = AXIS2_PLACEMENT_3D ( 'NONE', #2127, #690, #2968 ) ;
#3629 = LINE ( 'NONE', #2984, #2031 ) ;
#3630 = CARTESIAN_POINT ( 'NONE',  ( -0.1632255604688753192, 22.50000000000000355, 5.000000000000007994 ) ) ;
#3631 = ORIENTED_EDGE ( 'NONE', *, *, #2224, .T. ) ;
#3632 = ORIENTED_EDGE ( 'NONE', *, *, #3616, .F. ) ;
#3633 = CARTESIAN_POINT ( 'NONE',  ( 18.04922605593132445, -16.50000000000000000, 26.69151036391459897 ) ) ;
#3634 = CARTESIAN_POINT ( 'NONE',  ( -59.99999999999998579, 3.469446951953614189E-15, 38.00000000000000000 ) ) ;
#3635 = APPLICATION_CONTEXT ( 'automotive_design' ) ;
#3636 = DIRECTION ( 'NONE',  ( -9.130123557772670799E-17, -1.000000000000000000, 0.000000000000000000 ) ) ;
#3637 = ORIENTED_EDGE ( 'NONE', *, *, #2518, .T. ) ;
#3638 = CARTESIAN_POINT ( 'NONE',  ( -109.8075496622616356, 24.63213076912689203, 37.03832734294112328 ) ) ;
#3639 = CARTESIAN_POINT ( 'NONE',  ( 99.00000000000000000, 1.836969781399345755E-15, -15.00000000000000000 ) ) ;
#3640 = CARTESIAN_POINT ( 'NONE',  ( -32.38207104071703668, 16.50000000000000355, 33.00000000000000000 ) ) ;
#3641 = AXIS2_PLACEMENT_3D ( 'NONE', #2249, #266, #1646 ) ;
#3642 = CARTESIAN_POINT ( 'NONE',  ( -0.8060905699374031341, 14.97909145961874344, 5.127866561848486882 ) ) ;
#3643 = AXIS2_PLACEMENT_3D ( 'NONE', #2196, #2758, #3601 ) ;
#3644 = ORIENTED_EDGE ( 'NONE', *, *, #3157, .F. ) ;
#3645 = FACE_OUTER_BOUND ( 'NONE', #267, .T. ) ;
#3646 = VECTOR ( 'NONE', #733, 1000.000000000000000 ) ;
#3647 = LINE ( 'NONE', #889, #427 ) ;
#3648 = CARTESIAN_POINT ( 'NONE',  ( -11.17791688039648257, 36.71865663307353600, 0.000000000000000000 ) ) ;
#3649 = DIRECTION ( 'NONE',  ( 0.000000000000000000, 0.000000000000000000, -1.000000000000000000 ) ) ;
#3650 = ORIENTED_EDGE ( 'NONE', *, *, #2472, .T. ) ;
#3651 = ORIENTED_EDGE ( 'NONE', *, *, #1216, .T. ) ;
#3652 = FACE_OUTER_BOUND ( 'NONE', #3324, .T. ) ;
#3653 = CARTESIAN_POINT ( 'NONE',  ( 104.9804505032823840, 0.3948287742630546826, 14.99605426714859213 ) ) ;
#3654 = CARTESIAN_POINT ( 'NONE',  ( 0.000000000000000000, -18.00000000000000000, 0.000000000000000000 ) ) ;
#3655 = CARTESIAN_POINT ( 'NONE',  ( -12.72036057241597184, -37.81611991704583176, -0.000000000000000000 ) ) ;
#3656 = VERTEX_POINT ( 'NONE', #3548 ) ;
#3657 = VECTOR ( 'NONE', #2282, 1000.000000000000000 ) ;
#3658 = CARTESIAN_POINT ( 'NONE',  ( 102.7799296190082288, 2.903574246515610024, -14.71634487257762203 ) ) ;
#3659 = EDGE_CURVE ( 'NONE', #3584, #512, #68, .T. ) ;
#3660 = CARTESIAN_POINT ( 'NONE',  ( -32.38207104071703668, -16.49999999999999645, 33.19979540189030587 ) ) ;
#3661 = CARTESIAN_POINT ( 'NONE',  ( -1.653090545286881152, 14.90908182598873033, 9.382495401423490478 ) ) ;
#3662 =( NAMED_UNIT ( * ) PLANE_ANGLE_UNIT ( ) SI_UNIT ( $, .RADIAN. ) );
#3663 = VERTEX_POINT ( 'NONE', #716 ) ;
#3664 = CARTESIAN_POINT ( 'NONE',  ( 1.525447159367429029, 22.44864693074325146, 5.512536846718462336 ) ) ;
#3665 = EDGE_CURVE ( 'NONE', #2780, #2550, #1573, .T. ) ;
#3666 = DIRECTION ( 'NONE',  ( 1.000000000000000000, 0.000000000000000000, 0.000000000000000000 ) ) ;
#3667 = CARTESIAN_POINT ( 'NONE',  ( -1.987437257370128219, -14.86803497713260569, 5.974661614200925897 ) ) ;
#3668 = VERTEX_POINT ( 'NONE', #1132 ) ;
#3669 = VERTEX_POINT ( 'NONE', #847 ) ;
#3670 = CARTESIAN_POINT ( 'NONE',  ( 16.25645796291209777, 12.45920969151093516, 0.000000000000000000 ) ) ;
#3671 = DIRECTION ( 'NONE',  ( 0.000000000000000000, 0.000000000000000000, -1.000000000000000000 ) ) ;
#3672 = LINE ( 'NONE', #1449, #3463 ) ;
#3673 = CYLINDRICAL_SURFACE ( 'NONE', #3505, 2.499999999999992006 ) ;
#3674 = VERTEX_POINT ( 'NONE', #1115 ) ;
#3675 = FACE_OUTER_BOUND ( 'NONE', #840, .T. ) ;
#3676 = VECTOR ( 'NONE', #2113, 1000.000000000000000 ) ;
#3677 = CARTESIAN_POINT ( 'NONE',  ( 2.168708731058756278, -14.84267636493808062, 6.245735896593354930 ) ) ;
#3678 =( REPRESENTATION_RELATIONSHIP ('NONE','NONE', #1371, #3428 ) REPRESENTATION_RELATIONSHIP_WITH_TRANSFORMATION ( #2645 )SHAPE_REPRESENTATION_RELATIONSHIP( ) );
#3679 = CARTESIAN_POINT ( 'NONE',  ( -2.168708731058756278, 14.84267636493808062, 6.245735896593354930 ) ) ;
#3680 = VERTEX_POINT ( 'NONE', #3364 ) ;
#3681 = LINE ( 'NONE', #3640, #3230 ) ;
#3682 =( REPRESENTATION_RELATIONSHIP ('NONE','NONE', #1371, #2893 ) REPRESENTATION_RELATIONSHIP_WITH_TRANSFORMATION ( #2900 )SHAPE_REPRESENTATION_RELATIONSHIP( ) );
#3683 = CARTESIAN_POINT ( 'NONE',  ( 15.00000000000001421, 9.420721840708381478, 0.000000000000000000 ) ) ;
#3684 = CARTESIAN_POINT ( 'NONE',  ( -2.372346008454333077, -14.81134663187470402, 8.305446266359437502 ) ) ;
#3685 = ORIENTED_EDGE ( 'NONE', *, *, #1946, .T. ) ;
#3686 = ORIENTED_EDGE ( 'NONE', *, *, #1497, .F. ) ;
#3687 = AXIS2_PLACEMENT_3D ( 'NONE', #3071, #466, #1908 ) ;
#3688 = DIRECTION ( 'NONE',  ( -1.000000000000000000, -0.000000000000000000, -0.000000000000000000 ) ) ;
#3689 = CARTESIAN_POINT ( 'NONE',  ( 99.01902352858137135, 0.3911950124550986341, 14.99615894443915387 ) ) ;
#3690 = CARTESIAN_POINT ( 'NONE',  ( 0.000000000000000000, 0.000000000000000000, 15.00000000000000000 ) ) ;
#3691 = NEXT_ASSEMBLY_USAGE_OCCURRENCE ( 'NAUO1', ' ', ' ', #327, #2136, $ ) ;
#3692 = NEXT_ASSEMBLY_USAGE_OCCURRENCE ( 'NAUO2', ' ', ' ', #327, #2959, $ ) ;
#3693 = NEXT_ASSEMBLY_USAGE_OCCURRENCE ( 'NAUO3', ' ', ' ', #327, #3243, $ ) ;
#3694 = NEXT_ASSEMBLY_USAGE_OCCURRENCE ( 'NAUO4', ' ', ' ', #327, #2410, $ ) ;
#3695 = NEXT_ASSEMBLY_USAGE_OCCURRENCE ( 'NAUO5', ' ', ' ', #327, #1572, $ ) ;
ENDSEC;
END-ISO-10303-21;
