! Units: mm
! Rectangular Plate with Rectangular Hole
! Plate: 200 x 100 mm
! Hole: 60 x 30 mm at center
! Total nodes: 5151, Total elements: 4580

! -------------------------------------------------
! Nodes (from MATLAB Ko matrix)
! Format: N,node_id,x,y,z
! -------------------------------------------------

N,1,0.0,0.0,0
N,2,2.0,0.0,0
N,3,4.0,0.0,0
N,4,6.0,0.0,0
N,5,8.0,0.0,0
N,6,10.0,0.0,0
N,7,12.0,0.0,0
N,8,14.0,0.0,0
N,9,16.0,0.0,0
N,10,18.0,0.0,0
N,11,20.0,0.0,0
N,12,22.0,0.0,0
N,13,24.0,0.0,0
N,14,26.0,0.0,0
N,15,28.0,0.0,0
N,16,30.0,0.0,0
N,17,32.0,0.0,0
N,18,34.0,0.0,0
N,19,36.0,0.0,0
N,20,38.0,0.0,0
N,21,40.0,0.0,0
N,22,42.0,0.0,0
N,23,44.0,0.0,0
N,24,46.0,0.0,0
N,25,48.0,0.0,0
N,26,50.0,0.0,0
N,27,52.0,0.0,0
N,28,54.0,0.0,0
N,29,56.0,0.0,0
N,30,58.0,0.0,0
N,31,60.0,0.0,0
N,32,62.0,0.0,0
N,33,64.0,0.0,0
N,34,66.0,0.0,0
N,35,68.0,0.0,0
N,36,70.0,0.0,0
N,37,72.0,0.0,0
N,38,74.0,0.0,0
N,39,76.0,0.0,0
N,40,78.0,0.0,0
N,41,80.0,0.0,0
N,42,82.0,0.0,0
N,43,84.0,0.0,0
N,44,86.0,0.0,0
N,45,88.0,0.0,0
N,46,90.0,0.0,0
N,47,92.0,0.0,0
N,48,94.0,0.0,0
N,49,96.0,0.0,0
N,50,98.0,0.0,0
N,51,100.0,0.0,0
N,52,102.0,0.0,0
N,53,104.0,0.0,0
N,54,106.0,0.0,0
N,55,108.0,0.0,0
N,56,110.0,0.0,0
N,57,112.0,0.0,0
N,58,114.0,0.0,0
N,59,116.0,0.0,0
N,60,118.0,0.0,0
N,61,120.0,0.0,0
N,62,122.0,0.0,0
N,63,124.0,0.0,0
N,64,126.0,0.0,0
N,65,128.0,0.0,0
N,66,130.0,0.0,0
N,67,132.0,0.0,0
N,68,134.0,0.0,0
N,69,136.0,0.0,0
N,70,138.0,0.0,0
N,71,140.0,0.0,0
N,72,142.0,0.0,0
N,73,144.0,0.0,0
N,74,146.0,0.0,0
N,75,148.0,0.0,0
N,76,150.0,0.0,0
N,77,152.0,0.0,0
N,78,154.0,0.0,0
N,79,156.0,0.0,0
N,80,158.0,0.0,0
N,81,160.0,0.0,0
N,82,162.0,0.0,0
N,83,164.0,0.0,0
N,84,166.0,0.0,0
N,85,168.0,0.0,0
N,86,170.0,0.0,0
N,87,172.0,0.0,0
N,88,174.0,0.0,0
N,89,176.0,0.0,0
N,90,178.0,0.0,0
N,91,180.0,0.0,0
N,92,182.0,0.0,0
N,93,184.0,0.0,0
N,94,186.0,0.0,0
N,95,188.0,0.0,0
N,96,190.0,0.0,0
N,97,192.0,0.0,0
N,98,194.0,0.0,0
N,99,196.0,0.0,0
N,100,198.0,0.0,0
N,101,200.0,0.0,0
N,102,0.0,2.0,0
N,103,2.0,2.0,0
N,104,4.0,2.0,0
N,105,6.0,2.0,0
N,106,8.0,2.0,0
N,107,10.0,2.0,0
N,108,12.0,2.0,0
N,109,14.0,2.0,0
N,110,16.0,2.0,0
N,111,18.0,2.0,0
N,112,20.0,2.0,0
N,113,22.0,2.0,0
N,114,24.0,2.0,0
N,115,26.0,2.0,0
N,116,28.0,2.0,0
N,117,30.0,2.0,0
N,118,32.0,2.0,0
N,119,34.0,2.0,0
N,120,36.0,2.0,0
N,121,38.0,2.0,0
N,122,40.0,2.0,0
N,123,42.0,2.0,0
N,124,44.0,2.0,0
N,125,46.0,2.0,0
N,126,48.0,2.0,0
N,127,50.0,2.0,0
N,128,52.0,2.0,0
N,129,54.0,2.0,0
N,130,56.0,2.0,0
N,131,58.0,2.0,0
N,132,60.0,2.0,0
N,133,62.0,2.0,0
N,134,64.0,2.0,0
N,135,66.0,2.0,0
N,136,68.0,2.0,0
N,137,70.0,2.0,0
N,138,72.0,2.0,0
N,139,74.0,2.0,0
N,140,76.0,2.0,0
N,141,78.0,2.0,0
N,142,80.0,2.0,0
N,143,82.0,2.0,0
N,144,84.0,2.0,0
N,145,86.0,2.0,0
N,146,88.0,2.0,0
N,147,90.0,2.0,0
N,148,92.0,2.0,0
N,149,94.0,2.0,0
N,150,96.0,2.0,0
N,151,98.0,2.0,0
N,152,100.0,2.0,0
N,153,102.0,2.0,0
N,154,104.0,2.0,0
N,155,106.0,2.0,0
N,156,108.0,2.0,0
N,157,110.0,2.0,0
N,158,112.0,2.0,0
N,159,114.0,2.0,0
N,160,116.0,2.0,0
N,161,118.0,2.0,0
N,162,120.0,2.0,0
N,163,122.0,2.0,0
N,164,124.0,2.0,0
N,165,126.0,2.0,0
N,166,128.0,2.0,0
N,167,130.0,2.0,0
N,168,132.0,2.0,0
N,169,134.0,2.0,0
N,170,136.0,2.0,0
N,171,138.0,2.0,0
N,172,140.0,2.0,0
N,173,142.0,2.0,0
N,174,144.0,2.0,0
N,175,146.0,2.0,0
N,176,148.0,2.0,0
N,177,150.0,2.0,0
N,178,152.0,2.0,0
N,179,154.0,2.0,0
N,180,156.0,2.0,0
N,181,158.0,2.0,0
N,182,160.0,2.0,0
N,183,162.0,2.0,0
N,184,164.0,2.0,0
N,185,166.0,2.0,0
N,186,168.0,2.0,0
N,187,170.0,2.0,0
N,188,172.0,2.0,0
N,189,174.0,2.0,0
N,190,176.0,2.0,0
N,191,178.0,2.0,0
N,192,180.0,2.0,0
N,193,182.0,2.0,0
N,194,184.0,2.0,0
N,195,186.0,2.0,0
N,196,188.0,2.0,0
N,197,190.0,2.0,0
N,198,192.0,2.0,0
N,199,194.0,2.0,0
N,200,196.0,2.0,0
N,201,198.0,2.0,0
N,202,200.0,2.0,0
N,203,0.0,4.0,0
N,204,2.0,4.0,0
N,205,4.0,4.0,0
N,206,6.0,4.0,0
N,207,8.0,4.0,0
N,208,10.0,4.0,0
N,209,12.0,4.0,0
N,210,14.0,4.0,0
N,211,16.0,4.0,0
N,212,18.0,4.0,0
N,213,20.0,4.0,0
N,214,22.0,4.0,0
N,215,24.0,4.0,0
N,216,26.0,4.0,0
N,217,28.0,4.0,0
N,218,30.0,4.0,0
N,219,32.0,4.0,0
N,220,34.0,4.0,0
N,221,36.0,4.0,0
N,222,38.0,4.0,0
N,223,40.0,4.0,0
N,224,42.0,4.0,0
N,225,44.0,4.0,0
N,226,46.0,4.0,0
N,227,48.0,4.0,0
N,228,50.0,4.0,0
N,229,52.0,4.0,0
N,230,54.0,4.0,0
N,231,56.0,4.0,0
N,232,58.0,4.0,0
N,233,60.0,4.0,0
N,234,62.0,4.0,0
N,235,64.0,4.0,0
N,236,66.0,4.0,0
N,237,68.0,4.0,0
N,238,70.0,4.0,0
N,239,72.0,4.0,0
N,240,74.0,4.0,0
N,241,76.0,4.0,0
N,242,78.0,4.0,0
N,243,80.0,4.0,0
N,244,82.0,4.0,0
N,245,84.0,4.0,0
N,246,86.0,4.0,0
N,247,88.0,4.0,0
N,248,90.0,4.0,0
N,249,92.0,4.0,0
N,250,94.0,4.0,0
N,251,96.0,4.0,0
N,252,98.0,4.0,0
N,253,100.0,4.0,0
N,254,102.0,4.0,0
N,255,104.0,4.0,0
N,256,106.0,4.0,0
N,257,108.0,4.0,0
N,258,110.0,4.0,0
N,259,112.0,4.0,0
N,260,114.0,4.0,0
N,261,116.0,4.0,0
N,262,118.0,4.0,0
N,263,120.0,4.0,0
N,264,122.0,4.0,0
N,265,124.0,4.0,0
N,266,126.0,4.0,0
N,267,128.0,4.0,0
N,268,130.0,4.0,0
N,269,132.0,4.0,0
N,270,134.0,4.0,0
N,271,136.0,4.0,0
N,272,138.0,4.0,0
N,273,140.0,4.0,0
N,274,142.0,4.0,0
N,275,144.0,4.0,0
N,276,146.0,4.0,0
N,277,148.0,4.0,0
N,278,150.0,4.0,0
N,279,152.0,4.0,0
N,280,154.0,4.0,0
N,281,156.0,4.0,0
N,282,158.0,4.0,0
N,283,160.0,4.0,0
N,284,162.0,4.0,0
N,285,164.0,4.0,0
N,286,166.0,4.0,0
N,287,168.0,4.0,0
N,288,170.0,4.0,0
N,289,172.0,4.0,0
N,290,174.0,4.0,0
N,291,176.0,4.0,0
N,292,178.0,4.0,0
N,293,180.0,4.0,0
N,294,182.0,4.0,0
N,295,184.0,4.0,0
N,296,186.0,4.0,0
N,297,188.0,4.0,0
N,298,190.0,4.0,0
N,299,192.0,4.0,0
N,300,194.0,4.0,0
N,301,196.0,4.0,0
N,302,198.0,4.0,0
N,303,200.0,4.0,0
N,304,0.0,6.0,0
N,305,2.0,6.0,0
N,306,4.0,6.0,0
N,307,6.0,6.0,0
N,308,8.0,6.0,0
N,309,10.0,6.0,0
N,310,12.0,6.0,0
N,311,14.0,6.0,0
N,312,16.0,6.0,0
N,313,18.0,6.0,0
N,314,20.0,6.0,0
N,315,22.0,6.0,0
N,316,24.0,6.0,0
N,317,26.0,6.0,0
N,318,28.0,6.0,0
N,319,30.0,6.0,0
N,320,32.0,6.0,0
N,321,34.0,6.0,0
N,322,36.0,6.0,0
N,323,38.0,6.0,0
N,324,40.0,6.0,0
N,325,42.0,6.0,0
N,326,44.0,6.0,0
N,327,46.0,6.0,0
N,328,48.0,6.0,0
N,329,50.0,6.0,0
N,330,52.0,6.0,0
N,331,54.0,6.0,0
N,332,56.0,6.0,0
N,333,58.0,6.0,0
N,334,60.0,6.0,0
N,335,62.0,6.0,0
N,336,64.0,6.0,0
N,337,66.0,6.0,0
N,338,68.0,6.0,0
N,339,70.0,6.0,0
N,340,72.0,6.0,0
N,341,74.0,6.0,0
N,342,76.0,6.0,0
N,343,78.0,6.0,0
N,344,80.0,6.0,0
N,345,82.0,6.0,0
N,346,84.0,6.0,0
N,347,86.0,6.0,0
N,348,88.0,6.0,0
N,349,90.0,6.0,0
N,350,92.0,6.0,0
N,351,94.0,6.0,0
N,352,96.0,6.0,0
N,353,98.0,6.0,0
N,354,100.0,6.0,0
N,355,102.0,6.0,0
N,356,104.0,6.0,0
N,357,106.0,6.0,0
N,358,108.0,6.0,0
N,359,110.0,6.0,0
N,360,112.0,6.0,0
N,361,114.0,6.0,0
N,362,116.0,6.0,0
N,363,118.0,6.0,0
N,364,120.0,6.0,0
N,365,122.0,6.0,0
N,366,124.0,6.0,0
N,367,126.0,6.0,0
N,368,128.0,6.0,0
N,369,130.0,6.0,0
N,370,132.0,6.0,0
N,371,134.0,6.0,0
N,372,136.0,6.0,0
N,373,138.0,6.0,0
N,374,140.0,6.0,0
N,375,142.0,6.0,0
N,376,144.0,6.0,0
N,377,146.0,6.0,0
N,378,148.0,6.0,0
N,379,150.0,6.0,0
N,380,152.0,6.0,0
N,381,154.0,6.0,0
N,382,156.0,6.0,0
N,383,158.0,6.0,0
N,384,160.0,6.0,0
N,385,162.0,6.0,0
N,386,164.0,6.0,0
N,387,166.0,6.0,0
N,388,168.0,6.0,0
N,389,170.0,6.0,0
N,390,172.0,6.0,0
N,391,174.0,6.0,0
N,392,176.0,6.0,0
N,393,178.0,6.0,0
N,394,180.0,6.0,0
N,395,182.0,6.0,0
N,396,184.0,6.0,0
N,397,186.0,6.0,0
N,398,188.0,6.0,0
N,399,190.0,6.0,0
N,400,192.0,6.0,0
N,401,194.0,6.0,0
N,402,196.0,6.0,0
N,403,198.0,6.0,0
N,404,200.0,6.0,0
N,405,0.0,8.0,0
N,406,2.0,8.0,0
N,407,4.0,8.0,0
N,408,6.0,8.0,0
N,409,8.0,8.0,0
N,410,10.0,8.0,0
N,411,12.0,8.0,0
N,412,14.0,8.0,0
N,413,16.0,8.0,0
N,414,18.0,8.0,0
N,415,20.0,8.0,0
N,416,22.0,8.0,0
N,417,24.0,8.0,0
N,418,26.0,8.0,0
N,419,28.0,8.0,0
N,420,30.0,8.0,0
N,421,32.0,8.0,0
N,422,34.0,8.0,0
N,423,36.0,8.0,0
N,424,38.0,8.0,0
N,425,40.0,8.0,0
N,426,42.0,8.0,0
N,427,44.0,8.0,0
N,428,46.0,8.0,0
N,429,48.0,8.0,0
N,430,50.0,8.0,0
N,431,52.0,8.0,0
N,432,54.0,8.0,0
N,433,56.0,8.0,0
N,434,58.0,8.0,0
N,435,60.0,8.0,0
N,436,62.0,8.0,0
N,437,64.0,8.0,0
N,438,66.0,8.0,0
N,439,68.0,8.0,0
N,440,70.0,8.0,0
N,441,72.0,8.0,0
N,442,74.0,8.0,0
N,443,76.0,8.0,0
N,444,78.0,8.0,0
N,445,80.0,8.0,0
N,446,82.0,8.0,0
N,447,84.0,8.0,0
N,448,86.0,8.0,0
N,449,88.0,8.0,0
N,450,90.0,8.0,0
N,451,92.0,8.0,0
N,452,94.0,8.0,0
N,453,96.0,8.0,0
N,454,98.0,8.0,0
N,455,100.0,8.0,0
N,456,102.0,8.0,0
N,457,104.0,8.0,0
N,458,106.0,8.0,0
N,459,108.0,8.0,0
N,460,110.0,8.0,0
N,461,112.0,8.0,0
N,462,114.0,8.0,0
N,463,116.0,8.0,0
N,464,118.0,8.0,0
N,465,120.0,8.0,0
N,466,122.0,8.0,0
N,467,124.0,8.0,0
N,468,126.0,8.0,0
N,469,128.0,8.0,0
N,470,130.0,8.0,0
N,471,132.0,8.0,0
N,472,134.0,8.0,0
N,473,136.0,8.0,0
N,474,138.0,8.0,0
N,475,140.0,8.0,0
N,476,142.0,8.0,0
N,477,144.0,8.0,0
N,478,146.0,8.0,0
N,479,148.0,8.0,0
N,480,150.0,8.0,0
N,481,152.0,8.0,0
N,482,154.0,8.0,0
N,483,156.0,8.0,0
N,484,158.0,8.0,0
N,485,160.0,8.0,0
N,486,162.0,8.0,0
N,487,164.0,8.0,0
N,488,166.0,8.0,0
N,489,168.0,8.0,0
N,490,170.0,8.0,0
N,491,172.0,8.0,0
N,492,174.0,8.0,0
N,493,176.0,8.0,0
N,494,178.0,8.0,0
N,495,180.0,8.0,0
N,496,182.0,8.0,0
N,497,184.0,8.0,0
N,498,186.0,8.0,0
N,499,188.0,8.0,0
N,500,190.0,8.0,0
N,501,192.0,8.0,0
N,502,194.0,8.0,0
N,503,196.0,8.0,0
N,504,198.0,8.0,0
N,505,200.0,8.0,0
N,506,0.0,10.0,0
N,507,2.0,10.0,0
N,508,4.0,10.0,0
N,509,6.0,10.0,0
N,510,8.0,10.0,0
N,511,10.0,10.0,0
N,512,12.0,10.0,0
N,513,14.0,10.0,0
N,514,16.0,10.0,0
N,515,18.0,10.0,0
N,516,20.0,10.0,0
N,517,22.0,10.0,0
N,518,24.0,10.0,0
N,519,26.0,10.0,0
N,520,28.0,10.0,0
N,521,30.0,10.0,0
N,522,32.0,10.0,0
N,523,34.0,10.0,0
N,524,36.0,10.0,0
N,525,38.0,10.0,0
N,526,40.0,10.0,0
N,527,42.0,10.0,0
N,528,44.0,10.0,0
N,529,46.0,10.0,0
N,530,48.0,10.0,0
N,531,50.0,10.0,0
N,532,52.0,10.0,0
N,533,54.0,10.0,0
N,534,56.0,10.0,0
N,535,58.0,10.0,0
N,536,60.0,10.0,0
N,537,62.0,10.0,0
N,538,64.0,10.0,0
N,539,66.0,10.0,0
N,540,68.0,10.0,0
N,541,70.0,10.0,0
N,542,72.0,10.0,0
N,543,74.0,10.0,0
N,544,76.0,10.0,0
N,545,78.0,10.0,0
N,546,80.0,10.0,0
N,547,82.0,10.0,0
N,548,84.0,10.0,0
N,549,86.0,10.0,0
N,550,88.0,10.0,0
N,551,90.0,10.0,0
N,552,92.0,10.0,0
N,553,94.0,10.0,0
N,554,96.0,10.0,0
N,555,98.0,10.0,0
N,556,100.0,10.0,0
N,557,102.0,10.0,0
N,558,104.0,10.0,0
N,559,106.0,10.0,0
N,560,108.0,10.0,0
N,561,110.0,10.0,0
N,562,112.0,10.0,0
N,563,114.0,10.0,0
N,564,116.0,10.0,0
N,565,118.0,10.0,0
N,566,120.0,10.0,0
N,567,122.0,10.0,0
N,568,124.0,10.0,0
N,569,126.0,10.0,0
N,570,128.0,10.0,0
N,571,130.0,10.0,0
N,572,132.0,10.0,0
N,573,134.0,10.0,0
N,574,136.0,10.0,0
N,575,138.0,10.0,0
N,576,140.0,10.0,0
N,577,142.0,10.0,0
N,578,144.0,10.0,0
N,579,146.0,10.0,0
N,580,148.0,10.0,0
N,581,150.0,10.0,0
N,582,152.0,10.0,0
N,583,154.0,10.0,0
N,584,156.0,10.0,0
N,585,158.0,10.0,0
N,586,160.0,10.0,0
N,587,162.0,10.0,0
N,588,164.0,10.0,0
N,589,166.0,10.0,0
N,590,168.0,10.0,0
N,591,170.0,10.0,0
N,592,172.0,10.0,0
N,593,174.0,10.0,0
N,594,176.0,10.0,0
N,595,178.0,10.0,0
N,596,180.0,10.0,0
N,597,182.0,10.0,0
N,598,184.0,10.0,0
N,599,186.0,10.0,0
N,600,188.0,10.0,0
N,601,190.0,10.0,0
N,602,192.0,10.0,0
N,603,194.0,10.0,0
N,604,196.0,10.0,0
N,605,198.0,10.0,0
N,606,200.0,10.0,0
N,607,0.0,12.0,0
N,608,2.0,12.0,0
N,609,4.0,12.0,0
N,610,6.0,12.0,0
N,611,8.0,12.0,0
N,612,10.0,12.0,0
N,613,12.0,12.0,0
N,614,14.0,12.0,0
N,615,16.0,12.0,0
N,616,18.0,12.0,0
N,617,20.0,12.0,0
N,618,22.0,12.0,0
N,619,24.0,12.0,0
N,620,26.0,12.0,0
N,621,28.0,12.0,0
N,622,30.0,12.0,0
N,623,32.0,12.0,0
N,624,34.0,12.0,0
N,625,36.0,12.0,0
N,626,38.0,12.0,0
N,627,40.0,12.0,0
N,628,42.0,12.0,0
N,629,44.0,12.0,0
N,630,46.0,12.0,0
N,631,48.0,12.0,0
N,632,50.0,12.0,0
N,633,52.0,12.0,0
N,634,54.0,12.0,0
N,635,56.0,12.0,0
N,636,58.0,12.0,0
N,637,60.0,12.0,0
N,638,62.0,12.0,0
N,639,64.0,12.0,0
N,640,66.0,12.0,0
N,641,68.0,12.0,0
N,642,70.0,12.0,0
N,643,72.0,12.0,0
N,644,74.0,12.0,0
N,645,76.0,12.0,0
N,646,78.0,12.0,0
N,647,80.0,12.0,0
N,648,82.0,12.0,0
N,649,84.0,12.0,0
N,650,86.0,12.0,0
N,651,88.0,12.0,0
N,652,90.0,12.0,0
N,653,92.0,12.0,0
N,654,94.0,12.0,0
N,655,96.0,12.0,0
N,656,98.0,12.0,0
N,657,100.0,12.0,0
N,658,102.0,12.0,0
N,659,104.0,12.0,0
N,660,106.0,12.0,0
N,661,108.0,12.0,0
N,662,110.0,12.0,0
N,663,112.0,12.0,0
N,664,114.0,12.0,0
N,665,116.0,12.0,0
N,666,118.0,12.0,0
N,667,120.0,12.0,0
N,668,122.0,12.0,0
N,669,124.0,12.0,0
N,670,126.0,12.0,0
N,671,128.0,12.0,0
N,672,130.0,12.0,0
N,673,132.0,12.0,0
N,674,134.0,12.0,0
N,675,136.0,12.0,0
N,676,138.0,12.0,0
N,677,140.0,12.0,0
N,678,142.0,12.0,0
N,679,144.0,12.0,0
N,680,146.0,12.0,0
N,681,148.0,12.0,0
N,682,150.0,12.0,0
N,683,152.0,12.0,0
N,684,154.0,12.0,0
N,685,156.0,12.0,0
N,686,158.0,12.0,0
N,687,160.0,12.0,0
N,688,162.0,12.0,0
N,689,164.0,12.0,0
N,690,166.0,12.0,0
N,691,168.0,12.0,0
N,692,170.0,12.0,0
N,693,172.0,12.0,0
N,694,174.0,12.0,0
N,695,176.0,12.0,0
N,696,178.0,12.0,0
N,697,180.0,12.0,0
N,698,182.0,12.0,0
N,699,184.0,12.0,0
N,700,186.0,12.0,0
N,701,188.0,12.0,0
N,702,190.0,12.0,0
N,703,192.0,12.0,0
N,704,194.0,12.0,0
N,705,196.0,12.0,0
N,706,198.0,12.0,0
N,707,200.0,12.0,0
N,708,0.0,14.0,0
N,709,2.0,14.0,0
N,710,4.0,14.0,0
N,711,6.0,14.0,0
N,712,8.0,14.0,0
N,713,10.0,14.0,0
N,714,12.0,14.0,0
N,715,14.0,14.0,0
N,716,16.0,14.0,0
N,717,18.0,14.0,0
N,718,20.0,14.0,0
N,719,22.0,14.0,0
N,720,24.0,14.0,0
N,721,26.0,14.0,0
N,722,28.0,14.0,0
N,723,30.0,14.0,0
N,724,32.0,14.0,0
N,725,34.0,14.0,0
N,726,36.0,14.0,0
N,727,38.0,14.0,0
N,728,40.0,14.0,0
N,729,42.0,14.0,0
N,730,44.0,14.0,0
N,731,46.0,14.0,0
N,732,48.0,14.0,0
N,733,50.0,14.0,0
N,734,52.0,14.0,0
N,735,54.0,14.0,0
N,736,56.0,14.0,0
N,737,58.0,14.0,0
N,738,60.0,14.0,0
N,739,62.0,14.0,0
N,740,64.0,14.0,0
N,741,66.0,14.0,0
N,742,68.0,14.0,0
N,743,70.0,14.0,0
N,744,72.0,14.0,0
N,745,74.0,14.0,0
N,746,76.0,14.0,0
N,747,78.0,14.0,0
N,748,80.0,14.0,0
N,749,82.0,14.0,0
N,750,84.0,14.0,0
N,751,86.0,14.0,0
N,752,88.0,14.0,0
N,753,90.0,14.0,0
N,754,92.0,14.0,0
N,755,94.0,14.0,0
N,756,96.0,14.0,0
N,757,98.0,14.0,0
N,758,100.0,14.0,0
N,759,102.0,14.0,0
N,760,104.0,14.0,0
N,761,106.0,14.0,0
N,762,108.0,14.0,0
N,763,110.0,14.0,0
N,764,112.0,14.0,0
N,765,114.0,14.0,0
N,766,116.0,14.0,0
N,767,118.0,14.0,0
N,768,120.0,14.0,0
N,769,122.0,14.0,0
N,770,124.0,14.0,0
N,771,126.0,14.0,0
N,772,128.0,14.0,0
N,773,130.0,14.0,0
N,774,132.0,14.0,0
N,775,134.0,14.0,0
N,776,136.0,14.0,0
N,777,138.0,14.0,0
N,778,140.0,14.0,0
N,779,142.0,14.0,0
N,780,144.0,14.0,0
N,781,146.0,14.0,0
N,782,148.0,14.0,0
N,783,150.0,14.0,0
N,784,152.0,14.0,0
N,785,154.0,14.0,0
N,786,156.0,14.0,0
N,787,158.0,14.0,0
N,788,160.0,14.0,0
N,789,162.0,14.0,0
N,790,164.0,14.0,0
N,791,166.0,14.0,0
N,792,168.0,14.0,0
N,793,170.0,14.0,0
N,794,172.0,14.0,0
N,795,174.0,14.0,0
N,796,176.0,14.0,0
N,797,178.0,14.0,0
N,798,180.0,14.0,0
N,799,182.0,14.0,0
N,800,184.0,14.0,0
N,801,186.0,14.0,0
N,802,188.0,14.0,0
N,803,190.0,14.0,0
N,804,192.0,14.0,0
N,805,194.0,14.0,0
N,806,196.0,14.0,0
N,807,198.0,14.0,0
N,808,200.0,14.0,0
N,809,0.0,16.0,0
N,810,2.0,16.0,0
N,811,4.0,16.0,0
N,812,6.0,16.0,0
N,813,8.0,16.0,0
N,814,10.0,16.0,0
N,815,12.0,16.0,0
N,816,14.0,16.0,0
N,817,16.0,16.0,0
N,818,18.0,16.0,0
N,819,20.0,16.0,0
N,820,22.0,16.0,0
N,821,24.0,16.0,0
N,822,26.0,16.0,0
N,823,28.0,16.0,0
N,824,30.0,16.0,0
N,825,32.0,16.0,0
N,826,34.0,16.0,0
N,827,36.0,16.0,0
N,828,38.0,16.0,0
N,829,40.0,16.0,0
N,830,42.0,16.0,0
N,831,44.0,16.0,0
N,832,46.0,16.0,0
N,833,48.0,16.0,0
N,834,50.0,16.0,0
N,835,52.0,16.0,0
N,836,54.0,16.0,0
N,837,56.0,16.0,0
N,838,58.0,16.0,0
N,839,60.0,16.0,0
N,840,62.0,16.0,0
N,841,64.0,16.0,0
N,842,66.0,16.0,0
N,843,68.0,16.0,0
N,844,70.0,16.0,0
N,845,72.0,16.0,0
N,846,74.0,16.0,0
N,847,76.0,16.0,0
N,848,78.0,16.0,0
N,849,80.0,16.0,0
N,850,82.0,16.0,0
N,851,84.0,16.0,0
N,852,86.0,16.0,0
N,853,88.0,16.0,0
N,854,90.0,16.0,0
N,855,92.0,16.0,0
N,856,94.0,16.0,0
N,857,96.0,16.0,0
N,858,98.0,16.0,0
N,859,100.0,16.0,0
N,860,102.0,16.0,0
N,861,104.0,16.0,0
N,862,106.0,16.0,0
N,863,108.0,16.0,0
N,864,110.0,16.0,0
N,865,112.0,16.0,0
N,866,114.0,16.0,0
N,867,116.0,16.0,0
N,868,118.0,16.0,0
N,869,120.0,16.0,0
N,870,122.0,16.0,0
N,871,124.0,16.0,0
N,872,126.0,16.0,0
N,873,128.0,16.0,0
N,874,130.0,16.0,0
N,875,132.0,16.0,0
N,876,134.0,16.0,0
N,877,136.0,16.0,0
N,878,138.0,16.0,0
N,879,140.0,16.0,0
N,880,142.0,16.0,0
N,881,144.0,16.0,0
N,882,146.0,16.0,0
N,883,148.0,16.0,0
N,884,150.0,16.0,0
N,885,152.0,16.0,0
N,886,154.0,16.0,0
N,887,156.0,16.0,0
N,888,158.0,16.0,0
N,889,160.0,16.0,0
N,890,162.0,16.0,0
N,891,164.0,16.0,0
N,892,166.0,16.0,0
N,893,168.0,16.0,0
N,894,170.0,16.0,0
N,895,172.0,16.0,0
N,896,174.0,16.0,0
N,897,176.0,16.0,0
N,898,178.0,16.0,0
N,899,180.0,16.0,0
N,900,182.0,16.0,0
N,901,184.0,16.0,0
N,902,186.0,16.0,0
N,903,188.0,16.0,0
N,904,190.0,16.0,0
N,905,192.0,16.0,0
N,906,194.0,16.0,0
N,907,196.0,16.0,0
N,908,198.0,16.0,0
N,909,200.0,16.0,0
N,910,0.0,18.0,0
N,911,2.0,18.0,0
N,912,4.0,18.0,0
N,913,6.0,18.0,0
N,914,8.0,18.0,0
N,915,10.0,18.0,0
N,916,12.0,18.0,0
N,917,14.0,18.0,0
N,918,16.0,18.0,0
N,919,18.0,18.0,0
N,920,20.0,18.0,0
N,921,22.0,18.0,0
N,922,24.0,18.0,0
N,923,26.0,18.0,0
N,924,28.0,18.0,0
N,925,30.0,18.0,0
N,926,32.0,18.0,0
N,927,34.0,18.0,0
N,928,36.0,18.0,0
N,929,38.0,18.0,0
N,930,40.0,18.0,0
N,931,42.0,18.0,0
N,932,44.0,18.0,0
N,933,46.0,18.0,0
N,934,48.0,18.0,0
N,935,50.0,18.0,0
N,936,52.0,18.0,0
N,937,54.0,18.0,0
N,938,56.0,18.0,0
N,939,58.0,18.0,0
N,940,60.0,18.0,0
N,941,62.0,18.0,0
N,942,64.0,18.0,0
N,943,66.0,18.0,0
N,944,68.0,18.0,0
N,945,70.0,18.0,0
N,946,72.0,18.0,0
N,947,74.0,18.0,0
N,948,76.0,18.0,0
N,949,78.0,18.0,0
N,950,80.0,18.0,0
N,951,82.0,18.0,0
N,952,84.0,18.0,0
N,953,86.0,18.0,0
N,954,88.0,18.0,0
N,955,90.0,18.0,0
N,956,92.0,18.0,0
N,957,94.0,18.0,0
N,958,96.0,18.0,0
N,959,98.0,18.0,0
N,960,100.0,18.0,0
N,961,102.0,18.0,0
N,962,104.0,18.0,0
N,963,106.0,18.0,0
N,964,108.0,18.0,0
N,965,110.0,18.0,0
N,966,112.0,18.0,0
N,967,114.0,18.0,0
N,968,116.0,18.0,0
N,969,118.0,18.0,0
N,970,120.0,18.0,0
N,971,122.0,18.0,0
N,972,124.0,18.0,0
N,973,126.0,18.0,0
N,974,128.0,18.0,0
N,975,130.0,18.0,0
N,976,132.0,18.0,0
N,977,134.0,18.0,0
N,978,136.0,18.0,0
N,979,138.0,18.0,0
N,980,140.0,18.0,0
N,981,142.0,18.0,0
N,982,144.0,18.0,0
N,983,146.0,18.0,0
N,984,148.0,18.0,0
N,985,150.0,18.0,0
N,986,152.0,18.0,0
N,987,154.0,18.0,0
N,988,156.0,18.0,0
N,989,158.0,18.0,0
N,990,160.0,18.0,0
N,991,162.0,18.0,0
N,992,164.0,18.0,0
N,993,166.0,18.0,0
N,994,168.0,18.0,0
N,995,170.0,18.0,0
N,996,172.0,18.0,0
N,997,174.0,18.0,0
N,998,176.0,18.0,0
N,999,178.0,18.0,0
N,1000,180.0,18.0,0
N,1001,182.0,18.0,0
N,1002,184.0,18.0,0
N,1003,186.0,18.0,0
N,1004,188.0,18.0,0
N,1005,190.0,18.0,0
N,1006,192.0,18.0,0
N,1007,194.0,18.0,0
N,1008,196.0,18.0,0
N,1009,198.0,18.0,0
N,1010,200.0,18.0,0
N,1011,0.0,20.0,0
N,1012,2.0,20.0,0
N,1013,4.0,20.0,0
N,1014,6.0,20.0,0
N,1015,8.0,20.0,0
N,1016,10.0,20.0,0
N,1017,12.0,20.0,0
N,1018,14.0,20.0,0
N,1019,16.0,20.0,0
N,1020,18.0,20.0,0
N,1021,20.0,20.0,0
N,1022,22.0,20.0,0
N,1023,24.0,20.0,0
N,1024,26.0,20.0,0
N,1025,28.0,20.0,0
N,1026,30.0,20.0,0
N,1027,32.0,20.0,0
N,1028,34.0,20.0,0
N,1029,36.0,20.0,0
N,1030,38.0,20.0,0
N,1031,40.0,20.0,0
N,1032,42.0,20.0,0
N,1033,44.0,20.0,0
N,1034,46.0,20.0,0
N,1035,48.0,20.0,0
N,1036,50.0,20.0,0
N,1037,52.0,20.0,0
N,1038,54.0,20.0,0
N,1039,56.0,20.0,0
N,1040,58.0,20.0,0
N,1041,60.0,20.0,0
N,1042,62.0,20.0,0
N,1043,64.0,20.0,0
N,1044,66.0,20.0,0
N,1045,68.0,20.0,0
N,1046,70.0,20.0,0
N,1047,72.0,20.0,0
N,1048,74.0,20.0,0
N,1049,76.0,20.0,0
N,1050,78.0,20.0,0
N,1051,80.0,20.0,0
N,1052,82.0,20.0,0
N,1053,84.0,20.0,0
N,1054,86.0,20.0,0
N,1055,88.0,20.0,0
N,1056,90.0,20.0,0
N,1057,92.0,20.0,0
N,1058,94.0,20.0,0
N,1059,96.0,20.0,0
N,1060,98.0,20.0,0
N,1061,100.0,20.0,0
N,1062,102.0,20.0,0
N,1063,104.0,20.0,0
N,1064,106.0,20.0,0
N,1065,108.0,20.0,0
N,1066,110.0,20.0,0
N,1067,112.0,20.0,0
N,1068,114.0,20.0,0
N,1069,116.0,20.0,0
N,1070,118.0,20.0,0
N,1071,120.0,20.0,0
N,1072,122.0,20.0,0
N,1073,124.0,20.0,0
N,1074,126.0,20.0,0
N,1075,128.0,20.0,0
N,1076,130.0,20.0,0
N,1077,132.0,20.0,0
N,1078,134.0,20.0,0
N,1079,136.0,20.0,0
N,1080,138.0,20.0,0
N,1081,140.0,20.0,0
N,1082,142.0,20.0,0
N,1083,144.0,20.0,0
N,1084,146.0,20.0,0
N,1085,148.0,20.0,0
N,1086,150.0,20.0,0
N,1087,152.0,20.0,0
N,1088,154.0,20.0,0
N,1089,156.0,20.0,0
N,1090,158.0,20.0,0
N,1091,160.0,20.0,0
N,1092,162.0,20.0,0
N,1093,164.0,20.0,0
N,1094,166.0,20.0,0
N,1095,168.0,20.0,0
N,1096,170.0,20.0,0
N,1097,172.0,20.0,0
N,1098,174.0,20.0,0
N,1099,176.0,20.0,0
N,1100,178.0,20.0,0
N,1101,180.0,20.0,0
N,1102,182.0,20.0,0
N,1103,184.0,20.0,0
N,1104,186.0,20.0,0
N,1105,188.0,20.0,0
N,1106,190.0,20.0,0
N,1107,192.0,20.0,0
N,1108,194.0,20.0,0
N,1109,196.0,20.0,0
N,1110,198.0,20.0,0
N,1111,200.0,20.0,0
N,1112,0.0,22.0,0
N,1113,2.0,22.0,0
N,1114,4.0,22.0,0
N,1115,6.0,22.0,0
N,1116,8.0,22.0,0
N,1117,10.0,22.0,0
N,1118,12.0,22.0,0
N,1119,14.0,22.0,0
N,1120,16.0,22.0,0
N,1121,18.0,22.0,0
N,1122,20.0,22.0,0
N,1123,22.0,22.0,0
N,1124,24.0,22.0,0
N,1125,26.0,22.0,0
N,1126,28.0,22.0,0
N,1127,30.0,22.0,0
N,1128,32.0,22.0,0
N,1129,34.0,22.0,0
N,1130,36.0,22.0,0
N,1131,38.0,22.0,0
N,1132,40.0,22.0,0
N,1133,42.0,22.0,0
N,1134,44.0,22.0,0
N,1135,46.0,22.0,0
N,1136,48.0,22.0,0
N,1137,50.0,22.0,0
N,1138,52.0,22.0,0
N,1139,54.0,22.0,0
N,1140,56.0,22.0,0
N,1141,58.0,22.0,0
N,1142,60.0,22.0,0
N,1143,62.0,22.0,0
N,1144,64.0,22.0,0
N,1145,66.0,22.0,0
N,1146,68.0,22.0,0
N,1147,70.0,22.0,0
N,1148,72.0,22.0,0
N,1149,74.0,22.0,0
N,1150,76.0,22.0,0
N,1151,78.0,22.0,0
N,1152,80.0,22.0,0
N,1153,82.0,22.0,0
N,1154,84.0,22.0,0
N,1155,86.0,22.0,0
N,1156,88.0,22.0,0
N,1157,90.0,22.0,0
N,1158,92.0,22.0,0
N,1159,94.0,22.0,0
N,1160,96.0,22.0,0
N,1161,98.0,22.0,0
N,1162,100.0,22.0,0
N,1163,102.0,22.0,0
N,1164,104.0,22.0,0
N,1165,106.0,22.0,0
N,1166,108.0,22.0,0
N,1167,110.0,22.0,0
N,1168,112.0,22.0,0
N,1169,114.0,22.0,0
N,1170,116.0,22.0,0
N,1171,118.0,22.0,0
N,1172,120.0,22.0,0
N,1173,122.0,22.0,0
N,1174,124.0,22.0,0
N,1175,126.0,22.0,0
N,1176,128.0,22.0,0
N,1177,130.0,22.0,0
N,1178,132.0,22.0,0
N,1179,134.0,22.0,0
N,1180,136.0,22.0,0
N,1181,138.0,22.0,0
N,1182,140.0,22.0,0
N,1183,142.0,22.0,0
N,1184,144.0,22.0,0
N,1185,146.0,22.0,0
N,1186,148.0,22.0,0
N,1187,150.0,22.0,0
N,1188,152.0,22.0,0
N,1189,154.0,22.0,0
N,1190,156.0,22.0,0
N,1191,158.0,22.0,0
N,1192,160.0,22.0,0
N,1193,162.0,22.0,0
N,1194,164.0,22.0,0
N,1195,166.0,22.0,0
N,1196,168.0,22.0,0
N,1197,170.0,22.0,0
N,1198,172.0,22.0,0
N,1199,174.0,22.0,0
N,1200,176.0,22.0,0
N,1201,178.0,22.0,0
N,1202,180.0,22.0,0
N,1203,182.0,22.0,0
N,1204,184.0,22.0,0
N,1205,186.0,22.0,0
N,1206,188.0,22.0,0
N,1207,190.0,22.0,0
N,1208,192.0,22.0,0
N,1209,194.0,22.0,0
N,1210,196.0,22.0,0
N,1211,198.0,22.0,0
N,1212,200.0,22.0,0
N,1213,0.0,24.0,0
N,1214,2.0,24.0,0
N,1215,4.0,24.0,0
N,1216,6.0,24.0,0
N,1217,8.0,24.0,0
N,1218,10.0,24.0,0
N,1219,12.0,24.0,0
N,1220,14.0,24.0,0
N,1221,16.0,24.0,0
N,1222,18.0,24.0,0
N,1223,20.0,24.0,0
N,1224,22.0,24.0,0
N,1225,24.0,24.0,0
N,1226,26.0,24.0,0
N,1227,28.0,24.0,0
N,1228,30.0,24.0,0
N,1229,32.0,24.0,0
N,1230,34.0,24.0,0
N,1231,36.0,24.0,0
N,1232,38.0,24.0,0
N,1233,40.0,24.0,0
N,1234,42.0,24.0,0
N,1235,44.0,24.0,0
N,1236,46.0,24.0,0
N,1237,48.0,24.0,0
N,1238,50.0,24.0,0
N,1239,52.0,24.0,0
N,1240,54.0,24.0,0
N,1241,56.0,24.0,0
N,1242,58.0,24.0,0
N,1243,60.0,24.0,0
N,1244,62.0,24.0,0
N,1245,64.0,24.0,0
N,1246,66.0,24.0,0
N,1247,68.0,24.0,0
N,1248,70.0,24.0,0
N,1249,72.0,24.0,0
N,1250,74.0,24.0,0
N,1251,76.0,24.0,0
N,1252,78.0,24.0,0
N,1253,80.0,24.0,0
N,1254,82.0,24.0,0
N,1255,84.0,24.0,0
N,1256,86.0,24.0,0
N,1257,88.0,24.0,0
N,1258,90.0,24.0,0
N,1259,92.0,24.0,0
N,1260,94.0,24.0,0
N,1261,96.0,24.0,0
N,1262,98.0,24.0,0
N,1263,100.0,24.0,0
N,1264,102.0,24.0,0
N,1265,104.0,24.0,0
N,1266,106.0,24.0,0
N,1267,108.0,24.0,0
N,1268,110.0,24.0,0
N,1269,112.0,24.0,0
N,1270,114.0,24.0,0
N,1271,116.0,24.0,0
N,1272,118.0,24.0,0
N,1273,120.0,24.0,0
N,1274,122.0,24.0,0
N,1275,124.0,24.0,0
N,1276,126.0,24.0,0
N,1277,128.0,24.0,0
N,1278,130.0,24.0,0
N,1279,132.0,24.0,0
N,1280,134.0,24.0,0
N,1281,136.0,24.0,0
N,1282,138.0,24.0,0
N,1283,140.0,24.0,0
N,1284,142.0,24.0,0
N,1285,144.0,24.0,0
N,1286,146.0,24.0,0
N,1287,148.0,24.0,0
N,1288,150.0,24.0,0
N,1289,152.0,24.0,0
N,1290,154.0,24.0,0
N,1291,156.0,24.0,0
N,1292,158.0,24.0,0
N,1293,160.0,24.0,0
N,1294,162.0,24.0,0
N,1295,164.0,24.0,0
N,1296,166.0,24.0,0
N,1297,168.0,24.0,0
N,1298,170.0,24.0,0
N,1299,172.0,24.0,0
N,1300,174.0,24.0,0
N,1301,176.0,24.0,0
N,1302,178.0,24.0,0
N,1303,180.0,24.0,0
N,1304,182.0,24.0,0
N,1305,184.0,24.0,0
N,1306,186.0,24.0,0
N,1307,188.0,24.0,0
N,1308,190.0,24.0,0
N,1309,192.0,24.0,0
N,1310,194.0,24.0,0
N,1311,196.0,24.0,0
N,1312,198.0,24.0,0
N,1313,200.0,24.0,0
N,1314,0.0,26.0,0
N,1315,2.0,26.0,0
N,1316,4.0,26.0,0
N,1317,6.0,26.0,0
N,1318,8.0,26.0,0
N,1319,10.0,26.0,0
N,1320,12.0,26.0,0
N,1321,14.0,26.0,0
N,1322,16.0,26.0,0
N,1323,18.0,26.0,0
N,1324,20.0,26.0,0
N,1325,22.0,26.0,0
N,1326,24.0,26.0,0
N,1327,26.0,26.0,0
N,1328,28.0,26.0,0
N,1329,30.0,26.0,0
N,1330,32.0,26.0,0
N,1331,34.0,26.0,0
N,1332,36.0,26.0,0
N,1333,38.0,26.0,0
N,1334,40.0,26.0,0
N,1335,42.0,26.0,0
N,1336,44.0,26.0,0
N,1337,46.0,26.0,0
N,1338,48.0,26.0,0
N,1339,50.0,26.0,0
N,1340,52.0,26.0,0
N,1341,54.0,26.0,0
N,1342,56.0,26.0,0
N,1343,58.0,26.0,0
N,1344,60.0,26.0,0
N,1345,62.0,26.0,0
N,1346,64.0,26.0,0
N,1347,66.0,26.0,0
N,1348,68.0,26.0,0
N,1349,70.0,26.0,0
N,1350,72.0,26.0,0
N,1351,74.0,26.0,0
N,1352,76.0,26.0,0
N,1353,78.0,26.0,0
N,1354,80.0,26.0,0
N,1355,82.0,26.0,0
N,1356,84.0,26.0,0
N,1357,86.0,26.0,0
N,1358,88.0,26.0,0
N,1359,90.0,26.0,0
N,1360,92.0,26.0,0
N,1361,94.0,26.0,0
N,1362,96.0,26.0,0
N,1363,98.0,26.0,0
N,1364,100.0,26.0,0
N,1365,102.0,26.0,0
N,1366,104.0,26.0,0
N,1367,106.0,26.0,0
N,1368,108.0,26.0,0
N,1369,110.0,26.0,0
N,1370,112.0,26.0,0
N,1371,114.0,26.0,0
N,1372,116.0,26.0,0
N,1373,118.0,26.0,0
N,1374,120.0,26.0,0
N,1375,122.0,26.0,0
N,1376,124.0,26.0,0
N,1377,126.0,26.0,0
N,1378,128.0,26.0,0
N,1379,130.0,26.0,0
N,1380,132.0,26.0,0
N,1381,134.0,26.0,0
N,1382,136.0,26.0,0
N,1383,138.0,26.0,0
N,1384,140.0,26.0,0
N,1385,142.0,26.0,0
N,1386,144.0,26.0,0
N,1387,146.0,26.0,0
N,1388,148.0,26.0,0
N,1389,150.0,26.0,0
N,1390,152.0,26.0,0
N,1391,154.0,26.0,0
N,1392,156.0,26.0,0
N,1393,158.0,26.0,0
N,1394,160.0,26.0,0
N,1395,162.0,26.0,0
N,1396,164.0,26.0,0
N,1397,166.0,26.0,0
N,1398,168.0,26.0,0
N,1399,170.0,26.0,0
N,1400,172.0,26.0,0
N,1401,174.0,26.0,0
N,1402,176.0,26.0,0
N,1403,178.0,26.0,0
N,1404,180.0,26.0,0
N,1405,182.0,26.0,0
N,1406,184.0,26.0,0
N,1407,186.0,26.0,0
N,1408,188.0,26.0,0
N,1409,190.0,26.0,0
N,1410,192.0,26.0,0
N,1411,194.0,26.0,0
N,1412,196.0,26.0,0
N,1413,198.0,26.0,0
N,1414,200.0,26.0,0
N,1415,0.0,28.0,0
N,1416,2.0,28.0,0
N,1417,4.0,28.0,0
N,1418,6.0,28.0,0
N,1419,8.0,28.0,0
N,1420,10.0,28.0,0
N,1421,12.0,28.0,0
N,1422,14.0,28.0,0
N,1423,16.0,28.0,0
N,1424,18.0,28.0,0
N,1425,20.0,28.0,0
N,1426,22.0,28.0,0
N,1427,24.0,28.0,0
N,1428,26.0,28.0,0
N,1429,28.0,28.0,0
N,1430,30.0,28.0,0
N,1431,32.0,28.0,0
N,1432,34.0,28.0,0
N,1433,36.0,28.0,0
N,1434,38.0,28.0,0
N,1435,40.0,28.0,0
N,1436,42.0,28.0,0
N,1437,44.0,28.0,0
N,1438,46.0,28.0,0
N,1439,48.0,28.0,0
N,1440,50.0,28.0,0
N,1441,52.0,28.0,0
N,1442,54.0,28.0,0
N,1443,56.0,28.0,0
N,1444,58.0,28.0,0
N,1445,60.0,28.0,0
N,1446,62.0,28.0,0
N,1447,64.0,28.0,0
N,1448,66.0,28.0,0
N,1449,68.0,28.0,0
N,1450,70.0,28.0,0
N,1451,72.0,28.0,0
N,1452,74.0,28.0,0
N,1453,76.0,28.0,0
N,1454,78.0,28.0,0
N,1455,80.0,28.0,0
N,1456,82.0,28.0,0
N,1457,84.0,28.0,0
N,1458,86.0,28.0,0
N,1459,88.0,28.0,0
N,1460,90.0,28.0,0
N,1461,92.0,28.0,0
N,1462,94.0,28.0,0
N,1463,96.0,28.0,0
N,1464,98.0,28.0,0
N,1465,100.0,28.0,0
N,1466,102.0,28.0,0
N,1467,104.0,28.0,0
N,1468,106.0,28.0,0
N,1469,108.0,28.0,0
N,1470,110.0,28.0,0
N,1471,112.0,28.0,0
N,1472,114.0,28.0,0
N,1473,116.0,28.0,0
N,1474,118.0,28.0,0
N,1475,120.0,28.0,0
N,1476,122.0,28.0,0
N,1477,124.0,28.0,0
N,1478,126.0,28.0,0
N,1479,128.0,28.0,0
N,1480,130.0,28.0,0
N,1481,132.0,28.0,0
N,1482,134.0,28.0,0
N,1483,136.0,28.0,0
N,1484,138.0,28.0,0
N,1485,140.0,28.0,0
N,1486,142.0,28.0,0
N,1487,144.0,28.0,0
N,1488,146.0,28.0,0
N,1489,148.0,28.0,0
N,1490,150.0,28.0,0
N,1491,152.0,28.0,0
N,1492,154.0,28.0,0
N,1493,156.0,28.0,0
N,1494,158.0,28.0,0
N,1495,160.0,28.0,0
N,1496,162.0,28.0,0
N,1497,164.0,28.0,0
N,1498,166.0,28.0,0
N,1499,168.0,28.0,0
N,1500,170.0,28.0,0
N,1501,172.0,28.0,0
N,1502,174.0,28.0,0
N,1503,176.0,28.0,0
N,1504,178.0,28.0,0
N,1505,180.0,28.0,0
N,1506,182.0,28.0,0
N,1507,184.0,28.0,0
N,1508,186.0,28.0,0
N,1509,188.0,28.0,0
N,1510,190.0,28.0,0
N,1511,192.0,28.0,0
N,1512,194.0,28.0,0
N,1513,196.0,28.0,0
N,1514,198.0,28.0,0
N,1515,200.0,28.0,0
N,1516,0.0,30.0,0
N,1517,2.0,30.0,0
N,1518,4.0,30.0,0
N,1519,6.0,30.0,0
N,1520,8.0,30.0,0
N,1521,10.0,30.0,0
N,1522,12.0,30.0,0
N,1523,14.0,30.0,0
N,1524,16.0,30.0,0
N,1525,18.0,30.0,0
N,1526,20.0,30.0,0
N,1527,22.0,30.0,0
N,1528,24.0,30.0,0
N,1529,26.0,30.0,0
N,1530,28.0,30.0,0
N,1531,30.0,30.0,0
N,1532,32.0,30.0,0
N,1533,34.0,30.0,0
N,1534,36.0,30.0,0
N,1535,38.0,30.0,0
N,1536,40.0,30.0,0
N,1537,42.0,30.0,0
N,1538,44.0,30.0,0
N,1539,46.0,30.0,0
N,1540,48.0,30.0,0
N,1541,50.0,30.0,0
N,1542,52.0,30.0,0
N,1543,54.0,30.0,0
N,1544,56.0,30.0,0
N,1545,58.0,30.0,0
N,1546,60.0,30.0,0
N,1547,62.0,30.0,0
N,1548,64.0,30.0,0
N,1549,66.0,30.0,0
N,1550,68.0,30.0,0
N,1551,70.0,30.0,0
N,1552,72.0,30.0,0
N,1553,74.0,30.0,0
N,1554,76.0,30.0,0
N,1555,78.0,30.0,0
N,1556,80.0,30.0,0
N,1557,82.0,30.0,0
N,1558,84.0,30.0,0
N,1559,86.0,30.0,0
N,1560,88.0,30.0,0
N,1561,90.0,30.0,0
N,1562,92.0,30.0,0
N,1563,94.0,30.0,0
N,1564,96.0,30.0,0
N,1565,98.0,30.0,0
N,1566,100.0,30.0,0
N,1567,102.0,30.0,0
N,1568,104.0,30.0,0
N,1569,106.0,30.0,0
N,1570,108.0,30.0,0
N,1571,110.0,30.0,0
N,1572,112.0,30.0,0
N,1573,114.0,30.0,0
N,1574,116.0,30.0,0
N,1575,118.0,30.0,0
N,1576,120.0,30.0,0
N,1577,122.0,30.0,0
N,1578,124.0,30.0,0
N,1579,126.0,30.0,0
N,1580,128.0,30.0,0
N,1581,130.0,30.0,0
N,1582,132.0,30.0,0
N,1583,134.0,30.0,0
N,1584,136.0,30.0,0
N,1585,138.0,30.0,0
N,1586,140.0,30.0,0
N,1587,142.0,30.0,0
N,1588,144.0,30.0,0
N,1589,146.0,30.0,0
N,1590,148.0,30.0,0
N,1591,150.0,30.0,0
N,1592,152.0,30.0,0
N,1593,154.0,30.0,0
N,1594,156.0,30.0,0
N,1595,158.0,30.0,0
N,1596,160.0,30.0,0
N,1597,162.0,30.0,0
N,1598,164.0,30.0,0
N,1599,166.0,30.0,0
N,1600,168.0,30.0,0
N,1601,170.0,30.0,0
N,1602,172.0,30.0,0
N,1603,174.0,30.0,0
N,1604,176.0,30.0,0
N,1605,178.0,30.0,0
N,1606,180.0,30.0,0
N,1607,182.0,30.0,0
N,1608,184.0,30.0,0
N,1609,186.0,30.0,0
N,1610,188.0,30.0,0
N,1611,190.0,30.0,0
N,1612,192.0,30.0,0
N,1613,194.0,30.0,0
N,1614,196.0,30.0,0
N,1615,198.0,30.0,0
N,1616,200.0,30.0,0
N,1617,0.0,32.0,0
N,1618,2.0,32.0,0
N,1619,4.0,32.0,0
N,1620,6.0,32.0,0
N,1621,8.0,32.0,0
N,1622,10.0,32.0,0
N,1623,12.0,32.0,0
N,1624,14.0,32.0,0
N,1625,16.0,32.0,0
N,1626,18.0,32.0,0
N,1627,20.0,32.0,0
N,1628,22.0,32.0,0
N,1629,24.0,32.0,0
N,1630,26.0,32.0,0
N,1631,28.0,32.0,0
N,1632,30.0,32.0,0
N,1633,32.0,32.0,0
N,1634,34.0,32.0,0
N,1635,36.0,32.0,0
N,1636,38.0,32.0,0
N,1637,40.0,32.0,0
N,1638,42.0,32.0,0
N,1639,44.0,32.0,0
N,1640,46.0,32.0,0
N,1641,48.0,32.0,0
N,1642,50.0,32.0,0
N,1643,52.0,32.0,0
N,1644,54.0,32.0,0
N,1645,56.0,32.0,0
N,1646,58.0,32.0,0
N,1647,60.0,32.0,0
N,1648,62.0,32.0,0
N,1649,64.0,32.0,0
N,1650,66.0,32.0,0
N,1651,68.0,32.0,0
N,1652,70.0,32.0,0
N,1653,72.0,32.0,0
N,1654,74.0,32.0,0
N,1655,76.0,32.0,0
N,1656,78.0,32.0,0
N,1657,80.0,32.0,0
N,1658,82.0,32.0,0
N,1659,84.0,32.0,0
N,1660,86.0,32.0,0
N,1661,88.0,32.0,0
N,1662,90.0,32.0,0
N,1663,92.0,32.0,0
N,1664,94.0,32.0,0
N,1665,96.0,32.0,0
N,1666,98.0,32.0,0
N,1667,100.0,32.0,0
N,1668,102.0,32.0,0
N,1669,104.0,32.0,0
N,1670,106.0,32.0,0
N,1671,108.0,32.0,0
N,1672,110.0,32.0,0
N,1673,112.0,32.0,0
N,1674,114.0,32.0,0
N,1675,116.0,32.0,0
N,1676,118.0,32.0,0
N,1677,120.0,32.0,0
N,1678,122.0,32.0,0
N,1679,124.0,32.0,0
N,1680,126.0,32.0,0
N,1681,128.0,32.0,0
N,1682,130.0,32.0,0
N,1683,132.0,32.0,0
N,1684,134.0,32.0,0
N,1685,136.0,32.0,0
N,1686,138.0,32.0,0
N,1687,140.0,32.0,0
N,1688,142.0,32.0,0
N,1689,144.0,32.0,0
N,1690,146.0,32.0,0
N,1691,148.0,32.0,0
N,1692,150.0,32.0,0
N,1693,152.0,32.0,0
N,1694,154.0,32.0,0
N,1695,156.0,32.0,0
N,1696,158.0,32.0,0
N,1697,160.0,32.0,0
N,1698,162.0,32.0,0
N,1699,164.0,32.0,0
N,1700,166.0,32.0,0
N,1701,168.0,32.0,0
N,1702,170.0,32.0,0
N,1703,172.0,32.0,0
N,1704,174.0,32.0,0
N,1705,176.0,32.0,0
N,1706,178.0,32.0,0
N,1707,180.0,32.0,0
N,1708,182.0,32.0,0
N,1709,184.0,32.0,0
N,1710,186.0,32.0,0
N,1711,188.0,32.0,0
N,1712,190.0,32.0,0
N,1713,192.0,32.0,0
N,1714,194.0,32.0,0
N,1715,196.0,32.0,0
N,1716,198.0,32.0,0
N,1717,200.0,32.0,0
N,1718,0.0,34.0,0
N,1719,2.0,34.0,0
N,1720,4.0,34.0,0
N,1721,6.0,34.0,0
N,1722,8.0,34.0,0
N,1723,10.0,34.0,0
N,1724,12.0,34.0,0
N,1725,14.0,34.0,0
N,1726,16.0,34.0,0
N,1727,18.0,34.0,0
N,1728,20.0,34.0,0
N,1729,22.0,34.0,0
N,1730,24.0,34.0,0
N,1731,26.0,34.0,0
N,1732,28.0,34.0,0
N,1733,30.0,34.0,0
N,1734,32.0,34.0,0
N,1735,34.0,34.0,0
N,1736,36.0,34.0,0
N,1737,38.0,34.0,0
N,1738,40.0,34.0,0
N,1739,42.0,34.0,0
N,1740,44.0,34.0,0
N,1741,46.0,34.0,0
N,1742,48.0,34.0,0
N,1743,50.0,34.0,0
N,1744,52.0,34.0,0
N,1745,54.0,34.0,0
N,1746,56.0,34.0,0
N,1747,58.0,34.0,0
N,1748,60.0,34.0,0
N,1749,62.0,34.0,0
N,1750,64.0,34.0,0
N,1751,66.0,34.0,0
N,1752,68.0,34.0,0
N,1753,70.0,34.0,0
N,1754,72.0,34.0,0
N,1755,74.0,34.0,0
N,1756,76.0,34.0,0
N,1757,78.0,34.0,0
N,1758,80.0,34.0,0
N,1759,82.0,34.0,0
N,1760,84.0,34.0,0
N,1761,86.0,34.0,0
N,1762,88.0,34.0,0
N,1763,90.0,34.0,0
N,1764,92.0,34.0,0
N,1765,94.0,34.0,0
N,1766,96.0,34.0,0
N,1767,98.0,34.0,0
N,1768,100.0,34.0,0
N,1769,102.0,34.0,0
N,1770,104.0,34.0,0
N,1771,106.0,34.0,0
N,1772,108.0,34.0,0
N,1773,110.0,34.0,0
N,1774,112.0,34.0,0
N,1775,114.0,34.0,0
N,1776,116.0,34.0,0
N,1777,118.0,34.0,0
N,1778,120.0,34.0,0
N,1779,122.0,34.0,0
N,1780,124.0,34.0,0
N,1781,126.0,34.0,0
N,1782,128.0,34.0,0
N,1783,130.0,34.0,0
N,1784,132.0,34.0,0
N,1785,134.0,34.0,0
N,1786,136.0,34.0,0
N,1787,138.0,34.0,0
N,1788,140.0,34.0,0
N,1789,142.0,34.0,0
N,1790,144.0,34.0,0
N,1791,146.0,34.0,0
N,1792,148.0,34.0,0
N,1793,150.0,34.0,0
N,1794,152.0,34.0,0
N,1795,154.0,34.0,0
N,1796,156.0,34.0,0
N,1797,158.0,34.0,0
N,1798,160.0,34.0,0
N,1799,162.0,34.0,0
N,1800,164.0,34.0,0
N,1801,166.0,34.0,0
N,1802,168.0,34.0,0
N,1803,170.0,34.0,0
N,1804,172.0,34.0,0
N,1805,174.0,34.0,0
N,1806,176.0,34.0,0
N,1807,178.0,34.0,0
N,1808,180.0,34.0,0
N,1809,182.0,34.0,0
N,1810,184.0,34.0,0
N,1811,186.0,34.0,0
N,1812,188.0,34.0,0
N,1813,190.0,34.0,0
N,1814,192.0,34.0,0
N,1815,194.0,34.0,0
N,1816,196.0,34.0,0
N,1817,198.0,34.0,0
N,1818,200.0,34.0,0
N,1819,0.0,36.0,0
N,1820,2.0,36.0,0
N,1821,4.0,36.0,0
N,1822,6.0,36.0,0
N,1823,8.0,36.0,0
N,1824,10.0,36.0,0
N,1825,12.0,36.0,0
N,1826,14.0,36.0,0
N,1827,16.0,36.0,0
N,1828,18.0,36.0,0
N,1829,20.0,36.0,0
N,1830,22.0,36.0,0
N,1831,24.0,36.0,0
N,1832,26.0,36.0,0
N,1833,28.0,36.0,0
N,1834,30.0,36.0,0
N,1835,32.0,36.0,0
N,1836,34.0,36.0,0
N,1837,36.0,36.0,0
N,1838,38.0,36.0,0
N,1839,40.0,36.0,0
N,1840,42.0,36.0,0
N,1841,44.0,36.0,0
N,1842,46.0,36.0,0
N,1843,48.0,36.0,0
N,1844,50.0,36.0,0
N,1845,52.0,36.0,0
N,1846,54.0,36.0,0
N,1847,56.0,36.0,0
N,1848,58.0,36.0,0
N,1849,60.0,36.0,0
N,1850,62.0,36.0,0
N,1851,64.0,36.0,0
N,1852,66.0,36.0,0
N,1853,68.0,36.0,0
N,1854,70.0,36.0,0
N,1855,72.0,36.0,0
N,1856,74.0,36.0,0
N,1857,76.0,36.0,0
N,1858,78.0,36.0,0
N,1859,80.0,36.0,0
N,1860,82.0,36.0,0
N,1861,84.0,36.0,0
N,1862,86.0,36.0,0
N,1863,88.0,36.0,0
N,1864,90.0,36.0,0
N,1865,92.0,36.0,0
N,1866,94.0,36.0,0
N,1867,96.0,36.0,0
N,1868,98.0,36.0,0
N,1869,100.0,36.0,0
N,1870,102.0,36.0,0
N,1871,104.0,36.0,0
N,1872,106.0,36.0,0
N,1873,108.0,36.0,0
N,1874,110.0,36.0,0
N,1875,112.0,36.0,0
N,1876,114.0,36.0,0
N,1877,116.0,36.0,0
N,1878,118.0,36.0,0
N,1879,120.0,36.0,0
N,1880,122.0,36.0,0
N,1881,124.0,36.0,0
N,1882,126.0,36.0,0
N,1883,128.0,36.0,0
N,1884,130.0,36.0,0
N,1885,132.0,36.0,0
N,1886,134.0,36.0,0
N,1887,136.0,36.0,0
N,1888,138.0,36.0,0
N,1889,140.0,36.0,0
N,1890,142.0,36.0,0
N,1891,144.0,36.0,0
N,1892,146.0,36.0,0
N,1893,148.0,36.0,0
N,1894,150.0,36.0,0
N,1895,152.0,36.0,0
N,1896,154.0,36.0,0
N,1897,156.0,36.0,0
N,1898,158.0,36.0,0
N,1899,160.0,36.0,0
N,1900,162.0,36.0,0
N,1901,164.0,36.0,0
N,1902,166.0,36.0,0
N,1903,168.0,36.0,0
N,1904,170.0,36.0,0
N,1905,172.0,36.0,0
N,1906,174.0,36.0,0
N,1907,176.0,36.0,0
N,1908,178.0,36.0,0
N,1909,180.0,36.0,0
N,1910,182.0,36.0,0
N,1911,184.0,36.0,0
N,1912,186.0,36.0,0
N,1913,188.0,36.0,0
N,1914,190.0,36.0,0
N,1915,192.0,36.0,0
N,1916,194.0,36.0,0
N,1917,196.0,36.0,0
N,1918,198.0,36.0,0
N,1919,200.0,36.0,0
N,1920,0.0,38.0,0
N,1921,2.0,38.0,0
N,1922,4.0,38.0,0
N,1923,6.0,38.0,0
N,1924,8.0,38.0,0
N,1925,10.0,38.0,0
N,1926,12.0,38.0,0
N,1927,14.0,38.0,0
N,1928,16.0,38.0,0
N,1929,18.0,38.0,0
N,1930,20.0,38.0,0
N,1931,22.0,38.0,0
N,1932,24.0,38.0,0
N,1933,26.0,38.0,0
N,1934,28.0,38.0,0
N,1935,30.0,38.0,0
N,1936,32.0,38.0,0
N,1937,34.0,38.0,0
N,1938,36.0,38.0,0
N,1939,38.0,38.0,0
N,1940,40.0,38.0,0
N,1941,42.0,38.0,0
N,1942,44.0,38.0,0
N,1943,46.0,38.0,0
N,1944,48.0,38.0,0
N,1945,50.0,38.0,0
N,1946,52.0,38.0,0
N,1947,54.0,38.0,0
N,1948,56.0,38.0,0
N,1949,58.0,38.0,0
N,1950,60.0,38.0,0
N,1951,62.0,38.0,0
N,1952,64.0,38.0,0
N,1953,66.0,38.0,0
N,1954,68.0,38.0,0
N,1955,70.0,38.0,0
N,1956,72.0,38.0,0
N,1957,74.0,38.0,0
N,1958,76.0,38.0,0
N,1959,78.0,38.0,0
N,1960,80.0,38.0,0
N,1961,82.0,38.0,0
N,1962,84.0,38.0,0
N,1963,86.0,38.0,0
N,1964,88.0,38.0,0
N,1965,90.0,38.0,0
N,1966,92.0,38.0,0
N,1967,94.0,38.0,0
N,1968,96.0,38.0,0
N,1969,98.0,38.0,0
N,1970,100.0,38.0,0
N,1971,102.0,38.0,0
N,1972,104.0,38.0,0
N,1973,106.0,38.0,0
N,1974,108.0,38.0,0
N,1975,110.0,38.0,0
N,1976,112.0,38.0,0
N,1977,114.0,38.0,0
N,1978,116.0,38.0,0
N,1979,118.0,38.0,0
N,1980,120.0,38.0,0
N,1981,122.0,38.0,0
N,1982,124.0,38.0,0
N,1983,126.0,38.0,0
N,1984,128.0,38.0,0
N,1985,130.0,38.0,0
N,1986,132.0,38.0,0
N,1987,134.0,38.0,0
N,1988,136.0,38.0,0
N,1989,138.0,38.0,0
N,1990,140.0,38.0,0
N,1991,142.0,38.0,0
N,1992,144.0,38.0,0
N,1993,146.0,38.0,0
N,1994,148.0,38.0,0
N,1995,150.0,38.0,0
N,1996,152.0,38.0,0
N,1997,154.0,38.0,0
N,1998,156.0,38.0,0
N,1999,158.0,38.0,0
N,2000,160.0,38.0,0
N,2001,162.0,38.0,0
N,2002,164.0,38.0,0
N,2003,166.0,38.0,0
N,2004,168.0,38.0,0
N,2005,170.0,38.0,0
N,2006,172.0,38.0,0
N,2007,174.0,38.0,0
N,2008,176.0,38.0,0
N,2009,178.0,38.0,0
N,2010,180.0,38.0,0
N,2011,182.0,38.0,0
N,2012,184.0,38.0,0
N,2013,186.0,38.0,0
N,2014,188.0,38.0,0
N,2015,190.0,38.0,0
N,2016,192.0,38.0,0
N,2017,194.0,38.0,0
N,2018,196.0,38.0,0
N,2019,198.0,38.0,0
N,2020,200.0,38.0,0
N,2021,0.0,40.0,0
N,2022,2.0,40.0,0
N,2023,4.0,40.0,0
N,2024,6.0,40.0,0
N,2025,8.0,40.0,0
N,2026,10.0,40.0,0
N,2027,12.0,40.0,0
N,2028,14.0,40.0,0
N,2029,16.0,40.0,0
N,2030,18.0,40.0,0
N,2031,20.0,40.0,0
N,2032,22.0,40.0,0
N,2033,24.0,40.0,0
N,2034,26.0,40.0,0
N,2035,28.0,40.0,0
N,2036,30.0,40.0,0
N,2037,32.0,40.0,0
N,2038,34.0,40.0,0
N,2039,36.0,40.0,0
N,2040,38.0,40.0,0
N,2041,40.0,40.0,0
N,2042,42.0,40.0,0
N,2043,44.0,40.0,0
N,2044,46.0,40.0,0
N,2045,48.0,40.0,0
N,2046,50.0,40.0,0
N,2047,52.0,40.0,0
N,2048,54.0,40.0,0
N,2049,56.0,40.0,0
N,2050,58.0,40.0,0
N,2051,60.0,40.0,0
N,2052,62.0,40.0,0
N,2053,64.0,40.0,0
N,2054,66.0,40.0,0
N,2055,68.0,40.0,0
N,2056,70.0,40.0,0
N,2057,72.0,40.0,0
N,2058,74.0,40.0,0
N,2059,76.0,40.0,0
N,2060,78.0,40.0,0
N,2061,80.0,40.0,0
N,2062,82.0,40.0,0
N,2063,84.0,40.0,0
N,2064,86.0,40.0,0
N,2065,88.0,40.0,0
N,2066,90.0,40.0,0
N,2067,92.0,40.0,0
N,2068,94.0,40.0,0
N,2069,96.0,40.0,0
N,2070,98.0,40.0,0
N,2071,100.0,40.0,0
N,2072,102.0,40.0,0
N,2073,104.0,40.0,0
N,2074,106.0,40.0,0
N,2075,108.0,40.0,0
N,2076,110.0,40.0,0
N,2077,112.0,40.0,0
N,2078,114.0,40.0,0
N,2079,116.0,40.0,0
N,2080,118.0,40.0,0
N,2081,120.0,40.0,0
N,2082,122.0,40.0,0
N,2083,124.0,40.0,0
N,2084,126.0,40.0,0
N,2085,128.0,40.0,0
N,2086,130.0,40.0,0
N,2087,132.0,40.0,0
N,2088,134.0,40.0,0
N,2089,136.0,40.0,0
N,2090,138.0,40.0,0
N,2091,140.0,40.0,0
N,2092,142.0,40.0,0
N,2093,144.0,40.0,0
N,2094,146.0,40.0,0
N,2095,148.0,40.0,0
N,2096,150.0,40.0,0
N,2097,152.0,40.0,0
N,2098,154.0,40.0,0
N,2099,156.0,40.0,0
N,2100,158.0,40.0,0
N,2101,160.0,40.0,0
N,2102,162.0,40.0,0
N,2103,164.0,40.0,0
N,2104,166.0,40.0,0
N,2105,168.0,40.0,0
N,2106,170.0,40.0,0
N,2107,172.0,40.0,0
N,2108,174.0,40.0,0
N,2109,176.0,40.0,0
N,2110,178.0,40.0,0
N,2111,180.0,40.0,0
N,2112,182.0,40.0,0
N,2113,184.0,40.0,0
N,2114,186.0,40.0,0
N,2115,188.0,40.0,0
N,2116,190.0,40.0,0
N,2117,192.0,40.0,0
N,2118,194.0,40.0,0
N,2119,196.0,40.0,0
N,2120,198.0,40.0,0
N,2121,200.0,40.0,0
N,2122,0.0,42.0,0
N,2123,2.0,42.0,0
N,2124,4.0,42.0,0
N,2125,6.0,42.0,0
N,2126,8.0,42.0,0
N,2127,10.0,42.0,0
N,2128,12.0,42.0,0
N,2129,14.0,42.0,0
N,2130,16.0,42.0,0
N,2131,18.0,42.0,0
N,2132,20.0,42.0,0
N,2133,22.0,42.0,0
N,2134,24.0,42.0,0
N,2135,26.0,42.0,0
N,2136,28.0,42.0,0
N,2137,30.0,42.0,0
N,2138,32.0,42.0,0
N,2139,34.0,42.0,0
N,2140,36.0,42.0,0
N,2141,38.0,42.0,0
N,2142,40.0,42.0,0
N,2143,42.0,42.0,0
N,2144,44.0,42.0,0
N,2145,46.0,42.0,0
N,2146,48.0,42.0,0
N,2147,50.0,42.0,0
N,2148,52.0,42.0,0
N,2149,54.0,42.0,0
N,2150,56.0,42.0,0
N,2151,58.0,42.0,0
N,2152,60.0,42.0,0
N,2153,62.0,42.0,0
N,2154,64.0,42.0,0
N,2155,66.0,42.0,0
N,2156,68.0,42.0,0
N,2157,70.0,42.0,0
N,2158,72.0,42.0,0
N,2159,74.0,42.0,0
N,2160,76.0,42.0,0
N,2161,78.0,42.0,0
N,2162,80.0,42.0,0
N,2163,82.0,42.0,0
N,2164,84.0,42.0,0
N,2165,86.0,42.0,0
N,2166,88.0,42.0,0
N,2167,90.0,42.0,0
N,2168,92.0,42.0,0
N,2169,94.0,42.0,0
N,2170,96.0,42.0,0
N,2171,98.0,42.0,0
N,2172,100.0,42.0,0
N,2173,102.0,42.0,0
N,2174,104.0,42.0,0
N,2175,106.0,42.0,0
N,2176,108.0,42.0,0
N,2177,110.0,42.0,0
N,2178,112.0,42.0,0
N,2179,114.0,42.0,0
N,2180,116.0,42.0,0
N,2181,118.0,42.0,0
N,2182,120.0,42.0,0
N,2183,122.0,42.0,0
N,2184,124.0,42.0,0
N,2185,126.0,42.0,0
N,2186,128.0,42.0,0
N,2187,130.0,42.0,0
N,2188,132.0,42.0,0
N,2189,134.0,42.0,0
N,2190,136.0,42.0,0
N,2191,138.0,42.0,0
N,2192,140.0,42.0,0
N,2193,142.0,42.0,0
N,2194,144.0,42.0,0
N,2195,146.0,42.0,0
N,2196,148.0,42.0,0
N,2197,150.0,42.0,0
N,2198,152.0,42.0,0
N,2199,154.0,42.0,0
N,2200,156.0,42.0,0
N,2201,158.0,42.0,0
N,2202,160.0,42.0,0
N,2203,162.0,42.0,0
N,2204,164.0,42.0,0
N,2205,166.0,42.0,0
N,2206,168.0,42.0,0
N,2207,170.0,42.0,0
N,2208,172.0,42.0,0
N,2209,174.0,42.0,0
N,2210,176.0,42.0,0
N,2211,178.0,42.0,0
N,2212,180.0,42.0,0
N,2213,182.0,42.0,0
N,2214,184.0,42.0,0
N,2215,186.0,42.0,0
N,2216,188.0,42.0,0
N,2217,190.0,42.0,0
N,2218,192.0,42.0,0
N,2219,194.0,42.0,0
N,2220,196.0,42.0,0
N,2221,198.0,42.0,0
N,2222,200.0,42.0,0
N,2223,0.0,44.0,0
N,2224,2.0,44.0,0
N,2225,4.0,44.0,0
N,2226,6.0,44.0,0
N,2227,8.0,44.0,0
N,2228,10.0,44.0,0
N,2229,12.0,44.0,0
N,2230,14.0,44.0,0
N,2231,16.0,44.0,0
N,2232,18.0,44.0,0
N,2233,20.0,44.0,0
N,2234,22.0,44.0,0
N,2235,24.0,44.0,0
N,2236,26.0,44.0,0
N,2237,28.0,44.0,0
N,2238,30.0,44.0,0
N,2239,32.0,44.0,0
N,2240,34.0,44.0,0
N,2241,36.0,44.0,0
N,2242,38.0,44.0,0
N,2243,40.0,44.0,0
N,2244,42.0,44.0,0
N,2245,44.0,44.0,0
N,2246,46.0,44.0,0
N,2247,48.0,44.0,0
N,2248,50.0,44.0,0
N,2249,52.0,44.0,0
N,2250,54.0,44.0,0
N,2251,56.0,44.0,0
N,2252,58.0,44.0,0
N,2253,60.0,44.0,0
N,2254,62.0,44.0,0
N,2255,64.0,44.0,0
N,2256,66.0,44.0,0
N,2257,68.0,44.0,0
N,2258,70.0,44.0,0
N,2259,72.0,44.0,0
N,2260,74.0,44.0,0
N,2261,76.0,44.0,0
N,2262,78.0,44.0,0
N,2263,80.0,44.0,0
N,2264,82.0,44.0,0
N,2265,84.0,44.0,0
N,2266,86.0,44.0,0
N,2267,88.0,44.0,0
N,2268,90.0,44.0,0
N,2269,92.0,44.0,0
N,2270,94.0,44.0,0
N,2271,96.0,44.0,0
N,2272,98.0,44.0,0
N,2273,100.0,44.0,0
N,2274,102.0,44.0,0
N,2275,104.0,44.0,0
N,2276,106.0,44.0,0
N,2277,108.0,44.0,0
N,2278,110.0,44.0,0
N,2279,112.0,44.0,0
N,2280,114.0,44.0,0
N,2281,116.0,44.0,0
N,2282,118.0,44.0,0
N,2283,120.0,44.0,0
N,2284,122.0,44.0,0
N,2285,124.0,44.0,0
N,2286,126.0,44.0,0
N,2287,128.0,44.0,0
N,2288,130.0,44.0,0
N,2289,132.0,44.0,0
N,2290,134.0,44.0,0
N,2291,136.0,44.0,0
N,2292,138.0,44.0,0
N,2293,140.0,44.0,0
N,2294,142.0,44.0,0
N,2295,144.0,44.0,0
N,2296,146.0,44.0,0
N,2297,148.0,44.0,0
N,2298,150.0,44.0,0
N,2299,152.0,44.0,0
N,2300,154.0,44.0,0
N,2301,156.0,44.0,0
N,2302,158.0,44.0,0
N,2303,160.0,44.0,0
N,2304,162.0,44.0,0
N,2305,164.0,44.0,0
N,2306,166.0,44.0,0
N,2307,168.0,44.0,0
N,2308,170.0,44.0,0
N,2309,172.0,44.0,0
N,2310,174.0,44.0,0
N,2311,176.0,44.0,0
N,2312,178.0,44.0,0
N,2313,180.0,44.0,0
N,2314,182.0,44.0,0
N,2315,184.0,44.0,0
N,2316,186.0,44.0,0
N,2317,188.0,44.0,0
N,2318,190.0,44.0,0
N,2319,192.0,44.0,0
N,2320,194.0,44.0,0
N,2321,196.0,44.0,0
N,2322,198.0,44.0,0
N,2323,200.0,44.0,0
N,2324,0.0,46.0,0
N,2325,2.0,46.0,0
N,2326,4.0,46.0,0
N,2327,6.0,46.0,0
N,2328,8.0,46.0,0
N,2329,10.0,46.0,0
N,2330,12.0,46.0,0
N,2331,14.0,46.0,0
N,2332,16.0,46.0,0
N,2333,18.0,46.0,0
N,2334,20.0,46.0,0
N,2335,22.0,46.0,0
N,2336,24.0,46.0,0
N,2337,26.0,46.0,0
N,2338,28.0,46.0,0
N,2339,30.0,46.0,0
N,2340,32.0,46.0,0
N,2341,34.0,46.0,0
N,2342,36.0,46.0,0
N,2343,38.0,46.0,0
N,2344,40.0,46.0,0
N,2345,42.0,46.0,0
N,2346,44.0,46.0,0
N,2347,46.0,46.0,0
N,2348,48.0,46.0,0
N,2349,50.0,46.0,0
N,2350,52.0,46.0,0
N,2351,54.0,46.0,0
N,2352,56.0,46.0,0
N,2353,58.0,46.0,0
N,2354,60.0,46.0,0
N,2355,62.0,46.0,0
N,2356,64.0,46.0,0
N,2357,66.0,46.0,0
N,2358,68.0,46.0,0
N,2359,70.0,46.0,0
N,2360,72.0,46.0,0
N,2361,74.0,46.0,0
N,2362,76.0,46.0,0
N,2363,78.0,46.0,0
N,2364,80.0,46.0,0
N,2365,82.0,46.0,0
N,2366,84.0,46.0,0
N,2367,86.0,46.0,0
N,2368,88.0,46.0,0
N,2369,90.0,46.0,0
N,2370,92.0,46.0,0
N,2371,94.0,46.0,0
N,2372,96.0,46.0,0
N,2373,98.0,46.0,0
N,2374,100.0,46.0,0
N,2375,102.0,46.0,0
N,2376,104.0,46.0,0
N,2377,106.0,46.0,0
N,2378,108.0,46.0,0
N,2379,110.0,46.0,0
N,2380,112.0,46.0,0
N,2381,114.0,46.0,0
N,2382,116.0,46.0,0
N,2383,118.0,46.0,0
N,2384,120.0,46.0,0
N,2385,122.0,46.0,0
N,2386,124.0,46.0,0
N,2387,126.0,46.0,0
N,2388,128.0,46.0,0
N,2389,130.0,46.0,0
N,2390,132.0,46.0,0
N,2391,134.0,46.0,0
N,2392,136.0,46.0,0
N,2393,138.0,46.0,0
N,2394,140.0,46.0,0
N,2395,142.0,46.0,0
N,2396,144.0,46.0,0
N,2397,146.0,46.0,0
N,2398,148.0,46.0,0
N,2399,150.0,46.0,0
N,2400,152.0,46.0,0
N,2401,154.0,46.0,0
N,2402,156.0,46.0,0
N,2403,158.0,46.0,0
N,2404,160.0,46.0,0
N,2405,162.0,46.0,0
N,2406,164.0,46.0,0
N,2407,166.0,46.0,0
N,2408,168.0,46.0,0
N,2409,170.0,46.0,0
N,2410,172.0,46.0,0
N,2411,174.0,46.0,0
N,2412,176.0,46.0,0
N,2413,178.0,46.0,0
N,2414,180.0,46.0,0
N,2415,182.0,46.0,0
N,2416,184.0,46.0,0
N,2417,186.0,46.0,0
N,2418,188.0,46.0,0
N,2419,190.0,46.0,0
N,2420,192.0,46.0,0
N,2421,194.0,46.0,0
N,2422,196.0,46.0,0
N,2423,198.0,46.0,0
N,2424,200.0,46.0,0
N,2425,0.0,48.0,0
N,2426,2.0,48.0,0
N,2427,4.0,48.0,0
N,2428,6.0,48.0,0
N,2429,8.0,48.0,0
N,2430,10.0,48.0,0
N,2431,12.0,48.0,0
N,2432,14.0,48.0,0
N,2433,16.0,48.0,0
N,2434,18.0,48.0,0
N,2435,20.0,48.0,0
N,2436,22.0,48.0,0
N,2437,24.0,48.0,0
N,2438,26.0,48.0,0
N,2439,28.0,48.0,0
N,2440,30.0,48.0,0
N,2441,32.0,48.0,0
N,2442,34.0,48.0,0
N,2443,36.0,48.0,0
N,2444,38.0,48.0,0
N,2445,40.0,48.0,0
N,2446,42.0,48.0,0
N,2447,44.0,48.0,0
N,2448,46.0,48.0,0
N,2449,48.0,48.0,0
N,2450,50.0,48.0,0
N,2451,52.0,48.0,0
N,2452,54.0,48.0,0
N,2453,56.0,48.0,0
N,2454,58.0,48.0,0
N,2455,60.0,48.0,0
N,2456,62.0,48.0,0
N,2457,64.0,48.0,0
N,2458,66.0,48.0,0
N,2459,68.0,48.0,0
N,2460,70.0,48.0,0
N,2461,72.0,48.0,0
N,2462,74.0,48.0,0
N,2463,76.0,48.0,0
N,2464,78.0,48.0,0
N,2465,80.0,48.0,0
N,2466,82.0,48.0,0
N,2467,84.0,48.0,0
N,2468,86.0,48.0,0
N,2469,88.0,48.0,0
N,2470,90.0,48.0,0
N,2471,92.0,48.0,0
N,2472,94.0,48.0,0
N,2473,96.0,48.0,0
N,2474,98.0,48.0,0
N,2475,100.0,48.0,0
N,2476,102.0,48.0,0
N,2477,104.0,48.0,0
N,2478,106.0,48.0,0
N,2479,108.0,48.0,0
N,2480,110.0,48.0,0
N,2481,112.0,48.0,0
N,2482,114.0,48.0,0
N,2483,116.0,48.0,0
N,2484,118.0,48.0,0
N,2485,120.0,48.0,0
N,2486,122.0,48.0,0
N,2487,124.0,48.0,0
N,2488,126.0,48.0,0
N,2489,128.0,48.0,0
N,2490,130.0,48.0,0
N,2491,132.0,48.0,0
N,2492,134.0,48.0,0
N,2493,136.0,48.0,0
N,2494,138.0,48.0,0
N,2495,140.0,48.0,0
N,2496,142.0,48.0,0
N,2497,144.0,48.0,0
N,2498,146.0,48.0,0
N,2499,148.0,48.0,0
N,2500,150.0,48.0,0
N,2501,152.0,48.0,0
N,2502,154.0,48.0,0
N,2503,156.0,48.0,0
N,2504,158.0,48.0,0
N,2505,160.0,48.0,0
N,2506,162.0,48.0,0
N,2507,164.0,48.0,0
N,2508,166.0,48.0,0
N,2509,168.0,48.0,0
N,2510,170.0,48.0,0
N,2511,172.0,48.0,0
N,2512,174.0,48.0,0
N,2513,176.0,48.0,0
N,2514,178.0,48.0,0
N,2515,180.0,48.0,0
N,2516,182.0,48.0,0
N,2517,184.0,48.0,0
N,2518,186.0,48.0,0
N,2519,188.0,48.0,0
N,2520,190.0,48.0,0
N,2521,192.0,48.0,0
N,2522,194.0,48.0,0
N,2523,196.0,48.0,0
N,2524,198.0,48.0,0
N,2525,200.0,48.0,0
N,2526,0.0,50.0,0
N,2527,2.0,50.0,0
N,2528,4.0,50.0,0
N,2529,6.0,50.0,0
N,2530,8.0,50.0,0
N,2531,10.0,50.0,0
N,2532,12.0,50.0,0
N,2533,14.0,50.0,0
N,2534,16.0,50.0,0
N,2535,18.0,50.0,0
N,2536,20.0,50.0,0
N,2537,22.0,50.0,0
N,2538,24.0,50.0,0
N,2539,26.0,50.0,0
N,2540,28.0,50.0,0
N,2541,30.0,50.0,0
N,2542,32.0,50.0,0
N,2543,34.0,50.0,0
N,2544,36.0,50.0,0
N,2545,38.0,50.0,0
N,2546,40.0,50.0,0
N,2547,42.0,50.0,0
N,2548,44.0,50.0,0
N,2549,46.0,50.0,0
N,2550,48.0,50.0,0
N,2551,50.0,50.0,0
N,2552,52.0,50.0,0
N,2553,54.0,50.0,0
N,2554,56.0,50.0,0
N,2555,58.0,50.0,0
N,2556,60.0,50.0,0
N,2557,62.0,50.0,0
N,2558,64.0,50.0,0
N,2559,66.0,50.0,0
N,2560,68.0,50.0,0
N,2561,70.0,50.0,0
N,2562,72.0,50.0,0
N,2563,74.0,50.0,0
N,2564,76.0,50.0,0
N,2565,78.0,50.0,0
N,2566,80.0,50.0,0
N,2567,82.0,50.0,0
N,2568,84.0,50.0,0
N,2569,86.0,50.0,0
N,2570,88.0,50.0,0
N,2571,90.0,50.0,0
N,2572,92.0,50.0,0
N,2573,94.0,50.0,0
N,2574,96.0,50.0,0
N,2575,98.0,50.0,0
N,2576,100.0,50.0,0
N,2577,102.0,50.0,0
N,2578,104.0,50.0,0
N,2579,106.0,50.0,0
N,2580,108.0,50.0,0
N,2581,110.0,50.0,0
N,2582,112.0,50.0,0
N,2583,114.0,50.0,0
N,2584,116.0,50.0,0
N,2585,118.0,50.0,0
N,2586,120.0,50.0,0
N,2587,122.0,50.0,0
N,2588,124.0,50.0,0
N,2589,126.0,50.0,0
N,2590,128.0,50.0,0
N,2591,130.0,50.0,0
N,2592,132.0,50.0,0
N,2593,134.0,50.0,0
N,2594,136.0,50.0,0
N,2595,138.0,50.0,0
N,2596,140.0,50.0,0
N,2597,142.0,50.0,0
N,2598,144.0,50.0,0
N,2599,146.0,50.0,0
N,2600,148.0,50.0,0
N,2601,150.0,50.0,0
N,2602,152.0,50.0,0
N,2603,154.0,50.0,0
N,2604,156.0,50.0,0
N,2605,158.0,50.0,0
N,2606,160.0,50.0,0
N,2607,162.0,50.0,0
N,2608,164.0,50.0,0
N,2609,166.0,50.0,0
N,2610,168.0,50.0,0
N,2611,170.0,50.0,0
N,2612,172.0,50.0,0
N,2613,174.0,50.0,0
N,2614,176.0,50.0,0
N,2615,178.0,50.0,0
N,2616,180.0,50.0,0
N,2617,182.0,50.0,0
N,2618,184.0,50.0,0
N,2619,186.0,50.0,0
N,2620,188.0,50.0,0
N,2621,190.0,50.0,0
N,2622,192.0,50.0,0
N,2623,194.0,50.0,0
N,2624,196.0,50.0,0
N,2625,198.0,50.0,0
N,2626,200.0,50.0,0
N,2627,0.0,52.0,0
N,2628,2.0,52.0,0
N,2629,4.0,52.0,0
N,2630,6.0,52.0,0
N,2631,8.0,52.0,0
N,2632,10.0,52.0,0
N,2633,12.0,52.0,0
N,2634,14.0,52.0,0
N,2635,16.0,52.0,0
N,2636,18.0,52.0,0
N,2637,20.0,52.0,0
N,2638,22.0,52.0,0
N,2639,24.0,52.0,0
N,2640,26.0,52.0,0
N,2641,28.0,52.0,0
N,2642,30.0,52.0,0
N,2643,32.0,52.0,0
N,2644,34.0,52.0,0
N,2645,36.0,52.0,0
N,2646,38.0,52.0,0
N,2647,40.0,52.0,0
N,2648,42.0,52.0,0
N,2649,44.0,52.0,0
N,2650,46.0,52.0,0
N,2651,48.0,52.0,0
N,2652,50.0,52.0,0
N,2653,52.0,52.0,0
N,2654,54.0,52.0,0
N,2655,56.0,52.0,0
N,2656,58.0,52.0,0
N,2657,60.0,52.0,0
N,2658,62.0,52.0,0
N,2659,64.0,52.0,0
N,2660,66.0,52.0,0
N,2661,68.0,52.0,0
N,2662,70.0,52.0,0
N,2663,72.0,52.0,0
N,2664,74.0,52.0,0
N,2665,76.0,52.0,0
N,2666,78.0,52.0,0
N,2667,80.0,52.0,0
N,2668,82.0,52.0,0
N,2669,84.0,52.0,0
N,2670,86.0,52.0,0
N,2671,88.0,52.0,0
N,2672,90.0,52.0,0
N,2673,92.0,52.0,0
N,2674,94.0,52.0,0
N,2675,96.0,52.0,0
N,2676,98.0,52.0,0
N,2677,100.0,52.0,0
N,2678,102.0,52.0,0
N,2679,104.0,52.0,0
N,2680,106.0,52.0,0
N,2681,108.0,52.0,0
N,2682,110.0,52.0,0
N,2683,112.0,52.0,0
N,2684,114.0,52.0,0
N,2685,116.0,52.0,0
N,2686,118.0,52.0,0
N,2687,120.0,52.0,0
N,2688,122.0,52.0,0
N,2689,124.0,52.0,0
N,2690,126.0,52.0,0
N,2691,128.0,52.0,0
N,2692,130.0,52.0,0
N,2693,132.0,52.0,0
N,2694,134.0,52.0,0
N,2695,136.0,52.0,0
N,2696,138.0,52.0,0
N,2697,140.0,52.0,0
N,2698,142.0,52.0,0
N,2699,144.0,52.0,0
N,2700,146.0,52.0,0
N,2701,148.0,52.0,0
N,2702,150.0,52.0,0
N,2703,152.0,52.0,0
N,2704,154.0,52.0,0
N,2705,156.0,52.0,0
N,2706,158.0,52.0,0
N,2707,160.0,52.0,0
N,2708,162.0,52.0,0
N,2709,164.0,52.0,0
N,2710,166.0,52.0,0
N,2711,168.0,52.0,0
N,2712,170.0,52.0,0
N,2713,172.0,52.0,0
N,2714,174.0,52.0,0
N,2715,176.0,52.0,0
N,2716,178.0,52.0,0
N,2717,180.0,52.0,0
N,2718,182.0,52.0,0
N,2719,184.0,52.0,0
N,2720,186.0,52.0,0
N,2721,188.0,52.0,0
N,2722,190.0,52.0,0
N,2723,192.0,52.0,0
N,2724,194.0,52.0,0
N,2725,196.0,52.0,0
N,2726,198.0,52.0,0
N,2727,200.0,52.0,0
N,2728,0.0,54.0,0
N,2729,2.0,54.0,0
N,2730,4.0,54.0,0
N,2731,6.0,54.0,0
N,2732,8.0,54.0,0
N,2733,10.0,54.0,0
N,2734,12.0,54.0,0
N,2735,14.0,54.0,0
N,2736,16.0,54.0,0
N,2737,18.0,54.0,0
N,2738,20.0,54.0,0
N,2739,22.0,54.0,0
N,2740,24.0,54.0,0
N,2741,26.0,54.0,0
N,2742,28.0,54.0,0
N,2743,30.0,54.0,0
N,2744,32.0,54.0,0
N,2745,34.0,54.0,0
N,2746,36.0,54.0,0
N,2747,38.0,54.0,0
N,2748,40.0,54.0,0
N,2749,42.0,54.0,0
N,2750,44.0,54.0,0
N,2751,46.0,54.0,0
N,2752,48.0,54.0,0
N,2753,50.0,54.0,0
N,2754,52.0,54.0,0
N,2755,54.0,54.0,0
N,2756,56.0,54.0,0
N,2757,58.0,54.0,0
N,2758,60.0,54.0,0
N,2759,62.0,54.0,0
N,2760,64.0,54.0,0
N,2761,66.0,54.0,0
N,2762,68.0,54.0,0
N,2763,70.0,54.0,0
N,2764,72.0,54.0,0
N,2765,74.0,54.0,0
N,2766,76.0,54.0,0
N,2767,78.0,54.0,0
N,2768,80.0,54.0,0
N,2769,82.0,54.0,0
N,2770,84.0,54.0,0
N,2771,86.0,54.0,0
N,2772,88.0,54.0,0
N,2773,90.0,54.0,0
N,2774,92.0,54.0,0
N,2775,94.0,54.0,0
N,2776,96.0,54.0,0
N,2777,98.0,54.0,0
N,2778,100.0,54.0,0
N,2779,102.0,54.0,0
N,2780,104.0,54.0,0
N,2781,106.0,54.0,0
N,2782,108.0,54.0,0
N,2783,110.0,54.0,0
N,2784,112.0,54.0,0
N,2785,114.0,54.0,0
N,2786,116.0,54.0,0
N,2787,118.0,54.0,0
N,2788,120.0,54.0,0
N,2789,122.0,54.0,0
N,2790,124.0,54.0,0
N,2791,126.0,54.0,0
N,2792,128.0,54.0,0
N,2793,130.0,54.0,0
N,2794,132.0,54.0,0
N,2795,134.0,54.0,0
N,2796,136.0,54.0,0
N,2797,138.0,54.0,0
N,2798,140.0,54.0,0
N,2799,142.0,54.0,0
N,2800,144.0,54.0,0
N,2801,146.0,54.0,0
N,2802,148.0,54.0,0
N,2803,150.0,54.0,0
N,2804,152.0,54.0,0
N,2805,154.0,54.0,0
N,2806,156.0,54.0,0
N,2807,158.0,54.0,0
N,2808,160.0,54.0,0
N,2809,162.0,54.0,0
N,2810,164.0,54.0,0
N,2811,166.0,54.0,0
N,2812,168.0,54.0,0
N,2813,170.0,54.0,0
N,2814,172.0,54.0,0
N,2815,174.0,54.0,0
N,2816,176.0,54.0,0
N,2817,178.0,54.0,0
N,2818,180.0,54.0,0
N,2819,182.0,54.0,0
N,2820,184.0,54.0,0
N,2821,186.0,54.0,0
N,2822,188.0,54.0,0
N,2823,190.0,54.0,0
N,2824,192.0,54.0,0
N,2825,194.0,54.0,0
N,2826,196.0,54.0,0
N,2827,198.0,54.0,0
N,2828,200.0,54.0,0
N,2829,0.0,56.0,0
N,2830,2.0,56.0,0
N,2831,4.0,56.0,0
N,2832,6.0,56.0,0
N,2833,8.0,56.0,0
N,2834,10.0,56.0,0
N,2835,12.0,56.0,0
N,2836,14.0,56.0,0
N,2837,16.0,56.0,0
N,2838,18.0,56.0,0
N,2839,20.0,56.0,0
N,2840,22.0,56.0,0
N,2841,24.0,56.0,0
N,2842,26.0,56.0,0
N,2843,28.0,56.0,0
N,2844,30.0,56.0,0
N,2845,32.0,56.0,0
N,2846,34.0,56.0,0
N,2847,36.0,56.0,0
N,2848,38.0,56.0,0
N,2849,40.0,56.0,0
N,2850,42.0,56.0,0
N,2851,44.0,56.0,0
N,2852,46.0,56.0,0
N,2853,48.0,56.0,0
N,2854,50.0,56.0,0
N,2855,52.0,56.0,0
N,2856,54.0,56.0,0
N,2857,56.0,56.0,0
N,2858,58.0,56.0,0
N,2859,60.0,56.0,0
N,2860,62.0,56.0,0
N,2861,64.0,56.0,0
N,2862,66.0,56.0,0
N,2863,68.0,56.0,0
N,2864,70.0,56.0,0
N,2865,72.0,56.0,0
N,2866,74.0,56.0,0
N,2867,76.0,56.0,0
N,2868,78.0,56.0,0
N,2869,80.0,56.0,0
N,2870,82.0,56.0,0
N,2871,84.0,56.0,0
N,2872,86.0,56.0,0
N,2873,88.0,56.0,0
N,2874,90.0,56.0,0
N,2875,92.0,56.0,0
N,2876,94.0,56.0,0
N,2877,96.0,56.0,0
N,2878,98.0,56.0,0
N,2879,100.0,56.0,0
N,2880,102.0,56.0,0
N,2881,104.0,56.0,0
N,2882,106.0,56.0,0
N,2883,108.0,56.0,0
N,2884,110.0,56.0,0
N,2885,112.0,56.0,0
N,2886,114.0,56.0,0
N,2887,116.0,56.0,0
N,2888,118.0,56.0,0
N,2889,120.0,56.0,0
N,2890,122.0,56.0,0
N,2891,124.0,56.0,0
N,2892,126.0,56.0,0
N,2893,128.0,56.0,0
N,2894,130.0,56.0,0
N,2895,132.0,56.0,0
N,2896,134.0,56.0,0
N,2897,136.0,56.0,0
N,2898,138.0,56.0,0
N,2899,140.0,56.0,0
N,2900,142.0,56.0,0
N,2901,144.0,56.0,0
N,2902,146.0,56.0,0
N,2903,148.0,56.0,0
N,2904,150.0,56.0,0
N,2905,152.0,56.0,0
N,2906,154.0,56.0,0
N,2907,156.0,56.0,0
N,2908,158.0,56.0,0
N,2909,160.0,56.0,0
N,2910,162.0,56.0,0
N,2911,164.0,56.0,0
N,2912,166.0,56.0,0
N,2913,168.0,56.0,0
N,2914,170.0,56.0,0
N,2915,172.0,56.0,0
N,2916,174.0,56.0,0
N,2917,176.0,56.0,0
N,2918,178.0,56.0,0
N,2919,180.0,56.0,0
N,2920,182.0,56.0,0
N,2921,184.0,56.0,0
N,2922,186.0,56.0,0
N,2923,188.0,56.0,0
N,2924,190.0,56.0,0
N,2925,192.0,56.0,0
N,2926,194.0,56.0,0
N,2927,196.0,56.0,0
N,2928,198.0,56.0,0
N,2929,200.0,56.0,0
N,2930,0.0,58.0,0
N,2931,2.0,58.0,0
N,2932,4.0,58.0,0
N,2933,6.0,58.0,0
N,2934,8.0,58.0,0
N,2935,10.0,58.0,0
N,2936,12.0,58.0,0
N,2937,14.0,58.0,0
N,2938,16.0,58.0,0
N,2939,18.0,58.0,0
N,2940,20.0,58.0,0
N,2941,22.0,58.0,0
N,2942,24.0,58.0,0
N,2943,26.0,58.0,0
N,2944,28.0,58.0,0
N,2945,30.0,58.0,0
N,2946,32.0,58.0,0
N,2947,34.0,58.0,0
N,2948,36.0,58.0,0
N,2949,38.0,58.0,0
N,2950,40.0,58.0,0
N,2951,42.0,58.0,0
N,2952,44.0,58.0,0
N,2953,46.0,58.0,0
N,2954,48.0,58.0,0
N,2955,50.0,58.0,0
N,2956,52.0,58.0,0
N,2957,54.0,58.0,0
N,2958,56.0,58.0,0
N,2959,58.0,58.0,0
N,2960,60.0,58.0,0
N,2961,62.0,58.0,0
N,2962,64.0,58.0,0
N,2963,66.0,58.0,0
N,2964,68.0,58.0,0
N,2965,70.0,58.0,0
N,2966,72.0,58.0,0
N,2967,74.0,58.0,0
N,2968,76.0,58.0,0
N,2969,78.0,58.0,0
N,2970,80.0,58.0,0
N,2971,82.0,58.0,0
N,2972,84.0,58.0,0
N,2973,86.0,58.0,0
N,2974,88.0,58.0,0
N,2975,90.0,58.0,0
N,2976,92.0,58.0,0
N,2977,94.0,58.0,0
N,2978,96.0,58.0,0
N,2979,98.0,58.0,0
N,2980,100.0,58.0,0
N,2981,102.0,58.0,0
N,2982,104.0,58.0,0
N,2983,106.0,58.0,0
N,2984,108.0,58.0,0
N,2985,110.0,58.0,0
N,2986,112.0,58.0,0
N,2987,114.0,58.0,0
N,2988,116.0,58.0,0
N,2989,118.0,58.0,0
N,2990,120.0,58.0,0
N,2991,122.0,58.0,0
N,2992,124.0,58.0,0
N,2993,126.0,58.0,0
N,2994,128.0,58.0,0
N,2995,130.0,58.0,0
N,2996,132.0,58.0,0
N,2997,134.0,58.0,0
N,2998,136.0,58.0,0
N,2999,138.0,58.0,0
N,3000,140.0,58.0,0
N,3001,142.0,58.0,0
N,3002,144.0,58.0,0
N,3003,146.0,58.0,0
N,3004,148.0,58.0,0
N,3005,150.0,58.0,0
N,3006,152.0,58.0,0
N,3007,154.0,58.0,0
N,3008,156.0,58.0,0
N,3009,158.0,58.0,0
N,3010,160.0,58.0,0
N,3011,162.0,58.0,0
N,3012,164.0,58.0,0
N,3013,166.0,58.0,0
N,3014,168.0,58.0,0
N,3015,170.0,58.0,0
N,3016,172.0,58.0,0
N,3017,174.0,58.0,0
N,3018,176.0,58.0,0
N,3019,178.0,58.0,0
N,3020,180.0,58.0,0
N,3021,182.0,58.0,0
N,3022,184.0,58.0,0
N,3023,186.0,58.0,0
N,3024,188.0,58.0,0
N,3025,190.0,58.0,0
N,3026,192.0,58.0,0
N,3027,194.0,58.0,0
N,3028,196.0,58.0,0
N,3029,198.0,58.0,0
N,3030,200.0,58.0,0
N,3031,0.0,60.0,0
N,3032,2.0,60.0,0
N,3033,4.0,60.0,0
N,3034,6.0,60.0,0
N,3035,8.0,60.0,0
N,3036,10.0,60.0,0
N,3037,12.0,60.0,0
N,3038,14.0,60.0,0
N,3039,16.0,60.0,0
N,3040,18.0,60.0,0
N,3041,20.0,60.0,0
N,3042,22.0,60.0,0
N,3043,24.0,60.0,0
N,3044,26.0,60.0,0
N,3045,28.0,60.0,0
N,3046,30.0,60.0,0
N,3047,32.0,60.0,0
N,3048,34.0,60.0,0
N,3049,36.0,60.0,0
N,3050,38.0,60.0,0
N,3051,40.0,60.0,0
N,3052,42.0,60.0,0
N,3053,44.0,60.0,0
N,3054,46.0,60.0,0
N,3055,48.0,60.0,0
N,3056,50.0,60.0,0
N,3057,52.0,60.0,0
N,3058,54.0,60.0,0
N,3059,56.0,60.0,0
N,3060,58.0,60.0,0
N,3061,60.0,60.0,0
N,3062,62.0,60.0,0
N,3063,64.0,60.0,0
N,3064,66.0,60.0,0
N,3065,68.0,60.0,0
N,3066,70.0,60.0,0
N,3067,72.0,60.0,0
N,3068,74.0,60.0,0
N,3069,76.0,60.0,0
N,3070,78.0,60.0,0
N,3071,80.0,60.0,0
N,3072,82.0,60.0,0
N,3073,84.0,60.0,0
N,3074,86.0,60.0,0
N,3075,88.0,60.0,0
N,3076,90.0,60.0,0
N,3077,92.0,60.0,0
N,3078,94.0,60.0,0
N,3079,96.0,60.0,0
N,3080,98.0,60.0,0
N,3081,100.0,60.0,0
N,3082,102.0,60.0,0
N,3083,104.0,60.0,0
N,3084,106.0,60.0,0
N,3085,108.0,60.0,0
N,3086,110.0,60.0,0
N,3087,112.0,60.0,0
N,3088,114.0,60.0,0
N,3089,116.0,60.0,0
N,3090,118.0,60.0,0
N,3091,120.0,60.0,0
N,3092,122.0,60.0,0
N,3093,124.0,60.0,0
N,3094,126.0,60.0,0
N,3095,128.0,60.0,0
N,3096,130.0,60.0,0
N,3097,132.0,60.0,0
N,3098,134.0,60.0,0
N,3099,136.0,60.0,0
N,3100,138.0,60.0,0
N,3101,140.0,60.0,0
N,3102,142.0,60.0,0
N,3103,144.0,60.0,0
N,3104,146.0,60.0,0
N,3105,148.0,60.0,0
N,3106,150.0,60.0,0
N,3107,152.0,60.0,0
N,3108,154.0,60.0,0
N,3109,156.0,60.0,0
N,3110,158.0,60.0,0
N,3111,160.0,60.0,0
N,3112,162.0,60.0,0
N,3113,164.0,60.0,0
N,3114,166.0,60.0,0
N,3115,168.0,60.0,0
N,3116,170.0,60.0,0
N,3117,172.0,60.0,0
N,3118,174.0,60.0,0
N,3119,176.0,60.0,0
N,3120,178.0,60.0,0
N,3121,180.0,60.0,0
N,3122,182.0,60.0,0
N,3123,184.0,60.0,0
N,3124,186.0,60.0,0
N,3125,188.0,60.0,0
N,3126,190.0,60.0,0
N,3127,192.0,60.0,0
N,3128,194.0,60.0,0
N,3129,196.0,60.0,0
N,3130,198.0,60.0,0
N,3131,200.0,60.0,0
N,3132,0.0,62.0,0
N,3133,2.0,62.0,0
N,3134,4.0,62.0,0
N,3135,6.0,62.0,0
N,3136,8.0,62.0,0
N,3137,10.0,62.0,0
N,3138,12.0,62.0,0
N,3139,14.0,62.0,0
N,3140,16.0,62.0,0
N,3141,18.0,62.0,0
N,3142,20.0,62.0,0
N,3143,22.0,62.0,0
N,3144,24.0,62.0,0
N,3145,26.0,62.0,0
N,3146,28.0,62.0,0
N,3147,30.0,62.0,0
N,3148,32.0,62.0,0
N,3149,34.0,62.0,0
N,3150,36.0,62.0,0
N,3151,38.0,62.0,0
N,3152,40.0,62.0,0
N,3153,42.0,62.0,0
N,3154,44.0,62.0,0
N,3155,46.0,62.0,0
N,3156,48.0,62.0,0
N,3157,50.0,62.0,0
N,3158,52.0,62.0,0
N,3159,54.0,62.0,0
N,3160,56.0,62.0,0
N,3161,58.0,62.0,0
N,3162,60.0,62.0,0
N,3163,62.0,62.0,0
N,3164,64.0,62.0,0
N,3165,66.0,62.0,0
N,3166,68.0,62.0,0
N,3167,70.0,62.0,0
N,3168,72.0,62.0,0
N,3169,74.0,62.0,0
N,3170,76.0,62.0,0
N,3171,78.0,62.0,0
N,3172,80.0,62.0,0
N,3173,82.0,62.0,0
N,3174,84.0,62.0,0
N,3175,86.0,62.0,0
N,3176,88.0,62.0,0
N,3177,90.0,62.0,0
N,3178,92.0,62.0,0
N,3179,94.0,62.0,0
N,3180,96.0,62.0,0
N,3181,98.0,62.0,0
N,3182,100.0,62.0,0
N,3183,102.0,62.0,0
N,3184,104.0,62.0,0
N,3185,106.0,62.0,0
N,3186,108.0,62.0,0
N,3187,110.0,62.0,0
N,3188,112.0,62.0,0
N,3189,114.0,62.0,0
N,3190,116.0,62.0,0
N,3191,118.0,62.0,0
N,3192,120.0,62.0,0
N,3193,122.0,62.0,0
N,3194,124.0,62.0,0
N,3195,126.0,62.0,0
N,3196,128.0,62.0,0
N,3197,130.0,62.0,0
N,3198,132.0,62.0,0
N,3199,134.0,62.0,0
N,3200,136.0,62.0,0
N,3201,138.0,62.0,0
N,3202,140.0,62.0,0
N,3203,142.0,62.0,0
N,3204,144.0,62.0,0
N,3205,146.0,62.0,0
N,3206,148.0,62.0,0
N,3207,150.0,62.0,0
N,3208,152.0,62.0,0
N,3209,154.0,62.0,0
N,3210,156.0,62.0,0
N,3211,158.0,62.0,0
N,3212,160.0,62.0,0
N,3213,162.0,62.0,0
N,3214,164.0,62.0,0
N,3215,166.0,62.0,0
N,3216,168.0,62.0,0
N,3217,170.0,62.0,0
N,3218,172.0,62.0,0
N,3219,174.0,62.0,0
N,3220,176.0,62.0,0
N,3221,178.0,62.0,0
N,3222,180.0,62.0,0
N,3223,182.0,62.0,0
N,3224,184.0,62.0,0
N,3225,186.0,62.0,0
N,3226,188.0,62.0,0
N,3227,190.0,62.0,0
N,3228,192.0,62.0,0
N,3229,194.0,62.0,0
N,3230,196.0,62.0,0
N,3231,198.0,62.0,0
N,3232,200.0,62.0,0
N,3233,0.0,64.0,0
N,3234,2.0,64.0,0
N,3235,4.0,64.0,0
N,3236,6.0,64.0,0
N,3237,8.0,64.0,0
N,3238,10.0,64.0,0
N,3239,12.0,64.0,0
N,3240,14.0,64.0,0
N,3241,16.0,64.0,0
N,3242,18.0,64.0,0
N,3243,20.0,64.0,0
N,3244,22.0,64.0,0
N,3245,24.0,64.0,0
N,3246,26.0,64.0,0
N,3247,28.0,64.0,0
N,3248,30.0,64.0,0
N,3249,32.0,64.0,0
N,3250,34.0,64.0,0
N,3251,36.0,64.0,0
N,3252,38.0,64.0,0
N,3253,40.0,64.0,0
N,3254,42.0,64.0,0
N,3255,44.0,64.0,0
N,3256,46.0,64.0,0
N,3257,48.0,64.0,0
N,3258,50.0,64.0,0
N,3259,52.0,64.0,0
N,3260,54.0,64.0,0
N,3261,56.0,64.0,0
N,3262,58.0,64.0,0
N,3263,60.0,64.0,0
N,3264,62.0,64.0,0
N,3265,64.0,64.0,0
N,3266,66.0,64.0,0
N,3267,68.0,64.0,0
N,3268,70.0,64.0,0
N,3269,72.0,64.0,0
N,3270,74.0,64.0,0
N,3271,76.0,64.0,0
N,3272,78.0,64.0,0
N,3273,80.0,64.0,0
N,3274,82.0,64.0,0
N,3275,84.0,64.0,0
N,3276,86.0,64.0,0
N,3277,88.0,64.0,0
N,3278,90.0,64.0,0
N,3279,92.0,64.0,0
N,3280,94.0,64.0,0
N,3281,96.0,64.0,0
N,3282,98.0,64.0,0
N,3283,100.0,64.0,0
N,3284,102.0,64.0,0
N,3285,104.0,64.0,0
N,3286,106.0,64.0,0
N,3287,108.0,64.0,0
N,3288,110.0,64.0,0
N,3289,112.0,64.0,0
N,3290,114.0,64.0,0
N,3291,116.0,64.0,0
N,3292,118.0,64.0,0
N,3293,120.0,64.0,0
N,3294,122.0,64.0,0
N,3295,124.0,64.0,0
N,3296,126.0,64.0,0
N,3297,128.0,64.0,0
N,3298,130.0,64.0,0
N,3299,132.0,64.0,0
N,3300,134.0,64.0,0
N,3301,136.0,64.0,0
N,3302,138.0,64.0,0
N,3303,140.0,64.0,0
N,3304,142.0,64.0,0
N,3305,144.0,64.0,0
N,3306,146.0,64.0,0
N,3307,148.0,64.0,0
N,3308,150.0,64.0,0
N,3309,152.0,64.0,0
N,3310,154.0,64.0,0
N,3311,156.0,64.0,0
N,3312,158.0,64.0,0
N,3313,160.0,64.0,0
N,3314,162.0,64.0,0
N,3315,164.0,64.0,0
N,3316,166.0,64.0,0
N,3317,168.0,64.0,0
N,3318,170.0,64.0,0
N,3319,172.0,64.0,0
N,3320,174.0,64.0,0
N,3321,176.0,64.0,0
N,3322,178.0,64.0,0
N,3323,180.0,64.0,0
N,3324,182.0,64.0,0
N,3325,184.0,64.0,0
N,3326,186.0,64.0,0
N,3327,188.0,64.0,0
N,3328,190.0,64.0,0
N,3329,192.0,64.0,0
N,3330,194.0,64.0,0
N,3331,196.0,64.0,0
N,3332,198.0,64.0,0
N,3333,200.0,64.0,0
N,3334,0.0,66.0,0
N,3335,2.0,66.0,0
N,3336,4.0,66.0,0
N,3337,6.0,66.0,0
N,3338,8.0,66.0,0
N,3339,10.0,66.0,0
N,3340,12.0,66.0,0
N,3341,14.0,66.0,0
N,3342,16.0,66.0,0
N,3343,18.0,66.0,0
N,3344,20.0,66.0,0
N,3345,22.0,66.0,0
N,3346,24.0,66.0,0
N,3347,26.0,66.0,0
N,3348,28.0,66.0,0
N,3349,30.0,66.0,0
N,3350,32.0,66.0,0
N,3351,34.0,66.0,0
N,3352,36.0,66.0,0
N,3353,38.0,66.0,0
N,3354,40.0,66.0,0
N,3355,42.0,66.0,0
N,3356,44.0,66.0,0
N,3357,46.0,66.0,0
N,3358,48.0,66.0,0
N,3359,50.0,66.0,0
N,3360,52.0,66.0,0
N,3361,54.0,66.0,0
N,3362,56.0,66.0,0
N,3363,58.0,66.0,0
N,3364,60.0,66.0,0
N,3365,62.0,66.0,0
N,3366,64.0,66.0,0
N,3367,66.0,66.0,0
N,3368,68.0,66.0,0
N,3369,70.0,66.0,0
N,3370,72.0,66.0,0
N,3371,74.0,66.0,0
N,3372,76.0,66.0,0
N,3373,78.0,66.0,0
N,3374,80.0,66.0,0
N,3375,82.0,66.0,0
N,3376,84.0,66.0,0
N,3377,86.0,66.0,0
N,3378,88.0,66.0,0
N,3379,90.0,66.0,0
N,3380,92.0,66.0,0
N,3381,94.0,66.0,0
N,3382,96.0,66.0,0
N,3383,98.0,66.0,0
N,3384,100.0,66.0,0
N,3385,102.0,66.0,0
N,3386,104.0,66.0,0
N,3387,106.0,66.0,0
N,3388,108.0,66.0,0
N,3389,110.0,66.0,0
N,3390,112.0,66.0,0
N,3391,114.0,66.0,0
N,3392,116.0,66.0,0
N,3393,118.0,66.0,0
N,3394,120.0,66.0,0
N,3395,122.0,66.0,0
N,3396,124.0,66.0,0
N,3397,126.0,66.0,0
N,3398,128.0,66.0,0
N,3399,130.0,66.0,0
N,3400,132.0,66.0,0
N,3401,134.0,66.0,0
N,3402,136.0,66.0,0
N,3403,138.0,66.0,0
N,3404,140.0,66.0,0
N,3405,142.0,66.0,0
N,3406,144.0,66.0,0
N,3407,146.0,66.0,0
N,3408,148.0,66.0,0
N,3409,150.0,66.0,0
N,3410,152.0,66.0,0
N,3411,154.0,66.0,0
N,3412,156.0,66.0,0
N,3413,158.0,66.0,0
N,3414,160.0,66.0,0
N,3415,162.0,66.0,0
N,3416,164.0,66.0,0
N,3417,166.0,66.0,0
N,3418,168.0,66.0,0
N,3419,170.0,66.0,0
N,3420,172.0,66.0,0
N,3421,174.0,66.0,0
N,3422,176.0,66.0,0
N,3423,178.0,66.0,0
N,3424,180.0,66.0,0
N,3425,182.0,66.0,0
N,3426,184.0,66.0,0
N,3427,186.0,66.0,0
N,3428,188.0,66.0,0
N,3429,190.0,66.0,0
N,3430,192.0,66.0,0
N,3431,194.0,66.0,0
N,3432,196.0,66.0,0
N,3433,198.0,66.0,0
N,3434,200.0,66.0,0
N,3435,0.0,68.0,0
N,3436,2.0,68.0,0
N,3437,4.0,68.0,0
N,3438,6.0,68.0,0
N,3439,8.0,68.0,0
N,3440,10.0,68.0,0
N,3441,12.0,68.0,0
N,3442,14.0,68.0,0
N,3443,16.0,68.0,0
N,3444,18.0,68.0,0
N,3445,20.0,68.0,0
N,3446,22.0,68.0,0
N,3447,24.0,68.0,0
N,3448,26.0,68.0,0
N,3449,28.0,68.0,0
N,3450,30.0,68.0,0
N,3451,32.0,68.0,0
N,3452,34.0,68.0,0
N,3453,36.0,68.0,0
N,3454,38.0,68.0,0
N,3455,40.0,68.0,0
N,3456,42.0,68.0,0
N,3457,44.0,68.0,0
N,3458,46.0,68.0,0
N,3459,48.0,68.0,0
N,3460,50.0,68.0,0
N,3461,52.0,68.0,0
N,3462,54.0,68.0,0
N,3463,56.0,68.0,0
N,3464,58.0,68.0,0
N,3465,60.0,68.0,0
N,3466,62.0,68.0,0
N,3467,64.0,68.0,0
N,3468,66.0,68.0,0
N,3469,68.0,68.0,0
N,3470,70.0,68.0,0
N,3471,72.0,68.0,0
N,3472,74.0,68.0,0
N,3473,76.0,68.0,0
N,3474,78.0,68.0,0
N,3475,80.0,68.0,0
N,3476,82.0,68.0,0
N,3477,84.0,68.0,0
N,3478,86.0,68.0,0
N,3479,88.0,68.0,0
N,3480,90.0,68.0,0
N,3481,92.0,68.0,0
N,3482,94.0,68.0,0
N,3483,96.0,68.0,0
N,3484,98.0,68.0,0
N,3485,100.0,68.0,0
N,3486,102.0,68.0,0
N,3487,104.0,68.0,0
N,3488,106.0,68.0,0
N,3489,108.0,68.0,0
N,3490,110.0,68.0,0
N,3491,112.0,68.0,0
N,3492,114.0,68.0,0
N,3493,116.0,68.0,0
N,3494,118.0,68.0,0
N,3495,120.0,68.0,0
N,3496,122.0,68.0,0
N,3497,124.0,68.0,0
N,3498,126.0,68.0,0
N,3499,128.0,68.0,0
N,3500,130.0,68.0,0
N,3501,132.0,68.0,0
N,3502,134.0,68.0,0
N,3503,136.0,68.0,0
N,3504,138.0,68.0,0
N,3505,140.0,68.0,0
N,3506,142.0,68.0,0
N,3507,144.0,68.0,0
N,3508,146.0,68.0,0
N,3509,148.0,68.0,0
N,3510,150.0,68.0,0
N,3511,152.0,68.0,0
N,3512,154.0,68.0,0
N,3513,156.0,68.0,0
N,3514,158.0,68.0,0
N,3515,160.0,68.0,0
N,3516,162.0,68.0,0
N,3517,164.0,68.0,0
N,3518,166.0,68.0,0
N,3519,168.0,68.0,0
N,3520,170.0,68.0,0
N,3521,172.0,68.0,0
N,3522,174.0,68.0,0
N,3523,176.0,68.0,0
N,3524,178.0,68.0,0
N,3525,180.0,68.0,0
N,3526,182.0,68.0,0
N,3527,184.0,68.0,0
N,3528,186.0,68.0,0
N,3529,188.0,68.0,0
N,3530,190.0,68.0,0
N,3531,192.0,68.0,0
N,3532,194.0,68.0,0
N,3533,196.0,68.0,0
N,3534,198.0,68.0,0
N,3535,200.0,68.0,0
N,3536,0.0,70.0,0
N,3537,2.0,70.0,0
N,3538,4.0,70.0,0
N,3539,6.0,70.0,0
N,3540,8.0,70.0,0
N,3541,10.0,70.0,0
N,3542,12.0,70.0,0
N,3543,14.0,70.0,0
N,3544,16.0,70.0,0
N,3545,18.0,70.0,0
N,3546,20.0,70.0,0
N,3547,22.0,70.0,0
N,3548,24.0,70.0,0
N,3549,26.0,70.0,0
N,3550,28.0,70.0,0
N,3551,30.0,70.0,0
N,3552,32.0,70.0,0
N,3553,34.0,70.0,0
N,3554,36.0,70.0,0
N,3555,38.0,70.0,0
N,3556,40.0,70.0,0
N,3557,42.0,70.0,0
N,3558,44.0,70.0,0
N,3559,46.0,70.0,0
N,3560,48.0,70.0,0
N,3561,50.0,70.0,0
N,3562,52.0,70.0,0
N,3563,54.0,70.0,0
N,3564,56.0,70.0,0
N,3565,58.0,70.0,0
N,3566,60.0,70.0,0
N,3567,62.0,70.0,0
N,3568,64.0,70.0,0
N,3569,66.0,70.0,0
N,3570,68.0,70.0,0
N,3571,70.0,70.0,0
N,3572,72.0,70.0,0
N,3573,74.0,70.0,0
N,3574,76.0,70.0,0
N,3575,78.0,70.0,0
N,3576,80.0,70.0,0
N,3577,82.0,70.0,0
N,3578,84.0,70.0,0
N,3579,86.0,70.0,0
N,3580,88.0,70.0,0
N,3581,90.0,70.0,0
N,3582,92.0,70.0,0
N,3583,94.0,70.0,0
N,3584,96.0,70.0,0
N,3585,98.0,70.0,0
N,3586,100.0,70.0,0
N,3587,102.0,70.0,0
N,3588,104.0,70.0,0
N,3589,106.0,70.0,0
N,3590,108.0,70.0,0
N,3591,110.0,70.0,0
N,3592,112.0,70.0,0
N,3593,114.0,70.0,0
N,3594,116.0,70.0,0
N,3595,118.0,70.0,0
N,3596,120.0,70.0,0
N,3597,122.0,70.0,0
N,3598,124.0,70.0,0
N,3599,126.0,70.0,0
N,3600,128.0,70.0,0
N,3601,130.0,70.0,0
N,3602,132.0,70.0,0
N,3603,134.0,70.0,0
N,3604,136.0,70.0,0
N,3605,138.0,70.0,0
N,3606,140.0,70.0,0
N,3607,142.0,70.0,0
N,3608,144.0,70.0,0
N,3609,146.0,70.0,0
N,3610,148.0,70.0,0
N,3611,150.0,70.0,0
N,3612,152.0,70.0,0
N,3613,154.0,70.0,0
N,3614,156.0,70.0,0
N,3615,158.0,70.0,0
N,3616,160.0,70.0,0
N,3617,162.0,70.0,0
N,3618,164.0,70.0,0
N,3619,166.0,70.0,0
N,3620,168.0,70.0,0
N,3621,170.0,70.0,0
N,3622,172.0,70.0,0
N,3623,174.0,70.0,0
N,3624,176.0,70.0,0
N,3625,178.0,70.0,0
N,3626,180.0,70.0,0
N,3627,182.0,70.0,0
N,3628,184.0,70.0,0
N,3629,186.0,70.0,0
N,3630,188.0,70.0,0
N,3631,190.0,70.0,0
N,3632,192.0,70.0,0
N,3633,194.0,70.0,0
N,3634,196.0,70.0,0
N,3635,198.0,70.0,0
N,3636,200.0,70.0,0
N,3637,0.0,72.0,0
N,3638,2.0,72.0,0
N,3639,4.0,72.0,0
N,3640,6.0,72.0,0
N,3641,8.0,72.0,0
N,3642,10.0,72.0,0
N,3643,12.0,72.0,0
N,3644,14.0,72.0,0
N,3645,16.0,72.0,0
N,3646,18.0,72.0,0
N,3647,20.0,72.0,0
N,3648,22.0,72.0,0
N,3649,24.0,72.0,0
N,3650,26.0,72.0,0
N,3651,28.0,72.0,0
N,3652,30.0,72.0,0
N,3653,32.0,72.0,0
N,3654,34.0,72.0,0
N,3655,36.0,72.0,0
N,3656,38.0,72.0,0
N,3657,40.0,72.0,0
N,3658,42.0,72.0,0
N,3659,44.0,72.0,0
N,3660,46.0,72.0,0
N,3661,48.0,72.0,0
N,3662,50.0,72.0,0
N,3663,52.0,72.0,0
N,3664,54.0,72.0,0
N,3665,56.0,72.0,0
N,3666,58.0,72.0,0
N,3667,60.0,72.0,0
N,3668,62.0,72.0,0
N,3669,64.0,72.0,0
N,3670,66.0,72.0,0
N,3671,68.0,72.0,0
N,3672,70.0,72.0,0
N,3673,72.0,72.0,0
N,3674,74.0,72.0,0
N,3675,76.0,72.0,0
N,3676,78.0,72.0,0
N,3677,80.0,72.0,0
N,3678,82.0,72.0,0
N,3679,84.0,72.0,0
N,3680,86.0,72.0,0
N,3681,88.0,72.0,0
N,3682,90.0,72.0,0
N,3683,92.0,72.0,0
N,3684,94.0,72.0,0
N,3685,96.0,72.0,0
N,3686,98.0,72.0,0
N,3687,100.0,72.0,0
N,3688,102.0,72.0,0
N,3689,104.0,72.0,0
N,3690,106.0,72.0,0
N,3691,108.0,72.0,0
N,3692,110.0,72.0,0
N,3693,112.0,72.0,0
N,3694,114.0,72.0,0
N,3695,116.0,72.0,0
N,3696,118.0,72.0,0
N,3697,120.0,72.0,0
N,3698,122.0,72.0,0
N,3699,124.0,72.0,0
N,3700,126.0,72.0,0
N,3701,128.0,72.0,0
N,3702,130.0,72.0,0
N,3703,132.0,72.0,0
N,3704,134.0,72.0,0
N,3705,136.0,72.0,0
N,3706,138.0,72.0,0
N,3707,140.0,72.0,0
N,3708,142.0,72.0,0
N,3709,144.0,72.0,0
N,3710,146.0,72.0,0
N,3711,148.0,72.0,0
N,3712,150.0,72.0,0
N,3713,152.0,72.0,0
N,3714,154.0,72.0,0
N,3715,156.0,72.0,0
N,3716,158.0,72.0,0
N,3717,160.0,72.0,0
N,3718,162.0,72.0,0
N,3719,164.0,72.0,0
N,3720,166.0,72.0,0
N,3721,168.0,72.0,0
N,3722,170.0,72.0,0
N,3723,172.0,72.0,0
N,3724,174.0,72.0,0
N,3725,176.0,72.0,0
N,3726,178.0,72.0,0
N,3727,180.0,72.0,0
N,3728,182.0,72.0,0
N,3729,184.0,72.0,0
N,3730,186.0,72.0,0
N,3731,188.0,72.0,0
N,3732,190.0,72.0,0
N,3733,192.0,72.0,0
N,3734,194.0,72.0,0
N,3735,196.0,72.0,0
N,3736,198.0,72.0,0
N,3737,200.0,72.0,0
N,3738,0.0,74.0,0
N,3739,2.0,74.0,0
N,3740,4.0,74.0,0
N,3741,6.0,74.0,0
N,3742,8.0,74.0,0
N,3743,10.0,74.0,0
N,3744,12.0,74.0,0
N,3745,14.0,74.0,0
N,3746,16.0,74.0,0
N,3747,18.0,74.0,0
N,3748,20.0,74.0,0
N,3749,22.0,74.0,0
N,3750,24.0,74.0,0
N,3751,26.0,74.0,0
N,3752,28.0,74.0,0
N,3753,30.0,74.0,0
N,3754,32.0,74.0,0
N,3755,34.0,74.0,0
N,3756,36.0,74.0,0
N,3757,38.0,74.0,0
N,3758,40.0,74.0,0
N,3759,42.0,74.0,0
N,3760,44.0,74.0,0
N,3761,46.0,74.0,0
N,3762,48.0,74.0,0
N,3763,50.0,74.0,0
N,3764,52.0,74.0,0
N,3765,54.0,74.0,0
N,3766,56.0,74.0,0
N,3767,58.0,74.0,0
N,3768,60.0,74.0,0
N,3769,62.0,74.0,0
N,3770,64.0,74.0,0
N,3771,66.0,74.0,0
N,3772,68.0,74.0,0
N,3773,70.0,74.0,0
N,3774,72.0,74.0,0
N,3775,74.0,74.0,0
N,3776,76.0,74.0,0
N,3777,78.0,74.0,0
N,3778,80.0,74.0,0
N,3779,82.0,74.0,0
N,3780,84.0,74.0,0
N,3781,86.0,74.0,0
N,3782,88.0,74.0,0
N,3783,90.0,74.0,0
N,3784,92.0,74.0,0
N,3785,94.0,74.0,0
N,3786,96.0,74.0,0
N,3787,98.0,74.0,0
N,3788,100.0,74.0,0
N,3789,102.0,74.0,0
N,3790,104.0,74.0,0
N,3791,106.0,74.0,0
N,3792,108.0,74.0,0
N,3793,110.0,74.0,0
N,3794,112.0,74.0,0
N,3795,114.0,74.0,0
N,3796,116.0,74.0,0
N,3797,118.0,74.0,0
N,3798,120.0,74.0,0
N,3799,122.0,74.0,0
N,3800,124.0,74.0,0
N,3801,126.0,74.0,0
N,3802,128.0,74.0,0
N,3803,130.0,74.0,0
N,3804,132.0,74.0,0
N,3805,134.0,74.0,0
N,3806,136.0,74.0,0
N,3807,138.0,74.0,0
N,3808,140.0,74.0,0
N,3809,142.0,74.0,0
N,3810,144.0,74.0,0
N,3811,146.0,74.0,0
N,3812,148.0,74.0,0
N,3813,150.0,74.0,0
N,3814,152.0,74.0,0
N,3815,154.0,74.0,0
N,3816,156.0,74.0,0
N,3817,158.0,74.0,0
N,3818,160.0,74.0,0
N,3819,162.0,74.0,0
N,3820,164.0,74.0,0
N,3821,166.0,74.0,0
N,3822,168.0,74.0,0
N,3823,170.0,74.0,0
N,3824,172.0,74.0,0
N,3825,174.0,74.0,0
N,3826,176.0,74.0,0
N,3827,178.0,74.0,0
N,3828,180.0,74.0,0
N,3829,182.0,74.0,0
N,3830,184.0,74.0,0
N,3831,186.0,74.0,0
N,3832,188.0,74.0,0
N,3833,190.0,74.0,0
N,3834,192.0,74.0,0
N,3835,194.0,74.0,0
N,3836,196.0,74.0,0
N,3837,198.0,74.0,0
N,3838,200.0,74.0,0
N,3839,0.0,76.0,0
N,3840,2.0,76.0,0
N,3841,4.0,76.0,0
N,3842,6.0,76.0,0
N,3843,8.0,76.0,0
N,3844,10.0,76.0,0
N,3845,12.0,76.0,0
N,3846,14.0,76.0,0
N,3847,16.0,76.0,0
N,3848,18.0,76.0,0
N,3849,20.0,76.0,0
N,3850,22.0,76.0,0
N,3851,24.0,76.0,0
N,3852,26.0,76.0,0
N,3853,28.0,76.0,0
N,3854,30.0,76.0,0
N,3855,32.0,76.0,0
N,3856,34.0,76.0,0
N,3857,36.0,76.0,0
N,3858,38.0,76.0,0
N,3859,40.0,76.0,0
N,3860,42.0,76.0,0
N,3861,44.0,76.0,0
N,3862,46.0,76.0,0
N,3863,48.0,76.0,0
N,3864,50.0,76.0,0
N,3865,52.0,76.0,0
N,3866,54.0,76.0,0
N,3867,56.0,76.0,0
N,3868,58.0,76.0,0
N,3869,60.0,76.0,0
N,3870,62.0,76.0,0
N,3871,64.0,76.0,0
N,3872,66.0,76.0,0
N,3873,68.0,76.0,0
N,3874,70.0,76.0,0
N,3875,72.0,76.0,0
N,3876,74.0,76.0,0
N,3877,76.0,76.0,0
N,3878,78.0,76.0,0
N,3879,80.0,76.0,0
N,3880,82.0,76.0,0
N,3881,84.0,76.0,0
N,3882,86.0,76.0,0
N,3883,88.0,76.0,0
N,3884,90.0,76.0,0
N,3885,92.0,76.0,0
N,3886,94.0,76.0,0
N,3887,96.0,76.0,0
N,3888,98.0,76.0,0
N,3889,100.0,76.0,0
N,3890,102.0,76.0,0
N,3891,104.0,76.0,0
N,3892,106.0,76.0,0
N,3893,108.0,76.0,0
N,3894,110.0,76.0,0
N,3895,112.0,76.0,0
N,3896,114.0,76.0,0
N,3897,116.0,76.0,0
N,3898,118.0,76.0,0
N,3899,120.0,76.0,0
N,3900,122.0,76.0,0
N,3901,124.0,76.0,0
N,3902,126.0,76.0,0
N,3903,128.0,76.0,0
N,3904,130.0,76.0,0
N,3905,132.0,76.0,0
N,3906,134.0,76.0,0
N,3907,136.0,76.0,0
N,3908,138.0,76.0,0
N,3909,140.0,76.0,0
N,3910,142.0,76.0,0
N,3911,144.0,76.0,0
N,3912,146.0,76.0,0
N,3913,148.0,76.0,0
N,3914,150.0,76.0,0
N,3915,152.0,76.0,0
N,3916,154.0,76.0,0
N,3917,156.0,76.0,0
N,3918,158.0,76.0,0
N,3919,160.0,76.0,0
N,3920,162.0,76.0,0
N,3921,164.0,76.0,0
N,3922,166.0,76.0,0
N,3923,168.0,76.0,0
N,3924,170.0,76.0,0
N,3925,172.0,76.0,0
N,3926,174.0,76.0,0
N,3927,176.0,76.0,0
N,3928,178.0,76.0,0
N,3929,180.0,76.0,0
N,3930,182.0,76.0,0
N,3931,184.0,76.0,0
N,3932,186.0,76.0,0
N,3933,188.0,76.0,0
N,3934,190.0,76.0,0
N,3935,192.0,76.0,0
N,3936,194.0,76.0,0
N,3937,196.0,76.0,0
N,3938,198.0,76.0,0
N,3939,200.0,76.0,0
N,3940,0.0,78.0,0
N,3941,2.0,78.0,0
N,3942,4.0,78.0,0
N,3943,6.0,78.0,0
N,3944,8.0,78.0,0
N,3945,10.0,78.0,0
N,3946,12.0,78.0,0
N,3947,14.0,78.0,0
N,3948,16.0,78.0,0
N,3949,18.0,78.0,0
N,3950,20.0,78.0,0
N,3951,22.0,78.0,0
N,3952,24.0,78.0,0
N,3953,26.0,78.0,0
N,3954,28.0,78.0,0
N,3955,30.0,78.0,0
N,3956,32.0,78.0,0
N,3957,34.0,78.0,0
N,3958,36.0,78.0,0
N,3959,38.0,78.0,0
N,3960,40.0,78.0,0
N,3961,42.0,78.0,0
N,3962,44.0,78.0,0
N,3963,46.0,78.0,0
N,3964,48.0,78.0,0
N,3965,50.0,78.0,0
N,3966,52.0,78.0,0
N,3967,54.0,78.0,0
N,3968,56.0,78.0,0
N,3969,58.0,78.0,0
N,3970,60.0,78.0,0
N,3971,62.0,78.0,0
N,3972,64.0,78.0,0
N,3973,66.0,78.0,0
N,3974,68.0,78.0,0
N,3975,70.0,78.0,0
N,3976,72.0,78.0,0
N,3977,74.0,78.0,0
N,3978,76.0,78.0,0
N,3979,78.0,78.0,0
N,3980,80.0,78.0,0
N,3981,82.0,78.0,0
N,3982,84.0,78.0,0
N,3983,86.0,78.0,0
N,3984,88.0,78.0,0
N,3985,90.0,78.0,0
N,3986,92.0,78.0,0
N,3987,94.0,78.0,0
N,3988,96.0,78.0,0
N,3989,98.0,78.0,0
N,3990,100.0,78.0,0
N,3991,102.0,78.0,0
N,3992,104.0,78.0,0
N,3993,106.0,78.0,0
N,3994,108.0,78.0,0
N,3995,110.0,78.0,0
N,3996,112.0,78.0,0
N,3997,114.0,78.0,0
N,3998,116.0,78.0,0
N,3999,118.0,78.0,0
N,4000,120.0,78.0,0
N,4001,122.0,78.0,0
N,4002,124.0,78.0,0
N,4003,126.0,78.0,0
N,4004,128.0,78.0,0
N,4005,130.0,78.0,0
N,4006,132.0,78.0,0
N,4007,134.0,78.0,0
N,4008,136.0,78.0,0
N,4009,138.0,78.0,0
N,4010,140.0,78.0,0
N,4011,142.0,78.0,0
N,4012,144.0,78.0,0
N,4013,146.0,78.0,0
N,4014,148.0,78.0,0
N,4015,150.0,78.0,0
N,4016,152.0,78.0,0
N,4017,154.0,78.0,0
N,4018,156.0,78.0,0
N,4019,158.0,78.0,0
N,4020,160.0,78.0,0
N,4021,162.0,78.0,0
N,4022,164.0,78.0,0
N,4023,166.0,78.0,0
N,4024,168.0,78.0,0
N,4025,170.0,78.0,0
N,4026,172.0,78.0,0
N,4027,174.0,78.0,0
N,4028,176.0,78.0,0
N,4029,178.0,78.0,0
N,4030,180.0,78.0,0
N,4031,182.0,78.0,0
N,4032,184.0,78.0,0
N,4033,186.0,78.0,0
N,4034,188.0,78.0,0
N,4035,190.0,78.0,0
N,4036,192.0,78.0,0
N,4037,194.0,78.0,0
N,4038,196.0,78.0,0
N,4039,198.0,78.0,0
N,4040,200.0,78.0,0
N,4041,0.0,80.0,0
N,4042,2.0,80.0,0
N,4043,4.0,80.0,0
N,4044,6.0,80.0,0
N,4045,8.0,80.0,0
N,4046,10.0,80.0,0
N,4047,12.0,80.0,0
N,4048,14.0,80.0,0
N,4049,16.0,80.0,0
N,4050,18.0,80.0,0
N,4051,20.0,80.0,0
N,4052,22.0,80.0,0
N,4053,24.0,80.0,0
N,4054,26.0,80.0,0
N,4055,28.0,80.0,0
N,4056,30.0,80.0,0
N,4057,32.0,80.0,0
N,4058,34.0,80.0,0
N,4059,36.0,80.0,0
N,4060,38.0,80.0,0
N,4061,40.0,80.0,0
N,4062,42.0,80.0,0
N,4063,44.0,80.0,0
N,4064,46.0,80.0,0
N,4065,48.0,80.0,0
N,4066,50.0,80.0,0
N,4067,52.0,80.0,0
N,4068,54.0,80.0,0
N,4069,56.0,80.0,0
N,4070,58.0,80.0,0
N,4071,60.0,80.0,0
N,4072,62.0,80.0,0
N,4073,64.0,80.0,0
N,4074,66.0,80.0,0
N,4075,68.0,80.0,0
N,4076,70.0,80.0,0
N,4077,72.0,80.0,0
N,4078,74.0,80.0,0
N,4079,76.0,80.0,0
N,4080,78.0,80.0,0
N,4081,80.0,80.0,0
N,4082,82.0,80.0,0
N,4083,84.0,80.0,0
N,4084,86.0,80.0,0
N,4085,88.0,80.0,0
N,4086,90.0,80.0,0
N,4087,92.0,80.0,0
N,4088,94.0,80.0,0
N,4089,96.0,80.0,0
N,4090,98.0,80.0,0
N,4091,100.0,80.0,0
N,4092,102.0,80.0,0
N,4093,104.0,80.0,0
N,4094,106.0,80.0,0
N,4095,108.0,80.0,0
N,4096,110.0,80.0,0
N,4097,112.0,80.0,0
N,4098,114.0,80.0,0
N,4099,116.0,80.0,0
N,4100,118.0,80.0,0
N,4101,120.0,80.0,0
N,4102,122.0,80.0,0
N,4103,124.0,80.0,0
N,4104,126.0,80.0,0
N,4105,128.0,80.0,0
N,4106,130.0,80.0,0
N,4107,132.0,80.0,0
N,4108,134.0,80.0,0
N,4109,136.0,80.0,0
N,4110,138.0,80.0,0
N,4111,140.0,80.0,0
N,4112,142.0,80.0,0
N,4113,144.0,80.0,0
N,4114,146.0,80.0,0
N,4115,148.0,80.0,0
N,4116,150.0,80.0,0
N,4117,152.0,80.0,0
N,4118,154.0,80.0,0
N,4119,156.0,80.0,0
N,4120,158.0,80.0,0
N,4121,160.0,80.0,0
N,4122,162.0,80.0,0
N,4123,164.0,80.0,0
N,4124,166.0,80.0,0
N,4125,168.0,80.0,0
N,4126,170.0,80.0,0
N,4127,172.0,80.0,0
N,4128,174.0,80.0,0
N,4129,176.0,80.0,0
N,4130,178.0,80.0,0
N,4131,180.0,80.0,0
N,4132,182.0,80.0,0
N,4133,184.0,80.0,0
N,4134,186.0,80.0,0
N,4135,188.0,80.0,0
N,4136,190.0,80.0,0
N,4137,192.0,80.0,0
N,4138,194.0,80.0,0
N,4139,196.0,80.0,0
N,4140,198.0,80.0,0
N,4141,200.0,80.0,0
N,4142,0.0,82.0,0
N,4143,2.0,82.0,0
N,4144,4.0,82.0,0
N,4145,6.0,82.0,0
N,4146,8.0,82.0,0
N,4147,10.0,82.0,0
N,4148,12.0,82.0,0
N,4149,14.0,82.0,0
N,4150,16.0,82.0,0
N,4151,18.0,82.0,0
N,4152,20.0,82.0,0
N,4153,22.0,82.0,0
N,4154,24.0,82.0,0
N,4155,26.0,82.0,0
N,4156,28.0,82.0,0
N,4157,30.0,82.0,0
N,4158,32.0,82.0,0
N,4159,34.0,82.0,0
N,4160,36.0,82.0,0
N,4161,38.0,82.0,0
N,4162,40.0,82.0,0
N,4163,42.0,82.0,0
N,4164,44.0,82.0,0
N,4165,46.0,82.0,0
N,4166,48.0,82.0,0
N,4167,50.0,82.0,0
N,4168,52.0,82.0,0
N,4169,54.0,82.0,0
N,4170,56.0,82.0,0
N,4171,58.0,82.0,0
N,4172,60.0,82.0,0
N,4173,62.0,82.0,0
N,4174,64.0,82.0,0
N,4175,66.0,82.0,0
N,4176,68.0,82.0,0
N,4177,70.0,82.0,0
N,4178,72.0,82.0,0
N,4179,74.0,82.0,0
N,4180,76.0,82.0,0
N,4181,78.0,82.0,0
N,4182,80.0,82.0,0
N,4183,82.0,82.0,0
N,4184,84.0,82.0,0
N,4185,86.0,82.0,0
N,4186,88.0,82.0,0
N,4187,90.0,82.0,0
N,4188,92.0,82.0,0
N,4189,94.0,82.0,0
N,4190,96.0,82.0,0
N,4191,98.0,82.0,0
N,4192,100.0,82.0,0
N,4193,102.0,82.0,0
N,4194,104.0,82.0,0
N,4195,106.0,82.0,0
N,4196,108.0,82.0,0
N,4197,110.0,82.0,0
N,4198,112.0,82.0,0
N,4199,114.0,82.0,0
N,4200,116.0,82.0,0
N,4201,118.0,82.0,0
N,4202,120.0,82.0,0
N,4203,122.0,82.0,0
N,4204,124.0,82.0,0
N,4205,126.0,82.0,0
N,4206,128.0,82.0,0
N,4207,130.0,82.0,0
N,4208,132.0,82.0,0
N,4209,134.0,82.0,0
N,4210,136.0,82.0,0
N,4211,138.0,82.0,0
N,4212,140.0,82.0,0
N,4213,142.0,82.0,0
N,4214,144.0,82.0,0
N,4215,146.0,82.0,0
N,4216,148.0,82.0,0
N,4217,150.0,82.0,0
N,4218,152.0,82.0,0
N,4219,154.0,82.0,0
N,4220,156.0,82.0,0
N,4221,158.0,82.0,0
N,4222,160.0,82.0,0
N,4223,162.0,82.0,0
N,4224,164.0,82.0,0
N,4225,166.0,82.0,0
N,4226,168.0,82.0,0
N,4227,170.0,82.0,0
N,4228,172.0,82.0,0
N,4229,174.0,82.0,0
N,4230,176.0,82.0,0
N,4231,178.0,82.0,0
N,4232,180.0,82.0,0
N,4233,182.0,82.0,0
N,4234,184.0,82.0,0
N,4235,186.0,82.0,0
N,4236,188.0,82.0,0
N,4237,190.0,82.0,0
N,4238,192.0,82.0,0
N,4239,194.0,82.0,0
N,4240,196.0,82.0,0
N,4241,198.0,82.0,0
N,4242,200.0,82.0,0
N,4243,0.0,84.0,0
N,4244,2.0,84.0,0
N,4245,4.0,84.0,0
N,4246,6.0,84.0,0
N,4247,8.0,84.0,0
N,4248,10.0,84.0,0
N,4249,12.0,84.0,0
N,4250,14.0,84.0,0
N,4251,16.0,84.0,0
N,4252,18.0,84.0,0
N,4253,20.0,84.0,0
N,4254,22.0,84.0,0
N,4255,24.0,84.0,0
N,4256,26.0,84.0,0
N,4257,28.0,84.0,0
N,4258,30.0,84.0,0
N,4259,32.0,84.0,0
N,4260,34.0,84.0,0
N,4261,36.0,84.0,0
N,4262,38.0,84.0,0
N,4263,40.0,84.0,0
N,4264,42.0,84.0,0
N,4265,44.0,84.0,0
N,4266,46.0,84.0,0
N,4267,48.0,84.0,0
N,4268,50.0,84.0,0
N,4269,52.0,84.0,0
N,4270,54.0,84.0,0
N,4271,56.0,84.0,0
N,4272,58.0,84.0,0
N,4273,60.0,84.0,0
N,4274,62.0,84.0,0
N,4275,64.0,84.0,0
N,4276,66.0,84.0,0
N,4277,68.0,84.0,0
N,4278,70.0,84.0,0
N,4279,72.0,84.0,0
N,4280,74.0,84.0,0
N,4281,76.0,84.0,0
N,4282,78.0,84.0,0
N,4283,80.0,84.0,0
N,4284,82.0,84.0,0
N,4285,84.0,84.0,0
N,4286,86.0,84.0,0
N,4287,88.0,84.0,0
N,4288,90.0,84.0,0
N,4289,92.0,84.0,0
N,4290,94.0,84.0,0
N,4291,96.0,84.0,0
N,4292,98.0,84.0,0
N,4293,100.0,84.0,0
N,4294,102.0,84.0,0
N,4295,104.0,84.0,0
N,4296,106.0,84.0,0
N,4297,108.0,84.0,0
N,4298,110.0,84.0,0
N,4299,112.0,84.0,0
N,4300,114.0,84.0,0
N,4301,116.0,84.0,0
N,4302,118.0,84.0,0
N,4303,120.0,84.0,0
N,4304,122.0,84.0,0
N,4305,124.0,84.0,0
N,4306,126.0,84.0,0
N,4307,128.0,84.0,0
N,4308,130.0,84.0,0
N,4309,132.0,84.0,0
N,4310,134.0,84.0,0
N,4311,136.0,84.0,0
N,4312,138.0,84.0,0
N,4313,140.0,84.0,0
N,4314,142.0,84.0,0
N,4315,144.0,84.0,0
N,4316,146.0,84.0,0
N,4317,148.0,84.0,0
N,4318,150.0,84.0,0
N,4319,152.0,84.0,0
N,4320,154.0,84.0,0
N,4321,156.0,84.0,0
N,4322,158.0,84.0,0
N,4323,160.0,84.0,0
N,4324,162.0,84.0,0
N,4325,164.0,84.0,0
N,4326,166.0,84.0,0
N,4327,168.0,84.0,0
N,4328,170.0,84.0,0
N,4329,172.0,84.0,0
N,4330,174.0,84.0,0
N,4331,176.0,84.0,0
N,4332,178.0,84.0,0
N,4333,180.0,84.0,0
N,4334,182.0,84.0,0
N,4335,184.0,84.0,0
N,4336,186.0,84.0,0
N,4337,188.0,84.0,0
N,4338,190.0,84.0,0
N,4339,192.0,84.0,0
N,4340,194.0,84.0,0
N,4341,196.0,84.0,0
N,4342,198.0,84.0,0
N,4343,200.0,84.0,0
N,4344,0.0,86.0,0
N,4345,2.0,86.0,0
N,4346,4.0,86.0,0
N,4347,6.0,86.0,0
N,4348,8.0,86.0,0
N,4349,10.0,86.0,0
N,4350,12.0,86.0,0
N,4351,14.0,86.0,0
N,4352,16.0,86.0,0
N,4353,18.0,86.0,0
N,4354,20.0,86.0,0
N,4355,22.0,86.0,0
N,4356,24.0,86.0,0
N,4357,26.0,86.0,0
N,4358,28.0,86.0,0
N,4359,30.0,86.0,0
N,4360,32.0,86.0,0
N,4361,34.0,86.0,0
N,4362,36.0,86.0,0
N,4363,38.0,86.0,0
N,4364,40.0,86.0,0
N,4365,42.0,86.0,0
N,4366,44.0,86.0,0
N,4367,46.0,86.0,0
N,4368,48.0,86.0,0
N,4369,50.0,86.0,0
N,4370,52.0,86.0,0
N,4371,54.0,86.0,0
N,4372,56.0,86.0,0
N,4373,58.0,86.0,0
N,4374,60.0,86.0,0
N,4375,62.0,86.0,0
N,4376,64.0,86.0,0
N,4377,66.0,86.0,0
N,4378,68.0,86.0,0
N,4379,70.0,86.0,0
N,4380,72.0,86.0,0
N,4381,74.0,86.0,0
N,4382,76.0,86.0,0
N,4383,78.0,86.0,0
N,4384,80.0,86.0,0
N,4385,82.0,86.0,0
N,4386,84.0,86.0,0
N,4387,86.0,86.0,0
N,4388,88.0,86.0,0
N,4389,90.0,86.0,0
N,4390,92.0,86.0,0
N,4391,94.0,86.0,0
N,4392,96.0,86.0,0
N,4393,98.0,86.0,0
N,4394,100.0,86.0,0
N,4395,102.0,86.0,0
N,4396,104.0,86.0,0
N,4397,106.0,86.0,0
N,4398,108.0,86.0,0
N,4399,110.0,86.0,0
N,4400,112.0,86.0,0
N,4401,114.0,86.0,0
N,4402,116.0,86.0,0
N,4403,118.0,86.0,0
N,4404,120.0,86.0,0
N,4405,122.0,86.0,0
N,4406,124.0,86.0,0
N,4407,126.0,86.0,0
N,4408,128.0,86.0,0
N,4409,130.0,86.0,0
N,4410,132.0,86.0,0
N,4411,134.0,86.0,0
N,4412,136.0,86.0,0
N,4413,138.0,86.0,0
N,4414,140.0,86.0,0
N,4415,142.0,86.0,0
N,4416,144.0,86.0,0
N,4417,146.0,86.0,0
N,4418,148.0,86.0,0
N,4419,150.0,86.0,0
N,4420,152.0,86.0,0
N,4421,154.0,86.0,0
N,4422,156.0,86.0,0
N,4423,158.0,86.0,0
N,4424,160.0,86.0,0
N,4425,162.0,86.0,0
N,4426,164.0,86.0,0
N,4427,166.0,86.0,0
N,4428,168.0,86.0,0
N,4429,170.0,86.0,0
N,4430,172.0,86.0,0
N,4431,174.0,86.0,0
N,4432,176.0,86.0,0
N,4433,178.0,86.0,0
N,4434,180.0,86.0,0
N,4435,182.0,86.0,0
N,4436,184.0,86.0,0
N,4437,186.0,86.0,0
N,4438,188.0,86.0,0
N,4439,190.0,86.0,0
N,4440,192.0,86.0,0
N,4441,194.0,86.0,0
N,4442,196.0,86.0,0
N,4443,198.0,86.0,0
N,4444,200.0,86.0,0
N,4445,0.0,88.0,0
N,4446,2.0,88.0,0
N,4447,4.0,88.0,0
N,4448,6.0,88.0,0
N,4449,8.0,88.0,0
N,4450,10.0,88.0,0
N,4451,12.0,88.0,0
N,4452,14.0,88.0,0
N,4453,16.0,88.0,0
N,4454,18.0,88.0,0
N,4455,20.0,88.0,0
N,4456,22.0,88.0,0
N,4457,24.0,88.0,0
N,4458,26.0,88.0,0
N,4459,28.0,88.0,0
N,4460,30.0,88.0,0
N,4461,32.0,88.0,0
N,4462,34.0,88.0,0
N,4463,36.0,88.0,0
N,4464,38.0,88.0,0
N,4465,40.0,88.0,0
N,4466,42.0,88.0,0
N,4467,44.0,88.0,0
N,4468,46.0,88.0,0
N,4469,48.0,88.0,0
N,4470,50.0,88.0,0
N,4471,52.0,88.0,0
N,4472,54.0,88.0,0
N,4473,56.0,88.0,0
N,4474,58.0,88.0,0
N,4475,60.0,88.0,0
N,4476,62.0,88.0,0
N,4477,64.0,88.0,0
N,4478,66.0,88.0,0
N,4479,68.0,88.0,0
N,4480,70.0,88.0,0
N,4481,72.0,88.0,0
N,4482,74.0,88.0,0
N,4483,76.0,88.0,0
N,4484,78.0,88.0,0
N,4485,80.0,88.0,0
N,4486,82.0,88.0,0
N,4487,84.0,88.0,0
N,4488,86.0,88.0,0
N,4489,88.0,88.0,0
N,4490,90.0,88.0,0
N,4491,92.0,88.0,0
N,4492,94.0,88.0,0
N,4493,96.0,88.0,0
N,4494,98.0,88.0,0
N,4495,100.0,88.0,0
N,4496,102.0,88.0,0
N,4497,104.0,88.0,0
N,4498,106.0,88.0,0
N,4499,108.0,88.0,0
N,4500,110.0,88.0,0
N,4501,112.0,88.0,0
N,4502,114.0,88.0,0
N,4503,116.0,88.0,0
N,4504,118.0,88.0,0
N,4505,120.0,88.0,0
N,4506,122.0,88.0,0
N,4507,124.0,88.0,0
N,4508,126.0,88.0,0
N,4509,128.0,88.0,0
N,4510,130.0,88.0,0
N,4511,132.0,88.0,0
N,4512,134.0,88.0,0
N,4513,136.0,88.0,0
N,4514,138.0,88.0,0
N,4515,140.0,88.0,0
N,4516,142.0,88.0,0
N,4517,144.0,88.0,0
N,4518,146.0,88.0,0
N,4519,148.0,88.0,0
N,4520,150.0,88.0,0
N,4521,152.0,88.0,0
N,4522,154.0,88.0,0
N,4523,156.0,88.0,0
N,4524,158.0,88.0,0
N,4525,160.0,88.0,0
N,4526,162.0,88.0,0
N,4527,164.0,88.0,0
N,4528,166.0,88.0,0
N,4529,168.0,88.0,0
N,4530,170.0,88.0,0
N,4531,172.0,88.0,0
N,4532,174.0,88.0,0
N,4533,176.0,88.0,0
N,4534,178.0,88.0,0
N,4535,180.0,88.0,0
N,4536,182.0,88.0,0
N,4537,184.0,88.0,0
N,4538,186.0,88.0,0
N,4539,188.0,88.0,0
N,4540,190.0,88.0,0
N,4541,192.0,88.0,0
N,4542,194.0,88.0,0
N,4543,196.0,88.0,0
N,4544,198.0,88.0,0
N,4545,200.0,88.0,0
N,4546,0.0,90.0,0
N,4547,2.0,90.0,0
N,4548,4.0,90.0,0
N,4549,6.0,90.0,0
N,4550,8.0,90.0,0
N,4551,10.0,90.0,0
N,4552,12.0,90.0,0
N,4553,14.0,90.0,0
N,4554,16.0,90.0,0
N,4555,18.0,90.0,0
N,4556,20.0,90.0,0
N,4557,22.0,90.0,0
N,4558,24.0,90.0,0
N,4559,26.0,90.0,0
N,4560,28.0,90.0,0
N,4561,30.0,90.0,0
N,4562,32.0,90.0,0
N,4563,34.0,90.0,0
N,4564,36.0,90.0,0
N,4565,38.0,90.0,0
N,4566,40.0,90.0,0
N,4567,42.0,90.0,0
N,4568,44.0,90.0,0
N,4569,46.0,90.0,0
N,4570,48.0,90.0,0
N,4571,50.0,90.0,0
N,4572,52.0,90.0,0
N,4573,54.0,90.0,0
N,4574,56.0,90.0,0
N,4575,58.0,90.0,0
N,4576,60.0,90.0,0
N,4577,62.0,90.0,0
N,4578,64.0,90.0,0
N,4579,66.0,90.0,0
N,4580,68.0,90.0,0
N,4581,70.0,90.0,0
N,4582,72.0,90.0,0
N,4583,74.0,90.0,0
N,4584,76.0,90.0,0
N,4585,78.0,90.0,0
N,4586,80.0,90.0,0
N,4587,82.0,90.0,0
N,4588,84.0,90.0,0
N,4589,86.0,90.0,0
N,4590,88.0,90.0,0
N,4591,90.0,90.0,0
N,4592,92.0,90.0,0
N,4593,94.0,90.0,0
N,4594,96.0,90.0,0
N,4595,98.0,90.0,0
N,4596,100.0,90.0,0
N,4597,102.0,90.0,0
N,4598,104.0,90.0,0
N,4599,106.0,90.0,0
N,4600,108.0,90.0,0
N,4601,110.0,90.0,0
N,4602,112.0,90.0,0
N,4603,114.0,90.0,0
N,4604,116.0,90.0,0
N,4605,118.0,90.0,0
N,4606,120.0,90.0,0
N,4607,122.0,90.0,0
N,4608,124.0,90.0,0
N,4609,126.0,90.0,0
N,4610,128.0,90.0,0
N,4611,130.0,90.0,0
N,4612,132.0,90.0,0
N,4613,134.0,90.0,0
N,4614,136.0,90.0,0
N,4615,138.0,90.0,0
N,4616,140.0,90.0,0
N,4617,142.0,90.0,0
N,4618,144.0,90.0,0
N,4619,146.0,90.0,0
N,4620,148.0,90.0,0
N,4621,150.0,90.0,0
N,4622,152.0,90.0,0
N,4623,154.0,90.0,0
N,4624,156.0,90.0,0
N,4625,158.0,90.0,0
N,4626,160.0,90.0,0
N,4627,162.0,90.0,0
N,4628,164.0,90.0,0
N,4629,166.0,90.0,0
N,4630,168.0,90.0,0
N,4631,170.0,90.0,0
N,4632,172.0,90.0,0
N,4633,174.0,90.0,0
N,4634,176.0,90.0,0
N,4635,178.0,90.0,0
N,4636,180.0,90.0,0
N,4637,182.0,90.0,0
N,4638,184.0,90.0,0
N,4639,186.0,90.0,0
N,4640,188.0,90.0,0
N,4641,190.0,90.0,0
N,4642,192.0,90.0,0
N,4643,194.0,90.0,0
N,4644,196.0,90.0,0
N,4645,198.0,90.0,0
N,4646,200.0,90.0,0
N,4647,0.0,92.0,0
N,4648,2.0,92.0,0
N,4649,4.0,92.0,0
N,4650,6.0,92.0,0
N,4651,8.0,92.0,0
N,4652,10.0,92.0,0
N,4653,12.0,92.0,0
N,4654,14.0,92.0,0
N,4655,16.0,92.0,0
N,4656,18.0,92.0,0
N,4657,20.0,92.0,0
N,4658,22.0,92.0,0
N,4659,24.0,92.0,0
N,4660,26.0,92.0,0
N,4661,28.0,92.0,0
N,4662,30.0,92.0,0
N,4663,32.0,92.0,0
N,4664,34.0,92.0,0
N,4665,36.0,92.0,0
N,4666,38.0,92.0,0
N,4667,40.0,92.0,0
N,4668,42.0,92.0,0
N,4669,44.0,92.0,0
N,4670,46.0,92.0,0
N,4671,48.0,92.0,0
N,4672,50.0,92.0,0
N,4673,52.0,92.0,0
N,4674,54.0,92.0,0
N,4675,56.0,92.0,0
N,4676,58.0,92.0,0
N,4677,60.0,92.0,0
N,4678,62.0,92.0,0
N,4679,64.0,92.0,0
N,4680,66.0,92.0,0
N,4681,68.0,92.0,0
N,4682,70.0,92.0,0
N,4683,72.0,92.0,0
N,4684,74.0,92.0,0
N,4685,76.0,92.0,0
N,4686,78.0,92.0,0
N,4687,80.0,92.0,0
N,4688,82.0,92.0,0
N,4689,84.0,92.0,0
N,4690,86.0,92.0,0
N,4691,88.0,92.0,0
N,4692,90.0,92.0,0
N,4693,92.0,92.0,0
N,4694,94.0,92.0,0
N,4695,96.0,92.0,0
N,4696,98.0,92.0,0
N,4697,100.0,92.0,0
N,4698,102.0,92.0,0
N,4699,104.0,92.0,0
N,4700,106.0,92.0,0
N,4701,108.0,92.0,0
N,4702,110.0,92.0,0
N,4703,112.0,92.0,0
N,4704,114.0,92.0,0
N,4705,116.0,92.0,0
N,4706,118.0,92.0,0
N,4707,120.0,92.0,0
N,4708,122.0,92.0,0
N,4709,124.0,92.0,0
N,4710,126.0,92.0,0
N,4711,128.0,92.0,0
N,4712,130.0,92.0,0
N,4713,132.0,92.0,0
N,4714,134.0,92.0,0
N,4715,136.0,92.0,0
N,4716,138.0,92.0,0
N,4717,140.0,92.0,0
N,4718,142.0,92.0,0
N,4719,144.0,92.0,0
N,4720,146.0,92.0,0
N,4721,148.0,92.0,0
N,4722,150.0,92.0,0
N,4723,152.0,92.0,0
N,4724,154.0,92.0,0
N,4725,156.0,92.0,0
N,4726,158.0,92.0,0
N,4727,160.0,92.0,0
N,4728,162.0,92.0,0
N,4729,164.0,92.0,0
N,4730,166.0,92.0,0
N,4731,168.0,92.0,0
N,4732,170.0,92.0,0
N,4733,172.0,92.0,0
N,4734,174.0,92.0,0
N,4735,176.0,92.0,0
N,4736,178.0,92.0,0
N,4737,180.0,92.0,0
N,4738,182.0,92.0,0
N,4739,184.0,92.0,0
N,4740,186.0,92.0,0
N,4741,188.0,92.0,0
N,4742,190.0,92.0,0
N,4743,192.0,92.0,0
N,4744,194.0,92.0,0
N,4745,196.0,92.0,0
N,4746,198.0,92.0,0
N,4747,200.0,92.0,0
N,4748,0.0,94.0,0
N,4749,2.0,94.0,0
N,4750,4.0,94.0,0
N,4751,6.0,94.0,0
N,4752,8.0,94.0,0
N,4753,10.0,94.0,0
N,4754,12.0,94.0,0
N,4755,14.0,94.0,0
N,4756,16.0,94.0,0
N,4757,18.0,94.0,0
N,4758,20.0,94.0,0
N,4759,22.0,94.0,0
N,4760,24.0,94.0,0
N,4761,26.0,94.0,0
N,4762,28.0,94.0,0
N,4763,30.0,94.0,0
N,4764,32.0,94.0,0
N,4765,34.0,94.0,0
N,4766,36.0,94.0,0
N,4767,38.0,94.0,0
N,4768,40.0,94.0,0
N,4769,42.0,94.0,0
N,4770,44.0,94.0,0
N,4771,46.0,94.0,0
N,4772,48.0,94.0,0
N,4773,50.0,94.0,0
N,4774,52.0,94.0,0
N,4775,54.0,94.0,0
N,4776,56.0,94.0,0
N,4777,58.0,94.0,0
N,4778,60.0,94.0,0
N,4779,62.0,94.0,0
N,4780,64.0,94.0,0
N,4781,66.0,94.0,0
N,4782,68.0,94.0,0
N,4783,70.0,94.0,0
N,4784,72.0,94.0,0
N,4785,74.0,94.0,0
N,4786,76.0,94.0,0
N,4787,78.0,94.0,0
N,4788,80.0,94.0,0
N,4789,82.0,94.0,0
N,4790,84.0,94.0,0
N,4791,86.0,94.0,0
N,4792,88.0,94.0,0
N,4793,90.0,94.0,0
N,4794,92.0,94.0,0
N,4795,94.0,94.0,0
N,4796,96.0,94.0,0
N,4797,98.0,94.0,0
N,4798,100.0,94.0,0
N,4799,102.0,94.0,0
N,4800,104.0,94.0,0
N,4801,106.0,94.0,0
N,4802,108.0,94.0,0
N,4803,110.0,94.0,0
N,4804,112.0,94.0,0
N,4805,114.0,94.0,0
N,4806,116.0,94.0,0
N,4807,118.0,94.0,0
N,4808,120.0,94.0,0
N,4809,122.0,94.0,0
N,4810,124.0,94.0,0
N,4811,126.0,94.0,0
N,4812,128.0,94.0,0
N,4813,130.0,94.0,0
N,4814,132.0,94.0,0
N,4815,134.0,94.0,0
N,4816,136.0,94.0,0
N,4817,138.0,94.0,0
N,4818,140.0,94.0,0
N,4819,142.0,94.0,0
N,4820,144.0,94.0,0
N,4821,146.0,94.0,0
N,4822,148.0,94.0,0
N,4823,150.0,94.0,0
N,4824,152.0,94.0,0
N,4825,154.0,94.0,0
N,4826,156.0,94.0,0
N,4827,158.0,94.0,0
N,4828,160.0,94.0,0
N,4829,162.0,94.0,0
N,4830,164.0,94.0,0
N,4831,166.0,94.0,0
N,4832,168.0,94.0,0
N,4833,170.0,94.0,0
N,4834,172.0,94.0,0
N,4835,174.0,94.0,0
N,4836,176.0,94.0,0
N,4837,178.0,94.0,0
N,4838,180.0,94.0,0
N,4839,182.0,94.0,0
N,4840,184.0,94.0,0
N,4841,186.0,94.0,0
N,4842,188.0,94.0,0
N,4843,190.0,94.0,0
N,4844,192.0,94.0,0
N,4845,194.0,94.0,0
N,4846,196.0,94.0,0
N,4847,198.0,94.0,0
N,4848,200.0,94.0,0
N,4849,0.0,96.0,0
N,4850,2.0,96.0,0
N,4851,4.0,96.0,0
N,4852,6.0,96.0,0
N,4853,8.0,96.0,0
N,4854,10.0,96.0,0
N,4855,12.0,96.0,0
N,4856,14.0,96.0,0
N,4857,16.0,96.0,0
N,4858,18.0,96.0,0
N,4859,20.0,96.0,0
N,4860,22.0,96.0,0
N,4861,24.0,96.0,0
N,4862,26.0,96.0,0
N,4863,28.0,96.0,0
N,4864,30.0,96.0,0
N,4865,32.0,96.0,0
N,4866,34.0,96.0,0
N,4867,36.0,96.0,0
N,4868,38.0,96.0,0
N,4869,40.0,96.0,0
N,4870,42.0,96.0,0
N,4871,44.0,96.0,0
N,4872,46.0,96.0,0
N,4873,48.0,96.0,0
N,4874,50.0,96.0,0
N,4875,52.0,96.0,0
N,4876,54.0,96.0,0
N,4877,56.0,96.0,0
N,4878,58.0,96.0,0
N,4879,60.0,96.0,0
N,4880,62.0,96.0,0
N,4881,64.0,96.0,0
N,4882,66.0,96.0,0
N,4883,68.0,96.0,0
N,4884,70.0,96.0,0
N,4885,72.0,96.0,0
N,4886,74.0,96.0,0
N,4887,76.0,96.0,0
N,4888,78.0,96.0,0
N,4889,80.0,96.0,0
N,4890,82.0,96.0,0
N,4891,84.0,96.0,0
N,4892,86.0,96.0,0
N,4893,88.0,96.0,0
N,4894,90.0,96.0,0
N,4895,92.0,96.0,0
N,4896,94.0,96.0,0
N,4897,96.0,96.0,0
N,4898,98.0,96.0,0
N,4899,100.0,96.0,0
N,4900,102.0,96.0,0
N,4901,104.0,96.0,0
N,4902,106.0,96.0,0
N,4903,108.0,96.0,0
N,4904,110.0,96.0,0
N,4905,112.0,96.0,0
N,4906,114.0,96.0,0
N,4907,116.0,96.0,0
N,4908,118.0,96.0,0
N,4909,120.0,96.0,0
N,4910,122.0,96.0,0
N,4911,124.0,96.0,0
N,4912,126.0,96.0,0
N,4913,128.0,96.0,0
N,4914,130.0,96.0,0
N,4915,132.0,96.0,0
N,4916,134.0,96.0,0
N,4917,136.0,96.0,0
N,4918,138.0,96.0,0
N,4919,140.0,96.0,0
N,4920,142.0,96.0,0
N,4921,144.0,96.0,0
N,4922,146.0,96.0,0
N,4923,148.0,96.0,0
N,4924,150.0,96.0,0
N,4925,152.0,96.0,0
N,4926,154.0,96.0,0
N,4927,156.0,96.0,0
N,4928,158.0,96.0,0
N,4929,160.0,96.0,0
N,4930,162.0,96.0,0
N,4931,164.0,96.0,0
N,4932,166.0,96.0,0
N,4933,168.0,96.0,0
N,4934,170.0,96.0,0
N,4935,172.0,96.0,0
N,4936,174.0,96.0,0
N,4937,176.0,96.0,0
N,4938,178.0,96.0,0
N,4939,180.0,96.0,0
N,4940,182.0,96.0,0
N,4941,184.0,96.0,0
N,4942,186.0,96.0,0
N,4943,188.0,96.0,0
N,4944,190.0,96.0,0
N,4945,192.0,96.0,0
N,4946,194.0,96.0,0
N,4947,196.0,96.0,0
N,4948,198.0,96.0,0
N,4949,200.0,96.0,0
N,4950,0.0,98.0,0
N,4951,2.0,98.0,0
N,4952,4.0,98.0,0
N,4953,6.0,98.0,0
N,4954,8.0,98.0,0
N,4955,10.0,98.0,0
N,4956,12.0,98.0,0
N,4957,14.0,98.0,0
N,4958,16.0,98.0,0
N,4959,18.0,98.0,0
N,4960,20.0,98.0,0
N,4961,22.0,98.0,0
N,4962,24.0,98.0,0
N,4963,26.0,98.0,0
N,4964,28.0,98.0,0
N,4965,30.0,98.0,0
N,4966,32.0,98.0,0
N,4967,34.0,98.0,0
N,4968,36.0,98.0,0
N,4969,38.0,98.0,0
N,4970,40.0,98.0,0
N,4971,42.0,98.0,0
N,4972,44.0,98.0,0
N,4973,46.0,98.0,0
N,4974,48.0,98.0,0
N,4975,50.0,98.0,0
N,4976,52.0,98.0,0
N,4977,54.0,98.0,0
N,4978,56.0,98.0,0
N,4979,58.0,98.0,0
N,4980,60.0,98.0,0
N,4981,62.0,98.0,0
N,4982,64.0,98.0,0
N,4983,66.0,98.0,0
N,4984,68.0,98.0,0
N,4985,70.0,98.0,0
N,4986,72.0,98.0,0
N,4987,74.0,98.0,0
N,4988,76.0,98.0,0
N,4989,78.0,98.0,0
N,4990,80.0,98.0,0
N,4991,82.0,98.0,0
N,4992,84.0,98.0,0
N,4993,86.0,98.0,0
N,4994,88.0,98.0,0
N,4995,90.0,98.0,0
N,4996,92.0,98.0,0
N,4997,94.0,98.0,0
N,4998,96.0,98.0,0
N,4999,98.0,98.0,0
N,5000,100.0,98.0,0
N,5001,102.0,98.0,0
N,5002,104.0,98.0,0
N,5003,106.0,98.0,0
N,5004,108.0,98.0,0
N,5005,110.0,98.0,0
N,5006,112.0,98.0,0
N,5007,114.0,98.0,0
N,5008,116.0,98.0,0
N,5009,118.0,98.0,0
N,5010,120.0,98.0,0
N,5011,122.0,98.0,0
N,5012,124.0,98.0,0
N,5013,126.0,98.0,0
N,5014,128.0,98.0,0
N,5015,130.0,98.0,0
N,5016,132.0,98.0,0
N,5017,134.0,98.0,0
N,5018,136.0,98.0,0
N,5019,138.0,98.0,0
N,5020,140.0,98.0,0
N,5021,142.0,98.0,0
N,5022,144.0,98.0,0
N,5023,146.0,98.0,0
N,5024,148.0,98.0,0
N,5025,150.0,98.0,0
N,5026,152.0,98.0,0
N,5027,154.0,98.0,0
N,5028,156.0,98.0,0
N,5029,158.0,98.0,0
N,5030,160.0,98.0,0
N,5031,162.0,98.0,0
N,5032,164.0,98.0,0
N,5033,166.0,98.0,0
N,5034,168.0,98.0,0
N,5035,170.0,98.0,0
N,5036,172.0,98.0,0
N,5037,174.0,98.0,0
N,5038,176.0,98.0,0
N,5039,178.0,98.0,0
N,5040,180.0,98.0,0
N,5041,182.0,98.0,0
N,5042,184.0,98.0,0
N,5043,186.0,98.0,0
N,5044,188.0,98.0,0
N,5045,190.0,98.0,0
N,5046,192.0,98.0,0
N,5047,194.0,98.0,0
N,5048,196.0,98.0,0
N,5049,198.0,98.0,0
N,5050,200.0,98.0,0
N,5051,0.0,100.0,0
N,5052,2.0,100.0,0
N,5053,4.0,100.0,0
N,5054,6.0,100.0,0
N,5055,8.0,100.0,0
N,5056,10.0,100.0,0
N,5057,12.0,100.0,0
N,5058,14.0,100.0,0
N,5059,16.0,100.0,0
N,5060,18.0,100.0,0
N,5061,20.0,100.0,0
N,5062,22.0,100.0,0
N,5063,24.0,100.0,0
N,5064,26.0,100.0,0
N,5065,28.0,100.0,0
N,5066,30.0,100.0,0
N,5067,32.0,100.0,0
N,5068,34.0,100.0,0
N,5069,36.0,100.0,0
N,5070,38.0,100.0,0
N,5071,40.0,100.0,0
N,5072,42.0,100.0,0
N,5073,44.0,100.0,0
N,5074,46.0,100.0,0
N,5075,48.0,100.0,0
N,5076,50.0,100.0,0
N,5077,52.0,100.0,0
N,5078,54.0,100.0,0
N,5079,56.0,100.0,0
N,5080,58.0,100.0,0
N,5081,60.0,100.0,0
N,5082,62.0,100.0,0
N,5083,64.0,100.0,0
N,5084,66.0,100.0,0
N,5085,68.0,100.0,0
N,5086,70.0,100.0,0
N,5087,72.0,100.0,0
N,5088,74.0,100.0,0
N,5089,76.0,100.0,0
N,5090,78.0,100.0,0
N,5091,80.0,100.0,0
N,5092,82.0,100.0,0
N,5093,84.0,100.0,0
N,5094,86.0,100.0,0
N,5095,88.0,100.0,0
N,5096,90.0,100.0,0
N,5097,92.0,100.0,0
N,5098,94.0,100.0,0
N,5099,96.0,100.0,0
N,5100,98.0,100.0,0
N,5101,100.0,100.0,0
N,5102,102.0,100.0,0
N,5103,104.0,100.0,0
N,5104,106.0,100.0,0
N,5105,108.0,100.0,0
N,5106,110.0,100.0,0
N,5107,112.0,100.0,0
N,5108,114.0,100.0,0
N,5109,116.0,100.0,0
N,5110,118.0,100.0,0
N,5111,120.0,100.0,0
N,5112,122.0,100.0,0
N,5113,124.0,100.0,0
N,5114,126.0,100.0,0
N,5115,128.0,100.0,0
N,5116,130.0,100.0,0
N,5117,132.0,100.0,0
N,5118,134.0,100.0,0
N,5119,136.0,100.0,0
N,5120,138.0,100.0,0
N,5121,140.0,100.0,0
N,5122,142.0,100.0,0
N,5123,144.0,100.0,0
N,5124,146.0,100.0,0
N,5125,148.0,100.0,0
N,5126,150.0,100.0,0
N,5127,152.0,100.0,0
N,5128,154.0,100.0,0
N,5129,156.0,100.0,0
N,5130,158.0,100.0,0
N,5131,160.0,100.0,0
N,5132,162.0,100.0,0
N,5133,164.0,100.0,0
N,5134,166.0,100.0,0
N,5135,168.0,100.0,0
N,5136,170.0,100.0,0
N,5137,172.0,100.0,0
N,5138,174.0,100.0,0
N,5139,176.0,100.0,0
N,5140,178.0,100.0,0
N,5141,180.0,100.0,0
N,5142,182.0,100.0,0
N,5143,184.0,100.0,0
N,5144,186.0,100.0,0
N,5145,188.0,100.0,0
N,5146,190.0,100.0,0
N,5147,192.0,100.0,0
N,5148,194.0,100.0,0
N,5149,196.0,100.0,0
N,5150,198.0,100.0,0
N,5151,200.0,100.0,0

! -------------------------------------------------
! Elements (from MATLAB To matrix)
! Format: E,node1,node2,node3,node4 (quadrilateral)
! -------------------------------------------------

E,1,2,103,102
E,2,3,104,103
E,3,4,105,104
E,4,5,106,105
E,5,6,107,106
E,6,7,108,107
E,7,8,109,108
E,8,9,110,109
E,9,10,111,110
E,10,11,112,111
E,11,12,113,112
E,12,13,114,113
E,13,14,115,114
E,14,15,116,115
E,15,16,117,116
E,16,17,118,117
E,17,18,119,118
E,18,19,120,119
E,19,20,121,120
E,20,21,122,121
E,21,22,123,122
E,22,23,124,123
E,23,24,125,124
E,24,25,126,125
E,25,26,127,126
E,26,27,128,127
E,27,28,129,128
E,28,29,130,129
E,29,30,131,130
E,30,31,132,131
E,31,32,133,132
E,32,33,134,133
E,33,34,135,134
E,34,35,136,135
E,35,36,137,136
E,36,37,138,137
E,37,38,139,138
E,38,39,140,139
E,39,40,141,140
E,40,41,142,141
E,41,42,143,142
E,42,43,144,143
E,43,44,145,144
E,44,45,146,145
E,45,46,147,146
E,46,47,148,147
E,47,48,149,148
E,48,49,150,149
E,49,50,151,150
E,50,51,152,151
E,51,52,153,152
E,52,53,154,153
E,53,54,155,154
E,54,55,156,155
E,55,56,157,156
E,56,57,158,157
E,57,58,159,158
E,58,59,160,159
E,59,60,161,160
E,60,61,162,161
E,61,62,163,162
E,62,63,164,163
E,63,64,165,164
E,64,65,166,165
E,65,66,167,166
E,66,67,168,167
E,67,68,169,168
E,68,69,170,169
E,69,70,171,170
E,70,71,172,171
E,71,72,173,172
E,72,73,174,173
E,73,74,175,174
E,74,75,176,175
E,75,76,177,176
E,76,77,178,177
E,77,78,179,178
E,78,79,180,179
E,79,80,181,180
E,80,81,182,181
E,81,82,183,182
E,82,83,184,183
E,83,84,185,184
E,84,85,186,185
E,85,86,187,186
E,86,87,188,187
E,87,88,189,188
E,88,89,190,189
E,89,90,191,190
E,90,91,192,191
E,91,92,193,192
E,92,93,194,193
E,93,94,195,194
E,94,95,196,195
E,95,96,197,196
E,96,97,198,197
E,97,98,199,198
E,98,99,200,199
E,99,100,201,200
E,100,101,202,201
E,102,103,204,203
E,103,104,205,204
E,104,105,206,205
E,105,106,207,206
E,106,107,208,207
E,107,108,209,208
E,108,109,210,209
E,109,110,211,210
E,110,111,212,211
E,111,112,213,212
E,112,113,214,213
E,113,114,215,214
E,114,115,216,215
E,115,116,217,216
E,116,117,218,217
E,117,118,219,218
E,118,119,220,219
E,119,120,221,220
E,120,121,222,221
E,121,122,223,222
E,122,123,224,223
E,123,124,225,224
E,124,125,226,225
E,125,126,227,226
E,126,127,228,227
E,127,128,229,228
E,128,129,230,229
E,129,130,231,230
E,130,131,232,231
E,131,132,233,232
E,132,133,234,233
E,133,134,235,234
E,134,135,236,235
E,135,136,237,236
E,136,137,238,237
E,137,138,239,238
E,138,139,240,239
E,139,140,241,240
E,140,141,242,241
E,141,142,243,242
E,142,143,244,243
E,143,144,245,244
E,144,145,246,245
E,145,146,247,246
E,146,147,248,247
E,147,148,249,248
E,148,149,250,249
E,149,150,251,250
E,150,151,252,251
E,151,152,253,252
E,152,153,254,253
E,153,154,255,254
E,154,155,256,255
E,155,156,257,256
E,156,157,258,257
E,157,158,259,258
E,158,159,260,259
E,159,160,261,260
E,160,161,262,261
E,161,162,263,262
E,162,163,264,263
E,163,164,265,264
E,164,165,266,265
E,165,166,267,266
E,166,167,268,267
E,167,168,269,268
E,168,169,270,269
E,169,170,271,270
E,170,171,272,271
E,171,172,273,272
E,172,173,274,273
E,173,174,275,274
E,174,175,276,275
E,175,176,277,276
E,176,177,278,277
E,177,178,279,278
E,178,179,280,279
E,179,180,281,280
E,180,181,282,281
E,181,182,283,282
E,182,183,284,283
E,183,184,285,284
E,184,185,286,285
E,185,186,287,286
E,186,187,288,287
E,187,188,289,288
E,188,189,290,289
E,189,190,291,290
E,190,191,292,291
E,191,192,293,292
E,192,193,294,293
E,193,194,295,294
E,194,195,296,295
E,195,196,297,296
E,196,197,298,297
E,197,198,299,298
E,198,199,300,299
E,199,200,301,300
E,200,201,302,301
E,201,202,303,302
E,203,204,305,304
E,204,205,306,305
E,205,206,307,306
E,206,207,308,307
E,207,208,309,308
E,208,209,310,309
E,209,210,311,310
E,210,211,312,311
E,211,212,313,312
E,212,213,314,313
E,213,214,315,314
E,214,215,316,315
E,215,216,317,316
E,216,217,318,317
E,217,218,319,318
E,218,219,320,319
E,219,220,321,320
E,220,221,322,321
E,221,222,323,322
E,222,223,324,323
E,223,224,325,324
E,224,225,326,325
E,225,226,327,326
E,226,227,328,327
E,227,228,329,328
E,228,229,330,329
E,229,230,331,330
E,230,231,332,331
E,231,232,333,332
E,232,233,334,333
E,233,234,335,334
E,234,235,336,335
E,235,236,337,336
E,236,237,338,337
E,237,238,339,338
E,238,239,340,339
E,239,240,341,340
E,240,241,342,341
E,241,242,343,342
E,242,243,344,343
E,243,244,345,344
E,244,245,346,345
E,245,246,347,346
E,246,247,348,347
E,247,248,349,348
E,248,249,350,349
E,249,250,351,350
E,250,251,352,351
E,251,252,353,352
E,252,253,354,353
E,253,254,355,354
E,254,255,356,355
E,255,256,357,356
E,256,257,358,357
E,257,258,359,358
E,258,259,360,359
E,259,260,361,360
E,260,261,362,361
E,261,262,363,362
E,262,263,364,363
E,263,264,365,364
E,264,265,366,365
E,265,266,367,366
E,266,267,368,367
E,267,268,369,368
E,268,269,370,369
E,269,270,371,370
E,270,271,372,371
E,271,272,373,372
E,272,273,374,373
E,273,274,375,374
E,274,275,376,375
E,275,276,377,376
E,276,277,378,377
E,277,278,379,378
E,278,279,380,379
E,279,280,381,380
E,280,281,382,381
E,281,282,383,382
E,282,283,384,383
E,283,284,385,384
E,284,285,386,385
E,285,286,387,386
E,286,287,388,387
E,287,288,389,388
E,288,289,390,389
E,289,290,391,390
E,290,291,392,391
E,291,292,393,392
E,292,293,394,393
E,293,294,395,394
E,294,295,396,395
E,295,296,397,396
E,296,297,398,397
E,297,298,399,398
E,298,299,400,399
E,299,300,401,400
E,300,301,402,401
E,301,302,403,402
E,302,303,404,403
E,304,305,406,405
E,305,306,407,406
E,306,307,408,407
E,307,308,409,408
E,308,309,410,409
E,309,310,411,410
E,310,311,412,411
E,311,312,413,412
E,312,313,414,413
E,313,314,415,414
E,314,315,416,415
E,315,316,417,416
E,316,317,418,417
E,317,318,419,418
E,318,319,420,419
E,319,320,421,420
E,320,321,422,421
E,321,322,423,422
E,322,323,424,423
E,323,324,425,424
E,324,325,426,425
E,325,326,427,426
E,326,327,428,427
E,327,328,429,428
E,328,329,430,429
E,329,330,431,430
E,330,331,432,431
E,331,332,433,432
E,332,333,434,433
E,333,334,435,434
E,334,335,436,435
E,335,336,437,436
E,336,337,438,437
E,337,338,439,438
E,338,339,440,439
E,339,340,441,440
E,340,341,442,441
E,341,342,443,442
E,342,343,444,443
E,343,344,445,444
E,344,345,446,445
E,345,346,447,446
E,346,347,448,447
E,347,348,449,448
E,348,349,450,449
E,349,350,451,450
E,350,351,452,451
E,351,352,453,452
E,352,353,454,453
E,353,354,455,454
E,354,355,456,455
E,355,356,457,456
E,356,357,458,457
E,357,358,459,458
E,358,359,460,459
E,359,360,461,460
E,360,361,462,461
E,361,362,463,462
E,362,363,464,463
E,363,364,465,464
E,364,365,466,465
E,365,366,467,466
E,366,367,468,467
E,367,368,469,468
E,368,369,470,469
E,369,370,471,470
E,370,371,472,471
E,371,372,473,472
E,372,373,474,473
E,373,374,475,474
E,374,375,476,475
E,375,376,477,476
E,376,377,478,477
E,377,378,479,478
E,378,379,480,479
E,379,380,481,480
E,380,381,482,481
E,381,382,483,482
E,382,383,484,483
E,383,384,485,484
E,384,385,486,485
E,385,386,487,486
E,386,387,488,487
E,387,388,489,488
E,388,389,490,489
E,389,390,491,490
E,390,391,492,491
E,391,392,493,492
E,392,393,494,493
E,393,394,495,494
E,394,395,496,495
E,395,396,497,496
E,396,397,498,497
E,397,398,499,498
E,398,399,500,499
E,399,400,501,500
E,400,401,502,501
E,401,402,503,502
E,402,403,504,503
E,403,404,505,504
E,405,406,507,506
E,406,407,508,507
E,407,408,509,508
E,408,409,510,509
E,409,410,511,510
E,410,411,512,511
E,411,412,513,512
E,412,413,514,513
E,413,414,515,514
E,414,415,516,515
E,415,416,517,516
E,416,417,518,517
E,417,418,519,518
E,418,419,520,519
E,419,420,521,520
E,420,421,522,521
E,421,422,523,522
E,422,423,524,523
E,423,424,525,524
E,424,425,526,525
E,425,426,527,526
E,426,427,528,527
E,427,428,529,528
E,428,429,530,529
E,429,430,531,530
E,430,431,532,531
E,431,432,533,532
E,432,433,534,533
E,433,434,535,534
E,434,435,536,535
E,435,436,537,536
E,436,437,538,537
E,437,438,539,538
E,438,439,540,539
E,439,440,541,540
E,440,441,542,541
E,441,442,543,542
E,442,443,544,543
E,443,444,545,544
E,444,445,546,545
E,445,446,547,546
E,446,447,548,547
E,447,448,549,548
E,448,449,550,549
E,449,450,551,550
E,450,451,552,551
E,451,452,553,552
E,452,453,554,553
E,453,454,555,554
E,454,455,556,555
E,455,456,557,556
E,456,457,558,557
E,457,458,559,558
E,458,459,560,559
E,459,460,561,560
E,460,461,562,561
E,461,462,563,562
E,462,463,564,563
E,463,464,565,564
E,464,465,566,565
E,465,466,567,566
E,466,467,568,567
E,467,468,569,568
E,468,469,570,569
E,469,470,571,570
E,470,471,572,571
E,471,472,573,572
E,472,473,574,573
E,473,474,575,574
E,474,475,576,575
E,475,476,577,576
E,476,477,578,577
E,477,478,579,578
E,478,479,580,579
E,479,480,581,580
E,480,481,582,581
E,481,482,583,582
E,482,483,584,583
E,483,484,585,584
E,484,485,586,585
E,485,486,587,586
E,486,487,588,587
E,487,488,589,588
E,488,489,590,589
E,489,490,591,590
E,490,491,592,591
E,491,492,593,592
E,492,493,594,593
E,493,494,595,594
E,494,495,596,595
E,495,496,597,596
E,496,497,598,597
E,497,498,599,598
E,498,499,600,599
E,499,500,601,600
E,500,501,602,601
E,501,502,603,602
E,502,503,604,603
E,503,504,605,604
E,504,505,606,605
E,506,507,608,607
E,507,508,609,608
E,508,509,610,609
E,509,510,611,610
E,510,511,612,611
E,511,512,613,612
E,512,513,614,613
E,513,514,615,614
E,514,515,616,615
E,515,516,617,616
E,516,517,618,617
E,517,518,619,618
E,518,519,620,619
E,519,520,621,620
E,520,521,622,621
E,521,522,623,622
E,522,523,624,623
E,523,524,625,624
E,524,525,626,625
E,525,526,627,626
E,526,527,628,627
E,527,528,629,628
E,528,529,630,629
E,529,530,631,630
E,530,531,632,631
E,531,532,633,632
E,532,533,634,633
E,533,534,635,634
E,534,535,636,635
E,535,536,637,636
E,536,537,638,637
E,537,538,639,638
E,538,539,640,639
E,539,540,641,640
E,540,541,642,641
E,541,542,643,642
E,542,543,644,643
E,543,544,645,644
E,544,545,646,645
E,545,546,647,646
E,546,547,648,647
E,547,548,649,648
E,548,549,650,649
E,549,550,651,650
E,550,551,652,651
E,551,552,653,652
E,552,553,654,653
E,553,554,655,654
E,554,555,656,655
E,555,556,657,656
E,556,557,658,657
E,557,558,659,658
E,558,559,660,659
E,559,560,661,660
E,560,561,662,661
E,561,562,663,662
E,562,563,664,663
E,563,564,665,664
E,564,565,666,665
E,565,566,667,666
E,566,567,668,667
E,567,568,669,668
E,568,569,670,669
E,569,570,671,670
E,570,571,672,671
E,571,572,673,672
E,572,573,674,673
E,573,574,675,674
E,574,575,676,675
E,575,576,677,676
E,576,577,678,677
E,577,578,679,678
E,578,579,680,679
E,579,580,681,680
E,580,581,682,681
E,581,582,683,682
E,582,583,684,683
E,583,584,685,684
E,584,585,686,685
E,585,586,687,686
E,586,587,688,687
E,587,588,689,688
E,588,589,690,689
E,589,590,691,690
E,590,591,692,691
E,591,592,693,692
E,592,593,694,693
E,593,594,695,694
E,594,595,696,695
E,595,596,697,696
E,596,597,698,697
E,597,598,699,698
E,598,599,700,699
E,599,600,701,700
E,600,601,702,701
E,601,602,703,702
E,602,603,704,703
E,603,604,705,704
E,604,605,706,705
E,605,606,707,706
E,607,608,709,708
E,608,609,710,709
E,609,610,711,710
E,610,611,712,711
E,611,612,713,712
E,612,613,714,713
E,613,614,715,714
E,614,615,716,715
E,615,616,717,716
E,616,617,718,717
E,617,618,719,718
E,618,619,720,719
E,619,620,721,720
E,620,621,722,721
E,621,622,723,722
E,622,623,724,723
E,623,624,725,724
E,624,625,726,725
E,625,626,727,726
E,626,627,728,727
E,627,628,729,728
E,628,629,730,729
E,629,630,731,730
E,630,631,732,731
E,631,632,733,732
E,632,633,734,733
E,633,634,735,734
E,634,635,736,735
E,635,636,737,736
E,636,637,738,737
E,637,638,739,738
E,638,639,740,739
E,639,640,741,740
E,640,641,742,741
E,641,642,743,742
E,642,643,744,743
E,643,644,745,744
E,644,645,746,745
E,645,646,747,746
E,646,647,748,747
E,647,648,749,748
E,648,649,750,749
E,649,650,751,750
E,650,651,752,751
E,651,652,753,752
E,652,653,754,753
E,653,654,755,754
E,654,655,756,755
E,655,656,757,756
E,656,657,758,757
E,657,658,759,758
E,658,659,760,759
E,659,660,761,760
E,660,661,762,761
E,661,662,763,762
E,662,663,764,763
E,663,664,765,764
E,664,665,766,765
E,665,666,767,766
E,666,667,768,767
E,667,668,769,768
E,668,669,770,769
E,669,670,771,770
E,670,671,772,771
E,671,672,773,772
E,672,673,774,773
E,673,674,775,774
E,674,675,776,775
E,675,676,777,776
E,676,677,778,777
E,677,678,779,778
E,678,679,780,779
E,679,680,781,780
E,680,681,782,781
E,681,682,783,782
E,682,683,784,783
E,683,684,785,784
E,684,685,786,785
E,685,686,787,786
E,686,687,788,787
E,687,688,789,788
E,688,689,790,789
E,689,690,791,790
E,690,691,792,791
E,691,692,793,792
E,692,693,794,793
E,693,694,795,794
E,694,695,796,795
E,695,696,797,796
E,696,697,798,797
E,697,698,799,798
E,698,699,800,799
E,699,700,801,800
E,700,701,802,801
E,701,702,803,802
E,702,703,804,803
E,703,704,805,804
E,704,705,806,805
E,705,706,807,806
E,706,707,808,807
E,708,709,810,809
E,709,710,811,810
E,710,711,812,811
E,711,712,813,812
E,712,713,814,813
E,713,714,815,814
E,714,715,816,815
E,715,716,817,816
E,716,717,818,817
E,717,718,819,818
E,718,719,820,819
E,719,720,821,820
E,720,721,822,821
E,721,722,823,822
E,722,723,824,823
E,723,724,825,824
E,724,725,826,825
E,725,726,827,826
E,726,727,828,827
E,727,728,829,828
E,728,729,830,829
E,729,730,831,830
E,730,731,832,831
E,731,732,833,832
E,732,733,834,833
E,733,734,835,834
E,734,735,836,835
E,735,736,837,836
E,736,737,838,837
E,737,738,839,838
E,738,739,840,839
E,739,740,841,840
E,740,741,842,841
E,741,742,843,842
E,742,743,844,843
E,743,744,845,844
E,744,745,846,845
E,745,746,847,846
E,746,747,848,847
E,747,748,849,848
E,748,749,850,849
E,749,750,851,850
E,750,751,852,851
E,751,752,853,852
E,752,753,854,853
E,753,754,855,854
E,754,755,856,855
E,755,756,857,856
E,756,757,858,857
E,757,758,859,858
E,758,759,860,859
E,759,760,861,860
E,760,761,862,861
E,761,762,863,862
E,762,763,864,863
E,763,764,865,864
E,764,765,866,865
E,765,766,867,866
E,766,767,868,867
E,767,768,869,868
E,768,769,870,869
E,769,770,871,870
E,770,771,872,871
E,771,772,873,872
E,772,773,874,873
E,773,774,875,874
E,774,775,876,875
E,775,776,877,876
E,776,777,878,877
E,777,778,879,878
E,778,779,880,879
E,779,780,881,880
E,780,781,882,881
E,781,782,883,882
E,782,783,884,883
E,783,784,885,884
E,784,785,886,885
E,785,786,887,886
E,786,787,888,887
E,787,788,889,888
E,788,789,890,889
E,789,790,891,890
E,790,791,892,891
E,791,792,893,892
E,792,793,894,893
E,793,794,895,894
E,794,795,896,895
E,795,796,897,896
E,796,797,898,897
E,797,798,899,898
E,798,799,900,899
E,799,800,901,900
E,800,801,902,901
E,801,802,903,902
E,802,803,904,903
E,803,804,905,904
E,804,805,906,905
E,805,806,907,906
E,806,807,908,907
E,807,808,909,908
E,809,810,911,910
E,810,811,912,911
E,811,812,913,912
E,812,813,914,913
E,813,814,915,914
E,814,815,916,915
E,815,816,917,916
E,816,817,918,917
E,817,818,919,918
E,818,819,920,919
E,819,820,921,920
E,820,821,922,921
E,821,822,923,922
E,822,823,924,923
E,823,824,925,924
E,824,825,926,925
E,825,826,927,926
E,826,827,928,927
E,827,828,929,928
E,828,829,930,929
E,829,830,931,930
E,830,831,932,931
E,831,832,933,932
E,832,833,934,933
E,833,834,935,934
E,834,835,936,935
E,835,836,937,936
E,836,837,938,937
E,837,838,939,938
E,838,839,940,939
E,839,840,941,940
E,840,841,942,941
E,841,842,943,942
E,842,843,944,943
E,843,844,945,944
E,844,845,946,945
E,845,846,947,946
E,846,847,948,947
E,847,848,949,948
E,848,849,950,949
E,849,850,951,950
E,850,851,952,951
E,851,852,953,952
E,852,853,954,953
E,853,854,955,954
E,854,855,956,955
E,855,856,957,956
E,856,857,958,957
E,857,858,959,958
E,858,859,960,959
E,859,860,961,960
E,860,861,962,961
E,861,862,963,962
E,862,863,964,963
E,863,864,965,964
E,864,865,966,965
E,865,866,967,966
E,866,867,968,967
E,867,868,969,968
E,868,869,970,969
E,869,870,971,970
E,870,871,972,971
E,871,872,973,972
E,872,873,974,973
E,873,874,975,974
E,874,875,976,975
E,875,876,977,976
E,876,877,978,977
E,877,878,979,978
E,878,879,980,979
E,879,880,981,980
E,880,881,982,981
E,881,882,983,982
E,882,883,984,983
E,883,884,985,984
E,884,885,986,985
E,885,886,987,986
E,886,887,988,987
E,887,888,989,988
E,888,889,990,989
E,889,890,991,990
E,890,891,992,991
E,891,892,993,992
E,892,893,994,993
E,893,894,995,994
E,894,895,996,995
E,895,896,997,996
E,896,897,998,997
E,897,898,999,998
E,898,899,1000,999
E,899,900,1001,1000
E,900,901,1002,1001
E,901,902,1003,1002
E,902,903,1004,1003
E,903,904,1005,1004
E,904,905,1006,1005
E,905,906,1007,1006
E,906,907,1008,1007
E,907,908,1009,1008
E,908,909,1010,1009
E,910,911,1012,1011
E,911,912,1013,1012
E,912,913,1014,1013
E,913,914,1015,1014
E,914,915,1016,1015
E,915,916,1017,1016
E,916,917,1018,1017
E,917,918,1019,1018
E,918,919,1020,1019
E,919,920,1021,1020
E,920,921,1022,1021
E,921,922,1023,1022
E,922,923,1024,1023
E,923,924,1025,1024
E,924,925,1026,1025
E,925,926,1027,1026
E,926,927,1028,1027
E,927,928,1029,1028
E,928,929,1030,1029
E,929,930,1031,1030
E,930,931,1032,1031
E,931,932,1033,1032
E,932,933,1034,1033
E,933,934,1035,1034
E,934,935,1036,1035
E,935,936,1037,1036
E,936,937,1038,1037
E,937,938,1039,1038
E,938,939,1040,1039
E,939,940,1041,1040
E,940,941,1042,1041
E,941,942,1043,1042
E,942,943,1044,1043
E,943,944,1045,1044
E,944,945,1046,1045
E,945,946,1047,1046
E,946,947,1048,1047
E,947,948,1049,1048
E,948,949,1050,1049
E,949,950,1051,1050
E,950,951,1052,1051
E,951,952,1053,1052
E,952,953,1054,1053
E,953,954,1055,1054
E,954,955,1056,1055
E,955,956,1057,1056
E,956,957,1058,1057
E,957,958,1059,1058
E,958,959,1060,1059
E,959,960,1061,1060
E,960,961,1062,1061
E,961,962,1063,1062
E,962,963,1064,1063
E,963,964,1065,1064
E,964,965,1066,1065
E,965,966,1067,1066
E,966,967,1068,1067
E,967,968,1069,1068
E,968,969,1070,1069
E,969,970,1071,1070
E,970,971,1072,1071
E,971,972,1073,1072
E,972,973,1074,1073
E,973,974,1075,1074
E,974,975,1076,1075
E,975,976,1077,1076
E,976,977,1078,1077
E,977,978,1079,1078
E,978,979,1080,1079
E,979,980,1081,1080
E,980,981,1082,1081
E,981,982,1083,1082
E,982,983,1084,1083
E,983,984,1085,1084
E,984,985,1086,1085
E,985,986,1087,1086
E,986,987,1088,1087
E,987,988,1089,1088
E,988,989,1090,1089
E,989,990,1091,1090
E,990,991,1092,1091
E,991,992,1093,1092
E,992,993,1094,1093
E,993,994,1095,1094
E,994,995,1096,1095
E,995,996,1097,1096
E,996,997,1098,1097
E,997,998,1099,1098
E,998,999,1100,1099
E,999,1000,1101,1100
E,1000,1001,1102,1101
E,1001,1002,1103,1102
E,1002,1003,1104,1103
E,1003,1004,1105,1104
E,1004,1005,1106,1105
E,1005,1006,1107,1106
E,1006,1007,1108,1107
E,1007,1008,1109,1108
E,1008,1009,1110,1109
E,1009,1010,1111,1110
E,1011,1012,1113,1112
E,1012,1013,1114,1113
E,1013,1014,1115,1114
E,1014,1015,1116,1115
E,1015,1016,1117,1116
E,1016,1017,1118,1117
E,1017,1018,1119,1118
E,1018,1019,1120,1119
E,1019,1020,1121,1120
E,1020,1021,1122,1121
E,1021,1022,1123,1122
E,1022,1023,1124,1123
E,1023,1024,1125,1124
E,1024,1025,1126,1125
E,1025,1026,1127,1126
E,1026,1027,1128,1127
E,1027,1028,1129,1128
E,1028,1029,1130,1129
E,1029,1030,1131,1130
E,1030,1031,1132,1131
E,1031,1032,1133,1132
E,1032,1033,1134,1133
E,1033,1034,1135,1134
E,1034,1035,1136,1135
E,1035,1036,1137,1136
E,1036,1037,1138,1137
E,1037,1038,1139,1138
E,1038,1039,1140,1139
E,1039,1040,1141,1140
E,1040,1041,1142,1141
E,1041,1042,1143,1142
E,1042,1043,1144,1143
E,1043,1044,1145,1144
E,1044,1045,1146,1145
E,1045,1046,1147,1146
E,1046,1047,1148,1147
E,1047,1048,1149,1148
E,1048,1049,1150,1149
E,1049,1050,1151,1150
E,1050,1051,1152,1151
E,1051,1052,1153,1152
E,1052,1053,1154,1153
E,1053,1054,1155,1154
E,1054,1055,1156,1155
E,1055,1056,1157,1156
E,1056,1057,1158,1157
E,1057,1058,1159,1158
E,1058,1059,1160,1159
E,1059,1060,1161,1160
E,1060,1061,1162,1161
E,1061,1062,1163,1162
E,1062,1063,1164,1163
E,1063,1064,1165,1164
E,1064,1065,1166,1165
E,1065,1066,1167,1166
E,1066,1067,1168,1167
E,1067,1068,1169,1168
E,1068,1069,1170,1169
E,1069,1070,1171,1170
E,1070,1071,1172,1171
E,1071,1072,1173,1172
E,1072,1073,1174,1173
E,1073,1074,1175,1174
E,1074,1075,1176,1175
E,1075,1076,1177,1176
E,1076,1077,1178,1177
E,1077,1078,1179,1178
E,1078,1079,1180,1179
E,1079,1080,1181,1180
E,1080,1081,1182,1181
E,1081,1082,1183,1182
E,1082,1083,1184,1183
E,1083,1084,1185,1184
E,1084,1085,1186,1185
E,1085,1086,1187,1186
E,1086,1087,1188,1187
E,1087,1088,1189,1188
E,1088,1089,1190,1189
E,1089,1090,1191,1190
E,1090,1091,1192,1191
E,1091,1092,1193,1192
E,1092,1093,1194,1193
E,1093,1094,1195,1194
E,1094,1095,1196,1195
E,1095,1096,1197,1196
E,1096,1097,1198,1197
E,1097,1098,1199,1198
E,1098,1099,1200,1199
E,1099,1100,1201,1200
E,1100,1101,1202,1201
E,1101,1102,1203,1202
E,1102,1103,1204,1203
E,1103,1104,1205,1204
E,1104,1105,1206,1205
E,1105,1106,1207,1206
E,1106,1107,1208,1207
E,1107,1108,1209,1208
E,1108,1109,1210,1209
E,1109,1110,1211,1210
E,1110,1111,1212,1211
E,1112,1113,1214,1213
E,1113,1114,1215,1214
E,1114,1115,1216,1215
E,1115,1116,1217,1216
E,1116,1117,1218,1217
E,1117,1118,1219,1218
E,1118,1119,1220,1219
E,1119,1120,1221,1220
E,1120,1121,1222,1221
E,1121,1122,1223,1222
E,1122,1123,1224,1223
E,1123,1124,1225,1224
E,1124,1125,1226,1225
E,1125,1126,1227,1226
E,1126,1127,1228,1227
E,1127,1128,1229,1228
E,1128,1129,1230,1229
E,1129,1130,1231,1230
E,1130,1131,1232,1231
E,1131,1132,1233,1232
E,1132,1133,1234,1233
E,1133,1134,1235,1234
E,1134,1135,1236,1235
E,1135,1136,1237,1236
E,1136,1137,1238,1237
E,1137,1138,1239,1238
E,1138,1139,1240,1239
E,1139,1140,1241,1240
E,1140,1141,1242,1241
E,1141,1142,1243,1242
E,1142,1143,1244,1243
E,1143,1144,1245,1244
E,1144,1145,1246,1245
E,1145,1146,1247,1246
E,1146,1147,1248,1247
E,1147,1148,1249,1248
E,1148,1149,1250,1249
E,1149,1150,1251,1250
E,1150,1151,1252,1251
E,1151,1152,1253,1252
E,1152,1153,1254,1253
E,1153,1154,1255,1254
E,1154,1155,1256,1255
E,1155,1156,1257,1256
E,1156,1157,1258,1257
E,1157,1158,1259,1258
E,1158,1159,1260,1259
E,1159,1160,1261,1260
E,1160,1161,1262,1261
E,1161,1162,1263,1262
E,1162,1163,1264,1263
E,1163,1164,1265,1264
E,1164,1165,1266,1265
E,1165,1166,1267,1266
E,1166,1167,1268,1267
E,1167,1168,1269,1268
E,1168,1169,1270,1269
E,1169,1170,1271,1270
E,1170,1171,1272,1271
E,1171,1172,1273,1272
E,1172,1173,1274,1273
E,1173,1174,1275,1274
E,1174,1175,1276,1275
E,1175,1176,1277,1276
E,1176,1177,1278,1277
E,1177,1178,1279,1278
E,1178,1179,1280,1279
E,1179,1180,1281,1280
E,1180,1181,1282,1281
E,1181,1182,1283,1282
E,1182,1183,1284,1283
E,1183,1184,1285,1284
E,1184,1185,1286,1285
E,1185,1186,1287,1286
E,1186,1187,1288,1287
E,1187,1188,1289,1288
E,1188,1189,1290,1289
E,1189,1190,1291,1290
E,1190,1191,1292,1291
E,1191,1192,1293,1292
E,1192,1193,1294,1293
E,1193,1194,1295,1294
E,1194,1195,1296,1295
E,1195,1196,1297,1296
E,1196,1197,1298,1297
E,1197,1198,1299,1298
E,1198,1199,1300,1299
E,1199,1200,1301,1300
E,1200,1201,1302,1301
E,1201,1202,1303,1302
E,1202,1203,1304,1303
E,1203,1204,1305,1304
E,1204,1205,1306,1305
E,1205,1206,1307,1306
E,1206,1207,1308,1307
E,1207,1208,1309,1308
E,1208,1209,1310,1309
E,1209,1210,1311,1310
E,1210,1211,1312,1311
E,1211,1212,1313,1312
E,1213,1214,1315,1314
E,1214,1215,1316,1315
E,1215,1216,1317,1316
E,1216,1217,1318,1317
E,1217,1218,1319,1318
E,1218,1219,1320,1319
E,1219,1220,1321,1320
E,1220,1221,1322,1321
E,1221,1222,1323,1322
E,1222,1223,1324,1323
E,1223,1224,1325,1324
E,1224,1225,1326,1325
E,1225,1226,1327,1326
E,1226,1227,1328,1327
E,1227,1228,1329,1328
E,1228,1229,1330,1329
E,1229,1230,1331,1330
E,1230,1231,1332,1331
E,1231,1232,1333,1332
E,1232,1233,1334,1333
E,1233,1234,1335,1334
E,1234,1235,1336,1335
E,1235,1236,1337,1336
E,1236,1237,1338,1337
E,1237,1238,1339,1338
E,1238,1239,1340,1339
E,1239,1240,1341,1340
E,1240,1241,1342,1341
E,1241,1242,1343,1342
E,1242,1243,1344,1343
E,1243,1244,1345,1344
E,1244,1245,1346,1345
E,1245,1246,1347,1346
E,1246,1247,1348,1347
E,1247,1248,1349,1348
E,1248,1249,1350,1349
E,1249,1250,1351,1350
E,1250,1251,1352,1351
E,1251,1252,1353,1352
E,1252,1253,1354,1353
E,1253,1254,1355,1354
E,1254,1255,1356,1355
E,1255,1256,1357,1356
E,1256,1257,1358,1357
E,1257,1258,1359,1358
E,1258,1259,1360,1359
E,1259,1260,1361,1360
E,1260,1261,1362,1361
E,1261,1262,1363,1362
E,1262,1263,1364,1363
E,1263,1264,1365,1364
E,1264,1265,1366,1365
E,1265,1266,1367,1366
E,1266,1267,1368,1367
E,1267,1268,1369,1368
E,1268,1269,1370,1369
E,1269,1270,1371,1370
E,1270,1271,1372,1371
E,1271,1272,1373,1372
E,1272,1273,1374,1373
E,1273,1274,1375,1374
E,1274,1275,1376,1375
E,1275,1276,1377,1376
E,1276,1277,1378,1377
E,1277,1278,1379,1378
E,1278,1279,1380,1379
E,1279,1280,1381,1380
E,1280,1281,1382,1381
E,1281,1282,1383,1382
E,1282,1283,1384,1383
E,1283,1284,1385,1384
E,1284,1285,1386,1385
E,1285,1286,1387,1386
E,1286,1287,1388,1387
E,1287,1288,1389,1388
E,1288,1289,1390,1389
E,1289,1290,1391,1390
E,1290,1291,1392,1391
E,1291,1292,1393,1392
E,1292,1293,1394,1393
E,1293,1294,1395,1394
E,1294,1295,1396,1395
E,1295,1296,1397,1396
E,1296,1297,1398,1397
E,1297,1298,1399,1398
E,1298,1299,1400,1399
E,1299,1300,1401,1400
E,1300,1301,1402,1401
E,1301,1302,1403,1402
E,1302,1303,1404,1403
E,1303,1304,1405,1404
E,1304,1305,1406,1405
E,1305,1306,1407,1406
E,1306,1307,1408,1407
E,1307,1308,1409,1408
E,1308,1309,1410,1409
E,1309,1310,1411,1410
E,1310,1311,1412,1411
E,1311,1312,1413,1412
E,1312,1313,1414,1413
E,1314,1315,1416,1415
E,1315,1316,1417,1416
E,1316,1317,1418,1417
E,1317,1318,1419,1418
E,1318,1319,1420,1419
E,1319,1320,1421,1420
E,1320,1321,1422,1421
E,1321,1322,1423,1422
E,1322,1323,1424,1423
E,1323,1324,1425,1424
E,1324,1325,1426,1425
E,1325,1326,1427,1426
E,1326,1327,1428,1427
E,1327,1328,1429,1428
E,1328,1329,1430,1429
E,1329,1330,1431,1430
E,1330,1331,1432,1431
E,1331,1332,1433,1432
E,1332,1333,1434,1433
E,1333,1334,1435,1434
E,1334,1335,1436,1435
E,1335,1336,1437,1436
E,1336,1337,1438,1437
E,1337,1338,1439,1438
E,1338,1339,1440,1439
E,1339,1340,1441,1440
E,1340,1341,1442,1441
E,1341,1342,1443,1442
E,1342,1343,1444,1443
E,1343,1344,1445,1444
E,1344,1345,1446,1445
E,1345,1346,1447,1446
E,1346,1347,1448,1447
E,1347,1348,1449,1448
E,1348,1349,1450,1449
E,1349,1350,1451,1450
E,1350,1351,1452,1451
E,1351,1352,1453,1452
E,1352,1353,1454,1453
E,1353,1354,1455,1454
E,1354,1355,1456,1455
E,1355,1356,1457,1456
E,1356,1357,1458,1457
E,1357,1358,1459,1458
E,1358,1359,1460,1459
E,1359,1360,1461,1460
E,1360,1361,1462,1461
E,1361,1362,1463,1462
E,1362,1363,1464,1463
E,1363,1364,1465,1464
E,1364,1365,1466,1465
E,1365,1366,1467,1466
E,1366,1367,1468,1467
E,1367,1368,1469,1468
E,1368,1369,1470,1469
E,1369,1370,1471,1470
E,1370,1371,1472,1471
E,1371,1372,1473,1472
E,1372,1373,1474,1473
E,1373,1374,1475,1474
E,1374,1375,1476,1475
E,1375,1376,1477,1476
E,1376,1377,1478,1477
E,1377,1378,1479,1478
E,1378,1379,1480,1479
E,1379,1380,1481,1480
E,1380,1381,1482,1481
E,1381,1382,1483,1482
E,1382,1383,1484,1483
E,1383,1384,1485,1484
E,1384,1385,1486,1485
E,1385,1386,1487,1486
E,1386,1387,1488,1487
E,1387,1388,1489,1488
E,1388,1389,1490,1489
E,1389,1390,1491,1490
E,1390,1391,1492,1491
E,1391,1392,1493,1492
E,1392,1393,1494,1493
E,1393,1394,1495,1494
E,1394,1395,1496,1495
E,1395,1396,1497,1496
E,1396,1397,1498,1497
E,1397,1398,1499,1498
E,1398,1399,1500,1499
E,1399,1400,1501,1500
E,1400,1401,1502,1501
E,1401,1402,1503,1502
E,1402,1403,1504,1503
E,1403,1404,1505,1504
E,1404,1405,1506,1505
E,1405,1406,1507,1506
E,1406,1407,1508,1507
E,1407,1408,1509,1508
E,1408,1409,1510,1509
E,1409,1410,1511,1510
E,1410,1411,1512,1511
E,1411,1412,1513,1512
E,1412,1413,1514,1513
E,1413,1414,1515,1514
E,1415,1416,1517,1516
E,1416,1417,1518,1517
E,1417,1418,1519,1518
E,1418,1419,1520,1519
E,1419,1420,1521,1520
E,1420,1421,1522,1521
E,1421,1422,1523,1522
E,1422,1423,1524,1523
E,1423,1424,1525,1524
E,1424,1425,1526,1525
E,1425,1426,1527,1526
E,1426,1427,1528,1527
E,1427,1428,1529,1528
E,1428,1429,1530,1529
E,1429,1430,1531,1530
E,1430,1431,1532,1531
E,1431,1432,1533,1532
E,1432,1433,1534,1533
E,1433,1434,1535,1534
E,1434,1435,1536,1535
E,1435,1436,1537,1536
E,1436,1437,1538,1537
E,1437,1438,1539,1538
E,1438,1439,1540,1539
E,1439,1440,1541,1540
E,1440,1441,1542,1541
E,1441,1442,1543,1542
E,1442,1443,1544,1543
E,1443,1444,1545,1544
E,1444,1445,1546,1545
E,1445,1446,1547,1546
E,1446,1447,1548,1547
E,1447,1448,1549,1548
E,1448,1449,1550,1549
E,1449,1450,1551,1550
E,1450,1451,1552,1551
E,1451,1452,1553,1552
E,1452,1453,1554,1553
E,1453,1454,1555,1554
E,1454,1455,1556,1555
E,1455,1456,1557,1556
E,1456,1457,1558,1557
E,1457,1458,1559,1558
E,1458,1459,1560,1559
E,1459,1460,1561,1560
E,1460,1461,1562,1561
E,1461,1462,1563,1562
E,1462,1463,1564,1563
E,1463,1464,1565,1564
E,1464,1465,1566,1565
E,1465,1466,1567,1566
E,1466,1467,1568,1567
E,1467,1468,1569,1568
E,1468,1469,1570,1569
E,1469,1470,1571,1570
E,1470,1471,1572,1571
E,1471,1472,1573,1572
E,1472,1473,1574,1573
E,1473,1474,1575,1574
E,1474,1475,1576,1575
E,1475,1476,1577,1576
E,1476,1477,1578,1577
E,1477,1478,1579,1578
E,1478,1479,1580,1579
E,1479,1480,1581,1580
E,1480,1481,1582,1581
E,1481,1482,1583,1582
E,1482,1483,1584,1583
E,1483,1484,1585,1584
E,1484,1485,1586,1585
E,1485,1486,1587,1586
E,1486,1487,1588,1587
E,1487,1488,1589,1588
E,1488,1489,1590,1589
E,1489,1490,1591,1590
E,1490,1491,1592,1591
E,1491,1492,1593,1592
E,1492,1493,1594,1593
E,1493,1494,1595,1594
E,1494,1495,1596,1595
E,1495,1496,1597,1596
E,1496,1497,1598,1597
E,1497,1498,1599,1598
E,1498,1499,1600,1599
E,1499,1500,1601,1600
E,1500,1501,1602,1601
E,1501,1502,1603,1602
E,1502,1503,1604,1603
E,1503,1504,1605,1604
E,1504,1505,1606,1605
E,1505,1506,1607,1606
E,1506,1507,1608,1607
E,1507,1508,1609,1608
E,1508,1509,1610,1609
E,1509,1510,1611,1610
E,1510,1511,1612,1611
E,1511,1512,1613,1612
E,1512,1513,1614,1613
E,1513,1514,1615,1614
E,1514,1515,1616,1615
E,1516,1517,1618,1617
E,1517,1518,1619,1618
E,1518,1519,1620,1619
E,1519,1520,1621,1620
E,1520,1521,1622,1621
E,1521,1522,1623,1622
E,1522,1523,1624,1623
E,1523,1524,1625,1624
E,1524,1525,1626,1625
E,1525,1526,1627,1626
E,1526,1527,1628,1627
E,1527,1528,1629,1628
E,1528,1529,1630,1629
E,1529,1530,1631,1630
E,1530,1531,1632,1631
E,1531,1532,1633,1632
E,1532,1533,1634,1633
E,1533,1534,1635,1634
E,1534,1535,1636,1635
E,1535,1536,1637,1636
E,1536,1537,1638,1637
E,1537,1538,1639,1638
E,1538,1539,1640,1639
E,1539,1540,1641,1640
E,1540,1541,1642,1641
E,1541,1542,1643,1642
E,1542,1543,1644,1643
E,1543,1544,1645,1644
E,1544,1545,1646,1645
E,1545,1546,1647,1646
E,1546,1547,1648,1647
E,1547,1548,1649,1648
E,1548,1549,1650,1649
E,1549,1550,1651,1650
E,1550,1551,1652,1651
E,1551,1552,1653,1652
E,1552,1553,1654,1653
E,1553,1554,1655,1654
E,1554,1555,1656,1655
E,1555,1556,1657,1656
E,1556,1557,1658,1657
E,1557,1558,1659,1658
E,1558,1559,1660,1659
E,1559,1560,1661,1660
E,1560,1561,1662,1661
E,1561,1562,1663,1662
E,1562,1563,1664,1663
E,1563,1564,1665,1664
E,1564,1565,1666,1665
E,1565,1566,1667,1666
E,1566,1567,1668,1667
E,1567,1568,1669,1668
E,1568,1569,1670,1669
E,1569,1570,1671,1670
E,1570,1571,1672,1671
E,1571,1572,1673,1672
E,1572,1573,1674,1673
E,1573,1574,1675,1674
E,1574,1575,1676,1675
E,1575,1576,1677,1676
E,1576,1577,1678,1677
E,1577,1578,1679,1678
E,1578,1579,1680,1679
E,1579,1580,1681,1680
E,1580,1581,1682,1681
E,1581,1582,1683,1682
E,1582,1583,1684,1683
E,1583,1584,1685,1684
E,1584,1585,1686,1685
E,1585,1586,1687,1686
E,1586,1587,1688,1687
E,1587,1588,1689,1688
E,1588,1589,1690,1689
E,1589,1590,1691,1690
E,1590,1591,1692,1691
E,1591,1592,1693,1692
E,1592,1593,1694,1693
E,1593,1594,1695,1694
E,1594,1595,1696,1695
E,1595,1596,1697,1696
E,1596,1597,1698,1697
E,1597,1598,1699,1698
E,1598,1599,1700,1699
E,1599,1600,1701,1700
E,1600,1601,1702,1701
E,1601,1602,1703,1702
E,1602,1603,1704,1703
E,1603,1604,1705,1704
E,1604,1605,1706,1705
E,1605,1606,1707,1706
E,1606,1607,1708,1707
E,1607,1608,1709,1708
E,1608,1609,1710,1709
E,1609,1610,1711,1710
E,1610,1611,1712,1711
E,1611,1612,1713,1712
E,1612,1613,1714,1713
E,1613,1614,1715,1714
E,1614,1615,1716,1715
E,1615,1616,1717,1716
E,1617,1618,1719,1718
E,1618,1619,1720,1719
E,1619,1620,1721,1720
E,1620,1621,1722,1721
E,1621,1622,1723,1722
E,1622,1623,1724,1723
E,1623,1624,1725,1724
E,1624,1625,1726,1725
E,1625,1626,1727,1726
E,1626,1627,1728,1727
E,1627,1628,1729,1728
E,1628,1629,1730,1729
E,1629,1630,1731,1730
E,1630,1631,1732,1731
E,1631,1632,1733,1732
E,1632,1633,1734,1733
E,1633,1634,1735,1734
E,1634,1635,1736,1735
E,1635,1636,1737,1736
E,1636,1637,1738,1737
E,1637,1638,1739,1738
E,1638,1639,1740,1739
E,1639,1640,1741,1740
E,1640,1641,1742,1741
E,1641,1642,1743,1742
E,1642,1643,1744,1743
E,1643,1644,1745,1744
E,1644,1645,1746,1745
E,1645,1646,1747,1746
E,1646,1647,1748,1747
E,1647,1648,1749,1748
E,1648,1649,1750,1749
E,1649,1650,1751,1750
E,1650,1651,1752,1751
E,1651,1652,1753,1752
E,1652,1653,1754,1753
E,1653,1654,1755,1754
E,1654,1655,1756,1755
E,1655,1656,1757,1756
E,1656,1657,1758,1757
E,1657,1658,1759,1758
E,1658,1659,1760,1759
E,1659,1660,1761,1760
E,1660,1661,1762,1761
E,1661,1662,1763,1762
E,1662,1663,1764,1763
E,1663,1664,1765,1764
E,1664,1665,1766,1765
E,1665,1666,1767,1766
E,1666,1667,1768,1767
E,1667,1668,1769,1768
E,1668,1669,1770,1769
E,1669,1670,1771,1770
E,1670,1671,1772,1771
E,1671,1672,1773,1772
E,1672,1673,1774,1773
E,1673,1674,1775,1774
E,1674,1675,1776,1775
E,1675,1676,1777,1776
E,1676,1677,1778,1777
E,1677,1678,1779,1778
E,1678,1679,1780,1779
E,1679,1680,1781,1780
E,1680,1681,1782,1781
E,1681,1682,1783,1782
E,1682,1683,1784,1783
E,1683,1684,1785,1784
E,1684,1685,1786,1785
E,1685,1686,1787,1786
E,1686,1687,1788,1787
E,1687,1688,1789,1788
E,1688,1689,1790,1789
E,1689,1690,1791,1790
E,1690,1691,1792,1791
E,1691,1692,1793,1792
E,1692,1693,1794,1793
E,1693,1694,1795,1794
E,1694,1695,1796,1795
E,1695,1696,1797,1796
E,1696,1697,1798,1797
E,1697,1698,1799,1798
E,1698,1699,1800,1799
E,1699,1700,1801,1800
E,1700,1701,1802,1801
E,1701,1702,1803,1802
E,1702,1703,1804,1803
E,1703,1704,1805,1804
E,1704,1705,1806,1805
E,1705,1706,1807,1806
E,1706,1707,1808,1807
E,1707,1708,1809,1808
E,1708,1709,1810,1809
E,1709,1710,1811,1810
E,1710,1711,1812,1811
E,1711,1712,1813,1812
E,1712,1713,1814,1813
E,1713,1714,1815,1814
E,1714,1715,1816,1815
E,1715,1716,1817,1816
E,1716,1717,1818,1817
E,1718,1719,1820,1819
E,1719,1720,1821,1820
E,1720,1721,1822,1821
E,1721,1722,1823,1822
E,1722,1723,1824,1823
E,1723,1724,1825,1824
E,1724,1725,1826,1825
E,1725,1726,1827,1826
E,1726,1727,1828,1827
E,1727,1728,1829,1828
E,1728,1729,1830,1829
E,1729,1730,1831,1830
E,1730,1731,1832,1831
E,1731,1732,1833,1832
E,1732,1733,1834,1833
E,1733,1734,1835,1834
E,1734,1735,1836,1835
E,1735,1736,1837,1836
E,1736,1737,1838,1837
E,1737,1738,1839,1838
E,1738,1739,1840,1839
E,1739,1740,1841,1840
E,1740,1741,1842,1841
E,1741,1742,1843,1842
E,1742,1743,1844,1843
E,1743,1744,1845,1844
E,1744,1745,1846,1845
E,1745,1746,1847,1846
E,1746,1747,1848,1847
E,1747,1748,1849,1848
E,1748,1749,1850,1849
E,1749,1750,1851,1850
E,1750,1751,1852,1851
E,1751,1752,1853,1852
E,1752,1753,1854,1853
E,1753,1754,1855,1854
E,1754,1755,1856,1855
E,1755,1756,1857,1856
E,1756,1757,1858,1857
E,1757,1758,1859,1858
E,1758,1759,1860,1859
E,1759,1760,1861,1860
E,1760,1761,1862,1861
E,1761,1762,1863,1862
E,1762,1763,1864,1863
E,1763,1764,1865,1864
E,1764,1765,1866,1865
E,1765,1766,1867,1866
E,1766,1767,1868,1867
E,1767,1768,1869,1868
E,1768,1769,1870,1869
E,1769,1770,1871,1870
E,1770,1771,1872,1871
E,1771,1772,1873,1872
E,1772,1773,1874,1873
E,1773,1774,1875,1874
E,1774,1775,1876,1875
E,1775,1776,1877,1876
E,1776,1777,1878,1877
E,1777,1778,1879,1878
E,1778,1779,1880,1879
E,1779,1780,1881,1880
E,1780,1781,1882,1881
E,1781,1782,1883,1882
E,1782,1783,1884,1883
E,1783,1784,1885,1884
E,1784,1785,1886,1885
E,1785,1786,1887,1886
E,1786,1787,1888,1887
E,1787,1788,1889,1888
E,1788,1789,1890,1889
E,1789,1790,1891,1890
E,1790,1791,1892,1891
E,1791,1792,1893,1892
E,1792,1793,1894,1893
E,1793,1794,1895,1894
E,1794,1795,1896,1895
E,1795,1796,1897,1896
E,1796,1797,1898,1897
E,1797,1798,1899,1898
E,1798,1799,1900,1899
E,1799,1800,1901,1900
E,1800,1801,1902,1901
E,1801,1802,1903,1902
E,1802,1803,1904,1903
E,1803,1804,1905,1904
E,1804,1805,1906,1905
E,1805,1806,1907,1906
E,1806,1807,1908,1907
E,1807,1808,1909,1908
E,1808,1809,1910,1909
E,1809,1810,1911,1910
E,1810,1811,1912,1911
E,1811,1812,1913,1912
E,1812,1813,1914,1913
E,1813,1814,1915,1914
E,1814,1815,1916,1915
E,1815,1816,1917,1916
E,1816,1817,1918,1917
E,1817,1818,1919,1918
E,1819,1820,1921,1920
E,1820,1821,1922,1921
E,1821,1822,1923,1922
E,1822,1823,1924,1923
E,1823,1824,1925,1924
E,1824,1825,1926,1925
E,1825,1826,1927,1926
E,1826,1827,1928,1927
E,1827,1828,1929,1928
E,1828,1829,1930,1929
E,1829,1830,1931,1930
E,1830,1831,1932,1931
E,1831,1832,1933,1932
E,1832,1833,1934,1933
E,1833,1834,1935,1934
E,1834,1835,1936,1935
E,1835,1836,1937,1936
E,1836,1837,1938,1937
E,1837,1838,1939,1938
E,1838,1839,1940,1939
E,1839,1840,1941,1940
E,1840,1841,1942,1941
E,1841,1842,1943,1942
E,1842,1843,1944,1943
E,1843,1844,1945,1944
E,1844,1845,1946,1945
E,1845,1846,1947,1946
E,1846,1847,1948,1947
E,1847,1848,1949,1948
E,1848,1849,1950,1949
E,1849,1850,1951,1950
E,1850,1851,1952,1951
E,1851,1852,1953,1952
E,1852,1853,1954,1953
E,1853,1854,1955,1954
E,1884,1885,1986,1985
E,1885,1886,1987,1986
E,1886,1887,1988,1987
E,1887,1888,1989,1988
E,1888,1889,1990,1989
E,1889,1890,1991,1990
E,1890,1891,1992,1991
E,1891,1892,1993,1992
E,1892,1893,1994,1993
E,1893,1894,1995,1994
E,1894,1895,1996,1995
E,1895,1896,1997,1996
E,1896,1897,1998,1997
E,1897,1898,1999,1998
E,1898,1899,2000,1999
E,1899,1900,2001,2000
E,1900,1901,2002,2001
E,1901,1902,2003,2002
E,1902,1903,2004,2003
E,1903,1904,2005,2004
E,1904,1905,2006,2005
E,1905,1906,2007,2006
E,1906,1907,2008,2007
E,1907,1908,2009,2008
E,1908,1909,2010,2009
E,1909,1910,2011,2010
E,1910,1911,2012,2011
E,1911,1912,2013,2012
E,1912,1913,2014,2013
E,1913,1914,2015,2014
E,1914,1915,2016,2015
E,1915,1916,2017,2016
E,1916,1917,2018,2017
E,1917,1918,2019,2018
E,1918,1919,2020,2019
E,1920,1921,2022,2021
E,1921,1922,2023,2022
E,1922,1923,2024,2023
E,1923,1924,2025,2024
E,1924,1925,2026,2025
E,1925,1926,2027,2026
E,1926,1927,2028,2027
E,1927,1928,2029,2028
E,1928,1929,2030,2029
E,1929,1930,2031,2030
E,1930,1931,2032,2031
E,1931,1932,2033,2032
E,1932,1933,2034,2033
E,1933,1934,2035,2034
E,1934,1935,2036,2035
E,1935,1936,2037,2036
E,1936,1937,2038,2037
E,1937,1938,2039,2038
E,1938,1939,2040,2039
E,1939,1940,2041,2040
E,1940,1941,2042,2041
E,1941,1942,2043,2042
E,1942,1943,2044,2043
E,1943,1944,2045,2044
E,1944,1945,2046,2045
E,1945,1946,2047,2046
E,1946,1947,2048,2047
E,1947,1948,2049,2048
E,1948,1949,2050,2049
E,1949,1950,2051,2050
E,1950,1951,2052,2051
E,1951,1952,2053,2052
E,1952,1953,2054,2053
E,1953,1954,2055,2054
E,1954,1955,2056,2055
E,1985,1986,2087,2086
E,1986,1987,2088,2087
E,1987,1988,2089,2088
E,1988,1989,2090,2089
E,1989,1990,2091,2090
E,1990,1991,2092,2091
E,1991,1992,2093,2092
E,1992,1993,2094,2093
E,1993,1994,2095,2094
E,1994,1995,2096,2095
E,1995,1996,2097,2096
E,1996,1997,2098,2097
E,1997,1998,2099,2098
E,1998,1999,2100,2099
E,1999,2000,2101,2100
E,2000,2001,2102,2101
E,2001,2002,2103,2102
E,2002,2003,2104,2103
E,2003,2004,2105,2104
E,2004,2005,2106,2105
E,2005,2006,2107,2106
E,2006,2007,2108,2107
E,2007,2008,2109,2108
E,2008,2009,2110,2109
E,2009,2010,2111,2110
E,2010,2011,2112,2111
E,2011,2012,2113,2112
E,2012,2013,2114,2113
E,2013,2014,2115,2114
E,2014,2015,2116,2115
E,2015,2016,2117,2116
E,2016,2017,2118,2117
E,2017,2018,2119,2118
E,2018,2019,2120,2119
E,2019,2020,2121,2120
E,2021,2022,2123,2122
E,2022,2023,2124,2123
E,2023,2024,2125,2124
E,2024,2025,2126,2125
E,2025,2026,2127,2126
E,2026,2027,2128,2127
E,2027,2028,2129,2128
E,2028,2029,2130,2129
E,2029,2030,2131,2130
E,2030,2031,2132,2131
E,2031,2032,2133,2132
E,2032,2033,2134,2133
E,2033,2034,2135,2134
E,2034,2035,2136,2135
E,2035,2036,2137,2136
E,2036,2037,2138,2137
E,2037,2038,2139,2138
E,2038,2039,2140,2139
E,2039,2040,2141,2140
E,2040,2041,2142,2141
E,2041,2042,2143,2142
E,2042,2043,2144,2143
E,2043,2044,2145,2144
E,2044,2045,2146,2145
E,2045,2046,2147,2146
E,2046,2047,2148,2147
E,2047,2048,2149,2148
E,2048,2049,2150,2149
E,2049,2050,2151,2150
E,2050,2051,2152,2151
E,2051,2052,2153,2152
E,2052,2053,2154,2153
E,2053,2054,2155,2154
E,2054,2055,2156,2155
E,2055,2056,2157,2156
E,2086,2087,2188,2187
E,2087,2088,2189,2188
E,2088,2089,2190,2189
E,2089,2090,2191,2190
E,2090,2091,2192,2191
E,2091,2092,2193,2192
E,2092,2093,2194,2193
E,2093,2094,2195,2194
E,2094,2095,2196,2195
E,2095,2096,2197,2196
E,2096,2097,2198,2197
E,2097,2098,2199,2198
E,2098,2099,2200,2199
E,2099,2100,2201,2200
E,2100,2101,2202,2201
E,2101,2102,2203,2202
E,2102,2103,2204,2203
E,2103,2104,2205,2204
E,2104,2105,2206,2205
E,2105,2106,2207,2206
E,2106,2107,2208,2207
E,2107,2108,2209,2208
E,2108,2109,2210,2209
E,2109,2110,2211,2210
E,2110,2111,2212,2211
E,2111,2112,2213,2212
E,2112,2113,2214,2213
E,2113,2114,2215,2214
E,2114,2115,2216,2215
E,2115,2116,2217,2216
E,2116,2117,2218,2217
E,2117,2118,2219,2218
E,2118,2119,2220,2219
E,2119,2120,2221,2220
E,2120,2121,2222,2221
E,2122,2123,2224,2223
E,2123,2124,2225,2224
E,2124,2125,2226,2225
E,2125,2126,2227,2226
E,2126,2127,2228,2227
E,2127,2128,2229,2228
E,2128,2129,2230,2229
E,2129,2130,2231,2230
E,2130,2131,2232,2231
E,2131,2132,2233,2232
E,2132,2133,2234,2233
E,2133,2134,2235,2234
E,2134,2135,2236,2235
E,2135,2136,2237,2236
E,2136,2137,2238,2237
E,2137,2138,2239,2238
E,2138,2139,2240,2239
E,2139,2140,2241,2240
E,2140,2141,2242,2241
E,2141,2142,2243,2242
E,2142,2143,2244,2243
E,2143,2144,2245,2244
E,2144,2145,2246,2245
E,2145,2146,2247,2246
E,2146,2147,2248,2247
E,2147,2148,2249,2248
E,2148,2149,2250,2249
E,2149,2150,2251,2250
E,2150,2151,2252,2251
E,2151,2152,2253,2252
E,2152,2153,2254,2253
E,2153,2154,2255,2254
E,2154,2155,2256,2255
E,2155,2156,2257,2256
E,2156,2157,2258,2257
E,2187,2188,2289,2288
E,2188,2189,2290,2289
E,2189,2190,2291,2290
E,2190,2191,2292,2291
E,2191,2192,2293,2292
E,2192,2193,2294,2293
E,2193,2194,2295,2294
E,2194,2195,2296,2295
E,2195,2196,2297,2296
E,2196,2197,2298,2297
E,2197,2198,2299,2298
E,2198,2199,2300,2299
E,2199,2200,2301,2300
E,2200,2201,2302,2301
E,2201,2202,2303,2302
E,2202,2203,2304,2303
E,2203,2204,2305,2304
E,2204,2205,2306,2305
E,2205,2206,2307,2306
E,2206,2207,2308,2307
E,2207,2208,2309,2308
E,2208,2209,2310,2309
E,2209,2210,2311,2310
E,2210,2211,2312,2311
E,2211,2212,2313,2312
E,2212,2213,2314,2313
E,2213,2214,2315,2314
E,2214,2215,2316,2315
E,2215,2216,2317,2316
E,2216,2217,2318,2317
E,2217,2218,2319,2318
E,2218,2219,2320,2319
E,2219,2220,2321,2320
E,2220,2221,2322,2321
E,2221,2222,2323,2322
E,2223,2224,2325,2324
E,2224,2225,2326,2325
E,2225,2226,2327,2326
E,2226,2227,2328,2327
E,2227,2228,2329,2328
E,2228,2229,2330,2329
E,2229,2230,2331,2330
E,2230,2231,2332,2331
E,2231,2232,2333,2332
E,2232,2233,2334,2333
E,2233,2234,2335,2334
E,2234,2235,2336,2335
E,2235,2236,2337,2336
E,2236,2237,2338,2337
E,2237,2238,2339,2338
E,2238,2239,2340,2339
E,2239,2240,2341,2340
E,2240,2241,2342,2341
E,2241,2242,2343,2342
E,2242,2243,2344,2343
E,2243,2244,2345,2344
E,2244,2245,2346,2345
E,2245,2246,2347,2346
E,2246,2247,2348,2347
E,2247,2248,2349,2348
E,2248,2249,2350,2349
E,2249,2250,2351,2350
E,2250,2251,2352,2351
E,2251,2252,2353,2352
E,2252,2253,2354,2353
E,2253,2254,2355,2354
E,2254,2255,2356,2355
E,2255,2256,2357,2356
E,2256,2257,2358,2357
E,2257,2258,2359,2358
E,2288,2289,2390,2389
E,2289,2290,2391,2390
E,2290,2291,2392,2391
E,2291,2292,2393,2392
E,2292,2293,2394,2393
E,2293,2294,2395,2394
E,2294,2295,2396,2395
E,2295,2296,2397,2396
E,2296,2297,2398,2397
E,2297,2298,2399,2398
E,2298,2299,2400,2399
E,2299,2300,2401,2400
E,2300,2301,2402,2401
E,2301,2302,2403,2402
E,2302,2303,2404,2403
E,2303,2304,2405,2404
E,2304,2305,2406,2405
E,2305,2306,2407,2406
E,2306,2307,2408,2407
E,2307,2308,2409,2408
E,2308,2309,2410,2409
E,2309,2310,2411,2410
E,2310,2311,2412,2411
E,2311,2312,2413,2412
E,2312,2313,2414,2413
E,2313,2314,2415,2414
E,2314,2315,2416,2415
E,2315,2316,2417,2416
E,2316,2317,2418,2417
E,2317,2318,2419,2418
E,2318,2319,2420,2419
E,2319,2320,2421,2420
E,2320,2321,2422,2421
E,2321,2322,2423,2422
E,2322,2323,2424,2423
E,2324,2325,2426,2425
E,2325,2326,2427,2426
E,2326,2327,2428,2427
E,2327,2328,2429,2428
E,2328,2329,2430,2429
E,2329,2330,2431,2430
E,2330,2331,2432,2431
E,2331,2332,2433,2432
E,2332,2333,2434,2433
E,2333,2334,2435,2434
E,2334,2335,2436,2435
E,2335,2336,2437,2436
E,2336,2337,2438,2437
E,2337,2338,2439,2438
E,2338,2339,2440,2439
E,2339,2340,2441,2440
E,2340,2341,2442,2441
E,2341,2342,2443,2442
E,2342,2343,2444,2443
E,2343,2344,2445,2444
E,2344,2345,2446,2445
E,2345,2346,2447,2446
E,2346,2347,2448,2447
E,2347,2348,2449,2448
E,2348,2349,2450,2449
E,2349,2350,2451,2450
E,2350,2351,2452,2451
E,2351,2352,2453,2452
E,2352,2353,2454,2453
E,2353,2354,2455,2454
E,2354,2355,2456,2455
E,2355,2356,2457,2456
E,2356,2357,2458,2457
E,2357,2358,2459,2458
E,2358,2359,2460,2459
E,2389,2390,2491,2490
E,2390,2391,2492,2491
E,2391,2392,2493,2492
E,2392,2393,2494,2493
E,2393,2394,2495,2494
E,2394,2395,2496,2495
E,2395,2396,2497,2496
E,2396,2397,2498,2497
E,2397,2398,2499,2498
E,2398,2399,2500,2499
E,2399,2400,2501,2500
E,2400,2401,2502,2501
E,2401,2402,2503,2502
E,2402,2403,2504,2503
E,2403,2404,2505,2504
E,2404,2405,2506,2505
E,2405,2406,2507,2506
E,2406,2407,2508,2507
E,2407,2408,2509,2508
E,2408,2409,2510,2509
E,2409,2410,2511,2510
E,2410,2411,2512,2511
E,2411,2412,2513,2512
E,2412,2413,2514,2513
E,2413,2414,2515,2514
E,2414,2415,2516,2515
E,2415,2416,2517,2516
E,2416,2417,2518,2517
E,2417,2418,2519,2518
E,2418,2419,2520,2519
E,2419,2420,2521,2520
E,2420,2421,2522,2521
E,2421,2422,2523,2522
E,2422,2423,2524,2523
E,2423,2424,2525,2524
E,2425,2426,2527,2526
E,2426,2427,2528,2527
E,2427,2428,2529,2528
E,2428,2429,2530,2529
E,2429,2430,2531,2530
E,2430,2431,2532,2531
E,2431,2432,2533,2532
E,2432,2433,2534,2533
E,2433,2434,2535,2534
E,2434,2435,2536,2535
E,2435,2436,2537,2536
E,2436,2437,2538,2537
E,2437,2438,2539,2538
E,2438,2439,2540,2539
E,2439,2440,2541,2540
E,2440,2441,2542,2541
E,2441,2442,2543,2542
E,2442,2443,2544,2543
E,2443,2444,2545,2544
E,2444,2445,2546,2545
E,2445,2446,2547,2546
E,2446,2447,2548,2547
E,2447,2448,2549,2548
E,2448,2449,2550,2549
E,2449,2450,2551,2550
E,2450,2451,2552,2551
E,2451,2452,2553,2552
E,2452,2453,2554,2553
E,2453,2454,2555,2554
E,2454,2455,2556,2555
E,2455,2456,2557,2556
E,2456,2457,2558,2557
E,2457,2458,2559,2558
E,2458,2459,2560,2559
E,2459,2460,2561,2560
E,2490,2491,2592,2591
E,2491,2492,2593,2592
E,2492,2493,2594,2593
E,2493,2494,2595,2594
E,2494,2495,2596,2595
E,2495,2496,2597,2596
E,2496,2497,2598,2597
E,2497,2498,2599,2598
E,2498,2499,2600,2599
E,2499,2500,2601,2600
E,2500,2501,2602,2601
E,2501,2502,2603,2602
E,2502,2503,2604,2603
E,2503,2504,2605,2604
E,2504,2505,2606,2605
E,2505,2506,2607,2606
E,2506,2507,2608,2607
E,2507,2508,2609,2608
E,2508,2509,2610,2609
E,2509,2510,2611,2610
E,2510,2511,2612,2611
E,2511,2512,2613,2612
E,2512,2513,2614,2613
E,2513,2514,2615,2614
E,2514,2515,2616,2615
E,2515,2516,2617,2616
E,2516,2517,2618,2617
E,2517,2518,2619,2618
E,2518,2519,2620,2619
E,2519,2520,2621,2620
E,2520,2521,2622,2621
E,2521,2522,2623,2622
E,2522,2523,2624,2623
E,2523,2524,2625,2624
E,2524,2525,2626,2625
E,2526,2527,2628,2627
E,2527,2528,2629,2628
E,2528,2529,2630,2629
E,2529,2530,2631,2630
E,2530,2531,2632,2631
E,2531,2532,2633,2632
E,2532,2533,2634,2633
E,2533,2534,2635,2634
E,2534,2535,2636,2635
E,2535,2536,2637,2636
E,2536,2537,2638,2637
E,2537,2538,2639,2638
E,2538,2539,2640,2639
E,2539,2540,2641,2640
E,2540,2541,2642,2641
E,2541,2542,2643,2642
E,2542,2543,2644,2643
E,2543,2544,2645,2644
E,2544,2545,2646,2645
E,2545,2546,2647,2646
E,2546,2547,2648,2647
E,2547,2548,2649,2648
E,2548,2549,2650,2649
E,2549,2550,2651,2650
E,2550,2551,2652,2651
E,2551,2552,2653,2652
E,2552,2553,2654,2653
E,2553,2554,2655,2654
E,2554,2555,2656,2655
E,2555,2556,2657,2656
E,2556,2557,2658,2657
E,2557,2558,2659,2658
E,2558,2559,2660,2659
E,2559,2560,2661,2660
E,2560,2561,2662,2661
E,2591,2592,2693,2692
E,2592,2593,2694,2693
E,2593,2594,2695,2694
E,2594,2595,2696,2695
E,2595,2596,2697,2696
E,2596,2597,2698,2697
E,2597,2598,2699,2698
E,2598,2599,2700,2699
E,2599,2600,2701,2700
E,2600,2601,2702,2701
E,2601,2602,2703,2702
E,2602,2603,2704,2703
E,2603,2604,2705,2704
E,2604,2605,2706,2705
E,2605,2606,2707,2706
E,2606,2607,2708,2707
E,2607,2608,2709,2708
E,2608,2609,2710,2709
E,2609,2610,2711,2710
E,2610,2611,2712,2711
E,2611,2612,2713,2712
E,2612,2613,2714,2713
E,2613,2614,2715,2714
E,2614,2615,2716,2715
E,2615,2616,2717,2716
E,2616,2617,2718,2717
E,2617,2618,2719,2718
E,2618,2619,2720,2719
E,2619,2620,2721,2720
E,2620,2621,2722,2721
E,2621,2622,2723,2722
E,2622,2623,2724,2723
E,2623,2624,2725,2724
E,2624,2625,2726,2725
E,2625,2626,2727,2726
E,2627,2628,2729,2728
E,2628,2629,2730,2729
E,2629,2630,2731,2730
E,2630,2631,2732,2731
E,2631,2632,2733,2732
E,2632,2633,2734,2733
E,2633,2634,2735,2734
E,2634,2635,2736,2735
E,2635,2636,2737,2736
E,2636,2637,2738,2737
E,2637,2638,2739,2738
E,2638,2639,2740,2739
E,2639,2640,2741,2740
E,2640,2641,2742,2741
E,2641,2642,2743,2742
E,2642,2643,2744,2743
E,2643,2644,2745,2744
E,2644,2645,2746,2745
E,2645,2646,2747,2746
E,2646,2647,2748,2747
E,2647,2648,2749,2748
E,2648,2649,2750,2749
E,2649,2650,2751,2750
E,2650,2651,2752,2751
E,2651,2652,2753,2752
E,2652,2653,2754,2753
E,2653,2654,2755,2754
E,2654,2655,2756,2755
E,2655,2656,2757,2756
E,2656,2657,2758,2757
E,2657,2658,2759,2758
E,2658,2659,2760,2759
E,2659,2660,2761,2760
E,2660,2661,2762,2761
E,2661,2662,2763,2762
E,2692,2693,2794,2793
E,2693,2694,2795,2794
E,2694,2695,2796,2795
E,2695,2696,2797,2796
E,2696,2697,2798,2797
E,2697,2698,2799,2798
E,2698,2699,2800,2799
E,2699,2700,2801,2800
E,2700,2701,2802,2801
E,2701,2702,2803,2802
E,2702,2703,2804,2803
E,2703,2704,2805,2804
E,2704,2705,2806,2805
E,2705,2706,2807,2806
E,2706,2707,2808,2807
E,2707,2708,2809,2808
E,2708,2709,2810,2809
E,2709,2710,2811,2810
E,2710,2711,2812,2811
E,2711,2712,2813,2812
E,2712,2713,2814,2813
E,2713,2714,2815,2814
E,2714,2715,2816,2815
E,2715,2716,2817,2816
E,2716,2717,2818,2817
E,2717,2718,2819,2818
E,2718,2719,2820,2819
E,2719,2720,2821,2820
E,2720,2721,2822,2821
E,2721,2722,2823,2822
E,2722,2723,2824,2823
E,2723,2724,2825,2824
E,2724,2725,2826,2825
E,2725,2726,2827,2826
E,2726,2727,2828,2827
E,2728,2729,2830,2829
E,2729,2730,2831,2830
E,2730,2731,2832,2831
E,2731,2732,2833,2832
E,2732,2733,2834,2833
E,2733,2734,2835,2834
E,2734,2735,2836,2835
E,2735,2736,2837,2836
E,2736,2737,2838,2837
E,2737,2738,2839,2838
E,2738,2739,2840,2839
E,2739,2740,2841,2840
E,2740,2741,2842,2841
E,2741,2742,2843,2842
E,2742,2743,2844,2843
E,2743,2744,2845,2844
E,2744,2745,2846,2845
E,2745,2746,2847,2846
E,2746,2747,2848,2847
E,2747,2748,2849,2848
E,2748,2749,2850,2849
E,2749,2750,2851,2850
E,2750,2751,2852,2851
E,2751,2752,2853,2852
E,2752,2753,2854,2853
E,2753,2754,2855,2854
E,2754,2755,2856,2855
E,2755,2756,2857,2856
E,2756,2757,2858,2857
E,2757,2758,2859,2858
E,2758,2759,2860,2859
E,2759,2760,2861,2860
E,2760,2761,2862,2861
E,2761,2762,2863,2862
E,2762,2763,2864,2863
E,2793,2794,2895,2894
E,2794,2795,2896,2895
E,2795,2796,2897,2896
E,2796,2797,2898,2897
E,2797,2798,2899,2898
E,2798,2799,2900,2899
E,2799,2800,2901,2900
E,2800,2801,2902,2901
E,2801,2802,2903,2902
E,2802,2803,2904,2903
E,2803,2804,2905,2904
E,2804,2805,2906,2905
E,2805,2806,2907,2906
E,2806,2807,2908,2907
E,2807,2808,2909,2908
E,2808,2809,2910,2909
E,2809,2810,2911,2910
E,2810,2811,2912,2911
E,2811,2812,2913,2912
E,2812,2813,2914,2913
E,2813,2814,2915,2914
E,2814,2815,2916,2915
E,2815,2816,2917,2916
E,2816,2817,2918,2917
E,2817,2818,2919,2918
E,2818,2819,2920,2919
E,2819,2820,2921,2920
E,2820,2821,2922,2921
E,2821,2822,2923,2922
E,2822,2823,2924,2923
E,2823,2824,2925,2924
E,2824,2825,2926,2925
E,2825,2826,2927,2926
E,2826,2827,2928,2927
E,2827,2828,2929,2928
E,2829,2830,2931,2930
E,2830,2831,2932,2931
E,2831,2832,2933,2932
E,2832,2833,2934,2933
E,2833,2834,2935,2934
E,2834,2835,2936,2935
E,2835,2836,2937,2936
E,2836,2837,2938,2937
E,2837,2838,2939,2938
E,2838,2839,2940,2939
E,2839,2840,2941,2940
E,2840,2841,2942,2941
E,2841,2842,2943,2942
E,2842,2843,2944,2943
E,2843,2844,2945,2944
E,2844,2845,2946,2945
E,2845,2846,2947,2946
E,2846,2847,2948,2947
E,2847,2848,2949,2948
E,2848,2849,2950,2949
E,2849,2850,2951,2950
E,2850,2851,2952,2951
E,2851,2852,2953,2952
E,2852,2853,2954,2953
E,2853,2854,2955,2954
E,2854,2855,2956,2955
E,2855,2856,2957,2956
E,2856,2857,2958,2957
E,2857,2858,2959,2958
E,2858,2859,2960,2959
E,2859,2860,2961,2960
E,2860,2861,2962,2961
E,2861,2862,2963,2962
E,2862,2863,2964,2963
E,2863,2864,2965,2964
E,2894,2895,2996,2995
E,2895,2896,2997,2996
E,2896,2897,2998,2997
E,2897,2898,2999,2998
E,2898,2899,3000,2999
E,2899,2900,3001,3000
E,2900,2901,3002,3001
E,2901,2902,3003,3002
E,2902,2903,3004,3003
E,2903,2904,3005,3004
E,2904,2905,3006,3005
E,2905,2906,3007,3006
E,2906,2907,3008,3007
E,2907,2908,3009,3008
E,2908,2909,3010,3009
E,2909,2910,3011,3010
E,2910,2911,3012,3011
E,2911,2912,3013,3012
E,2912,2913,3014,3013
E,2913,2914,3015,3014
E,2914,2915,3016,3015
E,2915,2916,3017,3016
E,2916,2917,3018,3017
E,2917,2918,3019,3018
E,2918,2919,3020,3019
E,2919,2920,3021,3020
E,2920,2921,3022,3021
E,2921,2922,3023,3022
E,2922,2923,3024,3023
E,2923,2924,3025,3024
E,2924,2925,3026,3025
E,2925,2926,3027,3026
E,2926,2927,3028,3027
E,2927,2928,3029,3028
E,2928,2929,3030,3029
E,2930,2931,3032,3031
E,2931,2932,3033,3032
E,2932,2933,3034,3033
E,2933,2934,3035,3034
E,2934,2935,3036,3035
E,2935,2936,3037,3036
E,2936,2937,3038,3037
E,2937,2938,3039,3038
E,2938,2939,3040,3039
E,2939,2940,3041,3040
E,2940,2941,3042,3041
E,2941,2942,3043,3042
E,2942,2943,3044,3043
E,2943,2944,3045,3044
E,2944,2945,3046,3045
E,2945,2946,3047,3046
E,2946,2947,3048,3047
E,2947,2948,3049,3048
E,2948,2949,3050,3049
E,2949,2950,3051,3050
E,2950,2951,3052,3051
E,2951,2952,3053,3052
E,2952,2953,3054,3053
E,2953,2954,3055,3054
E,2954,2955,3056,3055
E,2955,2956,3057,3056
E,2956,2957,3058,3057
E,2957,2958,3059,3058
E,2958,2959,3060,3059
E,2959,2960,3061,3060
E,2960,2961,3062,3061
E,2961,2962,3063,3062
E,2962,2963,3064,3063
E,2963,2964,3065,3064
E,2964,2965,3066,3065
E,2995,2996,3097,3096
E,2996,2997,3098,3097
E,2997,2998,3099,3098
E,2998,2999,3100,3099
E,2999,3000,3101,3100
E,3000,3001,3102,3101
E,3001,3002,3103,3102
E,3002,3003,3104,3103
E,3003,3004,3105,3104
E,3004,3005,3106,3105
E,3005,3006,3107,3106
E,3006,3007,3108,3107
E,3007,3008,3109,3108
E,3008,3009,3110,3109
E,3009,3010,3111,3110
E,3010,3011,3112,3111
E,3011,3012,3113,3112
E,3012,3013,3114,3113
E,3013,3014,3115,3114
E,3014,3015,3116,3115
E,3015,3016,3117,3116
E,3016,3017,3118,3117
E,3017,3018,3119,3118
E,3018,3019,3120,3119
E,3019,3020,3121,3120
E,3020,3021,3122,3121
E,3021,3022,3123,3122
E,3022,3023,3124,3123
E,3023,3024,3125,3124
E,3024,3025,3126,3125
E,3025,3026,3127,3126
E,3026,3027,3128,3127
E,3027,3028,3129,3128
E,3028,3029,3130,3129
E,3029,3030,3131,3130
E,3031,3032,3133,3132
E,3032,3033,3134,3133
E,3033,3034,3135,3134
E,3034,3035,3136,3135
E,3035,3036,3137,3136
E,3036,3037,3138,3137
E,3037,3038,3139,3138
E,3038,3039,3140,3139
E,3039,3040,3141,3140
E,3040,3041,3142,3141
E,3041,3042,3143,3142
E,3042,3043,3144,3143
E,3043,3044,3145,3144
E,3044,3045,3146,3145
E,3045,3046,3147,3146
E,3046,3047,3148,3147
E,3047,3048,3149,3148
E,3048,3049,3150,3149
E,3049,3050,3151,3150
E,3050,3051,3152,3151
E,3051,3052,3153,3152
E,3052,3053,3154,3153
E,3053,3054,3155,3154
E,3054,3055,3156,3155
E,3055,3056,3157,3156
E,3056,3057,3158,3157
E,3057,3058,3159,3158
E,3058,3059,3160,3159
E,3059,3060,3161,3160
E,3060,3061,3162,3161
E,3061,3062,3163,3162
E,3062,3063,3164,3163
E,3063,3064,3165,3164
E,3064,3065,3166,3165
E,3065,3066,3167,3166
E,3096,3097,3198,3197
E,3097,3098,3199,3198
E,3098,3099,3200,3199
E,3099,3100,3201,3200
E,3100,3101,3202,3201
E,3101,3102,3203,3202
E,3102,3103,3204,3203
E,3103,3104,3205,3204
E,3104,3105,3206,3205
E,3105,3106,3207,3206
E,3106,3107,3208,3207
E,3107,3108,3209,3208
E,3108,3109,3210,3209
E,3109,3110,3211,3210
E,3110,3111,3212,3211
E,3111,3112,3213,3212
E,3112,3113,3214,3213
E,3113,3114,3215,3214
E,3114,3115,3216,3215
E,3115,3116,3217,3216
E,3116,3117,3218,3217
E,3117,3118,3219,3218
E,3118,3119,3220,3219
E,3119,3120,3221,3220
E,3120,3121,3222,3221
E,3121,3122,3223,3222
E,3122,3123,3224,3223
E,3123,3124,3225,3224
E,3124,3125,3226,3225
E,3125,3126,3227,3226
E,3126,3127,3228,3227
E,3127,3128,3229,3228
E,3128,3129,3230,3229
E,3129,3130,3231,3230
E,3130,3131,3232,3231
E,3132,3133,3234,3233
E,3133,3134,3235,3234
E,3134,3135,3236,3235
E,3135,3136,3237,3236
E,3136,3137,3238,3237
E,3137,3138,3239,3238
E,3138,3139,3240,3239
E,3139,3140,3241,3240
E,3140,3141,3242,3241
E,3141,3142,3243,3242
E,3142,3143,3244,3243
E,3143,3144,3245,3244
E,3144,3145,3246,3245
E,3145,3146,3247,3246
E,3146,3147,3248,3247
E,3147,3148,3249,3248
E,3148,3149,3250,3249
E,3149,3150,3251,3250
E,3150,3151,3252,3251
E,3151,3152,3253,3252
E,3152,3153,3254,3253
E,3153,3154,3255,3254
E,3154,3155,3256,3255
E,3155,3156,3257,3256
E,3156,3157,3258,3257
E,3157,3158,3259,3258
E,3158,3159,3260,3259
E,3159,3160,3261,3260
E,3160,3161,3262,3261
E,3161,3162,3263,3262
E,3162,3163,3264,3263
E,3163,3164,3265,3264
E,3164,3165,3266,3265
E,3165,3166,3267,3266
E,3166,3167,3268,3267
E,3197,3198,3299,3298
E,3198,3199,3300,3299
E,3199,3200,3301,3300
E,3200,3201,3302,3301
E,3201,3202,3303,3302
E,3202,3203,3304,3303
E,3203,3204,3305,3304
E,3204,3205,3306,3305
E,3205,3206,3307,3306
E,3206,3207,3308,3307
E,3207,3208,3309,3308
E,3208,3209,3310,3309
E,3209,3210,3311,3310
E,3210,3211,3312,3311
E,3211,3212,3313,3312
E,3212,3213,3314,3313
E,3213,3214,3315,3314
E,3214,3215,3316,3315
E,3215,3216,3317,3316
E,3216,3217,3318,3317
E,3217,3218,3319,3318
E,3218,3219,3320,3319
E,3219,3220,3321,3320
E,3220,3221,3322,3321
E,3221,3222,3323,3322
E,3222,3223,3324,3323
E,3223,3224,3325,3324
E,3224,3225,3326,3325
E,3225,3226,3327,3326
E,3226,3227,3328,3327
E,3227,3228,3329,3328
E,3228,3229,3330,3329
E,3229,3230,3331,3330
E,3230,3231,3332,3331
E,3231,3232,3333,3332
E,3233,3234,3335,3334
E,3234,3235,3336,3335
E,3235,3236,3337,3336
E,3236,3237,3338,3337
E,3237,3238,3339,3338
E,3238,3239,3340,3339
E,3239,3240,3341,3340
E,3240,3241,3342,3341
E,3241,3242,3343,3342
E,3242,3243,3344,3343
E,3243,3244,3345,3344
E,3244,3245,3346,3345
E,3245,3246,3347,3346
E,3246,3247,3348,3347
E,3247,3248,3349,3348
E,3248,3249,3350,3349
E,3249,3250,3351,3350
E,3250,3251,3352,3351
E,3251,3252,3353,3352
E,3252,3253,3354,3353
E,3253,3254,3355,3354
E,3254,3255,3356,3355
E,3255,3256,3357,3356
E,3256,3257,3358,3357
E,3257,3258,3359,3358
E,3258,3259,3360,3359
E,3259,3260,3361,3360
E,3260,3261,3362,3361
E,3261,3262,3363,3362
E,3262,3263,3364,3363
E,3263,3264,3365,3364
E,3264,3265,3366,3365
E,3265,3266,3367,3366
E,3266,3267,3368,3367
E,3267,3268,3369,3368
E,3268,3269,3370,3369
E,3269,3270,3371,3370
E,3270,3271,3372,3371
E,3271,3272,3373,3372
E,3272,3273,3374,3373
E,3273,3274,3375,3374
E,3274,3275,3376,3375
E,3275,3276,3377,3376
E,3276,3277,3378,3377
E,3277,3278,3379,3378
E,3278,3279,3380,3379
E,3279,3280,3381,3380
E,3280,3281,3382,3381
E,3281,3282,3383,3382
E,3282,3283,3384,3383
E,3283,3284,3385,3384
E,3284,3285,3386,3385
E,3285,3286,3387,3386
E,3286,3287,3388,3387
E,3287,3288,3389,3388
E,3288,3289,3390,3389
E,3289,3290,3391,3390
E,3290,3291,3392,3391
E,3291,3292,3393,3392
E,3292,3293,3394,3393
E,3293,3294,3395,3394
E,3294,3295,3396,3395
E,3295,3296,3397,3396
E,3296,3297,3398,3397
E,3297,3298,3399,3398
E,3298,3299,3400,3399
E,3299,3300,3401,3400
E,3300,3301,3402,3401
E,3301,3302,3403,3402
E,3302,3303,3404,3403
E,3303,3304,3405,3404
E,3304,3305,3406,3405
E,3305,3306,3407,3406
E,3306,3307,3408,3407
E,3307,3308,3409,3408
E,3308,3309,3410,3409
E,3309,3310,3411,3410
E,3310,3311,3412,3411
E,3311,3312,3413,3412
E,3312,3313,3414,3413
E,3313,3314,3415,3414
E,3314,3315,3416,3415
E,3315,3316,3417,3416
E,3316,3317,3418,3417
E,3317,3318,3419,3418
E,3318,3319,3420,3419
E,3319,3320,3421,3420
E,3320,3321,3422,3421
E,3321,3322,3423,3422
E,3322,3323,3424,3423
E,3323,3324,3425,3424
E,3324,3325,3426,3425
E,3325,3326,3427,3426
E,3326,3327,3428,3427
E,3327,3328,3429,3428
E,3328,3329,3430,3429
E,3329,3330,3431,3430
E,3330,3331,3432,3431
E,3331,3332,3433,3432
E,3332,3333,3434,3433
E,3334,3335,3436,3435
E,3335,3336,3437,3436
E,3336,3337,3438,3437
E,3337,3338,3439,3438
E,3338,3339,3440,3439
E,3339,3340,3441,3440
E,3340,3341,3442,3441
E,3341,3342,3443,3442
E,3342,3343,3444,3443
E,3343,3344,3445,3444
E,3344,3345,3446,3445
E,3345,3346,3447,3446
E,3346,3347,3448,3447
E,3347,3348,3449,3448
E,3348,3349,3450,3449
E,3349,3350,3451,3450
E,3350,3351,3452,3451
E,3351,3352,3453,3452
E,3352,3353,3454,3453
E,3353,3354,3455,3454
E,3354,3355,3456,3455
E,3355,3356,3457,3456
E,3356,3357,3458,3457
E,3357,3358,3459,3458
E,3358,3359,3460,3459
E,3359,3360,3461,3460
E,3360,3361,3462,3461
E,3361,3362,3463,3462
E,3362,3363,3464,3463
E,3363,3364,3465,3464
E,3364,3365,3466,3465
E,3365,3366,3467,3466
E,3366,3367,3468,3467
E,3367,3368,3469,3468
E,3368,3369,3470,3469
E,3369,3370,3471,3470
E,3370,3371,3472,3471
E,3371,3372,3473,3472
E,3372,3373,3474,3473
E,3373,3374,3475,3474
E,3374,3375,3476,3475
E,3375,3376,3477,3476
E,3376,3377,3478,3477
E,3377,3378,3479,3478
E,3378,3379,3480,3479
E,3379,3380,3481,3480
E,3380,3381,3482,3481
E,3381,3382,3483,3482
E,3382,3383,3484,3483
E,3383,3384,3485,3484
E,3384,3385,3486,3485
E,3385,3386,3487,3486
E,3386,3387,3488,3487
E,3387,3388,3489,3488
E,3388,3389,3490,3489
E,3389,3390,3491,3490
E,3390,3391,3492,3491
E,3391,3392,3493,3492
E,3392,3393,3494,3493
E,3393,3394,3495,3494
E,3394,3395,3496,3495
E,3395,3396,3497,3496
E,3396,3397,3498,3497
E,3397,3398,3499,3498
E,3398,3399,3500,3499
E,3399,3400,3501,3500
E,3400,3401,3502,3501
E,3401,3402,3503,3502
E,3402,3403,3504,3503
E,3403,3404,3505,3504
E,3404,3405,3506,3505
E,3405,3406,3507,3506
E,3406,3407,3508,3507
E,3407,3408,3509,3508
E,3408,3409,3510,3509
E,3409,3410,3511,3510
E,3410,3411,3512,3511
E,3411,3412,3513,3512
E,3412,3413,3514,3513
E,3413,3414,3515,3514
E,3414,3415,3516,3515
E,3415,3416,3517,3516
E,3416,3417,3518,3517
E,3417,3418,3519,3518
E,3418,3419,3520,3519
E,3419,3420,3521,3520
E,3420,3421,3522,3521
E,3421,3422,3523,3522
E,3422,3423,3524,3523
E,3423,3424,3525,3524
E,3424,3425,3526,3525
E,3425,3426,3527,3526
E,3426,3427,3528,3527
E,3427,3428,3529,3528
E,3428,3429,3530,3529
E,3429,3430,3531,3530
E,3430,3431,3532,3531
E,3431,3432,3533,3532
E,3432,3433,3534,3533
E,3433,3434,3535,3534
E,3435,3436,3537,3536
E,3436,3437,3538,3537
E,3437,3438,3539,3538
E,3438,3439,3540,3539
E,3439,3440,3541,3540
E,3440,3441,3542,3541
E,3441,3442,3543,3542
E,3442,3443,3544,3543
E,3443,3444,3545,3544
E,3444,3445,3546,3545
E,3445,3446,3547,3546
E,3446,3447,3548,3547
E,3447,3448,3549,3548
E,3448,3449,3550,3549
E,3449,3450,3551,3550
E,3450,3451,3552,3551
E,3451,3452,3553,3552
E,3452,3453,3554,3553
E,3453,3454,3555,3554
E,3454,3455,3556,3555
E,3455,3456,3557,3556
E,3456,3457,3558,3557
E,3457,3458,3559,3558
E,3458,3459,3560,3559
E,3459,3460,3561,3560
E,3460,3461,3562,3561
E,3461,3462,3563,3562
E,3462,3463,3564,3563
E,3463,3464,3565,3564
E,3464,3465,3566,3565
E,3465,3466,3567,3566
E,3466,3467,3568,3567
E,3467,3468,3569,3568
E,3468,3469,3570,3569
E,3469,3470,3571,3570
E,3470,3471,3572,3571
E,3471,3472,3573,3572
E,3472,3473,3574,3573
E,3473,3474,3575,3574
E,3474,3475,3576,3575
E,3475,3476,3577,3576
E,3476,3477,3578,3577
E,3477,3478,3579,3578
E,3478,3479,3580,3579
E,3479,3480,3581,3580
E,3480,3481,3582,3581
E,3481,3482,3583,3582
E,3482,3483,3584,3583
E,3483,3484,3585,3584
E,3484,3485,3586,3585
E,3485,3486,3587,3586
E,3486,3487,3588,3587
E,3487,3488,3589,3588
E,3488,3489,3590,3589
E,3489,3490,3591,3590
E,3490,3491,3592,3591
E,3491,3492,3593,3592
E,3492,3493,3594,3593
E,3493,3494,3595,3594
E,3494,3495,3596,3595
E,3495,3496,3597,3596
E,3496,3497,3598,3597
E,3497,3498,3599,3598
E,3498,3499,3600,3599
E,3499,3500,3601,3600
E,3500,3501,3602,3601
E,3501,3502,3603,3602
E,3502,3503,3604,3603
E,3503,3504,3605,3604
E,3504,3505,3606,3605
E,3505,3506,3607,3606
E,3506,3507,3608,3607
E,3507,3508,3609,3608
E,3508,3509,3610,3609
E,3509,3510,3611,3610
E,3510,3511,3612,3611
E,3511,3512,3613,3612
E,3512,3513,3614,3613
E,3513,3514,3615,3614
E,3514,3515,3616,3615
E,3515,3516,3617,3616
E,3516,3517,3618,3617
E,3517,3518,3619,3618
E,3518,3519,3620,3619
E,3519,3520,3621,3620
E,3520,3521,3622,3621
E,3521,3522,3623,3622
E,3522,3523,3624,3623
E,3523,3524,3625,3624
E,3524,3525,3626,3625
E,3525,3526,3627,3626
E,3526,3527,3628,3627
E,3527,3528,3629,3628
E,3528,3529,3630,3629
E,3529,3530,3631,3630
E,3530,3531,3632,3631
E,3531,3532,3633,3632
E,3532,3533,3634,3633
E,3533,3534,3635,3634
E,3534,3535,3636,3635
E,3536,3537,3638,3637
E,3537,3538,3639,3638
E,3538,3539,3640,3639
E,3539,3540,3641,3640
E,3540,3541,3642,3641
E,3541,3542,3643,3642
E,3542,3543,3644,3643
E,3543,3544,3645,3644
E,3544,3545,3646,3645
E,3545,3546,3647,3646
E,3546,3547,3648,3647
E,3547,3548,3649,3648
E,3548,3549,3650,3649
E,3549,3550,3651,3650
E,3550,3551,3652,3651
E,3551,3552,3653,3652
E,3552,3553,3654,3653
E,3553,3554,3655,3654
E,3554,3555,3656,3655
E,3555,3556,3657,3656
E,3556,3557,3658,3657
E,3557,3558,3659,3658
E,3558,3559,3660,3659
E,3559,3560,3661,3660
E,3560,3561,3662,3661
E,3561,3562,3663,3662
E,3562,3563,3664,3663
E,3563,3564,3665,3664
E,3564,3565,3666,3665
E,3565,3566,3667,3666
E,3566,3567,3668,3667
E,3567,3568,3669,3668
E,3568,3569,3670,3669
E,3569,3570,3671,3670
E,3570,3571,3672,3671
E,3571,3572,3673,3672
E,3572,3573,3674,3673
E,3573,3574,3675,3674
E,3574,3575,3676,3675
E,3575,3576,3677,3676
E,3576,3577,3678,3677
E,3577,3578,3679,3678
E,3578,3579,3680,3679
E,3579,3580,3681,3680
E,3580,3581,3682,3681
E,3581,3582,3683,3682
E,3582,3583,3684,3683
E,3583,3584,3685,3684
E,3584,3585,3686,3685
E,3585,3586,3687,3686
E,3586,3587,3688,3687
E,3587,3588,3689,3688
E,3588,3589,3690,3689
E,3589,3590,3691,3690
E,3590,3591,3692,3691
E,3591,3592,3693,3692
E,3592,3593,3694,3693
E,3593,3594,3695,3694
E,3594,3595,3696,3695
E,3595,3596,3697,3696
E,3596,3597,3698,3697
E,3597,3598,3699,3698
E,3598,3599,3700,3699
E,3599,3600,3701,3700
E,3600,3601,3702,3701
E,3601,3602,3703,3702
E,3602,3603,3704,3703
E,3603,3604,3705,3704
E,3604,3605,3706,3705
E,3605,3606,3707,3706
E,3606,3607,3708,3707
E,3607,3608,3709,3708
E,3608,3609,3710,3709
E,3609,3610,3711,3710
E,3610,3611,3712,3711
E,3611,3612,3713,3712
E,3612,3613,3714,3713
E,3613,3614,3715,3714
E,3614,3615,3716,3715
E,3615,3616,3717,3716
E,3616,3617,3718,3717
E,3617,3618,3719,3718
E,3618,3619,3720,3719
E,3619,3620,3721,3720
E,3620,3621,3722,3721
E,3621,3622,3723,3722
E,3622,3623,3724,3723
E,3623,3624,3725,3724
E,3624,3625,3726,3725
E,3625,3626,3727,3726
E,3626,3627,3728,3727
E,3627,3628,3729,3728
E,3628,3629,3730,3729
E,3629,3630,3731,3730
E,3630,3631,3732,3731
E,3631,3632,3733,3732
E,3632,3633,3734,3733
E,3633,3634,3735,3734
E,3634,3635,3736,3735
E,3635,3636,3737,3736
E,3637,3638,3739,3738
E,3638,3639,3740,3739
E,3639,3640,3741,3740
E,3640,3641,3742,3741
E,3641,3642,3743,3742
E,3642,3643,3744,3743
E,3643,3644,3745,3744
E,3644,3645,3746,3745
E,3645,3646,3747,3746
E,3646,3647,3748,3747
E,3647,3648,3749,3748
E,3648,3649,3750,3749
E,3649,3650,3751,3750
E,3650,3651,3752,3751
E,3651,3652,3753,3752
E,3652,3653,3754,3753
E,3653,3654,3755,3754
E,3654,3655,3756,3755
E,3655,3656,3757,3756
E,3656,3657,3758,3757
E,3657,3658,3759,3758
E,3658,3659,3760,3759
E,3659,3660,3761,3760
E,3660,3661,3762,3761
E,3661,3662,3763,3762
E,3662,3663,3764,3763
E,3663,3664,3765,3764
E,3664,3665,3766,3765
E,3665,3666,3767,3766
E,3666,3667,3768,3767
E,3667,3668,3769,3768
E,3668,3669,3770,3769
E,3669,3670,3771,3770
E,3670,3671,3772,3771
E,3671,3672,3773,3772
E,3672,3673,3774,3773
E,3673,3674,3775,3774
E,3674,3675,3776,3775
E,3675,3676,3777,3776
E,3676,3677,3778,3777
E,3677,3678,3779,3778
E,3678,3679,3780,3779
E,3679,3680,3781,3780
E,3680,3681,3782,3781
E,3681,3682,3783,3782
E,3682,3683,3784,3783
E,3683,3684,3785,3784
E,3684,3685,3786,3785
E,3685,3686,3787,3786
E,3686,3687,3788,3787
E,3687,3688,3789,3788
E,3688,3689,3790,3789
E,3689,3690,3791,3790
E,3690,3691,3792,3791
E,3691,3692,3793,3792
E,3692,3693,3794,3793
E,3693,3694,3795,3794
E,3694,3695,3796,3795
E,3695,3696,3797,3796
E,3696,3697,3798,3797
E,3697,3698,3799,3798
E,3698,3699,3800,3799
E,3699,3700,3801,3800
E,3700,3701,3802,3801
E,3701,3702,3803,3802
E,3702,3703,3804,3803
E,3703,3704,3805,3804
E,3704,3705,3806,3805
E,3705,3706,3807,3806
E,3706,3707,3808,3807
E,3707,3708,3809,3808
E,3708,3709,3810,3809
E,3709,3710,3811,3810
E,3710,3711,3812,3811
E,3711,3712,3813,3812
E,3712,3713,3814,3813
E,3713,3714,3815,3814
E,3714,3715,3816,3815
E,3715,3716,3817,3816
E,3716,3717,3818,3817
E,3717,3718,3819,3818
E,3718,3719,3820,3819
E,3719,3720,3821,3820
E,3720,3721,3822,3821
E,3721,3722,3823,3822
E,3722,3723,3824,3823
E,3723,3724,3825,3824
E,3724,3725,3826,3825
E,3725,3726,3827,3826
E,3726,3727,3828,3827
E,3727,3728,3829,3828
E,3728,3729,3830,3829
E,3729,3730,3831,3830
E,3730,3731,3832,3831
E,3731,3732,3833,3832
E,3732,3733,3834,3833
E,3733,3734,3835,3834
E,3734,3735,3836,3835
E,3735,3736,3837,3836
E,3736,3737,3838,3837
E,3738,3739,3840,3839
E,3739,3740,3841,3840
E,3740,3741,3842,3841
E,3741,3742,3843,3842
E,3742,3743,3844,3843
E,3743,3744,3845,3844
E,3744,3745,3846,3845
E,3745,3746,3847,3846
E,3746,3747,3848,3847
E,3747,3748,3849,3848
E,3748,3749,3850,3849
E,3749,3750,3851,3850
E,3750,3751,3852,3851
E,3751,3752,3853,3852
E,3752,3753,3854,3853
E,3753,3754,3855,3854
E,3754,3755,3856,3855
E,3755,3756,3857,3856
E,3756,3757,3858,3857
E,3757,3758,3859,3858
E,3758,3759,3860,3859
E,3759,3760,3861,3860
E,3760,3761,3862,3861
E,3761,3762,3863,3862
E,3762,3763,3864,3863
E,3763,3764,3865,3864
E,3764,3765,3866,3865
E,3765,3766,3867,3866
E,3766,3767,3868,3867
E,3767,3768,3869,3868
E,3768,3769,3870,3869
E,3769,3770,3871,3870
E,3770,3771,3872,3871
E,3771,3772,3873,3872
E,3772,3773,3874,3873
E,3773,3774,3875,3874
E,3774,3775,3876,3875
E,3775,3776,3877,3876
E,3776,3777,3878,3877
E,3777,3778,3879,3878
E,3778,3779,3880,3879
E,3779,3780,3881,3880
E,3780,3781,3882,3881
E,3781,3782,3883,3882
E,3782,3783,3884,3883
E,3783,3784,3885,3884
E,3784,3785,3886,3885
E,3785,3786,3887,3886
E,3786,3787,3888,3887
E,3787,3788,3889,3888
E,3788,3789,3890,3889
E,3789,3790,3891,3890
E,3790,3791,3892,3891
E,3791,3792,3893,3892
E,3792,3793,3894,3893
E,3793,3794,3895,3894
E,3794,3795,3896,3895
E,3795,3796,3897,3896
E,3796,3797,3898,3897
E,3797,3798,3899,3898
E,3798,3799,3900,3899
E,3799,3800,3901,3900
E,3800,3801,3902,3901
E,3801,3802,3903,3902
E,3802,3803,3904,3903
E,3803,3804,3905,3904
E,3804,3805,3906,3905
E,3805,3806,3907,3906
E,3806,3807,3908,3907
E,3807,3808,3909,3908
E,3808,3809,3910,3909
E,3809,3810,3911,3910
E,3810,3811,3912,3911
E,3811,3812,3913,3912
E,3812,3813,3914,3913
E,3813,3814,3915,3914
E,3814,3815,3916,3915
E,3815,3816,3917,3916
E,3816,3817,3918,3917
E,3817,3818,3919,3918
E,3818,3819,3920,3919
E,3819,3820,3921,3920
E,3820,3821,3922,3921
E,3821,3822,3923,3922
E,3822,3823,3924,3923
E,3823,3824,3925,3924
E,3824,3825,3926,3925
E,3825,3826,3927,3926
E,3826,3827,3928,3927
E,3827,3828,3929,3928
E,3828,3829,3930,3929
E,3829,3830,3931,3930
E,3830,3831,3932,3931
E,3831,3832,3933,3932
E,3832,3833,3934,3933
E,3833,3834,3935,3934
E,3834,3835,3936,3935
E,3835,3836,3937,3936
E,3836,3837,3938,3937
E,3837,3838,3939,3938
E,3839,3840,3941,3940
E,3840,3841,3942,3941
E,3841,3842,3943,3942
E,3842,3843,3944,3943
E,3843,3844,3945,3944
E,3844,3845,3946,3945
E,3845,3846,3947,3946
E,3846,3847,3948,3947
E,3847,3848,3949,3948
E,3848,3849,3950,3949
E,3849,3850,3951,3950
E,3850,3851,3952,3951
E,3851,3852,3953,3952
E,3852,3853,3954,3953
E,3853,3854,3955,3954
E,3854,3855,3956,3955
E,3855,3856,3957,3956
E,3856,3857,3958,3957
E,3857,3858,3959,3958
E,3858,3859,3960,3959
E,3859,3860,3961,3960
E,3860,3861,3962,3961
E,3861,3862,3963,3962
E,3862,3863,3964,3963
E,3863,3864,3965,3964
E,3864,3865,3966,3965
E,3865,3866,3967,3966
E,3866,3867,3968,3967
E,3867,3868,3969,3968
E,3868,3869,3970,3969
E,3869,3870,3971,3970
E,3870,3871,3972,3971
E,3871,3872,3973,3972
E,3872,3873,3974,3973
E,3873,3874,3975,3974
E,3874,3875,3976,3975
E,3875,3876,3977,3976
E,3876,3877,3978,3977
E,3877,3878,3979,3978
E,3878,3879,3980,3979
E,3879,3880,3981,3980
E,3880,3881,3982,3981
E,3881,3882,3983,3982
E,3882,3883,3984,3983
E,3883,3884,3985,3984
E,3884,3885,3986,3985
E,3885,3886,3987,3986
E,3886,3887,3988,3987
E,3887,3888,3989,3988
E,3888,3889,3990,3989
E,3889,3890,3991,3990
E,3890,3891,3992,3991
E,3891,3892,3993,3992
E,3892,3893,3994,3993
E,3893,3894,3995,3994
E,3894,3895,3996,3995
E,3895,3896,3997,3996
E,3896,3897,3998,3997
E,3897,3898,3999,3998
E,3898,3899,4000,3999
E,3899,3900,4001,4000
E,3900,3901,4002,4001
E,3901,3902,4003,4002
E,3902,3903,4004,4003
E,3903,3904,4005,4004
E,3904,3905,4006,4005
E,3905,3906,4007,4006
E,3906,3907,4008,4007
E,3907,3908,4009,4008
E,3908,3909,4010,4009
E,3909,3910,4011,4010
E,3910,3911,4012,4011
E,3911,3912,4013,4012
E,3912,3913,4014,4013
E,3913,3914,4015,4014
E,3914,3915,4016,4015
E,3915,3916,4017,4016
E,3916,3917,4018,4017
E,3917,3918,4019,4018
E,3918,3919,4020,4019
E,3919,3920,4021,4020
E,3920,3921,4022,4021
E,3921,3922,4023,4022
E,3922,3923,4024,4023
E,3923,3924,4025,4024
E,3924,3925,4026,4025
E,3925,3926,4027,4026
E,3926,3927,4028,4027
E,3927,3928,4029,4028
E,3928,3929,4030,4029
E,3929,3930,4031,4030
E,3930,3931,4032,4031
E,3931,3932,4033,4032
E,3932,3933,4034,4033
E,3933,3934,4035,4034
E,3934,3935,4036,4035
E,3935,3936,4037,4036
E,3936,3937,4038,4037
E,3937,3938,4039,4038
E,3938,3939,4040,4039
E,3940,3941,4042,4041
E,3941,3942,4043,4042
E,3942,3943,4044,4043
E,3943,3944,4045,4044
E,3944,3945,4046,4045
E,3945,3946,4047,4046
E,3946,3947,4048,4047
E,3947,3948,4049,4048
E,3948,3949,4050,4049
E,3949,3950,4051,4050
E,3950,3951,4052,4051
E,3951,3952,4053,4052
E,3952,3953,4054,4053
E,3953,3954,4055,4054
E,3954,3955,4056,4055
E,3955,3956,4057,4056
E,3956,3957,4058,4057
E,3957,3958,4059,4058
E,3958,3959,4060,4059
E,3959,3960,4061,4060
E,3960,3961,4062,4061
E,3961,3962,4063,4062
E,3962,3963,4064,4063
E,3963,3964,4065,4064
E,3964,3965,4066,4065
E,3965,3966,4067,4066
E,3966,3967,4068,4067
E,3967,3968,4069,4068
E,3968,3969,4070,4069
E,3969,3970,4071,4070
E,3970,3971,4072,4071
E,3971,3972,4073,4072
E,3972,3973,4074,4073
E,3973,3974,4075,4074
E,3974,3975,4076,4075
E,3975,3976,4077,4076
E,3976,3977,4078,4077
E,3977,3978,4079,4078
E,3978,3979,4080,4079
E,3979,3980,4081,4080
E,3980,3981,4082,4081
E,3981,3982,4083,4082
E,3982,3983,4084,4083
E,3983,3984,4085,4084
E,3984,3985,4086,4085
E,3985,3986,4087,4086
E,3986,3987,4088,4087
E,3987,3988,4089,4088
E,3988,3989,4090,4089
E,3989,3990,4091,4090
E,3990,3991,4092,4091
E,3991,3992,4093,4092
E,3992,3993,4094,4093
E,3993,3994,4095,4094
E,3994,3995,4096,4095
E,3995,3996,4097,4096
E,3996,3997,4098,4097
E,3997,3998,4099,4098
E,3998,3999,4100,4099
E,3999,4000,4101,4100
E,4000,4001,4102,4101
E,4001,4002,4103,4102
E,4002,4003,4104,4103
E,4003,4004,4105,4104
E,4004,4005,4106,4105
E,4005,4006,4107,4106
E,4006,4007,4108,4107
E,4007,4008,4109,4108
E,4008,4009,4110,4109
E,4009,4010,4111,4110
E,4010,4011,4112,4111
E,4011,4012,4113,4112
E,4012,4013,4114,4113
E,4013,4014,4115,4114
E,4014,4015,4116,4115
E,4015,4016,4117,4116
E,4016,4017,4118,4117
E,4017,4018,4119,4118
E,4018,4019,4120,4119
E,4019,4020,4121,4120
E,4020,4021,4122,4121
E,4021,4022,4123,4122
E,4022,4023,4124,4123
E,4023,4024,4125,4124
E,4024,4025,4126,4125
E,4025,4026,4127,4126
E,4026,4027,4128,4127
E,4027,4028,4129,4128
E,4028,4029,4130,4129
E,4029,4030,4131,4130
E,4030,4031,4132,4131
E,4031,4032,4133,4132
E,4032,4033,4134,4133
E,4033,4034,4135,4134
E,4034,4035,4136,4135
E,4035,4036,4137,4136
E,4036,4037,4138,4137
E,4037,4038,4139,4138
E,4038,4039,4140,4139
E,4039,4040,4141,4140
E,4041,4042,4143,4142
E,4042,4043,4144,4143
E,4043,4044,4145,4144
E,4044,4045,4146,4145
E,4045,4046,4147,4146
E,4046,4047,4148,4147
E,4047,4048,4149,4148
E,4048,4049,4150,4149
E,4049,4050,4151,4150
E,4050,4051,4152,4151
E,4051,4052,4153,4152
E,4052,4053,4154,4153
E,4053,4054,4155,4154
E,4054,4055,4156,4155
E,4055,4056,4157,4156
E,4056,4057,4158,4157
E,4057,4058,4159,4158
E,4058,4059,4160,4159
E,4059,4060,4161,4160
E,4060,4061,4162,4161
E,4061,4062,4163,4162
E,4062,4063,4164,4163
E,4063,4064,4165,4164
E,4064,4065,4166,4165
E,4065,4066,4167,4166
E,4066,4067,4168,4167
E,4067,4068,4169,4168
E,4068,4069,4170,4169
E,4069,4070,4171,4170
E,4070,4071,4172,4171
E,4071,4072,4173,4172
E,4072,4073,4174,4173
E,4073,4074,4175,4174
E,4074,4075,4176,4175
E,4075,4076,4177,4176
E,4076,4077,4178,4177
E,4077,4078,4179,4178
E,4078,4079,4180,4179
E,4079,4080,4181,4180
E,4080,4081,4182,4181
E,4081,4082,4183,4182
E,4082,4083,4184,4183
E,4083,4084,4185,4184
E,4084,4085,4186,4185
E,4085,4086,4187,4186
E,4086,4087,4188,4187
E,4087,4088,4189,4188
E,4088,4089,4190,4189
E,4089,4090,4191,4190
E,4090,4091,4192,4191
E,4091,4092,4193,4192
E,4092,4093,4194,4193
E,4093,4094,4195,4194
E,4094,4095,4196,4195
E,4095,4096,4197,4196
E,4096,4097,4198,4197
E,4097,4098,4199,4198
E,4098,4099,4200,4199
E,4099,4100,4201,4200
E,4100,4101,4202,4201
E,4101,4102,4203,4202
E,4102,4103,4204,4203
E,4103,4104,4205,4204
E,4104,4105,4206,4205
E,4105,4106,4207,4206
E,4106,4107,4208,4207
E,4107,4108,4209,4208
E,4108,4109,4210,4209
E,4109,4110,4211,4210
E,4110,4111,4212,4211
E,4111,4112,4213,4212
E,4112,4113,4214,4213
E,4113,4114,4215,4214
E,4114,4115,4216,4215
E,4115,4116,4217,4216
E,4116,4117,4218,4217
E,4117,4118,4219,4218
E,4118,4119,4220,4219
E,4119,4120,4221,4220
E,4120,4121,4222,4221
E,4121,4122,4223,4222
E,4122,4123,4224,4223
E,4123,4124,4225,4224
E,4124,4125,4226,4225
E,4125,4126,4227,4226
E,4126,4127,4228,4227
E,4127,4128,4229,4228
E,4128,4129,4230,4229
E,4129,4130,4231,4230
E,4130,4131,4232,4231
E,4131,4132,4233,4232
E,4132,4133,4234,4233
E,4133,4134,4235,4234
E,4134,4135,4236,4235
E,4135,4136,4237,4236
E,4136,4137,4238,4237
E,4137,4138,4239,4238
E,4138,4139,4240,4239
E,4139,4140,4241,4240
E,4140,4141,4242,4241
E,4142,4143,4244,4243
E,4143,4144,4245,4244
E,4144,4145,4246,4245
E,4145,4146,4247,4246
E,4146,4147,4248,4247
E,4147,4148,4249,4248
E,4148,4149,4250,4249
E,4149,4150,4251,4250
E,4150,4151,4252,4251
E,4151,4152,4253,4252
E,4152,4153,4254,4253
E,4153,4154,4255,4254
E,4154,4155,4256,4255
E,4155,4156,4257,4256
E,4156,4157,4258,4257
E,4157,4158,4259,4258
E,4158,4159,4260,4259
E,4159,4160,4261,4260
E,4160,4161,4262,4261
E,4161,4162,4263,4262
E,4162,4163,4264,4263
E,4163,4164,4265,4264
E,4164,4165,4266,4265
E,4165,4166,4267,4266
E,4166,4167,4268,4267
E,4167,4168,4269,4268
E,4168,4169,4270,4269
E,4169,4170,4271,4270
E,4170,4171,4272,4271
E,4171,4172,4273,4272
E,4172,4173,4274,4273
E,4173,4174,4275,4274
E,4174,4175,4276,4275
E,4175,4176,4277,4276
E,4176,4177,4278,4277
E,4177,4178,4279,4278
E,4178,4179,4280,4279
E,4179,4180,4281,4280
E,4180,4181,4282,4281
E,4181,4182,4283,4282
E,4182,4183,4284,4283
E,4183,4184,4285,4284
E,4184,4185,4286,4285
E,4185,4186,4287,4286
E,4186,4187,4288,4287
E,4187,4188,4289,4288
E,4188,4189,4290,4289
E,4189,4190,4291,4290
E,4190,4191,4292,4291
E,4191,4192,4293,4292
E,4192,4193,4294,4293
E,4193,4194,4295,4294
E,4194,4195,4296,4295
E,4195,4196,4297,4296
E,4196,4197,4298,4297
E,4197,4198,4299,4298
E,4198,4199,4300,4299
E,4199,4200,4301,4300
E,4200,4201,4302,4301
E,4201,4202,4303,4302
E,4202,4203,4304,4303
E,4203,4204,4305,4304
E,4204,4205,4306,4305
E,4205,4206,4307,4306
E,4206,4207,4308,4307
E,4207,4208,4309,4308
E,4208,4209,4310,4309
E,4209,4210,4311,4310
E,4210,4211,4312,4311
E,4211,4212,4313,4312
E,4212,4213,4314,4313
E,4213,4214,4315,4314
E,4214,4215,4316,4315
E,4215,4216,4317,4316
E,4216,4217,4318,4317
E,4217,4218,4319,4318
E,4218,4219,4320,4319
E,4219,4220,4321,4320
E,4220,4221,4322,4321
E,4221,4222,4323,4322
E,4222,4223,4324,4323
E,4223,4224,4325,4324
E,4224,4225,4326,4325
E,4225,4226,4327,4326
E,4226,4227,4328,4327
E,4227,4228,4329,4328
E,4228,4229,4330,4329
E,4229,4230,4331,4330
E,4230,4231,4332,4331
E,4231,4232,4333,4332
E,4232,4233,4334,4333
E,4233,4234,4335,4334
E,4234,4235,4336,4335
E,4235,4236,4337,4336
E,4236,4237,4338,4337
E,4237,4238,4339,4338
E,4238,4239,4340,4339
E,4239,4240,4341,4340
E,4240,4241,4342,4341
E,4241,4242,4343,4342
E,4243,4244,4345,4344
E,4244,4245,4346,4345
E,4245,4246,4347,4346
E,4246,4247,4348,4347
E,4247,4248,4349,4348
E,4248,4249,4350,4349
E,4249,4250,4351,4350
E,4250,4251,4352,4351
E,4251,4252,4353,4352
E,4252,4253,4354,4353
E,4253,4254,4355,4354
E,4254,4255,4356,4355
E,4255,4256,4357,4356
E,4256,4257,4358,4357
E,4257,4258,4359,4358
E,4258,4259,4360,4359
E,4259,4260,4361,4360
E,4260,4261,4362,4361
E,4261,4262,4363,4362
E,4262,4263,4364,4363
E,4263,4264,4365,4364
E,4264,4265,4366,4365
E,4265,4266,4367,4366
E,4266,4267,4368,4367
E,4267,4268,4369,4368
E,4268,4269,4370,4369
E,4269,4270,4371,4370
E,4270,4271,4372,4371
E,4271,4272,4373,4372
E,4272,4273,4374,4373
E,4273,4274,4375,4374
E,4274,4275,4376,4375
E,4275,4276,4377,4376
E,4276,4277,4378,4377
E,4277,4278,4379,4378
E,4278,4279,4380,4379
E,4279,4280,4381,4380
E,4280,4281,4382,4381
E,4281,4282,4383,4382
E,4282,4283,4384,4383
E,4283,4284,4385,4384
E,4284,4285,4386,4385
E,4285,4286,4387,4386
E,4286,4287,4388,4387
E,4287,4288,4389,4388
E,4288,4289,4390,4389
E,4289,4290,4391,4390
E,4290,4291,4392,4391
E,4291,4292,4393,4392
E,4292,4293,4394,4393
E,4293,4294,4395,4394
E,4294,4295,4396,4395
E,4295,4296,4397,4396
E,4296,4297,4398,4397
E,4297,4298,4399,4398
E,4298,4299,4400,4399
E,4299,4300,4401,4400
E,4300,4301,4402,4401
E,4301,4302,4403,4402
E,4302,4303,4404,4403
E,4303,4304,4405,4404
E,4304,4305,4406,4405
E,4305,4306,4407,4406
E,4306,4307,4408,4407
E,4307,4308,4409,4408
E,4308,4309,4410,4409
E,4309,4310,4411,4410
E,4310,4311,4412,4411
E,4311,4312,4413,4412
E,4312,4313,4414,4413
E,4313,4314,4415,4414
E,4314,4315,4416,4415
E,4315,4316,4417,4416
E,4316,4317,4418,4417
E,4317,4318,4419,4418
E,4318,4319,4420,4419
E,4319,4320,4421,4420
E,4320,4321,4422,4421
E,4321,4322,4423,4422
E,4322,4323,4424,4423
E,4323,4324,4425,4424
E,4324,4325,4426,4425
E,4325,4326,4427,4426
E,4326,4327,4428,4427
E,4327,4328,4429,4428
E,4328,4329,4430,4429
E,4329,4330,4431,4430
E,4330,4331,4432,4431
E,4331,4332,4433,4432
E,4332,4333,4434,4433
E,4333,4334,4435,4434
E,4334,4335,4436,4435
E,4335,4336,4437,4436
E,4336,4337,4438,4437
E,4337,4338,4439,4438
E,4338,4339,4440,4439
E,4339,4340,4441,4440
E,4340,4341,4442,4441
E,4341,4342,4443,4442
E,4342,4343,4444,4443
E,4344,4345,4446,4445
E,4345,4346,4447,4446
E,4346,4347,4448,4447
E,4347,4348,4449,4448
E,4348,4349,4450,4449
E,4349,4350,4451,4450
E,4350,4351,4452,4451
E,4351,4352,4453,4452
E,4352,4353,4454,4453
E,4353,4354,4455,4454
E,4354,4355,4456,4455
E,4355,4356,4457,4456
E,4356,4357,4458,4457
E,4357,4358,4459,4458
E,4358,4359,4460,4459
E,4359,4360,4461,4460
E,4360,4361,4462,4461
E,4361,4362,4463,4462
E,4362,4363,4464,4463
E,4363,4364,4465,4464
E,4364,4365,4466,4465
E,4365,4366,4467,4466
E,4366,4367,4468,4467
E,4367,4368,4469,4468
E,4368,4369,4470,4469
E,4369,4370,4471,4470
E,4370,4371,4472,4471
E,4371,4372,4473,4472
E,4372,4373,4474,4473
E,4373,4374,4475,4474
E,4374,4375,4476,4475
E,4375,4376,4477,4476
E,4376,4377,4478,4477
E,4377,4378,4479,4478
E,4378,4379,4480,4479
E,4379,4380,4481,4480
E,4380,4381,4482,4481
E,4381,4382,4483,4482
E,4382,4383,4484,4483
E,4383,4384,4485,4484
E,4384,4385,4486,4485
E,4385,4386,4487,4486
E,4386,4387,4488,4487
E,4387,4388,4489,4488
E,4388,4389,4490,4489
E,4389,4390,4491,4490
E,4390,4391,4492,4491
E,4391,4392,4493,4492
E,4392,4393,4494,4493
E,4393,4394,4495,4494
E,4394,4395,4496,4495
E,4395,4396,4497,4496
E,4396,4397,4498,4497
E,4397,4398,4499,4498
E,4398,4399,4500,4499
E,4399,4400,4501,4500
E,4400,4401,4502,4501
E,4401,4402,4503,4502
E,4402,4403,4504,4503
E,4403,4404,4505,4504
E,4404,4405,4506,4505
E,4405,4406,4507,4506
E,4406,4407,4508,4507
E,4407,4408,4509,4508
E,4408,4409,4510,4509
E,4409,4410,4511,4510
E,4410,4411,4512,4511
E,4411,4412,4513,4512
E,4412,4413,4514,4513
E,4413,4414,4515,4514
E,4414,4415,4516,4515
E,4415,4416,4517,4516
E,4416,4417,4518,4517
E,4417,4418,4519,4518
E,4418,4419,4520,4519
E,4419,4420,4521,4520
E,4420,4421,4522,4521
E,4421,4422,4523,4522
E,4422,4423,4524,4523
E,4423,4424,4525,4524
E,4424,4425,4526,4525
E,4425,4426,4527,4526
E,4426,4427,4528,4527
E,4427,4428,4529,4528
E,4428,4429,4530,4529
E,4429,4430,4531,4530
E,4430,4431,4532,4531
E,4431,4432,4533,4532
E,4432,4433,4534,4533
E,4433,4434,4535,4534
E,4434,4435,4536,4535
E,4435,4436,4537,4536
E,4436,4437,4538,4537
E,4437,4438,4539,4538
E,4438,4439,4540,4539
E,4439,4440,4541,4540
E,4440,4441,4542,4541
E,4441,4442,4543,4542
E,4442,4443,4544,4543
E,4443,4444,4545,4544
E,4445,4446,4547,4546
E,4446,4447,4548,4547
E,4447,4448,4549,4548
E,4448,4449,4550,4549
E,4449,4450,4551,4550
E,4450,4451,4552,4551
E,4451,4452,4553,4552
E,4452,4453,4554,4553
E,4453,4454,4555,4554
E,4454,4455,4556,4555
E,4455,4456,4557,4556
E,4456,4457,4558,4557
E,4457,4458,4559,4558
E,4458,4459,4560,4559
E,4459,4460,4561,4560
E,4460,4461,4562,4561
E,4461,4462,4563,4562
E,4462,4463,4564,4563
E,4463,4464,4565,4564
E,4464,4465,4566,4565
E,4465,4466,4567,4566
E,4466,4467,4568,4567
E,4467,4468,4569,4568
E,4468,4469,4570,4569
E,4469,4470,4571,4570
E,4470,4471,4572,4571
E,4471,4472,4573,4572
E,4472,4473,4574,4573
E,4473,4474,4575,4574
E,4474,4475,4576,4575
E,4475,4476,4577,4576
E,4476,4477,4578,4577
E,4477,4478,4579,4578
E,4478,4479,4580,4579
E,4479,4480,4581,4580
E,4480,4481,4582,4581
E,4481,4482,4583,4582
E,4482,4483,4584,4583
E,4483,4484,4585,4584
E,4484,4485,4586,4585
E,4485,4486,4587,4586
E,4486,4487,4588,4587
E,4487,4488,4589,4588
E,4488,4489,4590,4589
E,4489,4490,4591,4590
E,4490,4491,4592,4591
E,4491,4492,4593,4592
E,4492,4493,4594,4593
E,4493,4494,4595,4594
E,4494,4495,4596,4595
E,4495,4496,4597,4596
E,4496,4497,4598,4597
E,4497,4498,4599,4598
E,4498,4499,4600,4599
E,4499,4500,4601,4600
E,4500,4501,4602,4601
E,4501,4502,4603,4602
E,4502,4503,4604,4603
E,4503,4504,4605,4604
E,4504,4505,4606,4605
E,4505,4506,4607,4606
E,4506,4507,4608,4607
E,4507,4508,4609,4608
E,4508,4509,4610,4609
E,4509,4510,4611,4610
E,4510,4511,4612,4611
E,4511,4512,4613,4612
E,4512,4513,4614,4613
E,4513,4514,4615,4614
E,4514,4515,4616,4615
E,4515,4516,4617,4616
E,4516,4517,4618,4617
E,4517,4518,4619,4618
E,4518,4519,4620,4619
E,4519,4520,4621,4620
E,4520,4521,4622,4621
E,4521,4522,4623,4622
E,4522,4523,4624,4623
E,4523,4524,4625,4624
E,4524,4525,4626,4625
E,4525,4526,4627,4626
E,4526,4527,4628,4627
E,4527,4528,4629,4628
E,4528,4529,4630,4629
E,4529,4530,4631,4630
E,4530,4531,4632,4631
E,4531,4532,4633,4632
E,4532,4533,4634,4633
E,4533,4534,4635,4634
E,4534,4535,4636,4635
E,4535,4536,4637,4636
E,4536,4537,4638,4637
E,4537,4538,4639,4638
E,4538,4539,4640,4639
E,4539,4540,4641,4640
E,4540,4541,4642,4641
E,4541,4542,4643,4642
E,4542,4543,4644,4643
E,4543,4544,4645,4644
E,4544,4545,4646,4645
E,4546,4547,4648,4647
E,4547,4548,4649,4648
E,4548,4549,4650,4649
E,4549,4550,4651,4650
E,4550,4551,4652,4651
E,4551,4552,4653,4652
E,4552,4553,4654,4653
E,4553,4554,4655,4654
E,4554,4555,4656,4655
E,4555,4556,4657,4656
E,4556,4557,4658,4657
E,4557,4558,4659,4658
E,4558,4559,4660,4659
E,4559,4560,4661,4660
E,4560,4561,4662,4661
E,4561,4562,4663,4662
E,4562,4563,4664,4663
E,4563,4564,4665,4664
E,4564,4565,4666,4665
E,4565,4566,4667,4666
E,4566,4567,4668,4667
E,4567,4568,4669,4668
E,4568,4569,4670,4669
E,4569,4570,4671,4670
E,4570,4571,4672,4671
E,4571,4572,4673,4672
E,4572,4573,4674,4673
E,4573,4574,4675,4674
E,4574,4575,4676,4675
E,4575,4576,4677,4676
E,4576,4577,4678,4677
E,4577,4578,4679,4678
E,4578,4579,4680,4679
E,4579,4580,4681,4680
E,4580,4581,4682,4681
E,4581,4582,4683,4682
E,4582,4583,4684,4683
E,4583,4584,4685,4684
E,4584,4585,4686,4685
E,4585,4586,4687,4686
E,4586,4587,4688,4687
E,4587,4588,4689,4688
E,4588,4589,4690,4689
E,4589,4590,4691,4690
E,4590,4591,4692,4691
E,4591,4592,4693,4692
E,4592,4593,4694,4693
E,4593,4594,4695,4694
E,4594,4595,4696,4695
E,4595,4596,4697,4696
E,4596,4597,4698,4697
E,4597,4598,4699,4698
E,4598,4599,4700,4699
E,4599,4600,4701,4700
E,4600,4601,4702,4701
E,4601,4602,4703,4702
E,4602,4603,4704,4703
E,4603,4604,4705,4704
E,4604,4605,4706,4705
E,4605,4606,4707,4706
E,4606,4607,4708,4707
E,4607,4608,4709,4708
E,4608,4609,4710,4709
E,4609,4610,4711,4710
E,4610,4611,4712,4711
E,4611,4612,4713,4712
E,4612,4613,4714,4713
E,4613,4614,4715,4714
E,4614,4615,4716,4715
E,4615,4616,4717,4716
E,4616,4617,4718,4717
E,4617,4618,4719,4718
E,4618,4619,4720,4719
E,4619,4620,4721,4720
E,4620,4621,4722,4721
E,4621,4622,4723,4722
E,4622,4623,4724,4723
E,4623,4624,4725,4724
E,4624,4625,4726,4725
E,4625,4626,4727,4726
E,4626,4627,4728,4727
E,4627,4628,4729,4728
E,4628,4629,4730,4729
E,4629,4630,4731,4730
E,4630,4631,4732,4731
E,4631,4632,4733,4732
E,4632,4633,4734,4733
E,4633,4634,4735,4734
E,4634,4635,4736,4735
E,4635,4636,4737,4736
E,4636,4637,4738,4737
E,4637,4638,4739,4738
E,4638,4639,4740,4739
E,4639,4640,4741,4740
E,4640,4641,4742,4741
E,4641,4642,4743,4742
E,4642,4643,4744,4743
E,4643,4644,4745,4744
E,4644,4645,4746,4745
E,4645,4646,4747,4746
E,4647,4648,4749,4748
E,4648,4649,4750,4749
E,4649,4650,4751,4750
E,4650,4651,4752,4751
E,4651,4652,4753,4752
E,4652,4653,4754,4753
E,4653,4654,4755,4754
E,4654,4655,4756,4755
E,4655,4656,4757,4756
E,4656,4657,4758,4757
E,4657,4658,4759,4758
E,4658,4659,4760,4759
E,4659,4660,4761,4760
E,4660,4661,4762,4761
E,4661,4662,4763,4762
E,4662,4663,4764,4763
E,4663,4664,4765,4764
E,4664,4665,4766,4765
E,4665,4666,4767,4766
E,4666,4667,4768,4767
E,4667,4668,4769,4768
E,4668,4669,4770,4769
E,4669,4670,4771,4770
E,4670,4671,4772,4771
E,4671,4672,4773,4772
E,4672,4673,4774,4773
E,4673,4674,4775,4774
E,4674,4675,4776,4775
E,4675,4676,4777,4776
E,4676,4677,4778,4777
E,4677,4678,4779,4778
E,4678,4679,4780,4779
E,4679,4680,4781,4780
E,4680,4681,4782,4781
E,4681,4682,4783,4782
E,4682,4683,4784,4783
E,4683,4684,4785,4784
E,4684,4685,4786,4785
E,4685,4686,4787,4786
E,4686,4687,4788,4787
E,4687,4688,4789,4788
E,4688,4689,4790,4789
E,4689,4690,4791,4790
E,4690,4691,4792,4791
E,4691,4692,4793,4792
E,4692,4693,4794,4793
E,4693,4694,4795,4794
E,4694,4695,4796,4795
E,4695,4696,4797,4796
E,4696,4697,4798,4797
E,4697,4698,4799,4798
E,4698,4699,4800,4799
E,4699,4700,4801,4800
E,4700,4701,4802,4801
E,4701,4702,4803,4802
E,4702,4703,4804,4803
E,4703,4704,4805,4804
E,4704,4705,4806,4805
E,4705,4706,4807,4806
E,4706,4707,4808,4807
E,4707,4708,4809,4808
E,4708,4709,4810,4809
E,4709,4710,4811,4810
E,4710,4711,4812,4811
E,4711,4712,4813,4812
E,4712,4713,4814,4813
E,4713,4714,4815,4814
E,4714,4715,4816,4815
E,4715,4716,4817,4816
E,4716,4717,4818,4817
E,4717,4718,4819,4818
E,4718,4719,4820,4819
E,4719,4720,4821,4820
E,4720,4721,4822,4821
E,4721,4722,4823,4822
E,4722,4723,4824,4823
E,4723,4724,4825,4824
E,4724,4725,4826,4825
E,4725,4726,4827,4826
E,4726,4727,4828,4827
E,4727,4728,4829,4828
E,4728,4729,4830,4829
E,4729,4730,4831,4830
E,4730,4731,4832,4831
E,4731,4732,4833,4832
E,4732,4733,4834,4833
E,4733,4734,4835,4834
E,4734,4735,4836,4835
E,4735,4736,4837,4836
E,4736,4737,4838,4837
E,4737,4738,4839,4838
E,4738,4739,4840,4839
E,4739,4740,4841,4840
E,4740,4741,4842,4841
E,4741,4742,4843,4842
E,4742,4743,4844,4843
E,4743,4744,4845,4844
E,4744,4745,4846,4845
E,4745,4746,4847,4846
E,4746,4747,4848,4847
E,4748,4749,4850,4849
E,4749,4750,4851,4850
E,4750,4751,4852,4851
E,4751,4752,4853,4852
E,4752,4753,4854,4853
E,4753,4754,4855,4854
E,4754,4755,4856,4855
E,4755,4756,4857,4856
E,4756,4757,4858,4857
E,4757,4758,4859,4858
E,4758,4759,4860,4859
E,4759,4760,4861,4860
E,4760,4761,4862,4861
E,4761,4762,4863,4862
E,4762,4763,4864,4863
E,4763,4764,4865,4864
E,4764,4765,4866,4865
E,4765,4766,4867,4866
E,4766,4767,4868,4867
E,4767,4768,4869,4868
E,4768,4769,4870,4869
E,4769,4770,4871,4870
E,4770,4771,4872,4871
E,4771,4772,4873,4872
E,4772,4773,4874,4873
E,4773,4774,4875,4874
E,4774,4775,4876,4875
E,4775,4776,4877,4876
E,4776,4777,4878,4877
E,4777,4778,4879,4878
E,4778,4779,4880,4879
E,4779,4780,4881,4880
E,4780,4781,4882,4881
E,4781,4782,4883,4882
E,4782,4783,4884,4883
E,4783,4784,4885,4884
E,4784,4785,4886,4885
E,4785,4786,4887,4886
E,4786,4787,4888,4887
E,4787,4788,4889,4888
E,4788,4789,4890,4889
E,4789,4790,4891,4890
E,4790,4791,4892,4891
E,4791,4792,4893,4892
E,4792,4793,4894,4893
E,4793,4794,4895,4894
E,4794,4795,4896,4895
E,4795,4796,4897,4896
E,4796,4797,4898,4897
E,4797,4798,4899,4898
E,4798,4799,4900,4899
E,4799,4800,4901,4900
E,4800,4801,4902,4901
E,4801,4802,4903,4902
E,4802,4803,4904,4903
E,4803,4804,4905,4904
E,4804,4805,4906,4905
E,4805,4806,4907,4906
E,4806,4807,4908,4907
E,4807,4808,4909,4908
E,4808,4809,4910,4909
E,4809,4810,4911,4910
E,4810,4811,4912,4911
E,4811,4812,4913,4912
E,4812,4813,4914,4913
E,4813,4814,4915,4914
E,4814,4815,4916,4915
E,4815,4816,4917,4916
E,4816,4817,4918,4917
E,4817,4818,4919,4918
E,4818,4819,4920,4919
E,4819,4820,4921,4920
E,4820,4821,4922,4921
E,4821,4822,4923,4922
E,4822,4823,4924,4923
E,4823,4824,4925,4924
E,4824,4825,4926,4925
E,4825,4826,4927,4926
E,4826,4827,4928,4927
E,4827,4828,4929,4928
E,4828,4829,4930,4929
E,4829,4830,4931,4930
E,4830,4831,4932,4931
E,4831,4832,4933,4932
E,4832,4833,4934,4933
E,4833,4834,4935,4934
E,4834,4835,4936,4935
E,4835,4836,4937,4936
E,4836,4837,4938,4937
E,4837,4838,4939,4938
E,4838,4839,4940,4939
E,4839,4840,4941,4940
E,4840,4841,4942,4941
E,4841,4842,4943,4942
E,4842,4843,4944,4943
E,4843,4844,4945,4944
E,4844,4845,4946,4945
E,4845,4846,4947,4946
E,4846,4847,4948,4947
E,4847,4848,4949,4948
E,4849,4850,4951,4950
E,4850,4851,4952,4951
E,4851,4852,4953,4952
E,4852,4853,4954,4953
E,4853,4854,4955,4954
E,4854,4855,4956,4955
E,4855,4856,4957,4956
E,4856,4857,4958,4957
E,4857,4858,4959,4958
E,4858,4859,4960,4959
E,4859,4860,4961,4960
E,4860,4861,4962,4961
E,4861,4862,4963,4962
E,4862,4863,4964,4963
E,4863,4864,4965,4964
E,4864,4865,4966,4965
E,4865,4866,4967,4966
E,4866,4867,4968,4967
E,4867,4868,4969,4968
E,4868,4869,4970,4969
E,4869,4870,4971,4970
E,4870,4871,4972,4971
E,4871,4872,4973,4972
E,4872,4873,4974,4973
E,4873,4874,4975,4974
E,4874,4875,4976,4975
E,4875,4876,4977,4976
E,4876,4877,4978,4977
E,4877,4878,4979,4978
E,4878,4879,4980,4979
E,4879,4880,4981,4980
E,4880,4881,4982,4981
E,4881,4882,4983,4982
E,4882,4883,4984,4983
E,4883,4884,4985,4984
E,4884,4885,4986,4985
E,4885,4886,4987,4986
E,4886,4887,4988,4987
E,4887,4888,4989,4988
E,4888,4889,4990,4989
E,4889,4890,4991,4990
E,4890,4891,4992,4991
E,4891,4892,4993,4992
E,4892,4893,4994,4993
E,4893,4894,4995,4994
E,4894,4895,4996,4995
E,4895,4896,4997,4996
E,4896,4897,4998,4997
E,4897,4898,4999,4998
E,4898,4899,5000,4999
E,4899,4900,5001,5000
E,4900,4901,5002,5001
E,4901,4902,5003,5002
E,4902,4903,5004,5003
E,4903,4904,5005,5004
E,4904,4905,5006,5005
E,4905,4906,5007,5006
E,4906,4907,5008,5007
E,4907,4908,5009,5008
E,4908,4909,5010,5009
E,4909,4910,5011,5010
E,4910,4911,5012,5011
E,4911,4912,5013,5012
E,4912,4913,5014,5013
E,4913,4914,5015,5014
E,4914,4915,5016,5015
E,4915,4916,5017,5016
E,4916,4917,5018,5017
E,4917,4918,5019,5018
E,4918,4919,5020,5019
E,4919,4920,5021,5020
E,4920,4921,5022,5021
E,4921,4922,5023,5022
E,4922,4923,5024,5023
E,4923,4924,5025,5024
E,4924,4925,5026,5025
E,4925,4926,5027,5026
E,4926,4927,5028,5027
E,4927,4928,5029,5028
E,4928,4929,5030,5029
E,4929,4930,5031,5030
E,4930,4931,5032,5031
E,4931,4932,5033,5032
E,4932,4933,5034,5033
E,4933,4934,5035,5034
E,4934,4935,5036,5035
E,4935,4936,5037,5036
E,4936,4937,5038,5037
E,4937,4938,5039,5038
E,4938,4939,5040,5039
E,4939,4940,5041,5040
E,4940,4941,5042,5041
E,4941,4942,5043,5042
E,4942,4943,5044,5043
E,4943,4944,5045,5044
E,4944,4945,5046,5045
E,4945,4946,5047,5046
E,4946,4947,5048,5047
E,4947,4948,5049,5048
E,4948,4949,5050,5049
E,4950,4951,5052,5051
E,4951,4952,5053,5052
E,4952,4953,5054,5053
E,4953,4954,5055,5054
E,4954,4955,5056,5055
E,4955,4956,5057,5056
E,4956,4957,5058,5057
E,4957,4958,5059,5058
E,4958,4959,5060,5059
E,4959,4960,5061,5060
E,4960,4961,5062,5061
E,4961,4962,5063,5062
E,4962,4963,5064,5063
E,4963,4964,5065,5064
E,4964,4965,5066,5065
E,4965,4966,5067,5066
E,4966,4967,5068,5067
E,4967,4968,5069,5068
E,4968,4969,5070,5069
E,4969,4970,5071,5070
E,4970,4971,5072,5071
E,4971,4972,5073,5072
E,4972,4973,5074,5073
E,4973,4974,5075,5074
E,4974,4975,5076,5075
E,4975,4976,5077,5076
E,4976,4977,5078,5077
E,4977,4978,5079,5078
E,4978,4979,5080,5079
E,4979,4980,5081,5080
E,4980,4981,5082,5081
E,4981,4982,5083,5082
E,4982,4983,5084,5083
E,4983,4984,5085,5084
E,4984,4985,5086,5085
E,4985,4986,5087,5086
E,4986,4987,5088,5087
E,4987,4988,5089,5088
E,4988,4989,5090,5089
E,4989,4990,5091,5090
E,4990,4991,5092,5091
E,4991,4992,5093,5092
E,4992,4993,5094,5093
E,4993,4994,5095,5094
E,4994,4995,5096,5095
E,4995,4996,5097,5096
E,4996,4997,5098,5097
E,4997,4998,5099,5098
E,4998,4999,5100,5099
E,4999,5000,5101,5100
E,5000,5001,5102,5101
E,5001,5002,5103,5102
E,5002,5003,5104,5103
E,5003,5004,5105,5104
E,5004,5005,5106,5105
E,5005,5006,5107,5106
E,5006,5007,5108,5107
E,5007,5008,5109,5108
E,5008,5009,5110,5109
E,5009,5010,5111,5110
E,5010,5011,5112,5111
E,5011,5012,5113,5112
E,5012,5013,5114,5113
E,5013,5014,5115,5114
E,5014,5015,5116,5115
E,5015,5016,5117,5116
E,5016,5017,5118,5117
E,5017,5018,5119,5118
E,5018,5019,5120,5119
E,5019,5020,5121,5120
E,5020,5021,5122,5121
E,5021,5022,5123,5122
E,5022,5023,5124,5123
E,5023,5024,5125,5124
E,5024,5025,5126,5125
E,5025,5026,5127,5126
E,5026,5027,5128,5127
E,5027,5028,5129,5128
E,5028,5029,5130,5129
E,5029,5030,5131,5130
E,5030,5031,5132,5131
E,5031,5032,5133,5132
E,5032,5033,5134,5133
E,5033,5034,5135,5134
E,5034,5035,5136,5135
E,5035,5036,5137,5136
E,5036,5037,5138,5137
E,5037,5038,5139,5138
E,5038,5039,5140,5139
E,5039,5040,5141,5140
E,5040,5041,5142,5141
E,5041,5042,5143,5142
E,5042,5043,5144,5143
E,5043,5044,5145,5144
E,5044,5045,5146,5145
E,5045,5046,5147,5146
E,5046,5047,5148,5147
E,5047,5048,5149,5148
E,5048,5049,5150,5149
E,5049,5050,5151,5150
